{"type":"FeatureCollection","crs":{"type":"name","properties":{"name":"EPSG:4326"}},"features":[{"type":"Feature","geometry":{"type":"MultiPolygon","coordinates":[[[[-118.100941642956,34.1668061392595],[-118.100902608462,34.1667989451341],[-118.10087499964,34.1667940001481],[-118.100865958995,34.1667737266687],[-118.100841683821,34.1667201278351],[-118.100814033677,34.1666895488647],[-118.100796999822,34.1666709997529],[-118.100771908978,34.1666656444729],[-118.100708198662,34.1666523696203],[-118.10070819417,34.1666520410937],[-118.100707999236,34.1666520002137],[-118.100703999038,34.1663199988905],[-118.101202999703,34.1663339999757],[-118.101206999901,34.166627999929],[-118.101206733102,34.1666281151363],[-118.101206738491,34.1666284860296],[-118.101184056031,34.1666379070155],[-118.10116299952,34.1666470002169],[-118.101162784823,34.1666467437877],[-118.101162622228,34.1666468114256],[-118.101136810935,34.1666161417493],[-118.101147797331,34.1665701814387],[-118.101148932801,34.1665528810006],[-118.101150999825,34.166514999302],[-118.101099999771,34.1664999992864],[-118.101045000418,34.1665239996075],[-118.101044585396,34.1665239706198],[-118.100959999131,34.1665180006428],[-118.100893222864,34.1665359351006],[-118.100896190898,34.1665627249176],[-118.100900999579,34.1666029999349],[-118.100937999389,34.1666589996141],[-118.100975000098,34.1667510003869],[-118.100941999587,34.1668059995244],[-118.100941754347,34.1668059564147],[-118.100941642956,34.1668061392595]]],[[[-118.135964799029,34.1778939613924],[-118.13593005938,34.177886131312],[-118.135849929657,34.1779056790141],[-118.135812000091,34.1779149991559],[-118.13581180336,34.1779149790902],[-118.135645000584,34.1778980005423],[-118.135584479287,34.1778435303411],[-118.135555020834,34.1778172130478],[-118.135409286247,34.1777943143504],[-118.135308457543,34.1778146111937],[-118.135209000566,34.1778350001858],[-118.13497400039,34.1778120004214],[-118.134937412008,34.1777988781864],[-118.134829295272,34.1777603980772],[-118.134829133575,34.1777600480418],[-118.134829000625,34.1777599997353],[-118.134804595195,34.1777068827677],[-118.134760606492,34.1776115771411],[-118.134760522949,34.1774455313119],[-118.134794635574,34.1773364490861],[-118.134794866441,34.1773364290203],[-118.134794999391,34.1773360002061],[-118.134924999986,34.1773240000973],[-118.134950901111,34.1773527076069],[-118.135008039352,34.1774158502706],[-118.13505227599,34.1774156793396],[-118.135145999919,34.1774149993317],[-118.135273655911,34.1774519330455],[-118.135305136471,34.1774609648845],[-118.135354175503,34.1775055756],[-118.135444000743,34.177586999552],[-118.13547517947,34.1776357526649],[-118.135499314507,34.17767316786],[-118.135516661873,34.1776824040487],[-118.135575743171,34.1777135356747],[-118.135643495008,34.1777172448634],[-118.135679770776,34.1777189890961],[-118.135697613114,34.177662535986],[-118.135714000181,34.1776100001209],[-118.135714244523,34.1776099168852],[-118.135714293032,34.1776097578454],[-118.135729360475,34.1776047339729],[-118.135748941951,34.1775980201168],[-118.135686507242,34.1774541878468],[-118.135762865838,34.1773560169814],[-118.135762961958,34.1773560481948],[-118.135762999687,34.1773559998882],[-118.135782573079,34.177362478176],[-118.135902150521,34.1774016756337],[-118.135919273309,34.1774032050944],[-118.135682012072,34.1770588163564],[-118.135616160172,34.176963457232],[-118.135616243716,34.1769633539297],[-118.13561600117,34.1769629994319],[-118.135781001027,34.1767579998384],[-118.136277000421,34.1767580005816],[-118.136689999975,34.1770999997345],[-118.136674944211,34.1773831556305],[-118.136654482385,34.1777767798834],[-118.136654023346,34.1777765628763],[-118.13665399999,34.1777770006063],[-118.136565365916,34.1777350624926],[-118.136572999799,34.1777410004629],[-118.13668451037,34.1778395625333],[-118.136684999054,34.177840000263],[-118.136684999054,34.1779280203012],[-118.136685085292,34.1779437547708],[-118.136684999054,34.1779438796239],[-118.136684998155,34.1779440007611],[-118.136636999373,34.1780129999276],[-118.136636909541,34.1780130341136],[-118.13663672898,34.1780132934809],[-118.136547525374,34.1780474132817],[-118.136545998238,34.1780479996448],[-118.13654588505,34.1780480405193],[-118.136515210278,34.1780442726345],[-118.136356000962,34.1780249999385],[-118.136175000314,34.1779959991043],[-118.136174810769,34.1779958460106],[-118.136174694887,34.1779958266881],[-118.136165457511,34.1779882203123],[-118.136083000252,34.1779210002833],[-118.135964799029,34.1778939613924]]],[[[-118.15626000056,34.1804480010396],[-118.156424999518,34.180242999509],[-118.15661295133,34.1803209109102],[-118.157086074227,34.1805166615111],[-118.157086075126,34.180721653459],[-118.157085999667,34.180721653459],[-118.157085999667,34.1807220005096],[-118.156591000098,34.1807220005096],[-118.15649724383,34.1806443897113],[-118.156260308682,34.1804483302557],[-118.156260344615,34.1804482856666],[-118.15626000056,34.1804480010396]]],[[[-118.084422100988,34.1808986654134],[-118.084446999593,34.180840000593],[-118.084475200405,34.1808410075585],[-118.084671109493,34.1808476944032],[-118.084707435567,34.1809361140895],[-118.084768999808,34.1810849997606],[-118.084500000195,34.1812120003048],[-118.084410739995,34.1810703189145],[-118.084373527284,34.1810117686582],[-118.084422100988,34.1808986654134]]],[[[-118.156587244242,34.1814830990388],[-118.156587195733,34.1814829994577],[-118.156587000798,34.181483000944],[-118.156470000622,34.1812469994382],[-118.156469999724,34.1809259998571],[-118.15666461973,34.1809018884436],[-118.156922068806,34.1808696395567],[-118.157056132481,34.1812171815092],[-118.156994650884,34.1812757279074],[-118.156939000253,34.1813290009179],[-118.156822000077,34.1814819999314],[-118.156821914737,34.1814820006746],[-118.156821728785,34.1814822444252],[-118.156587244242,34.1814830990388]]],[[[-118.10615798464,34.1832703699535],[-118.106219436592,34.183264653081],[-118.106367286711,34.1832868391219],[-118.106388491443,34.1833491732825],[-118.106395000636,34.1833679996301],[-118.106394933262,34.1833681110989],[-118.106395061721,34.183368484148],[-118.10637895942,34.183395115538],[-118.106352999905,34.1834390000553],[-118.106274279638,34.183486820881],[-118.106246127335,34.1835041059577],[-118.106224199459,34.1834969400082],[-118.106141000192,34.1834700002536],[-118.106116142012,34.1834324887935],[-118.106086104146,34.1833874531714],[-118.10608612301,34.1833871856462],[-118.106085999043,34.1833869998649],[-118.106088110982,34.1833577214584],[-118.10609359879,34.1832763595531],[-118.106093976981,34.1832763231399],[-118.106094000337,34.1832759998799],[-118.10615798464,34.1832703699535]]],[[[-118.113173332037,34.1842891508776],[-118.113173217052,34.1842889049057],[-118.11317299966,34.1842890000247],[-118.113136999675,34.1842119996354],[-118.113227999013,34.1841060004418],[-118.113345999913,34.1842130006157],[-118.113345876843,34.1842130541202],[-118.113346366425,34.1842134985049],[-118.113173332037,34.1842891508776]]],[[[-118.105778781504,34.1849730555328],[-118.105755484595,34.1849723666684],[-118.105593000021,34.1849679994018],[-118.105446288068,34.1849459282423],[-118.105366656011,34.1849342034241],[-118.105242773842,34.1849061568914],[-118.105173704176,34.1848383345079],[-118.105132072653,34.1847471537861],[-118.105111889305,34.1847210846169],[-118.105034999805,34.1846220000017],[-118.105035017771,34.18462180159],[-118.105034870447,34.1846216120958],[-118.105038700864,34.184579300625],[-118.105047999325,34.1844720006969],[-118.105142664688,34.1843894516227],[-118.105172756453,34.1843630055827],[-118.105172926235,34.1843630635459],[-118.105172999897,34.184363001124],[-118.105290998999,34.1844030008677],[-118.105337446391,34.1844857594874],[-118.105345942657,34.1845007206368],[-118.105345912114,34.1845008432508],[-118.105346001048,34.1845010000483],[-118.105338341113,34.1845309795588],[-118.105311440164,34.1846380616794],[-118.105339103783,34.1846952116218],[-118.105366999167,34.1847519996291],[-118.105469999099,34.1847919999316],[-118.105655999771,34.1847920058765],[-118.105656178535,34.184792009592],[-118.105799924252,34.184899500836],[-118.105799819149,34.1848998657041],[-118.105799999711,34.1849000002074],[-118.105779000693,34.1849729997995],[-118.10577879947,34.1849729931115],[-118.105778781504,34.1849730555328]]],[[[-118.137699000278,34.1852319997766],[-118.137660367331,34.1850958196964],[-118.137542999744,34.1854929994025],[-118.136800000478,34.1853399994891],[-118.136679171682,34.1853121165752],[-118.136669633371,34.1853099623036],[-118.136457876204,34.1852418734686],[-118.135848000974,34.1850460000715],[-118.13488399908,34.1846399997219],[-118.13488407364,34.1846398652182],[-118.134883990097,34.1846398302918],[-118.135120698869,34.1842065265695],[-118.135120698869,34.1834548888102],[-118.135698737805,34.1832498960722],[-118.135698737805,34.1832500930008],[-118.135699000113,34.1832499993668],[-118.135698999215,34.1838649277828],[-118.135787520101,34.1838832397755],[-118.136028999826,34.1839329998944],[-118.13612798339,34.1836057192494],[-118.136276772249,34.1831132342179],[-118.136276897115,34.1831133382558],[-118.136277000421,34.1831129986463],[-118.136426987633,34.1832375341586],[-118.136607078287,34.183386556219],[-118.136937158849,34.1837279778502],[-118.137260447248,34.1836836565269],[-118.137432844731,34.183659880307],[-118.137694535651,34.1833350635512],[-118.137927999709,34.1830450001859],[-118.137928168592,34.1830450707831],[-118.137928304238,34.1830449020929],[-118.138233205022,34.1831710532647],[-118.138588999858,34.1833179998914],[-118.138577301098,34.1833855195589],[-118.138506340479,34.1837965420189],[-118.138506085357,34.1837965115509],[-118.138506000017,34.183796999782],[-118.138078707369,34.1837459903943],[-118.137928303339,34.1837282111906],[-118.137928305136,34.1839302466322],[-118.138010008708,34.1838219998847],[-118.138010163218,34.1838217984987],[-118.138267151458,34.1838158304884],[-118.138518232376,34.1838559256111],[-118.138600323122,34.1839706850221],[-118.138663000376,34.1840579993891],[-118.138534000505,34.184230998937],[-118.138453377606,34.1842358990573],[-118.138352594716,34.184242315138],[-118.13824613627,34.1842118889108],[-118.138172001005,34.1841909991117],[-118.138054590299,34.1842644756558],[-118.138016873633,34.184288268797],[-118.137960000394,34.1844089985612],[-118.137928304238,34.1845133669785],[-118.137928304238,34.1846165128431],[-118.137988335055,34.1847158605271],[-118.138011000448,34.1847529998599],[-118.138010848632,34.1847531209874],[-118.13801088187,34.1847531744915],[-118.138006106426,34.1847571256257],[-118.138211001363,34.1850029999494],[-118.138203000967,34.1850820000704],[-118.13814500124,34.1851030003723],[-118.137993000904,34.1849949988702],[-118.13788504317,34.1849244381905],[-118.137896087957,34.1849497760749],[-118.137918123631,34.184992361568],[-118.137943000676,34.1850399994509],[-118.138010847734,34.1850834922364],[-118.138060052954,34.1851146924702],[-118.138065662933,34.1851433126144],[-118.138085999893,34.1852449989856],[-118.138059711594,34.1853337960209],[-118.138041456031,34.1853967157241],[-118.13799114229,34.185447331753],[-118.137936000105,34.1855030001351],[-118.137736000088,34.1855079997579],[-118.137642000377,34.1853669995814],[-118.137699000278,34.1852319997766]]],[[[-118.156965991932,34.1855240003322],[-118.156964512407,34.1855059294623],[-118.156959979508,34.1854508481369],[-118.156920922556,34.1854364838713],[-118.156924892211,34.1854003524936],[-118.156942530632,34.1852388103725],[-118.156932999506,34.1851229996995],[-118.156883014549,34.1847351108876],[-118.156666838569,34.184486225421],[-118.156384577127,34.1842781222694],[-118.156384649891,34.1840146628732],[-118.156701524319,34.1839221287812],[-118.156719001043,34.1839169997614],[-118.156861353473,34.184061187372],[-118.156902521465,34.1839257775042],[-118.156920922556,34.1838648727919],[-118.157307001397,34.1838009791996],[-118.157746678219,34.1837280536486],[-118.157682798121,34.1826180041532],[-118.157663999976,34.1822930005747],[-118.157843749271,34.182243713609],[-118.157911840671,34.1822249323417],[-118.157911999673,34.1822249999671],[-118.158571999997,34.1824980000967],[-118.158571981132,34.1824980610336],[-118.158572455443,34.1824982572208],[-118.158407300178,34.1830449020929],[-118.158407301076,34.183864873535],[-118.158395119022,34.1838799945655],[-118.158509062231,34.1840356552664],[-118.15857334208,34.1841230468505],[-118.158498364195,34.1842357638098],[-118.158388999699,34.184401000398],[-118.158187000032,34.1846510007876],[-118.158198352043,34.1846848622729],[-118.158303278861,34.184997173957],[-118.158337290874,34.1850184306533],[-118.15850340554,34.1851218530805],[-118.158457112659,34.1852264472642],[-118.158369000506,34.1854269995905],[-118.158151000047,34.1855379997176],[-118.157820050815,34.1855115235703],[-118.157800987667,34.1855100276963],[-118.157794974344,34.1855410680045],[-118.157750158293,34.1857729080025],[-118.157782437456,34.1861461380882],[-118.157715172506,34.1863533568018],[-118.157630190083,34.1863925775771],[-118.157565000241,34.1864230000454],[-118.157378477649,34.1864446138128],[-118.157331811068,34.1864501298333],[-118.15703146654,34.1862702797383],[-118.157030999416,34.1862700003327],[-118.156965000192,34.1859799998194],[-118.156965000192,34.1857309998721],[-118.156965997322,34.1855241326052],[-118.156965991932,34.1855240003322]]],[[[-118.153939864184,34.1878051486803],[-118.153775191314,34.1877763176594],[-118.153680513375,34.1877059153547],[-118.153734736584,34.1875492701461],[-118.153740999638,34.1875309998191],[-118.153846000118,34.1874519997625],[-118.154027000766,34.1874430002028],[-118.154164695431,34.187515470744],[-118.154217049246,34.1875427502845],[-118.154223941121,34.1875718749052],[-118.154241999953,34.1876469996459],[-118.154176000729,34.1876930004939],[-118.154102977578,34.1876998725674],[-118.154090632031,34.187701100148],[-118.154015467296,34.1876952988637],[-118.153985469854,34.1876930361621],[-118.153946094,34.1877898344077],[-118.153940000728,34.1878049993199],[-118.153939930659,34.1878049874305],[-118.153939864184,34.1878051486803]]],[[[-118.160306999848,34.1917230002185],[-118.160306624353,34.1917228441776],[-118.160306562369,34.1917229207119],[-118.15997625633,34.1915862599531],[-118.159976309331,34.1915861284327],[-118.159975999412,34.1915859998844],[-118.160047199882,34.1914101450006],[-118.160058832166,34.1913812676566],[-118.159835592733,34.1911965402494],[-118.159780679618,34.1911512004038],[-118.159716447381,34.1911806395777],[-118.159615999562,34.1912269996239],[-118.159589230665,34.19122510483],[-118.15950335352,34.1912192168505],[-118.159503282554,34.1912190199406],[-118.159503000483,34.1912189998781],[-118.159466000673,34.1911179998633],[-118.159523000574,34.1909790004619],[-118.159523250306,34.1909789781702],[-118.159523355409,34.1909787203288],[-118.159643935371,34.1909681295137],[-118.159701000849,34.1909630001793],[-118.159758113938,34.1909536829651],[-118.1598424891,34.1909396971106],[-118.159870193143,34.1910250968333],[-118.159860216454,34.1910396132171],[-118.160058833065,34.1910396132171],[-118.160636867509,34.191312937028],[-118.160636999561,34.1913130001877],[-118.160306999848,34.1917230002185]]],[[[-118.159954054468,34.1918100985063],[-118.160063000349,34.1917690003296],[-118.160164684249,34.1917820498016],[-118.160250303578,34.1917926672643],[-118.160355164819,34.1918013906878],[-118.16043799937,34.1918080001295],[-118.160645999782,34.1917930001514],[-118.160711999006,34.1918940001008],[-118.160692178578,34.1919211890591],[-118.160599352066,34.1920493926328],[-118.16043565836,34.1920879695083],[-118.160401999385,34.1920960003798],[-118.160241127287,34.1921882045081],[-118.160158707758,34.1921936621952],[-118.160022999268,34.1922030008208],[-118.159854999937,34.1921950004244],[-118.159843218532,34.1921696899801],[-118.159800644676,34.1920793189333],[-118.159810524347,34.1920333449982],[-118.159829999822,34.1919400008617],[-118.159872255675,34.1918708525869],[-118.159895728653,34.1918317532472],[-118.159954054468,34.1918100985063]]],[[[-118.15983599967,34.1948779989298],[-118.159835856838,34.1948773250068],[-118.159835597225,34.1948778622133],[-118.159645949394,34.1939778403002],[-118.159706466199,34.1937024215952],[-118.159810998658,34.193226000572],[-118.159972221098,34.1932452467611],[-118.160389138205,34.1932945317569],[-118.160433609303,34.1934417282406],[-118.160471999705,34.193568000582],[-118.160269066689,34.1939859958211],[-118.1603049993,34.1940000004892],[-118.160417453102,34.1940374849589],[-118.160491047582,34.1940616810384],[-118.160490930801,34.194061977508],[-118.160490999073,34.1940619997989],[-118.160265000016,34.1946370001538],[-118.160264894014,34.1946370365621],[-118.160264879641,34.1946370714844],[-118.160153494834,34.1946753573959],[-118.160103213433,34.1946642551001],[-118.160013999047,34.1946449995755],[-118.159974238714,34.1945932656098],[-118.15983599967,34.1948779989298]]],[[[-118.059301000631,34.2141630004191],[-118.059422999033,34.2141539999961],[-118.059457999193,34.2141840009071],[-118.059394999444,34.2142790000073],[-118.059335999892,34.2142869997937],[-118.059285000737,34.2142290000251],[-118.059301000631,34.2141630004191]]],[[[-118.098462999746,34.2289929992848],[-118.098439000355,34.2289239994987],[-118.098559000006,34.2289529991574],[-118.098519000721,34.2290359999947],[-118.098462999746,34.2289929992848]]],[[[-118.098554455429,34.2291227864064],[-118.098592870085,34.2291144812843],[-118.098605146462,34.2291334808652],[-118.098575209207,34.229133879707],[-118.098554455429,34.2291227864064]]],[[[-118.081402999862,34.2362859989369],[-118.081289999884,34.23618299947],[-118.081262000295,34.2360829994848],[-118.08133500009,34.2358759988189],[-118.081526970965,34.2359109945687],[-118.081533753245,34.2358886174018],[-118.08156196843,34.2357951027478],[-118.081545902959,34.2357493360956],[-118.081513000365,34.2356559995265],[-118.080979365154,34.2355760538559],[-118.080866298701,34.2356820707686],[-118.080809000559,34.2357359993357],[-118.080626999187,34.2360159988119],[-118.08062694439,34.2360159772748],[-118.080626718913,34.2360163248404],[-118.080514615454,34.2359717421116],[-118.08040100013,34.2359269996867],[-118.080355000997,34.23569199945],[-118.080227000053,34.2356599995188],[-118.080077999191,34.2356209999574],[-118.079818999624,34.2355429992952],[-118.079637999874,34.2354609993018],[-118.079537999416,34.2352799994051],[-118.079491113646,34.2352580528181],[-118.079445573553,34.2352785148116],[-118.079429000535,34.2352859986775],[-118.079106372397,34.2353389382651],[-118.079060010345,34.2354014129216],[-118.079035999276,34.2354339996579],[-118.079035877105,34.2354339328178],[-118.079009550179,34.2354694114845],[-118.078893000059,34.2356269992056],[-118.078894999709,34.2356460002877],[-118.078888646823,34.2356506441708],[-118.078775922628,34.2357334289754],[-118.078765397068,34.2357253651286],[-118.078750999769,34.2357149997645],[-118.078705602508,34.2356068848641],[-118.078674669021,34.2355341920216],[-118.078668156235,34.2355203130814],[-118.078663998832,34.2355120004211],[-118.078623999547,34.2353849992366],[-118.078584485353,34.2353172605392],[-118.078553858191,34.2352650101341],[-118.078425202375,34.2352739058133],[-118.078365927939,34.2352782452231],[-118.078314897343,34.2353244562467],[-118.07830000058,34.2353379995333],[-118.078299973631,34.2353379705693],[-118.07829975534,34.2353381696042],[-118.078118863388,34.2351359989139],[-118.078109000785,34.2351249999803],[-118.078108962157,34.2351249323973],[-118.07810883819,34.2351247950035],[-118.07808459805,34.2350827004892],[-118.078049250242,34.2350214309502],[-118.07798504675,34.2350499480015],[-118.077954000076,34.2350640000613],[-118.077953810531,34.2350638210778],[-118.077953569783,34.235063928765],[-118.077943055901,34.2350536999708],[-118.077937000357,34.2350479999778],[-118.0778290013,34.2350079997559],[-118.077813051713,34.2349561643119],[-118.077787419184,34.2349392113609],[-118.077781000722,34.2349349989305],[-118.07770606865,34.2349151139091],[-118.077520954617,34.2348663575249],[-118.077425007358,34.2349790541694],[-118.077380090695,34.2349784800849],[-118.077185565012,34.2349120310805],[-118.077155999659,34.2349019990758],[-118.077147394697,34.2348892793417],[-118.076969999886,34.2349709991623],[-118.076716000342,34.2348689999508],[-118.076515999427,34.2345659997515],[-118.076496000234,34.2345639997294],[-118.076365999639,34.2343839997743],[-118.076355907965,34.2343335453243],[-118.07634754465,34.2342936992397],[-118.076080145834,34.2341170964602],[-118.07595501321,34.2342139290328],[-118.075834999186,34.2343070005796],[-118.075834704539,34.2343070280586],[-118.075834632674,34.2343070837594],[-118.075709487473,34.2343191656223],[-118.075709316793,34.2343189702983],[-118.075709000586,34.2343190000054],[-118.075663998584,34.2342674530385],[-118.075654099149,34.2342561999959],[-118.075596743515,34.234160361175],[-118.07554736492,34.2341494519779],[-118.075517000067,34.2341429995908],[-118.075517000067,34.2341427433669],[-118.075516799743,34.2341426988062],[-118.075516800641,34.2339865996075],[-118.075502848008,34.2337147665968],[-118.0754855761,34.2336528276483],[-118.075348000013,34.2335970001921],[-118.075217000492,34.2335379999554],[-118.075103998717,34.2334459999946],[-118.075087999722,34.2333580000349],[-118.074920999317,34.2334279995546],[-118.074918999667,34.2332099998617],[-118.074935999386,34.2331859992069],[-118.074913812795,34.2330745553044],[-118.074891933428,34.2329652910452],[-118.074895328161,34.232903073037],[-118.074896982858,34.2328723205065],[-118.074789166159,34.2326531786011],[-118.074788454694,34.232651733324],[-118.074608999148,34.2325639999034],[-118.074391999413,34.2324730000284],[-118.074224999906,34.2323589995729],[-118.074231999579,34.2323379991594],[-118.074003001047,34.2323279995265],[-118.073965000514,34.2323919996815],[-118.073901999866,34.23245799986],[-118.073653001243,34.232389998865],[-118.073421000541,34.2324229989615],[-118.073302000715,34.2324880001941],[-118.073328000654,34.2325559988818],[-118.073107000721,34.2324949993298],[-118.072807000247,34.2323489991998],[-118.072710999988,34.2322989995447],[-118.072323000549,34.2322360004718],[-118.072090999847,34.2321210000267],[-118.072009596312,34.2320534941382],[-118.071844999799,34.2320339998374],[-118.071683449474,34.2318126179994],[-118.071439513755,34.2314792823011],[-118.07142797759,34.2311559755074],[-118.071101087845,34.2308133957013],[-118.071053274115,34.2307633268053],[-118.071052996536,34.2307630014992],[-118.070784000516,34.2304639993898],[-118.070657496164,34.2300641713582],[-118.070647058639,34.2300312423806],[-118.070384793695,34.2300222117161],[-118.070282884318,34.2300437385488],[-118.070027999034,34.2300979990066],[-118.069755999047,34.2299959998339],[-118.069746214597,34.22998585138],[-118.069728566295,34.2299682980574],[-118.069572127383,34.2297507922271],[-118.069508000248,34.2296619996396],[-118.069336237875,34.2294443771539],[-118.069110601736,34.2291589540074],[-118.069001932537,34.2290912600638],[-118.068599000402,34.2288410007791],[-118.068319000918,34.2288739992955],[-118.068319021579,34.2288736249623],[-118.068318505946,34.228873685123],[-118.068331299753,34.228661567917],[-118.06834100066,34.2284940004946],[-118.068184259914,34.2282236574955],[-118.068122926539,34.2281181028265],[-118.067778263626,34.2279562875303],[-118.06749200019,34.2278220006149],[-118.067662000069,34.2275690005762],[-118.067498000936,34.2273850008809],[-118.067154999007,34.2270380005392],[-118.067133266066,34.2270034244642],[-118.066960999737,34.2270310002072],[-118.066584000168,34.2268540011693],[-118.066315000555,34.2265980005054],[-118.066020000104,34.2262560008124],[-118.065956999456,34.2261219993726],[-118.065350000632,34.2258089999735],[-118.064556000414,34.2254230007384],[-118.064025999786,34.2249780009278],[-118.063356000315,34.2245559999002],[-118.062817999291,34.2238280002265],[-118.062825998789,34.2236310005554],[-118.06267321063,34.2235408437295],[-118.062442639148,34.2234053984764],[-118.062107574733,34.222781931254],[-118.062059107929,34.222774063746],[-118.06176282109,34.2227263899888],[-118.061660389792,34.2224963020622],[-118.061626999413,34.2225359999734],[-118.061615000615,34.2224549997251],[-118.061590998529,34.2223560003062],[-118.061585674215,34.2223285448488],[-118.061559999465,34.2222710007424],[-118.061125925435,34.2218187235391],[-118.061111000825,34.2218089997167],[-118.061110335173,34.2218024795333],[-118.060940000223,34.2216250000658],[-118.060928000527,34.2216070000702],[-118.060854000009,34.2215539998548],[-118.060727000686,34.2213579998615],[-118.060616001256,34.2211529997369],[-118.060615000533,34.2210820006138],[-118.060772581203,34.2209214263801],[-118.060549942743,34.2204530031425],[-118.060467001293,34.2204570001429],[-118.06019299986,34.2203980003569],[-118.059884000063,34.2202689997869],[-118.060049999745,34.2201630006103],[-118.060271756059,34.2199292562889],[-118.05953694853,34.2196631279637],[-118.059535990926,34.21963091767],[-118.059528000411,34.219377000172],[-118.059481000556,34.219220999882],[-118.059278000166,34.2183659993046],[-118.059352999611,34.2181740001453],[-118.059107999388,34.217910000401],[-118.059191000127,34.2175479990578],[-118.059420999383,34.2175209988707],[-118.059559000373,34.2173879997209],[-118.059720999857,34.2172549996184],[-118.060102000522,34.2173000000676],[-118.060391999153,34.2172629998651],[-118.060604000662,34.2171389996703],[-118.06090900026,34.2170929992881],[-118.061153000658,34.2170159998839],[-118.061362999822,34.2169809999964],[-118.061452999335,34.2171299995652],[-118.06149400114,34.2171229998955],[-118.061494408077,34.2171229330409],[-118.061642706455,34.2170362709457],[-118.061643000204,34.2170359990703],[-118.061855999741,34.2168390006009],[-118.062015000648,34.2166319986888],[-118.062283000437,34.2165590005057],[-118.062548999677,34.2167420009704],[-118.062569979831,34.2168129331822],[-118.062808787068,34.2169417927066],[-118.063264330833,34.2170957254685],[-118.063287999644,34.2170760004001],[-118.06329400039,34.2166609996082],[-118.063229999918,34.2164240001273],[-118.063127000884,34.2163530007329],[-118.063080999955,34.2161390001038],[-118.063070000983,34.2161310004933],[-118.062791999352,34.2160400006912],[-118.062712999709,34.2159499999086],[-118.062703103868,34.2158906188612],[-118.06269999929,34.2158890002149],[-118.062639000987,34.2157179999735],[-118.062752999892,34.2154490006292],[-118.06257000139,34.2151130002087],[-118.062633991981,34.2149539946345],[-118.062526999936,34.2148070006232],[-118.062333999592,34.2145379998562],[-118.062071999651,34.2141479999612],[-118.062030000717,34.2139079997002],[-118.061993000009,34.21346900006],[-118.061972093517,34.2133097128104],[-118.061705042349,34.2132945561996],[-118.061623999039,34.2133889998995],[-118.061472999427,34.2134940010232],[-118.061462692157,34.2134948278265],[-118.061434826417,34.2135565297701],[-118.061347381712,34.2137507672826],[-118.061311464372,34.2137759546194],[-118.061088132413,34.2139327903047],[-118.061033999934,34.2139750001328],[-118.061026165726,34.2139763060735],[-118.060812999103,34.2141260003248],[-118.060762218238,34.2141238311893],[-118.060726000861,34.2141660000647],[-118.060592998995,34.2141559997601],[-118.060549811589,34.2141147512767],[-118.060545649694,34.2141145752201],[-118.060227851798,34.2141014838905],[-118.06010388878,34.2140110100668],[-118.059973999577,34.2140230004987],[-118.059922999523,34.2140220006151],[-118.059754999294,34.2139510006824],[-118.059741956654,34.2138227516699],[-118.059700999765,34.2138129994389],[-118.059639839766,34.2137120851761],[-118.059634999643,34.2137090008286],[-118.05944700022,34.2136440014463],[-118.059268999945,34.2138350013856],[-118.058940000057,34.2139449998902],[-118.058700000756,34.2140230004987],[-118.058568000511,34.2139920003893],[-118.058474999727,34.214074000486],[-118.05834019584,34.2141495599555],[-118.058452000161,34.214469999993],[-118.058473000077,34.2148239992262],[-118.058264001636,34.2148699986186],[-118.058009472085,34.2149728094691],[-118.058026000188,34.2150099993604],[-118.057925000804,34.2150809998865],[-118.057819000499,34.2151029992736],[-118.057768000445,34.2151129994658],[-118.057679000757,34.2152320003251],[-118.05766399979,34.2152459999782],[-118.057533000269,34.2152900001461],[-118.057503999956,34.215366999642],[-118.057373000435,34.2154529993526],[-118.057232000868,34.2155400003267],[-118.057106000471,34.2156759997569],[-118.056975000052,34.2157810002592],[-118.056794000302,34.2158229996806],[-118.056453999645,34.2158479992025],[-118.056416999835,34.2158140001778],[-118.05627200007,34.2157750003401],[-118.056206000846,34.2157340000152],[-118.056149999871,34.2155740002048],[-118.056018000525,34.2156479998484],[-118.055860000341,34.2156030007455],[-118.055831000029,34.2154899996071],[-118.055578999236,34.2152799999749],[-118.055195999819,34.215118999432],[-118.054821999726,34.2150079996167],[-118.054751999405,34.2149700000212],[-118.054704000623,34.2149789996142],[-118.054594999945,34.2149910003081],[-118.054567999282,34.2148580001361],[-118.054697998979,34.2148410000542],[-118.054725999466,34.2147389994914],[-118.054979000084,34.2146779996639],[-118.055051999879,34.2145629997593],[-118.055075000344,34.2143849999011],[-118.055271000162,34.2141759996253],[-118.055692999039,34.2138850001159],[-118.055964999923,34.2138080000086],[-118.056306999332,34.2137369991528],[-118.056483999782,34.2135430008094],[-118.056545999706,34.2133069998791],[-118.056744000073,34.2132410002938],[-118.057335999727,34.2132239998859],[-118.057761999699,34.2131620005536],[-118.058061000348,34.213104999905],[-118.058225470199,34.2130032319859],[-118.058226000205,34.2130000005252],[-118.058339000183,34.2128950002718],[-118.058485000671,34.2127630004043],[-118.05865500055,34.2126719999363],[-118.058796999942,34.212524000557],[-118.058893498766,34.2123976563196],[-118.058796000117,34.2123660004008],[-118.058108000204,34.2123349996819],[-118.05822300073,34.2118670004307],[-118.057989000378,34.2118229999611],[-118.057791000012,34.2116610003302],[-118.0576970003,34.211593000374],[-118.057655134316,34.2114713905882],[-118.057522451352,34.2113901234087],[-118.057419000466,34.2113270002366],[-118.057167999497,34.2113270002366],[-118.056826999914,34.2112970005371],[-118.056569000171,34.21110500087],[-118.056385507596,34.2108915901337],[-118.05630500058,34.2108650001139],[-118.05571393248,34.2105981121589],[-118.055459971562,34.2105664080195],[-118.055118999826,34.2105240003621],[-118.054611000737,34.2102090003543],[-118.054329000704,34.2097319995447],[-118.053578538235,34.2092309068358],[-118.052830906356,34.2087320859141],[-118.052819000984,34.2087430013747],[-118.052635999787,34.2088060001891],[-118.052392000288,34.2086630004423],[-118.051978999836,34.2085529995005],[-118.051843999219,34.2084300005533],[-118.051860000909,34.2082209988805],[-118.051859535582,34.2082207232621],[-118.051765529582,34.2081654851617],[-118.05153252097,34.2078112908025],[-118.051329875415,34.2075522777084],[-118.051258999238,34.2074620004117],[-118.050885000941,34.207061000088],[-118.050642002165,34.2067309994743],[-118.050242000335,34.2063250009991],[-118.050179000586,34.2062810006077],[-118.050148000624,34.2063130005569],[-118.049977999846,34.2063989998495],[-118.049887000508,34.2063120005819],[-118.049896992469,34.2060831857795],[-118.049765675842,34.2059912041221],[-118.049478816822,34.2057602874475],[-118.049231999308,34.2055620003795],[-118.048920999862,34.2054070005012],[-118.048432999965,34.2052140000576],[-118.048209545835,34.2051544517143],[-118.048053736642,34.2051131044724],[-118.047763094817,34.2048151755017],[-118.047730635092,34.2047749744452],[-118.047424999487,34.2043969999219],[-118.046780079181,34.2041450313189],[-118.046270250223,34.2040433328182],[-118.046021000969,34.2039263941752],[-118.046021000071,34.2041589993815],[-118.046020550914,34.2041590001244],[-118.046020550914,34.2041591383117],[-118.045690244875,34.2041591383117],[-118.045690160433,34.2041589993815],[-118.045690000533,34.2041590001244],[-118.045525000677,34.2038860002721],[-118.045519997959,34.2038520996907],[-118.045506686723,34.2037639737172],[-118.044988001275,34.2037200002209],[-118.044402468593,34.2034612769346],[-118.044312999984,34.2035080002172],[-118.044092000051,34.2035850008199],[-118.043850000202,34.2035660006777],[-118.043824000262,34.2033170006475],[-118.04365100001,34.20328100026],[-118.043348998988,34.203049000366],[-118.042883999556,34.2027020000885],[-118.042354999651,34.2024529989922],[-118.041764659186,34.2022962845915],[-118.041465813945,34.2022170747358],[-118.040741902082,34.2020004697921],[-118.040128442574,34.2018114527472],[-118.03990496419,34.2017147099731],[-118.039629998864,34.201595999843],[-118.03920029424,34.2014447795719],[-118.039056390419,34.2013942407541],[-118.0386359609,34.201247240923],[-118.038501455254,34.2011453041481],[-118.038337000675,34.2010210001373],[-118.038337054574,34.2010207103789],[-118.038336850657,34.2010205565841],[-118.038342749893,34.2009889409704],[-118.038187999814,34.2009520004737],[-118.037584998493,34.2009220000532],[-118.038002998968,34.2006279999738],[-118.038294000119,34.2005530004717],[-118.038415729925,34.20058393197],[-118.038453001026,34.2001300003962],[-118.038453480727,34.2001297619003],[-118.0384534951,34.2001295768988],[-118.038861376053,34.1999275743178],[-118.039303925688,34.1995267335559],[-118.039671589964,34.1989896500271],[-118.039713271793,34.198650016886],[-118.039751999961,34.1983309997152],[-118.039792001043,34.1977589987746],[-118.039718388597,34.1973104335609],[-118.039695910952,34.1971740463664],[-118.03939396832,34.1968253337956],[-118.038718716399,34.1966662922335],[-118.0383552769,34.1964373219656],[-118.03835518078,34.1964371124366],[-118.038355000219,34.196436999499],[-118.038196152025,34.1960943260664],[-118.037781855304,34.1957964662729],[-118.03766368642,34.1955462908735],[-118.037470783095,34.1952740648505],[-118.037339999169,34.1950899990872],[-118.037299338724,34.194994736876],[-118.036844000673,34.1948139999972],[-118.036542000549,34.1945530002367],[-118.036541999651,34.1942580001213],[-118.036543789993,34.1942337795781],[-118.036476413652,34.1942151941683],[-118.036359000251,34.1941830008971],[-118.036340476092,34.1940750132507],[-118.036306986898,34.1938809956582],[-118.036144000166,34.1938240005465],[-118.036026001064,34.1937430009349],[-118.035889999723,34.1936200011833],[-118.035754000179,34.1934909997469],[-118.035689999706,34.1932540004989],[-118.035493000063,34.1930610004688],[-118.035455251058,34.1928613252506],[-118.035216304582,34.1925894427629],[-118.035216178818,34.1925892042456],[-118.035215999155,34.1925890006514],[-118.035120999619,34.1924090001764],[-118.034831999914,34.192161000775],[-118.034533000163,34.1916880002302],[-118.0342010008,34.1915560005897],[-118.034069000556,34.1915540002896],[-118.033878001659,34.191593000189],[-118.03312805572,34.1907392009892],[-118.033074000496,34.1907090007668],[-118.032662999694,34.1904820005303],[-118.032663007779,34.1904819537174],[-118.032662848777,34.190481867522],[-118.032692475215,34.1902865517026],[-118.032727999991,34.1900510006031],[-118.032696000204,34.1896010003856],[-118.03250316515,34.1894183690016],[-118.032318210118,34.189243403516],[-118.032192823271,34.189147695543],[-118.032053999424,34.189042000525],[-118.031789999833,34.1890370011118],[-118.031248999335,34.1889620002167],[-118.031023000277,34.1888839994529],[-118.030567000167,34.1889340003509],[-118.030079000271,34.1890900002278],[-118.029701000877,34.1891820003248],[-118.029531000998,34.1892440002043],[-118.029476000746,34.1890630005841],[-118.029491999742,34.1889399999514],[-118.029492012318,34.1889399048376],[-118.02933827464,34.1888877571935],[-118.029167954062,34.1888302274067],[-118.029157324298,34.1886845781381],[-118.029139000463,34.1884350006268],[-118.029091281955,34.1883950600123],[-118.029091000782,34.1883950005657],[-118.02886099973,34.1883460002794],[-118.028179000563,34.1883420002699],[-118.027832000233,34.1883940011213],[-118.027484999904,34.1884370002578],[-118.027227000161,34.1884570002807],[-118.026518000331,34.18837100052],[-118.026146999712,34.1881840008588],[-118.026125043988,34.1880802136163],[-118.025682558134,34.1880602684922],[-118.025090359054,34.1881433415635],[-118.024523535585,34.1881593624443],[-118.024039790109,34.188082384165],[-118.024020109818,34.1880185383523],[-118.023998000482,34.1879479995222],[-118.02354999987,34.1876210004801],[-118.023856000192,34.1872820007348],[-118.024241999981,34.1872560007134],[-118.024259999525,34.187249000792],[-118.024342525055,34.1871507930227],[-118.024480538622,34.1869857780612],[-118.024373611255,34.1868065763444],[-118.024238000682,34.1865799995738],[-118.024056611063,34.1864564952149],[-118.023857554277,34.1863211902536],[-118.023821999857,34.1863190003389],[-118.023784644314,34.1862716299511],[-118.023604536591,34.1861492026374],[-118.023614453093,34.1860878239453],[-118.023422000722,34.1860260000904],[-118.023544000022,34.1855270002538],[-118.023497024421,34.1854593968429],[-118.023435000242,34.1854419999576],[-118.023204000264,34.1852050003842],[-118.023147962458,34.1851094245613],[-118.020946999282,34.1846260001875],[-118.020085625417,34.1841573172629],[-118.019246802859,34.1837014186482],[-118.018842604999,34.1838807830171],[-118.018345000315,34.1841020009744],[-118.018073348875,34.1839410553222],[-118.017041551126,34.1833303417287],[-118.016356775267,34.1829832647626],[-118.016109429543,34.1830271175396],[-118.015778999537,34.1830860008051],[-118.01549043282,34.1831324812284],[-118.015183239536,34.1831822826621],[-118.01465770084,34.1833783171861],[-118.014479758057,34.1834661872804],[-118.01428300006,34.1836179993654],[-118.014200996451,34.1836038398898],[-118.014139293869,34.1836343094375],[-118.01402296204,34.1836117972568],[-118.013862000111,34.1835809999834],[-118.013051999999,34.18365299973],[-118.013349264205,34.1834814235667],[-118.013124671011,34.1834379604234],[-118.013451058598,34.183197544266],[-118.01380300056,34.1829380000168],[-118.014544000176,34.1828030000405],[-118.015331000722,34.1824079999147],[-118.015651982248,34.1814767800999],[-118.015755724188,34.1811752064619],[-118.016364536711,34.1806058194923],[-118.016553174836,34.1804440586215],[-118.016612001012,34.1803489998406],[-118.016698734251,34.1803192380739],[-118.017285741068,34.1798158599854],[-118.0173030004,34.1797669996312],[-118.017457999312,34.1789200003334],[-118.017737998797,34.1785480001771],[-118.017746390858,34.1785466446385],[-118.01792180129,34.1779829318927],[-118.018056811789,34.177562570591],[-118.018381919277,34.177173984101],[-118.018468436022,34.17701290558],[-118.018814998872,34.1763669994867],[-118.019087073419,34.1761421129313],[-118.019357241741,34.1759185516298],[-118.019573978269,34.1756196380825],[-118.019877389646,34.1757451731019],[-118.020368998974,34.175948000579],[-118.020873999487,34.175948000579],[-118.02116300009,34.1756789999319],[-118.021535183791,34.1756470374078],[-118.021849730684,34.1756196388256],[-118.022608314822,34.1755897468181],[-118.023439144171,34.1759185508866],[-118.024207374419,34.1757870289671],[-118.024487001102,34.1757390001423],[-118.025533999244,34.175469999572],[-118.025928568961,34.1753795534076],[-118.026184495392,34.1753207257058],[-118.026271933809,34.1757066177368],[-118.0262930002,34.1757989995668],[-118.026321338454,34.1759315262622],[-118.026361158076,34.1761168719891],[-118.026445603306,34.1760491265202],[-118.026537772251,34.1759749130079],[-118.026755995491,34.1758068513934],[-118.026798598992,34.1757391413489],[-118.026954999276,34.1754899996965],[-118.027064999779,34.1751680001646],[-118.027157512779,34.1751379326023],[-118.027344762108,34.1750765154279],[-118.027524666812,34.1750618536028],[-118.027548924019,34.1750096639358],[-118.027556999874,34.1749920003166],[-118.027653672073,34.1749214639717],[-118.028171045981,34.1745437131165],[-118.028233167178,34.1741465621298],[-118.028315754692,34.1736169252308],[-118.028243508583,34.1728696427782],[-118.028243508583,34.1728098605204],[-118.028315754692,34.1724511660845],[-118.02837434012,34.1719421430777],[-118.028387999902,34.1718230001021],[-118.02846000077,34.1715540004274],[-118.028621833167,34.1716379964918],[-118.028749231342,34.1717038852011],[-118.029082655433,34.1718004513247],[-118.029471768783,34.1719129342792],[-118.029760675063,34.1711957332155],[-118.029863889693,34.1708825699785],[-118.029869011887,34.1708669939881],[-118.029869044226,34.1708669293266],[-118.030266398721,34.1706576903618],[-118.031061105015,34.1709566029036],[-118.031855813106,34.1709566021604],[-118.032044727912,34.1711129273712],[-118.032252999615,34.1712849998953],[-118.032293108494,34.1713556403591],[-118.032542150237,34.1717935586321],[-118.03260288713,34.1721621229101],[-118.032628999359,34.172319999224],[-118.03277457674,34.1724327297222],[-118.032823932877,34.1724708465959],[-118.032917811316,34.1725155335284],[-118.033179999903,34.1726400006988],[-118.033694000637,34.1726889997026],[-118.033798999321,34.1726339999391],[-118.033798999321,34.1717020003739],[-118.033872000014,34.1715965807902],[-118.034129520057,34.1712236653886],[-118.034624990343,34.1712919974251],[-118.035615898577,34.1712919996547],[-118.035615999188,34.1712920018845],[-118.036085489298,34.1713475056904],[-118.036189999299,34.1711460005166],[-118.036204886179,34.1710185849617],[-118.036214857479,34.1709316800016],[-118.036540447362,34.1708537064181],[-118.036877336255,34.1708698093651],[-118.036961482346,34.1711693670253],[-118.036811004654,34.1713840013236],[-118.036810821398,34.171384272603],[-118.036558997573,34.1715353602241],[-118.036423152539,34.1716786971871],[-118.036334028883,34.1717729689954],[-118.036521147957,34.1721310442346],[-118.036875000635,34.1722380001373],[-118.037333873557,34.1724039543921],[-118.037711018653,34.1723466013996],[-118.037832975732,34.1722919871457],[-118.037871881767,34.1720505284421],[-118.037928000421,34.1717020003739],[-118.038671000586,34.1709500000039],[-118.039331998939,34.1714970006349],[-118.040653073073,34.1716336500886],[-118.041215639427,34.1722065967008],[-118.041727000911,34.1727269997751],[-118.041863926618,34.1730679286826],[-118.041974298125,34.1733419209028],[-118.042091838189,34.1736823389698],[-118.042240999848,34.1737170008359],[-118.042632000559,34.1739159997164],[-118.04297700034,34.1742800003609],[-118.042923999739,34.1747789998323],[-118.042891999952,34.1751159993356],[-118.042827000553,34.1755279999941],[-118.042735999418,34.1758839999171],[-118.042658999425,34.1762579998469],[-118.042589943234,34.1763898361438],[-118.042516434094,34.1765308847674],[-118.042478589868,34.1767088872603],[-118.042466998906,34.1767640003048],[-118.042619027988,34.176920577845],[-118.042701297498,34.1770049550224],[-118.043179000007,34.1769330008819],[-118.043532000184,34.1767230003293],[-118.043525785639,34.1766842231988],[-118.043460676646,34.1762801483414],[-118.043394202213,34.1756200743373],[-118.0433779993,34.1754599998797],[-118.043487664732,34.1752486326376],[-118.043873559418,34.1745035451936],[-118.04424481965,34.1742987380611],[-118.044368999162,34.1742299996957],[-118.044917120606,34.1745699846089],[-118.04520199884,34.1745329998391],[-118.045345999678,34.1742799996177],[-118.045322000287,34.1740750001951],[-118.045522000304,34.1735769991538],[-118.045576999657,34.172936999867],[-118.045644999429,34.1725850001601],[-118.045813000557,34.1722099991801],[-118.046244999479,34.1719990006134],[-118.046207038472,34.171807910356],[-118.046185703484,34.1717019803067],[-118.046128029846,34.1711292851979],[-118.046103000087,34.17088200066],[-118.046126282622,34.1706904091614],[-118.046185704382,34.1701987012428],[-118.046598586256,34.1699937090011],[-118.047341775965,34.1697887170048],[-118.048500610767,34.1699905970407],[-118.048910999816,34.1700619996686],[-118.050315001028,34.1705400000911],[-118.05089299954,34.1710189996865],[-118.050692442568,34.1712946775197],[-118.050618789698,34.1713962534893],[-118.050606000383,34.1714440001283],[-118.050450999674,34.1717330004252],[-118.05044939708,34.1718455986698],[-118.050447410006,34.1720140382996],[-118.050583828165,34.1720680745042],[-118.050904999235,34.1721950009197],[-118.051142993497,34.1722747124067],[-118.051322687995,34.172334696457],[-118.051480018934,34.1722197346699],[-118.051589999674,34.172139000454],[-118.051580000526,34.1720650005247],[-118.051615999613,34.171536000145],[-118.052146000241,34.1712620005753],[-118.052682999643,34.1711479998142],[-118.05331299983,34.1714420000945],[-118.053744000723,34.1714969998916],[-118.054200000833,34.1719200001337],[-118.054096000178,34.1723119991716],[-118.054250001062,34.1725180002797],[-118.054250001062,34.1725180716289],[-118.05425023103,34.1725183763496],[-118.054251494062,34.1726329988215],[-118.054254000361,34.172825999512],[-118.054215999828,34.1732269991349],[-118.053930000496,34.1737090001727],[-118.054127999066,34.1740304188807],[-118.054153104284,34.1740710545063],[-118.054604999991,34.1743070002768],[-118.054930329362,34.1744524670148],[-118.055059006739,34.1745098810052],[-118.055466469077,34.1746628455623],[-118.055707446643,34.1747234863919],[-118.055952999329,34.1747850004394],[-118.056214909439,34.1748345273569],[-118.056539847145,34.1748956340497],[-118.056725776849,34.174904041131],[-118.05697900025,34.1749150003606],[-118.057388093929,34.1749820511051],[-118.057461276081,34.1749939467559],[-118.058228616997,34.174836078417],[-118.058560954126,34.1746076285835],[-118.058639005148,34.1743530009667],[-118.058648110472,34.1742942483563],[-118.058687754024,34.1740367904018],[-118.058958013974,34.1738529688881],[-118.059078000149,34.1735569993192],[-118.059092809775,34.1734675804543],[-118.059130526441,34.1732366817391],[-118.059160814039,34.1730077340799],[-118.059529395495,34.1731546330044],[-118.05941699649,34.1734566039428],[-118.059376094398,34.1735667443154],[-118.059401299329,34.1737388259575],[-118.059423993468,34.173892949832],[-118.059966380067,34.1740056180292],[-118.060631766689,34.1739189450533],[-118.06076161996,34.1735397961876],[-118.060819999674,34.1733689998994],[-118.060834580229,34.1732931526745],[-118.060918670624,34.1728539147947],[-118.060931807587,34.172352840011],[-118.061084031604,34.1719676119525],[-118.061405781189,34.1714671621662],[-118.061618541774,34.1711904064654],[-118.061618790607,34.1711902726834],[-118.061618999915,34.1711899991737],[-118.061975000465,34.1710000003827],[-118.061975119941,34.1710000063286],[-118.061975290621,34.170999915654],[-118.062279256259,34.1710147134534],[-118.062492000674,34.171025000561],[-118.062492208185,34.1710250800871],[-118.062492481273,34.1710250934653],[-118.062631420105,34.1710784368658],[-118.063065999886,34.1712450006216],[-118.063066292737,34.1712454027103],[-118.063066485875,34.1712454762903],[-118.063270132153,34.1715246398757],[-118.063454122395,34.1718005531469],[-118.063642817113,34.1722695380855],[-118.064141447673,34.1726080838466],[-118.064197737905,34.172621612687],[-118.064636999706,34.1727269997751],[-118.064637211709,34.1727272450375],[-118.064637446169,34.1727273022654],[-118.065092768949,34.1732545166651],[-118.065851933399,34.1732867164375],[-118.065868714827,34.1728697810168],[-118.066000230879,34.1727818218488],[-118.066122000211,34.1726999993538],[-118.066566000625,34.1728690006377],[-118.066954999889,34.1731450001862],[-118.06739599993,34.1732520001399],[-118.067802999636,34.1735120000457],[-118.068182372553,34.1735041138178],[-118.068182482148,34.1735041123314],[-118.068235975026,34.1735029558927],[-118.068170367468,34.173385883484],[-118.068068502108,34.1732052600939],[-118.068321679694,34.1724929618961],[-118.068481000402,34.1720439999504],[-118.068481265405,34.1720439724511],[-118.068481385779,34.1720436342835],[-118.068823355543,34.172008263436],[-118.069141999652,34.1719750011058],[-118.07038100011,34.1719749996194],[-118.070482886131,34.1720599057157],[-118.070531112187,34.1720998117001],[-118.070587354808,34.1720054889744],[-118.070626828579,34.1719386127527],[-118.070495984466,34.1715522872829],[-118.070363548539,34.1711468426],[-118.070442215805,34.1710129155692],[-118.070454999729,34.1709909998113],[-118.070478000194,34.170943999124],[-118.070049999673,34.1704720004169],[-118.070050000572,34.1699939996093],[-118.070050341033,34.1699938011633],[-118.070050341033,34.1699937090011],[-118.070189905092,34.1699128693449],[-118.070875999679,34.169515000886],[-118.071371999971,34.1699249990888],[-118.071407966719,34.1701048342298],[-118.071633999912,34.1700209994099],[-118.071843183406,34.1701891944384],[-118.071930211292,34.1702589186598],[-118.071616370475,34.1706641119344],[-118.071266256584,34.1708832039586],[-118.071065236082,34.1713347555524],[-118.071080620629,34.171715859353],[-118.071085999741,34.1718470003962],[-118.071093736032,34.1719255869671],[-118.071124245514,34.1722328213544],[-118.071071111962,34.1725875806221],[-118.07107104369,34.1725877121721],[-118.071070999673,34.1725880005417],[-118.070890000821,34.1729400002362],[-118.070563999509,34.1732160002957],[-118.070563862067,34.1732160790765],[-118.070563601556,34.1732162998114],[-118.070474335068,34.1732678231807],[-118.070435093961,34.1733847151523],[-118.070381001008,34.1735470001434],[-118.070132998616,34.1742300004389],[-118.070132921361,34.1742302226575],[-118.070031487192,34.1745239825508],[-118.070039784032,34.1745236919582],[-118.070088039732,34.1745217938163],[-118.070254431978,34.1744401372564],[-118.070519000202,34.1743100005971],[-118.070825000524,34.174023000179],[-118.071205000465,34.1738859993401],[-118.071454533587,34.1739112833125],[-118.071659324318,34.173931734934],[-118.071681143498,34.1740219790112],[-118.071912707619,34.1739872972038],[-118.072114756693,34.1739568992362],[-118.072610216199,34.1736835741864],[-118.072827455785,34.1738034168687],[-118.072905000157,34.1738460005558],[-118.072926821133,34.1738427512437],[-118.072951557143,34.1738387750725],[-118.072951832027,34.1738390262773],[-118.072952000911,34.173839000265],[-118.0730428664,34.1739222515895],[-118.07335340501,34.1740935610575],[-118.073353404112,34.1742188865334],[-118.073591295067,34.1744891262966],[-118.074047411958,34.1747467248226],[-118.074104896051,34.1747173460584],[-118.074497999718,34.174515999801],[-118.074837999477,34.1740999994625],[-118.074856457161,34.1736297761007],[-118.074858938308,34.1735652088394],[-118.074858994901,34.1735651278293],[-118.074859000291,34.1735650007401],[-118.075194167114,34.1730842140383],[-118.075270844611,34.1729741956668],[-118.075305320155,34.1728863963996],[-118.075490000303,34.1724149994169],[-118.075516947067,34.1723689196321],[-118.075314532379,34.1720542118668],[-118.075087513733,34.1717019810499],[-118.075004936999,34.1712919951954],[-118.075004999881,34.1712919989115],[-118.075334999594,34.1712919989115],[-118.075335243936,34.1712919959386],[-118.075760281812,34.171819567135],[-118.0758087576,34.1718797008973],[-118.076117911907,34.1714041347115],[-118.076300797221,34.1709741848684],[-118.076569512068,34.1705059248221],[-118.077013823299,34.1700151210991],[-118.07743606472,34.1696327208293],[-118.077462504834,34.1695523171135],[-118.077572000484,34.169219000496],[-118.077572195419,34.1692187470477],[-118.077572235843,34.1692186236681],[-118.077884636661,34.1688137333909],[-118.078314695222,34.168580946709],[-118.078661309276,34.1683861108704],[-118.0787930005,34.1683119998783],[-118.078837479683,34.168280565994],[-118.079225889652,34.1680058252305],[-118.07968296774,34.1674685186866],[-118.079757347347,34.1672954015242],[-118.079888999944,34.1669879997666],[-118.080278999931,34.1665849993399],[-118.080500210968,34.1666296893887],[-118.080576163525,34.1666449406076],[-118.080711943881,34.1668976024871],[-118.080711903456,34.1668978202654],[-118.080712000474,34.1668980001369],[-118.080595000299,34.1675339996253],[-118.080252001065,34.1679360002941],[-118.080241785424,34.1681220020412],[-118.080228458018,34.1683730719012],[-118.080228000776,34.1685933932713],[-118.080227999877,34.1687349997312],[-118.080136000714,34.1691540002613],[-118.080067001117,34.1695530009011],[-118.07983799989,34.1700870008679],[-118.079741466031,34.1702392435785],[-118.079611395368,34.1704449628554],[-118.079422162559,34.1706734343625],[-118.079363000412,34.170745000668],[-118.079362869258,34.1707450207354],[-118.079362727324,34.1707451916799],[-118.079239506315,34.1707638469225],[-118.07886500047,34.1708210003168],[-118.078598338273,34.1708892984904],[-118.078416408766,34.1709362055606],[-118.077970086207,34.1710981503995],[-118.077899000722,34.1711239993214],[-118.077330000635,34.1713479991961],[-118.076896999193,34.1716110001814],[-118.076457144504,34.1718969058538],[-118.076377255529,34.1719488908289],[-118.076174191359,34.1724750933642],[-118.07624816403,34.1725890373344],[-118.076452999678,34.1729040002588],[-118.076621302639,34.1730074531439],[-118.076998056968,34.1732385323442],[-118.07734593585,34.1734567986646],[-118.077383000338,34.1734799995403],[-118.077444189982,34.1735171460487],[-118.077836434859,34.173754945448],[-118.077792168577,34.1742389233714],[-118.077705053554,34.1746627392844],[-118.077704999655,34.1746630001484],[-118.077645438657,34.1747448244561],[-118.077309411249,34.1752074550448],[-118.076919263938,34.1758543762955],[-118.076715022975,34.1764702801663],[-118.076543000987,34.1769899999756],[-118.076502758259,34.1772331315644],[-118.076471281292,34.1774251407394],[-118.076480740552,34.1776218292585],[-118.076495000409,34.1779099998263],[-118.076808472019,34.1782974050019],[-118.076812709372,34.1783026384072],[-118.076813000426,34.1783030003311],[-118.076888005261,34.1784086634716],[-118.077179778963,34.1788195117532],[-118.077426714157,34.1791385484807],[-118.0774269576,34.1791389453297],[-118.077426996228,34.1791390018101],[-118.077678134638,34.1795495410969],[-118.0778225496,34.1797210078378],[-118.077902000197,34.1798150001528],[-118.078006558706,34.179929361527],[-118.078158436871,34.1800949773839],[-118.078385014444,34.1802224468619],[-118.078556998702,34.1803190002651],[-118.07855724484,34.1803193428584],[-118.078557424503,34.1803194424408],[-118.078704925178,34.1805255265563],[-118.078816999891,34.1806819997637],[-118.078817036722,34.1806821684586],[-118.078896000432,34.181053999429],[-118.079167000594,34.1813609999331],[-118.079185678365,34.1813764313032],[-118.079633375346,34.1817455051372],[-118.079662968547,34.182157502408],[-118.079662999988,34.1821580003093],[-118.07958325654,34.1825751915493],[-118.079568034588,34.1826549318738],[-118.079644178486,34.1827767080743],[-118.079829000568,34.1830720002696],[-118.080316999566,34.1832910006295],[-118.080991999959,34.1833700001243],[-118.081440999497,34.1832469993643],[-118.08161000045,34.1830689995176],[-118.081921999721,34.1829829994655],[-118.081922196452,34.1829829853461],[-118.081922448879,34.182982915492],[-118.081977814745,34.1829792065348],[-118.08243700028,34.1829480003092],[-118.082695592013,34.1830375778181],[-118.082896221748,34.1831068938503],[-118.083074641537,34.1831613145797],[-118.083464999952,34.1832800001296],[-118.083828001073,34.1833679988869],[-118.084105941619,34.1834876524374],[-118.084274328124,34.1835599108708],[-118.085281525509,34.1834396532622],[-118.085908993345,34.182847673327],[-118.086420777935,34.1820519286799],[-118.086958601093,34.1814593994855],[-118.087027000615,34.1813840002164],[-118.087782000475,34.1806920003235],[-118.088445999201,34.1801339996741],[-118.089265000432,34.1795600003203],[-118.090178999402,34.1791969997102],[-118.090740740204,34.1789690105542],[-118.091235531364,34.1787677896323],[-118.092308607599,34.1781378870566],[-118.093195989487,34.1774716086747],[-118.093262515124,34.1767489277922],[-118.093487970701,34.176130875165],[-118.093464730386,34.1760312007724],[-118.093314620106,34.1753892677222],[-118.092619063564,34.175132092551],[-118.092619042005,34.1751320152584],[-118.092619000682,34.1751320003945],[-118.092508000354,34.1747190004257],[-118.093212000161,34.1742700005275],[-118.09333714626,34.1737320315271],[-118.093365991163,34.1736079673015],[-118.093256801839,34.1729236063428],[-118.09322412562,34.17279077392],[-118.093143000564,34.1724620000282],[-118.092751411457,34.172130396886],[-118.09245080462,34.1718761036793],[-118.091670015026,34.1717001995314],[-118.091167499253,34.1720189599398],[-118.090548350715,34.1726366874233],[-118.090525181367,34.1726598134592],[-118.090525001704,34.1726600007507],[-118.089726000564,34.172908000257],[-118.089098999852,34.1730140001414],[-118.088190999831,34.1726220006481],[-118.088118982793,34.1725380486699],[-118.087648137125,34.171989369893],[-118.087647998784,34.1719890005097],[-118.087323047603,34.1711494922266],[-118.087152949808,34.1708165973856],[-118.08707999942,34.170673999223],[-118.0868840005,34.1702290002265],[-118.086562506036,34.1698096898969],[-118.08639091524,34.1695859832384],[-118.086107127561,34.1689463676786],[-118.085316527466,34.1682208949475],[-118.084889666009,34.1678822416538],[-118.084780237733,34.1677052640855],[-118.084712999732,34.167596999496],[-118.084411437088,34.1674221076777],[-118.084293654479,34.1673539375133],[-118.084060643173,34.1670861767469],[-118.083711763567,34.1666273473352],[-118.083476871188,34.1661794542385],[-118.083203052113,34.1657412444593],[-118.083107288111,34.1655945615628],[-118.082903001334,34.1652819996739],[-118.082786001158,34.1647829990559],[-118.082666000609,34.1644869999113],[-118.082472001339,34.1641729993628],[-118.082304405351,34.1640463217807],[-118.082172967452,34.1639472017381],[-118.08186597,34.1637894584228],[-118.081852946225,34.1637209307714],[-118.081809999568,34.1634970005955],[-118.081732000649,34.1630750002547],[-118.081709000184,34.1627809998204],[-118.081692000466,34.1623669998697],[-118.081537999582,34.1621279998985],[-118.081538024734,34.1621279746259],[-118.081537993293,34.1621279270539],[-118.081562977238,34.1621024641298],[-118.08171700058,34.1619450005705],[-118.085032172949,34.1618966011311],[-118.085346584197,34.1618920022426],[-118.085346999218,34.1618920000127],[-118.085564999677,34.1628380010389],[-118.085312999781,34.1629089994122],[-118.084759999587,34.1628869997866],[-118.084144001441,34.1628119994316],[-118.08348199967,34.1627130005855],[-118.083022000261,34.1625430007719],[-118.082689081922,34.1624950655005],[-118.082515347746,34.1624702954517],[-118.082291908887,34.1624876665975],[-118.082073519458,34.1625049596923],[-118.082170982175,34.162750823039],[-118.082574386823,34.1630978479415],[-118.082750364092,34.163381392735],[-118.082928324842,34.1635978701511],[-118.083007031634,34.1637395697273],[-118.083043000178,34.1638040010485],[-118.082977043174,34.1640828198276],[-118.083140029906,34.1644407768026],[-118.08354157594,34.1648583685609],[-118.083673999291,34.1649959994958],[-118.083769241372,34.1650912428107],[-118.084090389985,34.1654121316715],[-118.084534360754,34.1657809148381],[-118.084996999414,34.1661649997287],[-118.085490999158,34.1666039996375],[-118.085580443513,34.1666712123289],[-118.086187041688,34.1671267332132],[-118.086617562881,34.1673989341241],[-118.086795000811,34.1675110000264],[-118.087306000274,34.1679389993544],[-118.087756082283,34.1681938841655],[-118.087864472107,34.1682551123582],[-118.08809539483,34.168510373789],[-118.08825000028,34.1686810000419],[-118.08842199981,34.1690649996415],[-118.088600999011,34.1698299990661],[-118.08912313399,34.169555239562],[-118.089192195571,34.1695188494223],[-118.089525649306,34.1696276697251],[-118.09006790565,34.1695145200048],[-118.090561558644,34.169186224639],[-118.090562001514,34.1691860016638],[-118.091173001434,34.1688850032288],[-118.091173043655,34.1688849853907],[-118.091184636413,34.168880178772],[-118.091732728213,34.1686526262771],[-118.092275163321,34.1685296330497],[-118.093031271702,34.1684749234188],[-118.093671228815,34.1685025651357],[-118.09401732005,34.1686530283781],[-118.094347885702,34.1686799921882],[-118.094440853249,34.1685401523561],[-118.09459300001,34.1683110001959],[-118.094988999845,34.1679820007403],[-118.094989070812,34.1679819962808],[-118.094989241492,34.1679818543179],[-118.095167216614,34.1679715393387],[-118.095448999254,34.1679550002875],[-118.095711999918,34.1679140004919],[-118.096368999869,34.1679690011015],[-118.096828000352,34.1680100001272],[-118.097059596812,34.1678486974877],[-118.09714099316,34.1677918014795],[-118.09712599938,34.1673129998602],[-118.096583999056,34.1672439993778],[-118.096477282794,34.1672544118139],[-118.096173661211,34.1672843677216],[-118.095811660813,34.1674074482391],[-118.095498966245,34.1672841610933],[-118.095499056077,34.1672840221024],[-118.095498999483,34.1672840005476],[-118.095522214645,34.1672476993642],[-118.095647615865,34.1670510082209],[-118.095976758585,34.1669416769426],[-118.096321823046,34.1669148359602],[-118.09647098201,34.1666129664861],[-118.096324003257,34.1663519954212],[-118.09632384695,34.1663517159497],[-118.096405952967,34.166215134502],[-118.096520999307,34.1660229994794],[-118.09706299963,34.1659970003396],[-118.097570999618,34.1663550004841],[-118.097946000436,34.1668620005556],[-118.098061000063,34.1672730001906],[-118.097807610474,34.167641041626],[-118.097797995806,34.1676550506679],[-118.09776651794,34.1676873915669],[-118.097451998894,34.1680110005564],[-118.097090000293,34.1683659998036],[-118.096824999979,34.1686799996207],[-118.096447999512,34.1690490004054],[-118.096312013443,34.1691744203327],[-118.096475000175,34.1692419996294],[-118.096310000318,34.1696519999015],[-118.096298412051,34.1696894149202],[-118.096275596639,34.1697649257206],[-118.096429999969,34.1700280000174],[-118.096914000566,34.1703010002182],[-118.097020953085,34.1703192713035],[-118.096969999744,34.1695150001428],[-118.097218001238,34.1693099995513],[-118.097466000037,34.1695150001428],[-118.098292000042,34.1697200002363],[-118.098201410335,34.1702051510936],[-118.09812638484,34.1706086872056],[-118.098046504848,34.1707786588848],[-118.097962101839,34.1709587820686],[-118.098230999943,34.1714900001492],[-118.098230993654,34.1714901212957],[-118.098231094266,34.1714903204814],[-118.098199378346,34.1721167059438],[-118.098130044576,34.1724287765245],[-118.098081999081,34.1726459992284],[-118.097995222723,34.1728710251639],[-118.097878118343,34.1731752646674],[-118.097654283327,34.1735615849376],[-118.097502995355,34.1738230004474],[-118.097724999604,34.1744520002826],[-118.097900948127,34.1749214067453],[-118.098005271278,34.1751991810262],[-118.098231266742,34.1756082739036],[-118.09828605589,34.1757958090421],[-118.098428000484,34.1762800004469],[-118.098292862425,34.1766986543549],[-118.098183109856,34.1770394245262],[-118.098143342337,34.1778329311882],[-118.098154030492,34.1781866056653],[-118.098160999622,34.1784100004333],[-118.098006542394,34.1787494601795],[-118.097807210724,34.1791884748938],[-118.097253004991,34.1795990525843],[-118.096997000406,34.1797890008025],[-118.09670451973,34.1802107771237],[-118.096531042472,34.1804612573729],[-118.096648187277,34.1812528390663],[-118.0966597989,34.1816000071264],[-118.096670000168,34.1819000000765],[-118.096749995144,34.1820495647603],[-118.097092076299,34.1826886470202],[-118.097510375015,34.1831640589494],[-118.097682164338,34.1832987610975],[-118.097846000876,34.1834270000713],[-118.098288224423,34.1836283644508],[-118.098528910935,34.1837378405713],[-118.098719513676,34.1838042050915],[-118.099210999934,34.1839749995788],[-118.09926019078,34.1839904431038],[-118.099943069398,34.1838648727919],[-118.100549866101,34.1841786945561],[-118.100871583347,34.1841157345591],[-118.101051660527,34.1840086317113],[-118.101271694771,34.1838880893839],[-118.101271922045,34.1838880418241],[-118.101272000199,34.1838880002093],[-118.101524999919,34.1838359988094],[-118.101701681467,34.1840313236211],[-118.101743396534,34.1840772684776],[-118.102163084045,34.1843629112069],[-118.10253102051,34.1842519325701],[-118.102615000413,34.1839839995084],[-118.102682239312,34.1838248883985],[-118.102715910864,34.1837450325096],[-118.102715980932,34.1837450414271],[-118.102715999797,34.1837449998122],[-118.102732297931,34.1837475687861],[-118.102900220906,34.1837735669164],[-118.102916381597,34.184126309886],[-118.102832433136,34.1844346932962],[-118.102899168978,34.1846725213767],[-118.103283258949,34.1849245838405],[-118.103383027641,34.1851205355461],[-118.103382995302,34.1851209947881],[-118.103365470968,34.1853727319168],[-118.103265999618,34.185501698955],[-118.103214999564,34.1855679996667],[-118.103016999198,34.1857420000524],[-118.102987708729,34.1859252420534],[-118.102974056134,34.186011384011],[-118.102977661971,34.1860358751755],[-118.103027463672,34.1863708909726],[-118.103044252287,34.1868509071733],[-118.102892260035,34.1872448483968],[-118.10287999354,34.1873679689099],[-118.102858999912,34.1875829996843],[-118.103061914962,34.1879788345848],[-118.1035183795,34.18834457059],[-118.10352832924,34.1883486062672],[-118.103907000574,34.1878960006251],[-118.104733000579,34.1882379999571],[-118.104879545446,34.1886841635001],[-118.104980242098,34.1889896879812],[-118.104976200578,34.1889954237857],[-118.104890999865,34.1891169998628],[-118.104917966391,34.1892062676465],[-118.104920120551,34.1892132978714],[-118.104831185541,34.1895340712334],[-118.105191000339,34.1896730001954],[-118.10553600012,34.189828000021],[-118.105496237092,34.1900010546112],[-118.1054653063,34.1901372587239],[-118.105460254175,34.1904721304241],[-118.105465291927,34.1904747014222],[-118.106053737846,34.1902196431572],[-118.107044658656,34.189672995737],[-118.107099912232,34.1895929811657],[-118.10710718679,34.1894788030551],[-118.107108998692,34.1894489999249],[-118.107193356785,34.1894576663743],[-118.107208692823,34.1894354566919],[-118.107305999233,34.1892190002224],[-118.107355999462,34.1892219992695],[-118.107356093785,34.189222004471],[-118.107374961999,34.1891946794031],[-118.107392667794,34.1892239817911],[-118.10739300017,34.1892239996249],[-118.107723999708,34.1892439994612],[-118.107847999557,34.1894040009532],[-118.107761999343,34.1896499999429],[-118.107734168637,34.1897891531208],[-118.107778431326,34.1898624048402],[-118.107787999282,34.1898780003594],[-118.108200999734,34.190493000091],[-118.109149590131,34.1909346242469],[-118.109521954393,34.1911079433241],[-118.110099990634,34.190902951351],[-118.110512874305,34.1904929666532],[-118.110323554359,34.1899185540458],[-118.110265000372,34.1897410000006],[-118.110794390145,34.1895223567129],[-118.110925757077,34.1894680032484],[-118.110925859485,34.1894680574927],[-118.110925999623,34.1894679995331],[-118.112081991256,34.1900829940807],[-118.112930583891,34.1901298042852],[-118.112868382744,34.1900787266496],[-118.11266934123,34.1899153699996],[-118.112472691929,34.189745431667],[-118.112346000728,34.1896359997539],[-118.112315617909,34.1894200825265],[-118.112298778989,34.1893015037013],[-118.112285017697,34.1891685885731],[-118.112251000294,34.1888439996048],[-118.112187000719,34.1885749992048],[-118.112187074381,34.1885748617351],[-118.112187039347,34.1885747160914],[-118.112213205475,34.1885255516887],[-118.112302000347,34.1883579995635],[-118.112318645231,34.1883401106128],[-118.112081829559,34.1882380482575],[-118.111916676091,34.1877597327029],[-118.112272675743,34.1872196620494],[-118.112411999952,34.1870080002782],[-118.113486000553,34.1870760000026],[-118.11356992476,34.187034573301],[-118.113720503961,34.1869598121309],[-118.113651691214,34.1869337265544],[-118.113567562191,34.1869019993963],[-118.113459663745,34.1868257065895],[-118.113355000133,34.1867520004304],[-118.113338631931,34.1865856746082],[-118.113323907645,34.186437069876],[-118.113324005561,34.1864370535278],[-118.113324000171,34.1864370000247],[-118.113365001077,34.1864300007784],[-118.113325535392,34.1863973007143],[-118.113155324409,34.1862564536168],[-118.113155292968,34.1862562425763],[-118.113155000117,34.1862560010688],[-118.113111192874,34.185964306233],[-118.113072747674,34.1857098065192],[-118.113249966415,34.1856120435645],[-118.11356799967,34.1854359993652],[-118.114166088105,34.1853915072814],[-118.114266838656,34.1853839283243],[-118.114265999629,34.185380999736],[-118.114284972946,34.1850503992878],[-118.11428394707,34.1850334957437],[-118.114282030066,34.1850034435869],[-118.11398109175,34.1849581672922],[-118.113981071089,34.1849580112387],[-118.113981000122,34.184958000092],[-118.113909431344,34.1844244917955],[-118.113815938282,34.1837282104475],[-118.113816002961,34.1837280001439],[-118.114063668485,34.1830449035792],[-118.114168449776,34.1828136892309],[-118.114310999835,34.1824979993536],[-118.114310999835,34.1818830000363],[-118.114724000287,34.1812000000041],[-118.114724245527,34.1812000252711],[-118.114724279663,34.1811999695352],[-118.114828981004,34.1812107993831],[-118.115385000436,34.1812679992085],[-118.115723867419,34.1813929662379],[-118.116128082347,34.1815416229582],[-118.116258903104,34.1817942112589],[-118.11630199978,34.181719999827],[-118.116466360036,34.1815194349721],[-118.116587555344,34.1813712634852],[-118.116669972178,34.1812856139527],[-118.116852000499,34.1810960005467],[-118.117296000015,34.1808330008824],[-118.117471842537,34.1807230988838],[-118.117567724218,34.1805774207537],[-118.117574608907,34.1805162661549],[-118.117583998996,34.1804300004249],[-118.117693998601,34.1802250003369],[-118.117722276668,34.1801145550436],[-118.117746778217,34.1800182882644],[-118.117776961611,34.1798687482195],[-118.117839926326,34.1798060733509],[-118.117895000239,34.1797510001944],[-118.117997577065,34.1797578736581],[-118.118089184563,34.1797636814334],[-118.118203134958,34.1798880227239],[-118.118317030556,34.1800117321492],[-118.1184335681,34.1800659988127],[-118.118452999558,34.1800750006457],[-118.118452990575,34.1800750444918],[-118.118453476563,34.1800752696676],[-118.118451294555,34.180084095372],[-118.118450000083,34.180091000021],[-118.118547999992,34.1801860003833],[-118.118537848131,34.1802063018534],[-118.11853211688,34.1802180704316],[-118.118425222751,34.1803509238618],[-118.118425037698,34.1803509535879],[-118.11842499907,34.1803509996633],[-118.118264998339,34.1803769958677],[-118.118079999289,34.1804310007069],[-118.117985998679,34.1805619996416],[-118.117951998344,34.1807000003246],[-118.117950887128,34.1807205803519],[-118.117944492022,34.1808475160477],[-118.117869219489,34.1809822560793],[-118.117824048603,34.1810544059299],[-118.117727541694,34.1811513433301],[-118.117715000314,34.181164000578],[-118.11767524088,34.1813211622387],[-118.117609411438,34.1815833042824],[-118.117575561121,34.181884568059],[-118.117554999582,34.1820700002898],[-118.117551999209,34.1823469989854],[-118.117631000649,34.1826389998666],[-118.117644000169,34.1829299994848],[-118.117689000375,34.1832069998155],[-118.117717184119,34.1833767224386],[-118.11773504622,34.1834840713199],[-118.117586217835,34.1836763129863],[-118.117424972038,34.1835093501869],[-118.117425032225,34.1835090343591],[-118.117424999886,34.1835090001753],[-118.11747799959,34.1832319993499],[-118.117445813851,34.1831119382028],[-118.117414653989,34.182997018594],[-118.117372167269,34.1827924513004],[-118.117366000335,34.1827629995381],[-118.117317998858,34.1824999998684],[-118.117300912901,34.1823843949993],[-118.117270777118,34.1821821856774],[-118.117271887436,34.1820652590749],[-118.11727299955,34.1819189998987],[-118.117160999397,34.1817090006085],[-118.116879086501,34.1818246784876],[-118.116832171986,34.1818439904453],[-118.116769947483,34.1818930636206],[-118.116531000109,34.1820819989804],[-118.116379075231,34.1824288292184],[-118.116459147462,34.1827060964927],[-118.116514790009,34.1827634952065],[-118.116688000467,34.1829419995394],[-118.116629131172,34.1832841237381],[-118.116800271013,34.1834463116622],[-118.116953848791,34.1835915501111],[-118.117068311226,34.1837809825314],[-118.117201774826,34.1840016270617],[-118.117701849877,34.1842380875399],[-118.117779999713,34.1842749996889],[-118.117872587273,34.1843979253816],[-118.118163000028,34.1844640003103],[-118.118543000868,34.1846939996028],[-118.118748000009,34.1848389995938],[-118.11872399972,34.1842039999673],[-118.118778000146,34.1835769997479],[-118.11900999995,34.1835289991374],[-118.119133999798,34.1838259993654],[-118.119071999874,34.1841649996238],[-118.11904699976,34.1849009996932],[-118.11903900116,34.1852280003626],[-118.119112999882,34.1853069995297],[-118.119254152163,34.185242448635],[-118.119276548061,34.1852321446829],[-118.119276691791,34.1852321417105],[-118.119276999913,34.1852319997766],[-118.119967000375,34.1852179995973],[-118.120328200374,34.1852824368151],[-118.120577881717,34.1853267357482],[-118.120801786802,34.1854646981699],[-118.120801757158,34.1854648497637],[-118.120802000601,34.1854649991283],[-118.120794205021,34.1855046498324],[-118.121130181225,34.1854035530586],[-118.121247888375,34.1853680339878],[-118.121445896827,34.1849584140052],[-118.121577998581,34.184684999749],[-118.121556219825,34.1844672046266],[-118.121495560188,34.183864873535],[-118.121659986919,34.1834566938606],[-118.121743000234,34.1832500008531],[-118.121908000091,34.1829080006188],[-118.12227748076,34.1828573451666],[-118.122403903365,34.1828399105881],[-118.122728367659,34.1827056669626],[-118.122898999054,34.1826350003297],[-118.122899123022,34.1826350166786],[-118.12289936377,34.182634917842],[-118.123061428831,34.1826572690238],[-118.123394999347,34.1827029998636],[-118.123681040001,34.1827295638388],[-118.124138012986,34.1827715789849],[-118.124513201551,34.1828602835032],[-118.12471599982,34.1829080006188],[-118.124862000308,34.1832690003713],[-118.125156000036,34.1832429998561],[-118.125156001833,34.1832432941343],[-118.12515507028,34.1837766694511],[-118.125155001109,34.1837767675432],[-118.125155000211,34.1837770001404],[-118.124778035677,34.184308949013],[-118.124778000642,34.1843090002881],[-118.124597575814,34.1845726177917],[-118.124989946456,34.1849694492125],[-118.125046000431,34.185026000726],[-118.125320144696,34.1851559588598],[-118.125624391506,34.1852998211005],[-118.125864305468,34.1853565433074],[-118.126201999251,34.1854360001083],[-118.126782852609,34.1853256463513],[-118.126880667465,34.1853069675761],[-118.126889684754,34.1851991194156],[-118.126889998266,34.1851213247291],[-118.126760145893,34.185103415771],[-118.12669800134,34.1850950000456],[-118.126318827849,34.1850164131066],[-118.126037274279,34.1849581665491],[-118.126037285957,34.1849580595409],[-118.126037000293,34.1849580008351],[-118.12608602585,34.1845144103128],[-118.126119851013,34.1842065280558],[-118.126532734684,34.1835915501111],[-118.127110770027,34.1833865577052],[-118.127531587618,34.1833430291179],[-118.12777100032,34.1833179998914],[-118.127971583343,34.1832351717584],[-118.127827732523,34.1829957768255],[-118.127596000417,34.1828019997866],[-118.127246933064,34.1827806288328],[-118.126812187094,34.1827542320782],[-118.126085869543,34.1826834391535],[-118.12570856275,34.1824663336935],[-118.125128001345,34.1824670701389],[-118.125128048058,34.1824670002843],[-118.125128000447,34.1824669995411],[-118.125331999763,34.1821499989602],[-118.125921633254,34.1821296957284],[-118.125706999682,34.1819520004404],[-118.125451836819,34.1817827156328],[-118.125294085468,34.1816782858722],[-118.12529408457,34.1816780562418],[-118.125294000128,34.1816780005062],[-118.125294000128,34.1814049999526],[-118.125294083671,34.1814049746857],[-118.126532734684,34.1811999702783],[-118.12653276882,34.1812000386476],[-118.126533000585,34.1812000000041],[-118.126945999241,34.1820199997817],[-118.126946000139,34.1822929998316],[-118.127337607212,34.1823929001712],[-118.127275921698,34.1816782866153],[-118.127276013327,34.1816781365009],[-118.127276001649,34.1816779990199],[-118.127606003158,34.181132000745],[-118.127785791979,34.1805868297784],[-118.127853959736,34.1803799989449],[-118.128101689939,34.1799700151203],[-118.128679724383,34.1799016834222],[-118.128808743119,34.1799417187232],[-118.128868002283,34.1799600010981],[-118.128892000776,34.1798510001545],[-118.128968999871,34.1796099993136],[-118.128837659888,34.179525013864],[-118.12867972618,34.1794233674172],[-118.128431995977,34.1786033973968],[-118.128432112758,34.1786033706428],[-118.128432000469,34.1786029990589],[-118.128782676704,34.1785204880889],[-118.12901003132,34.1784667347043],[-118.129488818095,34.1785162594608],[-118.129670734126,34.1785349731822],[-118.129821667264,34.1783788556871],[-118.130001000639,34.178192999911],[-118.130267652954,34.1782375507858],[-118.130413833106,34.1782617432231],[-118.130578986574,34.1784667347043],[-118.1305789192,34.1784669019173],[-118.130579000049,34.1784670000156],[-118.130413999294,34.1788770000616],[-118.130369092513,34.1789757956449],[-118.130711944423,34.1791079792117],[-118.130712000118,34.179107998534],[-118.131324999688,34.1792530006944],[-118.131555999667,34.1796690008967],[-118.131232999627,34.1798650012244],[-118.13123266186,34.1798649529193],[-118.131232632216,34.1798649722413],[-118.130882822854,34.1798162508859],[-118.130725523356,34.1798001845743],[-118.130414999119,34.1797689994676],[-118.129886999938,34.1800159993464],[-118.129818244682,34.1801066761211],[-118.129918374497,34.1801066776074],[-118.130496410738,34.1803116690651],[-118.131322176283,34.1803116690651],[-118.132065365993,34.1801066761211],[-118.132638880114,34.1798693903067],[-118.132891001282,34.1797650005378],[-118.13289103991,34.1797650607335],[-118.132891131538,34.1797650228325],[-118.1332191855,34.1802626975251],[-118.133255460369,34.1802033768012],[-118.133304002632,34.1801233673671],[-118.133304009819,34.1796969934336],[-118.133304013412,34.1796966909683],[-118.133409652594,34.1796092762201],[-118.13363399965,34.179423000296],[-118.133600576932,34.1793675203804],[-118.133386591044,34.1790133819167],[-118.133513368484,34.1788455322108],[-118.133799000405,34.1784670000156],[-118.13379922678,34.1784670616986],[-118.133799473817,34.1784667347043],[-118.134041027204,34.1785333627366],[-118.134294999799,34.1786030005453],[-118.134543000395,34.1792179999907],[-118.134743177379,34.1792598556195],[-118.134872970463,34.1792867060528],[-118.134872856377,34.1792869698752],[-118.134873000107,34.1792869996017],[-118.134775813173,34.1795118160932],[-118.134608424697,34.1798996471742],[-118.134837004614,34.1801725738245],[-118.135048566847,34.180242538754],[-118.135120699767,34.1797650220893],[-118.135217072828,34.1796055262409],[-118.135367999677,34.1793550003478],[-118.135781000129,34.1793550003478],[-118.135781013603,34.1793550360196],[-118.135781313641,34.1793550360196],[-118.135976251651,34.1798927321053],[-118.136028999826,34.1800380004529],[-118.136028999826,34.1800382241425],[-118.136029043843,34.18003834602],[-118.136029042945,34.1805849927112],[-118.136359348085,34.1809949772631],[-118.137019961958,34.1813366315163],[-118.137027220346,34.1813666641714],[-118.137102999528,34.1816779997631],[-118.137023108757,34.1817768760414],[-118.136800361601,34.1820533562466],[-118.136813154509,34.1821138966434],[-118.136786569766,34.1821635567394],[-118.136628999875,34.1824590004507],[-118.136086000625,34.1828789999767],[-118.136085728436,34.1828790334175],[-118.13608561435,34.18287912185],[-118.135669982733,34.1829303613889],[-118.135497565487,34.1826130511766],[-118.135562876601,34.1824773082898],[-118.135650999534,34.1822929990884],[-118.135390283286,34.1820003214975],[-118.1352745147,34.1819253537321],[-118.135126999652,34.1818300001077],[-118.135010736095,34.1819090225216],[-118.134615190807,34.1821780813366],[-118.134422906421,34.1822351705221],[-118.134111000574,34.1823279992596],[-118.13351200035,34.1823849991675],[-118.132836000132,34.1823879992007],[-118.132655266283,34.182767629244],[-118.132627110387,34.1828268433836],[-118.13252677396,34.1830490324011],[-118.132417999657,34.1832900003814],[-118.132237999732,34.1838249998668],[-118.13223770778,34.1838248891416],[-118.132237546981,34.1838253669689],[-118.131989855406,34.1837314177641],[-118.132809000368,34.1841379991468],[-118.133221000097,34.1841379998899],[-118.133469000692,34.1837279994007],[-118.134047000102,34.1837279994007],[-118.134047020763,34.1837282104475],[-118.134047205816,34.1837282097044],[-118.134083325277,34.1840868859286],[-118.134129999943,34.1845479998726],[-118.13418670879,34.1848308186656],[-118.134287329983,34.1853304000157],[-118.13430227256,34.1853731933869],[-118.134873000107,34.1857779997543],[-118.135285999661,34.1862560003257],[-118.135285860422,34.1862564565892],[-118.135120999805,34.1868029998264],[-118.135120701564,34.1868031038597],[-118.135063999903,34.1868230002367],[-118.135114407967,34.186936799249],[-118.135130132078,34.1869720479161],[-118.135209431758,34.1873094824715],[-118.135242086417,34.1874018716606],[-118.135266000468,34.1874690001666],[-118.13537330872,34.187439509167],[-118.135698736906,34.1873497468445],[-118.135698925553,34.1873500203018],[-118.135699000113,34.1873500002384],[-118.136028999826,34.1878280000755],[-118.136442000278,34.1882380007002],[-118.136441999379,34.1882948257059],[-118.136466842288,34.1882948197612],[-118.136466998595,34.1882950010733],[-118.136888000341,34.1887980001276],[-118.137014094163,34.1890757175771],[-118.137019405003,34.1890597830672],[-118.13701996106,34.1890580175197],[-118.137019998789,34.1890580041444],[-118.137515419668,34.1889896872381],[-118.137723517997,34.1892479815941],[-118.137729837645,34.1892558121061],[-118.13804218187,34.1890446377006],[-118.137952349443,34.18900485565],[-118.137763150769,34.1889213576442],[-118.137267692161,34.1886480335135],[-118.137418777114,34.1883354797265],[-118.137432999241,34.1883060001761],[-118.137744094807,34.1882205278504],[-118.137928304238,34.1881697173116],[-118.138670999874,34.1887159999634],[-118.138869638942,34.1886343831485],[-118.139001799985,34.1885797028997],[-118.139054870656,34.1886284972174],[-118.139134673392,34.1887017001586],[-118.139335688505,34.1885835119265],[-118.139610998783,34.1883189513541],[-118.139861820089,34.1878850415954],[-118.139943126605,34.1876900385469],[-118.140052999548,34.1874259997935],[-118.140342000151,34.187177999115],[-118.140322999884,34.1871449998747],[-118.140323031325,34.1871447665436],[-118.140336354239,34.1870675398884],[-118.140487999741,34.1861879999402],[-118.141084481988,34.1863251896158],[-118.141974557026,34.1865297773234],[-118.142681911142,34.1867248848584],[-118.142788560031,34.1866180379763],[-118.142964999932,34.1865917085582],[-118.142964999932,34.1860509995324],[-118.143064714725,34.1858461669256],[-118.143130628609,34.1857098057761],[-118.143130961884,34.1857100807249],[-118.143131000512,34.1857100004696],[-118.143176711285,34.1857479382022],[-118.143378225861,34.185914688502],[-118.143626000081,34.1855730000287],[-118.144039000533,34.1857780012405],[-118.144038999635,34.1862560003257],[-118.144038972685,34.1862561593491],[-118.144038972685,34.1862564543599],[-118.143956395951,34.186734769522],[-118.143873776098,34.1868487143],[-118.143815001125,34.1869299991935],[-118.143809737896,34.1869436297708],[-118.143754557083,34.1870878166666],[-118.14451130776,34.1872756792578],[-118.145360000108,34.1874859998242],[-118.14590621353,34.1877374200274],[-118.146103387447,34.1878280632379],[-118.146690999728,34.1879250002855],[-118.146710145522,34.1878691172637],[-118.146727668958,34.1878171584447],[-118.146728000437,34.1878170016534],[-118.147254933318,34.1875707060268],[-118.147549526832,34.1875908385249],[-118.147641000481,34.1875970002141],[-118.147761013606,34.187578331602],[-118.148136033288,34.1875196587942],[-118.14835749226,34.1873312386852],[-118.148427000303,34.1872720002131],[-118.148427383884,34.1872717757995],[-118.148808889402,34.1870490606479],[-118.148808998996,34.1870490004573],[-118.149208940639,34.1874389421896],[-118.149259738572,34.187363278523],[-118.149406001368,34.1871450006177],[-118.149406332846,34.1871449307671],[-118.149406451424,34.1871447546542],[-118.14950193605,34.1871250017699],[-118.149737000906,34.1870760007457],[-118.149901999864,34.1872130009748],[-118.149730044352,34.1877468616924],[-118.150020795772,34.1877865752294],[-118.150432719144,34.187637737797],[-118.150621421947,34.1874395559817],[-118.150902999771,34.1871430009561],[-118.151070030719,34.1868916072186],[-118.151197786423,34.1866985629046],[-118.151183165444,34.1865667152211],[-118.151137000123,34.1861549995694],[-118.150987999262,34.1854630001699],[-118.151107524602,34.1853743630388],[-118.15125462912,34.1852650718469],[-118.151259640821,34.1852621759513],[-118.151277998792,34.1852510003347],[-118.151208158372,34.1850669669424],[-118.151140560147,34.1848898351754],[-118.151212548438,34.184711126149],[-118.151222999438,34.184684999749],[-118.1512230731,34.1846850004921],[-118.151223136881,34.1846848429519],[-118.151636019653,34.1846848429519],[-118.151713797587,34.1848135628421],[-118.151727999952,34.1847699993217],[-118.152260999156,34.1844720006969],[-118.152409000192,34.1840029988614],[-118.152424996493,34.1837910339993],[-118.152410103323,34.1837769503512],[-118.1522139993,34.1835919997009],[-118.152214125963,34.1835916147629],[-118.152214055894,34.1835915501111],[-118.152461785198,34.1828399105881],[-118.153948164617,34.1829765728852],[-118.154116389425,34.1826517646455],[-118.154195999922,34.1824980008398],[-118.154382966282,34.1824360108644],[-118.154370874959,34.1822750806122],[-118.1544932255,34.181918582255],[-118.154513923583,34.1818582341909],[-118.154455776533,34.1817800425595],[-118.154278000836,34.1815420004742],[-118.154355973705,34.1811568322003],[-118.154443625022,34.1807216527159],[-118.155351967301,34.1805166615111],[-118.155472440364,34.1806495806114],[-118.155600000236,34.1807900000992],[-118.155600000236,34.181062000139],[-118.155664772361,34.1810585303903],[-118.155711751556,34.1810558736433],[-118.155711821624,34.1810560103822],[-118.155712000389,34.1810560007213],[-118.155829924931,34.1812858896591],[-118.155890108462,34.1814030306237],[-118.155741061787,34.1818241538313],[-118.155733884248,34.181906545641],[-118.155711000564,34.1821720002533],[-118.155888999941,34.1825450002939],[-118.156185999144,34.1829170006622],[-118.156155000978,34.183316000139],[-118.155827000017,34.1834400003016],[-118.155680041925,34.1828421704473],[-118.155445177394,34.1826459199123],[-118.155382999603,34.1825940009776],[-118.155055336408,34.1828177712469],[-118.15505499954,34.183107182184],[-118.155055000438,34.1832639998727],[-118.155090257516,34.1834434900167],[-118.155143334475,34.1837116492181],[-118.155172168599,34.184208502521],[-118.155145379041,34.1844290671628],[-118.155112000339,34.1847049999184],[-118.15508842136,34.1847197314068],[-118.155186812935,34.1848215059758],[-118.155186812036,34.1848218061934],[-118.155187000683,34.1848219994028],[-118.155186999784,34.1852310002947],[-118.155186813833,34.1852310575141],[-118.155186813833,34.1852314907468],[-118.154972830641,34.1852978905043],[-118.154822351153,34.1853448898846],[-118.155081000377,34.1855970001274],[-118.155052530071,34.1856284914687],[-118.15490233984,34.1857951468873],[-118.154545980862,34.1857954396703],[-118.154347385811,34.1856311592183],[-118.154248999626,34.1855499994012],[-118.154027378059,34.185411414395],[-118.153862250642,34.1853083386113],[-118.153559804953,34.1853209781441],[-118.153209999185,34.1853360008233],[-118.152895790957,34.1854813370813],[-118.152676314566,34.1855832065922],[-118.152528240766,34.1860523281989],[-118.15253685022,34.1860656170911],[-118.15273600043,34.1863719996766],[-118.152953092692,34.1864507778152],[-118.153204975806,34.1859147984813],[-118.153555533464,34.1859562391088],[-118.153783000369,34.1859829997248],[-118.153825804194,34.1860893614227],[-118.15394816282,34.1863931148377],[-118.153913949584,34.1865063608219],[-118.153866001108,34.1866659989313],[-118.154031000066,34.1870080002782],[-118.153987208992,34.1871161589679],[-118.153948164617,34.1872130849443],[-118.153635479033,34.1872130849443],[-118.153605219283,34.1872981763421],[-118.153505444302,34.1875804092777],[-118.15312048027,34.1877784057334],[-118.153120070639,34.1877779635967],[-118.15312000057,34.1877780007511],[-118.153076478093,34.1877307887172],[-118.15282450874,34.1874581191058],[-118.152469317572,34.1873352320548],[-118.15233926757,34.1874850717055],[-118.152232999567,34.1876080001511],[-118.152238000488,34.1876455454228],[-118.152292386292,34.1880514399069],[-118.152197574504,34.1883047302487],[-118.152178453863,34.1883561069345],[-118.152668756142,34.188472451159],[-118.153122399072,34.1885797028997],[-118.153324407721,34.1885518433492],[-118.153617999614,34.1885110006904],[-118.154039600536,34.1884241256353],[-118.154278034972,34.1883747998961],[-118.154361001575,34.1878960006251],[-118.154526000534,34.187280999791],[-118.155269000698,34.187280999791],[-118.155571142756,34.1873230319906],[-118.155764850074,34.1873497461014],[-118.155764986618,34.1873499980091],[-118.155805998304,34.1874310000454],[-118.155828965531,34.1874160453604],[-118.155849039284,34.1874026712256],[-118.156058598274,34.1873898997347],[-118.156264998786,34.1873769989442],[-118.156387035816,34.1874188891658],[-118.15651751162,34.1870249049127],[-118.156590615619,34.1868030994011],[-118.156651703753,34.1866008999277],[-118.156673000114,34.1865300002527],[-118.156673105217,34.1865300619298],[-118.156673190557,34.1865297765803],[-118.156980605725,34.1867114771746],[-118.157250999524,34.1868709997161],[-118.157250999524,34.1868712954678],[-118.157251228594,34.1868714307111],[-118.157251229492,34.187281016882],[-118.157836278881,34.1873254277154],[-118.15814167284,34.1873484003643],[-118.158114796145,34.1872947417752],[-118.1580879994,34.1872419993839],[-118.158127000656,34.1870339996329],[-118.158162075376,34.1868771956403],[-118.158178070778,34.1868055129749],[-118.158253814927,34.1867884306966],[-118.158215282591,34.1867804587674],[-118.157993999689,34.1867349998818],[-118.157993999689,34.1865979996194],[-118.157993999689,34.186187999197],[-118.158571999997,34.1859829989817],[-118.158571776316,34.185983370533],[-118.158572453646,34.1859831290246],[-118.158407301076,34.1862564536168],[-118.15835901124,34.186576125064],[-118.158329751314,34.1867713053153],[-118.158424370863,34.1867499650908],[-118.158454998923,34.1867429993099],[-118.158455035754,34.1867430505835],[-118.158455407656,34.1867429651275],[-118.158522523486,34.1868370514232],[-118.158566999974,34.1868990002667],[-118.158499985654,34.1870089269159],[-118.158453364887,34.1870859775117],[-118.158477439737,34.1872625020199],[-118.158476975308,34.1872628089167],[-118.158477000461,34.1872629998911],[-118.15828900014,34.1873870001966],[-118.158288676746,34.1873869511526],[-118.158288529422,34.1873870477543],[-118.158197628899,34.1873733726633],[-118.158489876912,34.1875547385366],[-118.158819997897,34.1871449991316],[-118.158820191035,34.1871447591127],[-118.158834303568,34.1871272273321],[-118.159150000305,34.1867349991387],[-118.159150305732,34.1867349991387],[-118.159150489887,34.1867347702652],[-118.159398219191,34.186734769522],[-118.159563373558,34.1874180777116],[-118.159427462049,34.1878117019605],[-118.159680000933,34.1880410003135],[-118.159230999598,34.1886100004849],[-118.159168168732,34.1887287519334],[-118.158931248855,34.1891773984647],[-118.15891913687,34.1893656613765],[-118.15890000006,34.1896699996782],[-118.158750000272,34.1899910001679],[-118.15839200097,34.1903360004155],[-118.158242147608,34.1903205424479],[-118.158242147608,34.1904929666532],[-118.158103865444,34.1908362439207],[-118.158077000428,34.1909030003929],[-118.158041101952,34.1909623522321],[-118.158002031525,34.1910270116943],[-118.158063000184,34.1910490010123],[-118.158149597777,34.191132216036],[-118.158447486312,34.1914180689368],[-118.158149387571,34.191860293835],[-118.158000467559,34.1922041518019],[-118.158048535511,34.1924748057916],[-118.158088000298,34.1926950003304],[-118.1584420003,34.1930880003186],[-118.158765999267,34.1933820014264],[-118.158765981301,34.1933821366593],[-118.158766222049,34.1933823565983],[-118.158705220153,34.1938480517958],[-118.158559743383,34.1939683034815],[-118.158379000551,34.1941179998314],[-118.158170999241,34.1945090003882],[-118.158222497859,34.1948167959995],[-118.158257268949,34.1950229576365],[-118.158390652599,34.195185682484],[-118.158698998422,34.1955609996638],[-118.158770922933,34.1958189335926],[-118.158815340133,34.1959771319455],[-118.15877904011,34.1961252859488],[-118.158725999983,34.1963439997931],[-118.158399999569,34.1963679997989],[-118.158245308779,34.1964043322922],[-118.157987061101,34.1964652755026],[-118.158103999293,34.1969789994114],[-118.158107321263,34.1969868306916],[-118.158242000284,34.1969159999309],[-118.158350893164,34.196898071187],[-118.158655031279,34.1968477354566],[-118.158819998796,34.1971890000641],[-118.15882018295,34.1971893901411],[-118.15882018295,34.1973560985019],[-118.159000999444,34.197453999416],[-118.159038999977,34.1976490006922],[-118.158966000182,34.1977480001617],[-118.159021699323,34.1978411610356],[-118.159079392724,34.1979368569134],[-118.158753411175,34.1984497679381],[-118.158789114716,34.1985090201057],[-118.158940999169,34.198535000312],[-118.159251000588,34.1987260003142],[-118.159243999118,34.1990150000317],[-118.159412000246,34.1993000000118],[-118.159319104564,34.1994328516208],[-118.15934742575,34.1994845157487],[-118.159495043206,34.1998473376665],[-118.159528000597,34.1999280007882],[-118.159616858352,34.200148594904],[-118.159700292079,34.200355406239],[-118.159645496643,34.2006576453577],[-118.159644999874,34.2006579923262],[-118.15924700039,34.2009340005199],[-118.159071000662,34.2014280004173],[-118.158851000554,34.2016840002932],[-118.158390000422,34.2017560001878],[-118.158389779436,34.2017558151899],[-118.158389548569,34.2017558523381],[-118.158232747637,34.2016244806607],[-118.158059999811,34.2014800006291],[-118.158037999171,34.2012790005756],[-118.157906000723,34.2009489996148],[-118.157860496563,34.2008293834669],[-118.157773554016,34.2006023361763],[-118.157666079576,34.2002319874352],[-118.157640999511,34.2001460004254],[-118.157565018208,34.2000034481197],[-118.157422757406,34.1997372665245],[-118.157266481089,34.1994658289645],[-118.157179999379,34.1993159994555],[-118.156981000085,34.1989519998435],[-118.156690345684,34.1987895943201],[-118.156495968222,34.1986813421245],[-118.156100027676,34.1987042232643],[-118.156166000849,34.1992169995982],[-118.156319999038,34.1995449997981],[-118.1564079998,34.2002560004509],[-118.156364000317,34.2006599998401],[-118.15641984768,34.2009043975826],[-118.15647341961,34.201136780064],[-118.156407488659,34.2016294198906],[-118.156693482601,34.2019218525423],[-118.15702340955,34.2021778486896],[-118.15699703681,34.2023078138267],[-118.156978999537,34.2023980000591],[-118.156978724653,34.202398056524],[-118.156961954903,34.2024010172115],[-118.156560999961,34.2024719986422],[-118.15594611842,34.2023450211943],[-118.155906320358,34.2023965631784],[-118.155749000199,34.2026009997116],[-118.155727000458,34.2030010004363],[-118.155726846846,34.2030014551233],[-118.155573999399,34.2034569997793],[-118.155314999831,34.2038919995518],[-118.155155509342,34.2039684314514],[-118.154905797456,34.2040884473064],[-118.154540240627,34.2042490120139],[-118.154393278044,34.2045521769912],[-118.154689184895,34.2048999267042],[-118.155137166642,34.2052018285827],[-118.155617528164,34.2050046063128],[-118.155733037136,34.2047648979895],[-118.155836000238,34.2045500001798],[-118.156165000126,34.204059000009],[-118.156296999472,34.2038579994181],[-118.15680299981,34.2036029987218],[-118.157263000118,34.2037119994314],[-118.157447850945,34.2037349809895],[-118.157581533734,34.2029975137593],[-118.157911841569,34.2023825353872],[-118.158407301076,34.2022458748162],[-118.158602401681,34.2024880398326],[-118.158737999678,34.202656000741],[-118.158797830171,34.2028551906474],[-118.158820185645,34.2029291821426],[-118.158743489283,34.2033099641688],[-118.158863092776,34.2035479819654],[-118.159322516366,34.2034570926479],[-118.15943735789,34.203325674587],[-118.159478000368,34.203279000981],[-118.159233000146,34.2027930001775],[-118.159233107045,34.2027926012109],[-118.159233066621,34.2027925217147],[-118.159297793831,34.2025515002404],[-118.159398000002,34.2021780002535],[-118.159398090732,34.2021780195704],[-118.159398219191,34.2021775433331],[-118.159728526128,34.2022458740732],[-118.159840932319,34.2022613766611],[-118.160224000008,34.2023139997013],[-118.16058279342,34.2026111128308],[-118.160636868407,34.2026558595795],[-118.160636865712,34.2026558900407],[-118.160636998663,34.2026559999981],[-118.160615051024,34.2028544462075],[-118.160589200205,34.2030897572307],[-118.160901998977,34.202710000231],[-118.160935458526,34.2026443534235],[-118.161059601207,34.2023996769153],[-118.161138529883,34.2021044345584],[-118.16092251021,34.2018105619344],[-118.16093163889,34.2016967458444],[-118.160931980249,34.2016923474964],[-118.160833733303,34.2016458906748],[-118.160802000316,34.2016310009196],[-118.160802023672,34.2016308961615],[-118.16088459861,34.2012892416438],[-118.160884965122,34.2012891398573],[-118.160884999258,34.2012890001793],[-118.161005961903,34.2012557672248],[-118.161380059015,34.2011525807864],[-118.161508404014,34.2013649886588],[-118.161600594519,34.2013731590675],[-118.16176899899,34.2013879998324],[-118.161769043008,34.2013880897314],[-118.161769458928,34.2013881261368],[-118.161849204172,34.2015528655098],[-118.161966999357,34.2017950005695],[-118.161897998862,34.2022620000039],[-118.161988008256,34.2025341217399],[-118.162027052632,34.2026517138865],[-118.162069984018,34.2029647859434],[-118.162070000187,34.2029649999138],[-118.161584972816,34.2030730029209],[-118.161576415465,34.2030749085929],[-118.161575999545,34.2030750007189],[-118.161317902784,34.2030086587921],[-118.161292202882,34.203002072517],[-118.16119679012,34.2030472789456],[-118.160984999716,34.2031480001811],[-118.16099899996,34.2036930000608],[-118.16105714162,34.2039033183154],[-118.161114322082,34.2041089131572],[-118.161064274243,34.2043973884797],[-118.160884226707,34.2046671222063],[-118.160708933954,34.2046933538568],[-118.160419000001,34.2047369992099],[-118.159973589232,34.2047369999528],[-118.159942500337,34.2047370192692],[-118.159471196528,34.2047394939936],[-118.159014362782,34.2047407124108],[-118.158671000629,34.2047419999212],[-118.158141467126,34.2049717975532],[-118.158308390275,34.2055061349891],[-118.158355446725,34.2055482190251],[-118.158543999509,34.2057159999908],[-118.158718056181,34.205596178129],[-118.15882018295,34.205525754298],[-118.159197430454,34.2057754885032],[-118.159232998349,34.2057989999493],[-118.159232999248,34.2057990341239],[-118.159233066621,34.2057990786996],[-118.159233067519,34.2062090640118],[-118.159205258373,34.2062228697748],[-118.159179103025,34.2062359474698],[-118.159265984486,34.2064966183531],[-118.159265953045,34.2064968590598],[-118.159265999758,34.206496999472],[-118.159231890726,34.2067531823137],[-118.159219044818,34.2068498539286],[-118.15921901697,34.2068498754732],[-118.159218999902,34.2068499995406],[-118.158928167634,34.2070674983817],[-118.15887011311,34.2071109248311],[-118.158869999923,34.2071110006085],[-118.158392999897,34.2071569997537],[-118.158003999734,34.2074330007839],[-118.15782418576,34.2075467690116],[-118.157533017522,34.2077311418892],[-118.157424391442,34.2077572700644],[-118.157040999461,34.2078500001335],[-118.156767542408,34.2079769626028],[-118.157003497493,34.2082589903759],[-118.15700349929,34.2088693496056],[-118.157251999349,34.2090099999534],[-118.157252112536,34.2090102153943],[-118.157252477252,34.2090104211775],[-118.157450885454,34.2093881632875],[-118.157464899173,34.2094148184052],[-118.157464999784,34.2094150011577],[-118.157442999144,34.2098170006155],[-118.157346147282,34.2098493936981],[-118.15735543676,34.2098742122407],[-118.157416381164,34.2100355912783],[-118.157498945322,34.2106505710171],[-118.157499000119,34.2106510011476],[-118.156466053425,34.2107729939598],[-118.15673896071,34.21123893408],[-118.156784431633,34.2112633577442],[-118.157098999188,34.2114320002152],[-118.157159694758,34.211427188592],[-118.157490103205,34.2114006982868],[-118.157597935175,34.2110857973878],[-118.157627975736,34.2109978580119],[-118.157628332367,34.2109568479336],[-118.157631000364,34.2106270007506],[-118.157862131496,34.2105229580925],[-118.157981796974,34.2104688068587],[-118.15856145647,34.2105398424123],[-118.159079818525,34.2106465950951],[-118.159341010881,34.2105775825098],[-118.159550000338,34.2105220005119],[-118.159812000279,34.2101670003634],[-118.159861905286,34.2099534045005],[-118.159622647994,34.2096210854952],[-118.159606000415,34.209598000051],[-118.159393588376,34.2094489789916],[-118.159223725939,34.2093299907666],[-118.159211874465,34.2090070194397],[-118.159231117277,34.2090016928484],[-118.159563000757,34.208909550938],[-118.15956299896,34.208601000726],[-118.159563374456,34.2086007941989],[-118.159563373558,34.2086006441324],[-118.159660994378,34.2085467903108],[-118.159891431113,34.2084193153526],[-118.159756999129,34.2082730001022],[-118.159810999556,34.2079459989006],[-118.160399999735,34.2081049998683],[-118.160566940851,34.2082221325561],[-118.160705193369,34.2083188686048],[-118.160810131866,34.2082478816968],[-118.160942983713,34.2081576326327],[-118.160928000713,34.2078139994533],[-118.160945279807,34.2076763135551],[-118.160959513613,34.2075592893168],[-118.160959988822,34.207559092445],[-118.1609600005,34.2075590003239],[-118.161229999938,34.2074469995039],[-118.161230085278,34.2074470284775],[-118.161230494012,34.2074468598361],[-118.161503417466,34.20754122094],[-118.161851000803,34.2076609999196],[-118.161839413434,34.2078878447],[-118.1618254078,34.2081699552339],[-118.161784364673,34.2082975888083],[-118.161732000977,34.2084620004296],[-118.161779458973,34.2085659906571],[-118.161936387467,34.2089087456337],[-118.161968594765,34.2093084549259],[-118.161983000149,34.2094850005174],[-118.161982837554,34.2094852152142],[-118.161982857317,34.2094854544266],[-118.161859566239,34.2096476952227],[-118.161634001068,34.2099450009127],[-118.161482952946,34.2100424853034],[-118.161211241318,34.2102184773906],[-118.160949473143,34.2103240426024],[-118.160808999989,34.2103810005587],[-118.160601941909,34.2104794791705],[-118.160399237065,34.2105761918274],[-118.16021640565,34.210984280353],[-118.160018291198,34.2114490217853],[-118.159738148881,34.2117461012294],[-118.159130158317,34.21201945226],[-118.158606164724,34.2121370222592],[-118.158557069098,34.2121382271978],[-118.158007999932,34.2121519993032],[-118.157617462752,34.2122087443057],[-118.157539958805,34.2122200723526],[-118.157459809318,34.2123631084074],[-118.157345473546,34.2125676596841],[-118.157304961323,34.2126040713683],[-118.157021999195,34.2128589995181],[-118.156809144287,34.2134146219181],[-118.156945072864,34.2136129269116],[-118.157099999013,34.2134589996727],[-118.157542999602,34.2132259996718],[-118.157627402611,34.2132161574854],[-118.157825542217,34.2131927632521],[-118.157825574556,34.2131930485115],[-118.157826000357,34.2131929994825],[-118.15786600054,34.2135589997783],[-118.157806999192,34.2138770002913],[-118.158007000107,34.2141809997765],[-118.157737000669,34.2144729988848],[-118.157171000954,34.2146260001657],[-118.156841605808,34.2148112838882],[-118.156802998013,34.2148330359772],[-118.156787394277,34.2150654016007],[-118.156775346072,34.2152504050473],[-118.156879941413,34.2155836482342],[-118.156879906378,34.2155837032045],[-118.156879999803,34.2155840003412],[-118.156733999315,34.2158219998185],[-118.156346999701,34.2159950003118],[-118.156323292262,34.2159917853083],[-118.156323201532,34.2159917734229],[-118.156310996122,34.2159901599784],[-118.156309999891,34.2160249998246],[-118.156220000377,34.2162700007687],[-118.156053999798,34.2163859996846],[-118.155779999263,34.2164880004822],[-118.155638668218,34.2165300760631],[-118.155671999308,34.2167580000747],[-118.155671591473,34.216758241495],[-118.155671622015,34.2167584517162],[-118.155258001726,34.2170021617189],[-118.155258754514,34.2170512515758],[-118.155262393589,34.2172631239172],[-118.155424961706,34.2173860914013],[-118.155777000686,34.2176520003581],[-118.156207000857,34.218138999996],[-118.156499000036,34.2190570007131],[-118.155671648067,34.2198989818434],[-118.155311461367,34.2202658755682],[-118.155311000531,34.2202659988731],[-118.153831772601,34.2206602742154],[-118.153010467191,34.2206283265103],[-118.152586999569,34.2206119998245],[-118.151652250414,34.2203450721752],[-118.151467171414,34.2204512241392],[-118.150956001271,34.2207449998271],[-118.150814638785,34.2207565057403],[-118.150783537313,34.2207591285534],[-118.150220519107,34.2207570851212],[-118.150084148559,34.2207812616467],[-118.149658590558,34.2210299664427],[-118.149515000249,34.2211140001423],[-118.149356000241,34.2211300006448],[-118.148722999681,34.2207299997982],[-118.148688429814,34.2207100326861],[-118.148637433353,34.2207399228145],[-118.148637261775,34.2207398463065],[-118.148636999467,34.2207400000653],[-118.148337900003,34.2206061480661],[-118.148290403379,34.2205961136144],[-118.147967688105,34.2205282686857],[-118.147896066326,34.2205916412301],[-118.147517168617,34.2209269661428],[-118.147309099933,34.2211120829935],[-118.147299284042,34.2211127477933],[-118.147257001239,34.2211159989982],[-118.147108274364,34.2210379485038],[-118.147015094815,34.2209894514911],[-118.147015013068,34.2209890073003],[-118.146941022432,34.2205601317498],[-118.145883837394,34.219887002647],[-118.144699999784,34.2199100005929],[-118.143723999991,34.2183809997545],[-118.143278999752,34.2181999995463],[-118.143103194959,34.218063448561],[-118.142858170482,34.2178732530257],[-118.142585891119,34.2176380285892],[-118.142455147618,34.217525128233],[-118.142437567588,34.2175133336625],[-118.142070999256,34.2172679998332],[-118.141492000022,34.2170999997031],[-118.140693000679,34.2172090000423],[-118.139642000542,34.2173970005413],[-118.139299886149,34.2174048120968],[-118.138765544862,34.217417409677],[-118.137968807477,34.2174982134634],[-118.137797202308,34.2175576802882],[-118.137280999804,34.2177370008683],[-118.136658000188,34.2179830003849],[-118.136350482611,34.2180249734528],[-118.135940242682,34.2180814314859],[-118.135603031294,34.2179382565738],[-118.135363999479,34.2178370003538],[-118.134912998494,34.2175560000195],[-118.134524999953,34.2173170011389],[-118.134003000619,34.2171800007972],[-118.133704999795,34.2172010012762],[-118.133110000667,34.217395999955],[-118.132859357228,34.2175865612942],[-118.132697078368,34.2177103134702],[-118.132764708933,34.2179835069885],[-118.132773003976,34.2180169985343],[-118.13290203439,34.2180046120048],[-118.133023210834,34.2179925939125],[-118.133789462991,34.2184259104642],[-118.133904957591,34.2187441020828],[-118.134046001175,34.2188079996527],[-118.134153561854,34.2188240139637],[-118.134233081622,34.2186925678673],[-118.134515385284,34.2187259001691],[-118.13491867405,34.218659237038],[-118.135200976814,34.2185925723686],[-118.135241305781,34.2187592324576],[-118.135039661847,34.2188592292442],[-118.134968232307,34.219233564507],[-118.134968544023,34.2192373981472],[-118.135179999356,34.2194340002917],[-118.135170000208,34.2196539996229],[-118.134843999795,34.2198189996727],[-118.134837646011,34.2198196043155],[-118.134833999749,34.2198389996794],[-118.134740999863,34.2199059998526],[-118.134685264789,34.2198341172269],[-118.134424000569,34.2198589996812],[-118.133989999302,34.2197009991658],[-118.133631063956,34.2194968789496],[-118.133594001264,34.2195039994997],[-118.133526001492,34.2195820001616],[-118.133389000326,34.2197260005083],[-118.133329000052,34.2197329999617],[-118.133329000052,34.2198599994955],[-118.133114000865,34.2198799994923],[-118.132900226082,34.2196921976635],[-118.132844131682,34.2197521903312],[-118.13282008468,34.2197779864596],[-118.132820025391,34.2197779716035],[-118.132820000239,34.2197779998301],[-118.13223100006,34.2196299995617],[-118.131930038388,34.2195219836028],[-118.131865781896,34.2194990412615],[-118.13134300013,34.2195990000296],[-118.130950000668,34.2197449999785],[-118.130322248964,34.2201548379655],[-118.130328482374,34.2205202405228],[-118.130148571382,34.2207981580242],[-118.130118999741,34.2208440003964],[-118.129400000764,34.2212129995352],[-118.128819000083,34.2214709998148],[-118.128818769216,34.2214710079855],[-118.12881866052,34.2214710562668],[-118.128459036165,34.2214825695088],[-118.128290000178,34.2214880007872],[-118.12828990855,34.2214879829603],[-118.128289749548,34.221487987417],[-118.12821428837,34.221472667378],[-118.127815999627,34.221392000363],[-118.127695825703,34.2214260632451],[-118.12724763914,34.2215534925298],[-118.127075318014,34.2217896501164],[-118.127073999287,34.2218160004826],[-118.126981999226,34.2219660002031],[-118.126906662913,34.2220207902712],[-118.126693998447,34.2223122430044],[-118.126211100083,34.2225304944844],[-118.125992952301,34.2221804480428],[-118.125042016403,34.22258961385],[-118.125033425814,34.2225933114087],[-118.124942999601,34.2227609997591],[-118.12486138047,34.2228392930309],[-118.124799000559,34.2230179999775],[-118.124798746336,34.2230181099084],[-118.124798625063,34.2230184545566],[-118.124061465744,34.2233392322498],[-118.124020094732,34.2234048050009],[-118.124015000386,34.2234129992701],[-118.124139000235,34.2235929996496],[-118.124214999504,34.2237800002473],[-118.124313000312,34.2239939992938],[-118.124326000731,34.2241400005388],[-118.124412999871,34.2241679998532],[-118.124402999825,34.2242479994349],[-118.124402000899,34.2243070002382],[-118.124448000031,34.2243879994484],[-118.124509999955,34.2244749993661],[-118.124515000877,34.2245879988519],[-118.124355000145,34.2246189995191],[-118.124352999597,34.2246920003743],[-118.124303000266,34.2247839995],[-118.124162000699,34.2249879999479],[-118.124096000577,34.2250530002344],[-118.123918000302,34.2251300004632],[-118.123781000034,34.2251940001464],[-118.123586000939,34.2252290003356],[-118.123502001274,34.2253089996523],[-118.123496000527,34.2253599994927],[-118.123417999811,34.2253879998871],[-118.123411999964,34.2254430001573],[-118.123477000261,34.2255080000926],[-118.123434000603,34.2255880006299],[-118.12328700029,34.2255430001513],[-118.123185000183,34.2255029998708],[-118.123189000381,34.2255630002844],[-118.12310600054,34.2256000005553],[-118.123073999855,34.2256589996689],[-118.123087001172,34.2257399998072],[-118.123061000334,34.2257689998194],[-118.123059000684,34.2258410006774],[-118.123093999946,34.2259100000183],[-118.123062000159,34.2259600004957],[-118.123094999771,34.2261320004852],[-118.123116001484,34.2262520003735],[-118.1232020008,34.2263070000794],[-118.123264000724,34.2264140001743],[-118.123189001279,34.2265189991773],[-118.123140999802,34.2265579999832],[-118.122956999679,34.2265219998684],[-118.122775999929,34.2264319998853],[-118.122831001079,34.2261280000403],[-118.122656000278,34.2260850000738],[-118.122529000057,34.2260229998071],[-118.122483000924,34.2259500001055],[-118.122405001106,34.2258549993103],[-118.122391000863,34.2257749997695],[-118.122219000435,34.2256259998928],[-118.122142000442,34.2255119998242],[-118.122016999871,34.2253569995029],[-118.122020000244,34.2252510000438],[-118.121860999337,34.2251949998973],[-118.121822999702,34.2251280002169],[-118.121849999466,34.2250029992185],[-118.122049000556,34.2250389999827],[-118.122050999307,34.2249530004013],[-118.121926120907,34.2248640861423],[-118.121824255547,34.2248753612373],[-118.121746387781,34.2248189263263],[-118.121729999815,34.2248239993792],[-118.121345999676,34.2247639999247],[-118.12134601854,34.2247635795221],[-118.121345781385,34.224763542384],[-118.121349704328,34.2246795227238],[-118.12135600062,34.224535999528],[-118.121422634054,34.2244007333957],[-118.121455898669,34.2243326701874],[-118.121449997636,34.224312963897],[-118.121378999288,34.2240760000548],[-118.121128871482,34.2238522939709],[-118.120811075382,34.2235684027797],[-118.120622822635,34.2235175764059],[-118.120448999525,34.2234710001441],[-118.120307784363,34.2235129496802],[-118.120108953953,34.2235723216413],[-118.119987228638,34.2236820288943],[-118.119829000283,34.2238250001822],[-118.119690566304,34.2239783335808],[-118.119605933326,34.2240723500982],[-118.119515340925,34.2241181483509],[-118.11932900069,34.2242129995809],[-118.118808001182,34.2242919993581],[-118.11837499974,34.224256000503],[-118.118124001467,34.2241546345196],[-118.118011498257,34.2241093703358],[-118.118005466968,34.2242462999878],[-118.118297000821,34.224433000544],[-118.118411000623,34.2246400003719],[-118.118303104873,34.2248627833414],[-118.118266316167,34.2252247020023],[-118.118266024215,34.2252247718215],[-118.11826599996,34.2252249998478],[-118.117970999509,34.2252959999356],[-118.117873281671,34.2251805555004],[-118.117744535124,34.2250292869306],[-118.11771057162,34.2250308608358],[-118.117671071799,34.2250329962664],[-118.117640984525,34.2250814322733],[-118.117507999727,34.2252959999356],[-118.117603261571,34.2255002479661],[-118.117625948524,34.2255486733057],[-118.117626000626,34.2255490008602],[-118.117634264228,34.2256012342688],[-118.117612428879,34.2258068920445],[-118.117612014755,34.2258068645627],[-118.117611999484,34.2258070004862],[-118.117567001075,34.2258040005124],[-118.117625999728,34.2258880004822],[-118.117283999421,34.2259600004957],[-118.117075000082,34.225929000322],[-118.116827000385,34.2259260003525],[-118.116876000788,34.2260999998919],[-118.116952000058,34.2262110006908],[-118.11726900025,34.2262029998084],[-118.117273000448,34.2264280009402],[-118.117251483102,34.2264683060499],[-118.117493000556,34.2266210003329],[-118.117665000984,34.2268859999907],[-118.117760999447,34.2270020006296],[-118.117896000963,34.227033001151],[-118.117852999508,34.2272820009244],[-118.117814999873,34.2273849993954],[-118.117841000711,34.2274299996325],[-118.117928999676,34.227601999591],[-118.117876000871,34.2276769995319],[-118.117805000726,34.2276549997146],[-118.11779700033,34.2277609998619],[-118.11781900097,34.2279009999781],[-118.117771145918,34.2280166508777],[-118.117795999607,34.2280379999673],[-118.118009999867,34.2281649996064],[-118.117993999974,34.2284279994375],[-118.117673999408,34.2285869996344],[-118.117474999216,34.2286410003337],[-118.11704516254,34.2285310410706],[-118.116971378515,34.2286452992353],[-118.11682600056,34.2288709994309],[-118.116801428942,34.228956276055],[-118.116758364605,34.2291070614868],[-118.117297367251,34.2293329134452],[-118.117330998378,34.2293470013669],[-118.11733140262,34.2293471751635],[-118.117452228721,34.2295108765216],[-118.117387371255,34.2295761726331],[-118.117455999848,34.229607999595],[-118.117373000008,34.2297579995509],[-118.117298000563,34.2297789998651],[-118.117411998569,34.2299439993926],[-118.117408999094,34.2300699994353],[-118.117266998804,34.2301149997232],[-118.117267718355,34.2301387465026],[-118.117269049658,34.2301811457727],[-118.116630857734,34.2302793754569],[-118.11622857059,34.2304522110872],[-118.116311999825,34.2304830001516],[-118.116293000457,34.2305829993605],[-118.116243000228,34.2306819995075],[-118.116064000128,34.2308180004875],[-118.115920331667,34.2308938256825],[-118.115899000272,34.2312000000445],[-118.116132877554,34.2312382552363],[-118.116167645949,34.2312439413758],[-118.116168000784,34.2312440000494],[-118.11619048831,34.2312507556817],[-118.116421341864,34.2313196755776],[-118.116525954272,34.2312202023352],[-118.116705567921,34.2310491374053],[-118.116705892213,34.2310491024982],[-118.116706000011,34.2310490000048],[-118.116869613767,34.2310314350205],[-118.11720928564,34.2309947810086],[-118.117246429181,34.2310269022885],[-118.117540999339,34.2309600000858],[-118.117847999485,34.2308489996043],[-118.117982667726,34.2308440123256],[-118.117933999699,34.2307640004414],[-118.117993999974,34.2306549998165],[-118.118096999906,34.2306010004086],[-118.11816705682,34.2306005094778],[-118.118178999921,34.2304969994984],[-118.118469999276,34.2305339998298],[-118.118610000815,34.2305040002849],[-118.119078998648,34.2304809992898],[-118.119307998977,34.2304370003717],[-118.119479000478,34.2306660000768],[-118.11946108358,34.23071477449],[-118.11952087275,34.2307828570502],[-118.119569817458,34.230775517612],[-118.119570999641,34.2307749999447],[-118.11961700057,34.2307550003066],[-118.119778000229,34.2304949993796],[-118.119875000313,34.2304440004205],[-118.119989001014,34.2302539992061],[-118.120184999935,34.2302730000153],[-118.12047199999,34.2304719998675],[-118.120526000417,34.2305939996301],[-118.120624001224,34.2307370007767],[-118.120523000043,34.2309769998856],[-118.120370999708,34.2312379997463],[-118.120122000185,34.2313389999647],[-118.120025429496,34.231389773343],[-118.120064000459,34.2317150006027],[-118.120063947459,34.2317150087724],[-118.120063961832,34.2317151305751],[-118.119705686747,34.2317694850214],[-118.119675999223,34.2317739976606],[-118.119747236524,34.2319890926695],[-118.120128000033,34.2321379995922],[-118.120262999752,34.2325759995776],[-118.120179999912,34.2328900009663],[-118.120118079938,34.2329457969556],[-118.120124000734,34.2329679996301],[-118.120096034382,34.2329870169087],[-118.120136999356,34.2330570003976],[-118.120125000559,34.2332419999814],[-118.12012300001,34.2334809997251],[-118.119926043486,34.2335165267465],[-118.119890000382,34.233563999813],[-118.119829000283,34.2335910007993],[-118.119744356525,34.2336081188973],[-118.119731446836,34.2336225135744],[-118.119690001264,34.2336880003378],[-118.119665522172,34.2336960257603],[-118.119592000456,34.2337779999934],[-118.119518044854,34.2339108878567],[-118.11953600038,34.2339449998916],[-118.1195450006,34.2339859995225],[-118.119506000242,34.2340220009027],[-118.119466018924,34.2340314953127],[-118.119474999382,34.2341359998495],[-118.119461000036,34.234223000095],[-118.119464051614,34.2342402049577],[-118.119467999709,34.2342419992659],[-118.119538999854,34.2342580002452],[-118.119555999573,34.2343010004947],[-118.119522999961,34.2343239997038],[-118.119481811307,34.2343403541814],[-118.11949700092,34.2344259995755],[-118.11954700025,34.2345210003569],[-118.119727000175,34.2346280004129],[-118.119777000404,34.2347359999707],[-118.119758000137,34.2348340000546],[-118.119556304102,34.2348138996344],[-118.119553000098,34.2348300000231],[-118.119484973377,34.234806790776],[-118.119467000783,34.2348049994506],[-118.119364814724,34.2347656266715],[-118.119342000211,34.2347670006158],[-118.119239999205,34.2347510004759],[-118.11916238746,34.2347256745891],[-118.118811000656,34.2346589996125],[-118.118601456938,34.2345253509455],[-118.118598813196,34.2345236673019],[-118.11844300041,34.2344880003399],[-118.118401999504,34.2344420005198],[-118.118333000806,34.2344410001359],[-118.118239001094,34.2344520006443],[-118.118107322447,34.2344706841266],[-118.117884243812,34.2345782108026],[-118.117727288369,34.2346198295151],[-118.117617999332,34.2346490002552],[-118.117541000237,34.2346490009979],[-118.117346446706,34.2345843935656],[-118.117276400572,34.234561300108],[-118.116744689552,34.2343572701191],[-118.116221700275,34.2342651009805],[-118.115534535795,34.2342934556417],[-118.114962915322,34.234285345611],[-118.114735460095,34.2342823006359],[-118.114793999709,34.2343330009425],[-118.114800000455,34.2344000007266],[-118.114681999556,34.2343399999248],[-118.114663586788,34.2342862316245],[-118.114472820554,34.2343025616011],[-118.114463000171,34.2343060009368],[-118.11444887057,34.2343046180728],[-118.114093615621,34.2343353047247],[-118.113677181808,34.234209348198],[-118.113710000859,34.2342679996488],[-118.113600000356,34.2342589991459],[-118.113546544308,34.2342093972147],[-118.113463999913,34.2342249993825],[-118.113268000095,34.2342219997085],[-118.112961061932,34.2341920542077],[-118.112955999925,34.2341929996363],[-118.112955820262,34.2341915425027],[-118.11294000093,34.2341899999612],[-118.112601999923,34.2341219996223],[-118.112503000189,34.2340239987097],[-118.112296000499,34.2338309999436],[-118.112116999501,34.2337749995608],[-118.111894297261,34.2336150666948],[-118.111883000048,34.2336119986723],[-118.111807157085,34.2335933840689],[-118.111632000876,34.2336339991614],[-118.111295999518,34.2336549999944],[-118.111026999007,34.2336010002822],[-118.110805000147,34.2335159994411],[-118.110593999362,34.2333810002443],[-118.11047539749,34.2333750179178],[-118.110459000541,34.2333879993057],[-118.110364999931,34.233394999852],[-118.110288999763,34.2333689999421],[-118.110282632504,34.233365294687],[-118.11013800015,34.2333579992923],[-118.110047874873,34.2333615916596],[-118.110031998947,34.2333709999926],[-118.109976774116,34.2333644250029],[-118.109861999067,34.2333689984568],[-118.109494716575,34.2332379998742],[-118.109444999316,34.2332379998742],[-118.109381724682,34.2332009376026],[-118.109102704362,34.2331402593585],[-118.109069001369,34.2331699995092],[-118.109034000311,34.2331969991365],[-118.108942001147,34.2332209997881],[-118.10891600031,34.2331199995989],[-118.108906385641,34.2330975652461],[-118.108867000804,34.2330889998328],[-118.108551999363,34.2329830004503],[-118.108521001198,34.2329679996301],[-118.108520923943,34.2329679632383],[-118.107814949639,34.2328503554674],[-118.107718000759,34.2329130005607],[-118.107676000028,34.2329259998444],[-118.107565999524,34.2328209999171],[-118.10754363327,34.232805156115],[-118.107442460512,34.2327883015087],[-118.107312397035,34.2327250666263],[-118.107311999979,34.2327249997841],[-118.107096000069,34.23268799893],[-118.106758999785,34.2325239992441],[-118.106624999891,34.2324029997148],[-118.106623824895,34.232401913897],[-118.106151277818,34.2321734833611],[-118.105972144767,34.2319464930387],[-118.105970999415,34.2319460006302],[-118.10566813601,34.2315612609203],[-118.105552510257,34.2314147429934],[-118.105162607287,34.2309902438184],[-118.105144999409,34.2309799996752],[-118.104993998898,34.2308849993549],[-118.10493799972,34.2307579993613],[-118.104931089879,34.2307381824254],[-118.104687517978,34.2304729936141],[-118.104583576611,34.2300355278424],[-118.104556000129,34.2299200000351],[-118.103956998107,34.2293480003258],[-118.103956513017,34.2293475405819],[-118.103831613057,34.2290676251401],[-118.103776999979,34.2289960006305],[-118.103621000343,34.228764999938],[-118.103554000396,34.2286860006425],[-118.103481500065,34.2286449241584],[-118.103396000213,34.2286249997726],[-118.103395996619,34.2286249574371],[-118.103387749187,34.2285622816729],[-118.103370000273,34.2285200004242],[-118.103376937962,34.2284801070249],[-118.103367520025,34.2284085518321],[-118.103331190358,34.2281324798738],[-118.103316999671,34.2281060007629],[-118.103265999618,34.2280180004219],[-118.103235999481,34.2278599996127],[-118.103212000089,34.2277730002205],[-118.103100999761,34.2276710004601],[-118.103064999776,34.2274920003489],[-118.103045000583,34.2273020006446],[-118.103032999989,34.2271980001167],[-118.103029999616,34.2270729999621],[-118.103091000614,34.2270630004468],[-118.103120687239,34.2270021751737],[-118.102950203168,34.2268007606357],[-118.10268599966,34.2264890004304],[-118.10265844294,34.2264679822128],[-118.102627012685,34.2264444096863],[-118.102072231132,34.2260123666016],[-118.101742912342,34.2256317450888],[-118.101669999683,34.2255909998686],[-118.101666728019,34.2255882903037],[-118.1010911864,34.2256196634649],[-118.10098831313,34.2256253143316],[-118.100829000508,34.2256980001303],[-118.100636999989,34.2256940004076],[-118.100525999661,34.2256430007694],[-118.100449740778,34.2256455053327],[-118.100252175196,34.2256522992945],[-118.100116521503,34.2256694100932],[-118.099828280875,34.2257912058716],[-118.099829795434,34.2258197208495],[-118.099832999725,34.2258710011405],[-118.100039357119,34.2260963775048],[-118.100050374955,34.2261083602746],[-118.100078243391,34.2261679123797],[-118.100415272421,34.226559783314],[-118.1004442368,34.2267697184351],[-118.10046700011,34.2269330006978],[-118.100466774632,34.2269330623453],[-118.100466792599,34.2269331967816],[-118.100259380583,34.2269889944895],[-118.100116163974,34.2270215777967],[-118.10003100099,34.2270409997264],[-118.100021114132,34.2270319991937],[-118.099963582428,34.2269804878742],[-118.099774660435,34.2269717420953],[-118.099642999754,34.226965999219],[-118.099636175253,34.2269843323029],[-118.099592435383,34.2271031752731],[-118.099592132651,34.2271026449566],[-118.099592000599,34.2271029992437],[-118.099427457985,34.2268129185926],[-118.099321812514,34.2266270485006],[-118.098832142649,34.226752275111],[-118.098959998965,34.2269989999555],[-118.099109000725,34.2272100005555],[-118.099309000741,34.2273459997151],[-118.099564999936,34.2276759998104],[-118.099584000203,34.2277929998241],[-118.099584015474,34.2277930919231],[-118.09963600098,34.2278409997446],[-118.099743000211,34.2281469995231],[-118.099500459576,34.2285183909332],[-118.099480000446,34.228570999063],[-118.099453000681,34.2286020004924],[-118.099452865036,34.2286021557223],[-118.099439000438,34.2286940005463],[-118.099397465034,34.2286878596862],[-118.099396723026,34.2287136055437],[-118.099356886336,34.2287110030318],[-118.099348000201,34.2287209993805],[-118.099295462232,34.2287069900831],[-118.099264999462,34.22870500032],[-118.098962999338,34.2287089998997],[-118.098752001248,34.2286749993809],[-118.098573000249,34.2286009992964],[-118.098340000621,34.228606000077],[-118.098293365481,34.2286059993343],[-118.098333974722,34.2287328228336],[-118.098356000514,34.2288009998367],[-118.097854115358,34.2288239433582],[-118.09783123437,34.2288250061977],[-118.097831181369,34.2288249913432],[-118.097830999909,34.2288249995132],[-118.097310999327,34.228683999738],[-118.097041999714,34.2288369997202],[-118.096863999439,34.2288940001231],[-118.096643998432,34.2289039979355],[-118.096531264356,34.2289897981463],[-118.096581367891,34.2290373695762],[-118.096614999917,34.2290689999202],[-118.096659999224,34.2290989999762],[-118.096750000534,34.2290800003876],[-118.096995999683,34.2292290000955],[-118.097002991271,34.229329868291],[-118.097055326221,34.2293650286745],[-118.097028219558,34.2296473421061],[-118.096948285667,34.2296574244989],[-118.096898000672,34.2296640005209],[-118.096920000414,34.2297080005856],[-118.096968151909,34.2298892575559],[-118.0968340002,34.2298929993571],[-118.096831999652,34.229985999923],[-118.09670299978,34.230057999404],[-118.096570000609,34.2300739996929],[-118.096411999527,34.2300229997361],[-118.096458991298,34.2301841151393],[-118.096580857648,34.2302572010393],[-118.096596166737,34.2302920104755],[-118.0966510008,34.2303160000717],[-118.096606253919,34.2304081876445],[-118.09669000026,34.2304699997481],[-118.096648000427,34.2305560003805],[-118.096517000906,34.2306800008786],[-118.096396000532,34.2306289998033],[-118.096294999351,34.2307120004743],[-118.096204000911,34.2305260001008],[-118.095991000476,34.2306049998983],[-118.095941000247,34.2306900007071],[-118.095745000429,34.2308940002186],[-118.095906999912,34.2311210000624],[-118.096023000263,34.2312630006352],[-118.095796000482,34.2313720004731],[-118.095676999758,34.2313500001356],[-118.095530000344,34.2314800004935],[-118.095523890901,34.2314831302379],[-118.095550874496,34.2315927714842],[-118.095448563571,34.2317328291027],[-118.095398054896,34.2317272841091],[-118.09538699933,34.2317630005159],[-118.095349000594,34.2320020000013],[-118.095218999101,34.2320789998185],[-118.095129830529,34.2320968341829],[-118.095147549798,34.2321623362441],[-118.095148179517,34.2321640437012],[-118.095077675242,34.2321754930951],[-118.095006410094,34.2321925089888],[-118.095060998917,34.2322600006547],[-118.095017999259,34.2323910007587],[-118.094829000012,34.2328400008897],[-118.094751202315,34.2330154596375],[-118.094695001016,34.233259000806],[-118.094777999958,34.2334729995334],[-118.094720000232,34.2335309986783],[-118.094719980469,34.2335310194734],[-118.094722999706,34.2335359999089],[-118.094530000261,34.2337460000773],[-118.094384259386,34.2337753367381],[-118.094382999948,34.2337759992099],[-118.094231999437,34.2338560000627],[-118.093915999967,34.2340499999026],[-118.093619999691,34.2340579992969],[-118.093486955605,34.2340728929772],[-118.093402000132,34.2341869995433],[-118.093017001065,34.2341319997848],[-118.092585999274,34.2339680006833],[-118.092448999905,34.233875999707],[-118.091891998614,34.2336039999783],[-118.091697999344,34.2334359997507],[-118.091786000106,34.2333279992681],[-118.091658998986,34.2333380002676],[-118.091637000143,34.2332639998245],[-118.091688000196,34.2332060004957],[-118.091680998727,34.2331739996196],[-118.09181299987,34.2331379993621],[-118.091904000106,34.2331559998641],[-118.091897998462,34.2328689999425],[-118.091683000174,34.2328359992781],[-118.091447999997,34.2327499994889],[-118.091351999737,34.2327539973911],[-118.09123700011,34.2328209991744],[-118.091152000619,34.2328449999332],[-118.091011000154,34.2327579997493],[-118.090988999514,34.2327099996606],[-118.090939000184,34.2325900000618],[-118.090803999566,34.2326409999494],[-118.090677000243,34.2326660004217],[-118.090680000616,34.2325619998337],[-118.090677015514,34.2325202152264],[-118.09058027684,34.2325078137475],[-118.090550000021,34.2325040000213],[-118.08993716125,34.232882933536],[-118.090011100683,34.2330641495089],[-118.08984534175,34.2331861224928],[-118.089823909744,34.2331860029203],[-118.089644384129,34.2332340807197],[-118.089567668902,34.2332392810077],[-118.089521542209,34.2331247282877],[-118.089331999481,34.2331659993986],[-118.089155000827,34.2331439995299],[-118.089146802802,34.2331377683865],[-118.089004999242,34.2331189999421],[-118.088869999523,34.2332659998776],[-118.088861999127,34.2332849992644],[-118.088858266627,34.233314399214],[-118.088859999477,34.2333170000983],[-118.088904999683,34.233546000141],[-118.088926000498,34.2337019998944],[-118.088573000321,34.2338199993541],[-118.088246999907,34.2336319998599],[-118.08823700076,34.2336390003858],[-118.088087000972,34.233652999208],[-118.087924999692,34.2336279997712],[-118.087756999463,34.2335539995831],[-118.08774999979,34.2335449997465],[-118.087539999728,34.2336470005618],[-118.087210000015,34.2338599993978],[-118.087193849204,34.2338637989516],[-118.086799290267,34.2342574469508],[-118.086695895974,34.2342486038942],[-118.086625000034,34.234655999954],[-118.086590000772,34.2347979997642],[-118.086603999219,34.2350030000982],[-118.086775998748,34.234984999991],[-118.087041999785,34.2349789992117],[-118.08737300112,34.2348790000246],[-118.087421999727,34.2348869993401],[-118.087548001022,34.2348509990724],[-118.087924999692,34.2347950001107],[-118.088221999793,34.2348940005044],[-118.087993000362,34.2350560000199],[-118.087803000392,34.2351560004822],[-118.087651999881,34.2352160007025],[-118.087444459406,34.2352130070052],[-118.086975157043,34.2353269219033],[-118.086973000188,34.2353280009994],[-118.086923999784,34.2353939996193],[-118.086778000195,34.235465000046],[-118.086615999813,34.2355279996737],[-118.086198000236,34.2356140003389],[-118.085989999824,34.2356440002912],[-118.085940295141,34.2356698465097],[-118.086158999878,34.2357899999066],[-118.086312999864,34.2360240002474],[-118.085781999412,34.236116000362],[-118.085419999013,34.2363910004845],[-118.085276999796,34.2365120009667],[-118.084558999746,34.2364260012188],[-118.08451399954,34.2364380003426],[-118.084245000825,34.2364660007671],[-118.084244968486,34.2364659547223],[-118.084244670245,34.2364659866566],[-118.084084691971,34.2362350926042],[-118.083927000808,34.2362820004597],[-118.083477000546,34.2362700005709],[-118.083145000285,34.2362990006704],[-118.082993000847,34.2365700002463],[-118.08259910307,34.2366048048449],[-118.08228029906,34.2366334000815],[-118.081542100391,34.2364773003018],[-118.081396199616,34.2363423986853],[-118.08139625082,34.2363422315871],[-118.08139600019,34.2363419991349],[-118.08141099936,34.2362919996229],[-118.081402999862,34.2362859989369]]],[[[-118.089464443493,34.2328417209588],[-118.089051302904,34.2322801009418],[-118.088877930749,34.2327425124268],[-118.088887999965,34.2327550000231],[-118.089015000186,34.2328400001471],[-118.089266000257,34.2328289994281],[-118.089464443493,34.2328417209588]]],[[[-118.05864462411,34.2130078236314],[-118.058754111675,34.212905933765],[-118.05863499956,34.2129760000544],[-118.058603262081,34.2129884192663],[-118.05864462411,34.2130078236314]]],[[[-118.083694197012,34.2365147042389],[-118.083755003973,34.2364515040893],[-118.083949014922,34.2365984105732],[-118.083970999392,34.2366150000312],[-118.0839709949,34.2366150542451],[-118.083971020952,34.2366150735542],[-118.083950084816,34.236853132435],[-118.083927939547,34.2368455870681],[-118.083827999277,34.2368120005225],[-118.083684874296,34.2365909617288],[-118.083659041443,34.2365512422215],[-118.083659110614,34.2365511709265],[-118.083659000121,34.2365510001154],[-118.083694197012,34.2365147042389]]],[[[-118.083025193772,34.2378320645379],[-118.083025026685,34.2378319212073],[-118.083024999736,34.2378319991851],[-118.083008850722,34.2378181169105],[-118.082967660271,34.2377829667404],[-118.083021973312,34.2376689593639],[-118.083070905444,34.2376978126801],[-118.083070867714,34.2376979218492],[-118.083071000665,34.2376979998271],[-118.083051505427,34.2377547885189],[-118.083025193772,34.2378320645379]]]]},"properties":{"FIRE_NAME":"EATON","GIS_ACRES":14056.26,"ALARM_DATE":1736294400000,"CONT_DATE":1738281600000}}]}