{"type":"FeatureCollection","crs":{"type":"name","properties":{"name":"EPSG:4326"}},"features":[{"type":"Feature","geometry":{"type":"MultiPolygon","coordinates":[[[[-118.519750410116,34.0299662205598],[-118.519885026255,34.0299141870018],[-118.520019276779,34.029892201915],[-118.52014230465,34.0299324757666],[-118.520250729509,34.0299998499461],[-118.520317338689,34.0300748340788],[-118.520326108941,34.0301078670991],[-118.520288257528,34.030105300156],[-118.520249056845,34.030052994206],[-118.520190325891,34.0299945976818],[-118.520087601741,34.0299594339318],[-118.519977623696,34.0299489092972],[-118.519873852111,34.0299806722936],[-118.519775901609,34.0300620745492],[-118.519701806768,34.0301505097605],[-118.519649901212,34.0302442350967],[-118.519603240021,34.0303368793575],[-118.519567455632,34.0304474518473],[-118.519521736774,34.0305470462509],[-118.519475176195,34.0306069782338],[-118.51943184955,34.0307168289824],[-118.519407453104,34.0308005197678],[-118.519390305163,34.0309007368751],[-118.519371534865,34.0310171593813],[-118.519370947367,34.0310899345336],[-118.519466222686,34.0311602722488],[-118.519482890926,34.031260031831],[-118.519497575686,34.0313648774605],[-118.519516661293,34.0314564216729],[-118.519532748323,34.0315740687981],[-118.519173223681,34.0315628862609],[-118.519157911897,34.0314442579201],[-118.519141339777,34.031352952667],[-118.519142049446,34.0312701624821],[-118.519171498018,34.031195928336],[-118.519208802357,34.0311155828185],[-118.519238134147,34.0310101993771],[-118.519270197715,34.0308897716332],[-118.519311301029,34.0307775961376],[-118.519358204765,34.0306649216999],[-118.519415527161,34.0305506048136],[-118.519470045916,34.030438130337],[-118.519514846696,34.0303268364425],[-118.519586334626,34.0302022639965],[-118.519659998276,34.0300757884937],[-118.519750410116,34.0299662205598]]],[[[-118.519450999835,34.0331169998775],[-118.519841999648,34.032868999769],[-118.520274000366,34.0334410003076],[-118.520358999856,34.0336960002172],[-118.52008300057,34.03398100026],[-118.519819999906,34.0336989995723],[-118.519450999835,34.0331169998775]]],[[[-118.519234999925,34.0338300003383],[-118.519329000535,34.0336950004321],[-118.519517999782,34.0338019996971],[-118.519515999234,34.0339599996313],[-118.519337000032,34.0340630001838],[-118.519213000184,34.0339959999615],[-118.519234999925,34.0338300003383]]],[[[-118.51865800034,34.034222999934],[-118.518893999443,34.0341880002238],[-118.519049999977,34.0342979996898],[-118.51909000016,34.034481999574],[-118.518847999413,34.0345669998267],[-118.518645999746,34.034402000353],[-118.51865800034,34.034222999934]]],[[[-118.518408000095,34.0356629997391],[-118.51819300001,34.0349750007476],[-118.518906000037,34.0350379996311],[-118.518954999543,34.035539000147],[-118.518408000095,34.0356629997391]]],[[[-118.539622000295,34.037159000249],[-118.539715000182,34.0371299994733],[-118.539849999901,34.0371929997341],[-118.539952000008,34.0372670000988],[-118.540034999849,34.0373659999022],[-118.540113000565,34.0374299997287],[-118.540181999264,34.0374809999048],[-118.540300999988,34.037508000336],[-118.540449000126,34.0375510003156],[-118.540526999943,34.0376050003803],[-118.540534999441,34.0376800001236],[-118.540468999319,34.0376910002193],[-118.540424000011,34.037677999903],[-118.540345999295,34.0376469998279],[-118.540289000292,34.0376239998848],[-118.54019899988,34.0375899998281],[-118.540130000283,34.0375599994603],[-118.540064000161,34.0375160004896],[-118.539962000054,34.0374630001089],[-118.53987599984,34.0374059999856],[-118.539831000533,34.037331],[-118.539745000319,34.0372709998148],[-118.539644000037,34.0372239999752],[-118.539622000295,34.037159000249]]],[[[-118.517544999381,34.0359750000484],[-118.518405999547,34.0359589994496],[-118.518541000164,34.0364169999489],[-118.51826100068,34.0368490000683],[-118.518267000528,34.0368580000319],[-118.518286001693,34.0370910004937],[-118.518128000611,34.0372470000267],[-118.51802300013,34.0373579997344],[-118.517836000533,34.0375499998316],[-118.517948999612,34.0377130004065],[-118.517864999947,34.0378600004281],[-118.517682000547,34.0379960001401],[-118.517685000022,34.0381349995768],[-118.517884000213,34.0383350002248],[-118.518039000024,34.0384990005085],[-118.517951999985,34.0386970001017],[-118.517781000281,34.0388020003075],[-118.517598999808,34.0387589994733],[-118.517401000339,34.0385689993347],[-118.517218000041,34.0383579992306],[-118.517205999447,34.0380900004267],[-118.517212000194,34.0378469993933],[-118.517427999205,34.0377449994505],[-118.517481999632,34.0376819995997],[-118.516909000245,34.0374419995978],[-118.516775000351,34.0369409998992],[-118.51703199937,34.03668900006],[-118.517544999381,34.0359750000484]]],[[[-118.518392000201,34.0392329997266],[-118.518464000171,34.039189000135],[-118.518557000058,34.0392150003024],[-118.518645999746,34.0391679993067],[-118.518779999641,34.0391200000527],[-118.518904000387,34.0391770005131],[-118.518912000783,34.0392649996859],[-118.518884000296,34.0393319994687],[-118.518804000828,34.039364000135],[-118.518689000302,34.039393000147],[-118.51855100021,34.039396000045],[-118.518404999722,34.0393440005574],[-118.518392000201,34.0392329997266]]],[[[-118.556442999804,34.0401469999543],[-118.556548000285,34.0400929992748],[-118.556643999646,34.0401890003764],[-118.556604999288,34.0402180001062],[-118.556565999828,34.0402499996939],[-118.556503000079,34.0402619999084],[-118.556431999934,34.0402310000333],[-118.556442999804,34.0401469999543]]],[[[-118.5553159995,34.0401639994719],[-118.555335999592,34.0400109999692],[-118.555259999424,34.0399040003476],[-118.55524599918,34.0397399998029],[-118.555432000749,34.03964999946],[-118.555655000332,34.0396749997716],[-118.555801999747,34.0397750002],[-118.555846000128,34.0399800000022],[-118.555921000471,34.0399760004139],[-118.555977000547,34.040027000548],[-118.55605999949,34.0400939997288],[-118.556020000205,34.0401239999448],[-118.555961999581,34.0401240006892],[-118.555903000029,34.0401070004192],[-118.55584199993,34.0400609996278],[-118.555695000515,34.0401360001771],[-118.555602000629,34.040167000087],[-118.555569000119,34.0402349996096],[-118.555475000407,34.0403129998705],[-118.55531399985,34.0402410000902],[-118.5553159995,34.0401639994719]]],[[[-118.561228000133,34.0426849998096],[-118.56120099947,34.0424790001646],[-118.561264000118,34.0424679999455],[-118.561536999929,34.0425919998295],[-118.561746999992,34.0424320002333],[-118.561829000007,34.0424270003341],[-118.561980000518,34.0427700000304],[-118.561907000724,34.0430029998835],[-118.56183400003,34.0432569996618],[-118.5615519991,34.0433109998155],[-118.561473000355,34.0431280001479],[-118.561503000492,34.042869999787],[-118.561228000133,34.0426849998096]]],[[[-118.560926999834,34.044077000195],[-118.560966000192,34.0440769994507],[-118.560980000436,34.0441200005661],[-118.56098299991,34.044170999697],[-118.560975999339,34.0442150004257],[-118.560971000215,34.0442390004753],[-118.560953000672,34.0442660002439],[-118.560895999872,34.0442579992382],[-118.560855999689,34.0442399993917],[-118.560839000869,34.0441899999637],[-118.560834999772,34.0441359996253],[-118.560874000131,34.0440959997385],[-118.560926999834,34.044077000195]]],[[[-118.568201999874,34.0471179999106],[-118.568333000294,34.0471070002932],[-118.56846499964,34.0471809994512],[-118.56852400009,34.0472849999491],[-118.56856800047,34.047376000001],[-118.568586999839,34.0474800002597],[-118.568586999839,34.0475820004039],[-118.568556999701,34.0476950007123],[-118.568206999897,34.0475829992809],[-118.568189000354,34.0474760002808],[-118.56821199992,34.0474759995365],[-118.568202999699,34.0473579993278],[-118.568125999706,34.0472309993487],[-118.568201999874,34.0471179999106]]],[[[-118.569559199758,34.0883723495903],[-118.569559643526,34.0883711280055],[-118.569533009376,34.0883502241739],[-118.569546517343,34.0883212208244],[-118.569569184533,34.0882888770748],[-118.569585691076,34.0882492142098],[-118.569600073104,34.0882184379623],[-118.569617132111,34.0881924372025],[-118.569642971252,34.0881677882158],[-118.569645532349,34.0881363721302],[-118.569655893517,34.088102156497],[-118.569650934817,34.0880708482617],[-118.569536330448,34.0878910289729],[-118.569567091458,34.087879042941],[-118.569575755709,34.0878510988377],[-118.56957718403,34.0878200843763],[-118.569587449977,34.0877860732061],[-118.569588139883,34.0877551554366],[-118.569567280104,34.0877275185508],[-118.56954948897,34.0877042621356],[-118.569574684917,34.0876685658322],[-118.569609341921,34.0876517104999],[-118.569594029239,34.0875129975938],[-118.569597450023,34.0875080606154],[-118.569593395028,34.0875072496891],[-118.569556949479,34.0874999602801],[-118.569559541118,34.0874722422183],[-118.56954968121,34.0874437325639],[-118.569532637474,34.0874160092759],[-118.56953047433,34.0874211813542],[-118.569521358227,34.0874167041437],[-118.569520771627,34.0874174086832],[-118.569521328583,34.0874166907523],[-118.569494197664,34.0874033677393],[-118.56945942388,34.0874024392647],[-118.569435820646,34.0874084780688],[-118.569414329351,34.0874450880765],[-118.569394071443,34.0874680774778],[-118.569377485848,34.0874920608157],[-118.569331948449,34.087525738062],[-118.569308966849,34.0874649513184],[-118.569290477724,34.0874380836024],[-118.569237260628,34.0874294252831],[-118.569211002873,34.0874251541528],[-118.569172784049,34.0874189353093],[-118.569153682273,34.0874158277473],[-118.569131562157,34.0874068086003],[-118.569117366081,34.08740101977],[-118.569092926515,34.0873910542915],[-118.569076848468,34.0873854886513],[-118.569043414072,34.0873744354865],[-118.569021289464,34.0873874408288],[-118.569005838442,34.0873939966931],[-118.568992499358,34.087398095968],[-118.568979024629,34.0874022369049],[-118.56896558134,34.087406368914],[-118.568945187787,34.0874065712738],[-118.568909258769,34.0874039130692],[-118.568883232778,34.0874259963266],[-118.568879329598,34.0874293077359],[-118.568874454441,34.0874294877766],[-118.568861900485,34.0874299482938],[-118.568855155934,34.0874301960358],[-118.568840492734,34.0874307361578],[-118.568830705589,34.0874310954952],[-118.568810332696,34.0874318446727],[-118.56874231406,34.0874343451549],[-118.568736620537,34.0874379928382],[-118.568718935404,34.0874558540598],[-118.568692957923,34.0874368285256],[-118.568664812807,34.0874557841266],[-118.568632205759,34.0874480855299],[-118.568598086846,34.0874454808924],[-118.568570397176,34.0874244778843],[-118.568542925796,34.0874401339828],[-118.568528031729,34.0874421233576],[-118.568506314957,34.087445024839],[-118.568496701186,34.087476545337],[-118.568454848677,34.0874705727511],[-118.56841597588,34.0874734429849],[-118.568360812135,34.0874797466369],[-118.568334641516,34.0875088231837],[-118.568371398781,34.0875204521629],[-118.568352565601,34.0875541041029],[-118.568322592413,34.0875666451813],[-118.5682812753,34.087544410191],[-118.568260085839,34.0875664934117],[-118.568217317946,34.0875419751814],[-118.568173384939,34.0875538459458],[-118.568137277156,34.0875479871926],[-118.568128920129,34.0875358582701],[-118.568090399472,34.0875253936044],[-118.568079195683,34.0875192387495],[-118.56806021518,34.0875051866629],[-118.568056014657,34.0874766732997],[-118.568054589929,34.0874483913014],[-118.568037509363,34.0874348770932],[-118.567994433348,34.0874007958351],[-118.567944677461,34.0873972478421],[-118.567900430942,34.0874080406145],[-118.567867240887,34.0874020218976],[-118.567852574992,34.0874232161115],[-118.567842984578,34.0874331756345],[-118.567838391492,34.0874371647999],[-118.567838473238,34.0874373798072],[-118.56783018628,34.0874437719943],[-118.56783018089,34.087444293517],[-118.567825082951,34.087448720136],[-118.567817456254,34.0874546562689],[-118.567816860671,34.0874558607555],[-118.567813673448,34.0874623117148],[-118.567793769477,34.0874759114751],[-118.567760650389,34.0875046703484],[-118.567738638071,34.0875342222827],[-118.567777757905,34.0875771061221],[-118.567799244708,34.0876115354863],[-118.567857999918,34.0876400004462],[-118.567867459178,34.0876497620483],[-118.568108000163,34.0878979999309],[-118.567954000177,34.088033999712],[-118.567688000038,34.0883859997938],[-118.567661000274,34.088433999421],[-118.567494000768,34.0887220003327],[-118.567314999769,34.0887689998899],[-118.567053000727,34.0888679998058],[-118.567031000087,34.0889140001482],[-118.566913000087,34.0892819997554],[-118.566901000391,34.0893259993831],[-118.566895334716,34.0893459633613],[-118.566837999743,34.0895479998947],[-118.566655000344,34.0896099992701],[-118.566324000806,34.0896799997822],[-118.566049886185,34.0895105828651],[-118.566036000926,34.0895020006408],[-118.565545000656,34.0892179996476],[-118.565375999703,34.0891629998532],[-118.564770999631,34.0893929997698],[-118.564700000384,34.0894209999045],[-118.564068827896,34.0897314364665],[-118.56388661542,34.0903852911602],[-118.563870451135,34.0905915351808],[-118.56385351879,34.0908075667188],[-118.563823306651,34.0910713689363],[-118.56328922318,34.0910960245169],[-118.563071999764,34.0911619998454],[-118.562768999816,34.0912569997944],[-118.562571546523,34.0912952477723],[-118.561499000295,34.091502999762],[-118.561429999799,34.0915139995684],[-118.560756999955,34.0916639995593],[-118.560627000258,34.0916469999556],[-118.560166000126,34.0915259999643],[-118.559935999972,34.0916100004562],[-118.559824000717,34.0917189999606],[-118.559769000466,34.0920020001616],[-118.559780000337,34.0920900002863],[-118.559841999362,34.0921689995341],[-118.559974999432,34.0923279998777],[-118.55997500033,34.09237199941],[-118.560465999702,34.0924049999743],[-118.560723999444,34.0927170004793],[-118.561097570144,34.0925636539497],[-118.561276999638,34.0924899994294],[-118.5613689997,34.0923799995931],[-118.561623999968,34.0922160001534],[-118.561623000143,34.0924220001697],[-118.561659999953,34.0928770003685],[-118.561597000204,34.0930670000302],[-118.561023000093,34.0930779996334],[-118.560710171677,34.0931506724122],[-118.560373000713,34.0932289996555],[-118.560193999715,34.093199000382],[-118.559815999423,34.0931470004257],[-118.559696000671,34.0931219995198],[-118.558940999912,34.0931530001362],[-118.558901000628,34.0936689996813],[-118.559031000324,34.0940310005441],[-118.559192999807,34.0940359996306],[-118.559394000547,34.0939830003707],[-118.559448000076,34.0937930005334],[-118.559810000474,34.0936870001882],[-118.560377408747,34.093828852708],[-118.560521999778,34.0938650002009],[-118.560692270949,34.0939041679645],[-118.560865097826,34.0937604185901],[-118.561420672592,34.0939470768458],[-118.561529394792,34.094254901309],[-118.561420487539,34.0944122864291],[-118.561470999807,34.094477000481],[-118.561335815933,34.0948530145378],[-118.56120099947,34.0952280003405],[-118.561153999615,34.0953960005886],[-118.561049000033,34.0954170001312],[-118.560866745336,34.0955749551482],[-118.561005226027,34.0960121392416],[-118.561175000429,34.0962660002319],[-118.561190000498,34.0968240007647],[-118.560493000364,34.0969759998377],[-118.560377000013,34.0969880002031],[-118.559757999697,34.0973759996957],[-118.559643999894,34.0975090005427],[-118.559470999642,34.0979269997184],[-118.559507000525,34.0980039999287],[-118.559594113751,34.0982013174829],[-118.559663605625,34.0983587198125],[-118.559673000206,34.0983799998042],[-118.559986000201,34.098868000238],[-118.560179000545,34.0988999999974],[-118.560820999529,34.0988479998243],[-118.561670999824,34.0985290005095],[-118.562258000353,34.0982040006402],[-118.562359999562,34.0981860003501],[-118.562747000074,34.0981309996877],[-118.562960792824,34.0978188450715],[-118.56300999984,34.0977469997748],[-118.563016000586,34.0976579998058],[-118.563295999172,34.0974840001813],[-118.563318999637,34.0974409993639],[-118.563667999616,34.0974070002418],[-118.563912000013,34.0974540001842],[-118.563942000151,34.0976859994384],[-118.563901000143,34.0980199999732],[-118.563483999493,34.0982610000461],[-118.56335700017,34.098286999945],[-118.563323334906,34.0986188453442],[-118.563307999766,34.0987700006206],[-118.563280791593,34.0988120865468],[-118.563313438167,34.0988919148857],[-118.563360366157,34.098993952078],[-118.563151836637,34.0992821335272],[-118.563148878485,34.0994444076445],[-118.563144690539,34.0996742992881],[-118.563215265781,34.099817212189],[-118.563848494513,34.0998725338471],[-118.56415531859,34.0999913699218],[-118.564133272136,34.1003089541162],[-118.564032270955,34.1004970469593],[-118.564272829907,34.1006826794617],[-118.564385042961,34.1007720109834],[-118.564338239836,34.1011095720481],[-118.564450083682,34.1012191893589],[-118.564183289433,34.1015810307311],[-118.564087338581,34.1019382624537],[-118.563717812097,34.1021364954286],[-118.563451997909,34.1024442454761],[-118.563449287692,34.1025929965347],[-118.563689236688,34.1028124361885],[-118.563466778789,34.102971945403],[-118.563424404359,34.1030660930538],[-118.563564457101,34.1034127710088],[-118.563748855178,34.1035571176471],[-118.564025882137,34.1035267932623],[-118.564153248871,34.1036771825562],[-118.564123072664,34.1039946636589],[-118.564126893199,34.104231415857],[-118.563487838893,34.1044938834767],[-118.563384267632,34.1044941564586],[-118.563210330437,34.1044946131639],[-118.563092924222,34.1046622074875],[-118.563100912042,34.1047452852533],[-118.563114287058,34.104884387945],[-118.563134879139,34.1051488268777],[-118.562814801319,34.1052821651006],[-118.562491062863,34.1056162316059],[-118.562399443688,34.1057630171526],[-118.562370037337,34.1057681858783],[-118.562119012114,34.1058123145404],[-118.561817013787,34.1063474300093],[-118.561804615239,34.1063640391389],[-118.561582571464,34.1066614855598],[-118.561465899173,34.106695681046],[-118.560994946605,34.1068337109478],[-118.560597093546,34.1070505980483],[-118.560441569119,34.1072177090482],[-118.560319740499,34.1076121534573],[-118.560266008668,34.1077861173806],[-118.560094824809,34.1081269231299],[-118.559975920205,34.1083636451703],[-118.559818460807,34.1086364013709],[-118.559501220765,34.1093086888342],[-118.559395151289,34.1095503916062],[-118.558797691675,34.1095639751733],[-118.558796254371,34.1095634946946],[-118.558494000922,34.1094759999121],[-118.558240000479,34.109494000032],[-118.558192537991,34.1093617283292],[-118.558036304793,34.1093674033472],[-118.558013347448,34.1093744156756],[-118.557917536733,34.1096470042431],[-118.557906113756,34.1096795049489],[-118.557906141603,34.1096795949456],[-118.557942099367,34.1097961978279],[-118.557760381864,34.110005242447],[-118.55768468353,34.1101777258101],[-118.557823231594,34.1100659594513],[-118.557886822435,34.1100405157934],[-118.55795524172,34.1099077585182],[-118.558085550437,34.1098425958709],[-118.558229983365,34.1097895418019],[-118.558359243748,34.1097816332611],[-118.558522535009,34.1097956273539],[-118.558557537864,34.1098005593135],[-118.558578807275,34.1098617509915],[-118.558581816631,34.1098975747893],[-118.558592337699,34.1099253799662],[-118.558575225692,34.1099601803072],[-118.558568809025,34.1099899423262],[-118.558555679249,34.1100168222215],[-118.558534350549,34.1100400338298],[-118.558498158325,34.1100564971991],[-118.558461193549,34.1100598724311],[-118.558428055597,34.1100756158266],[-118.558395349734,34.1100940955508],[-118.558361933304,34.1100825343811],[-118.558315873984,34.1100953889677],[-118.558285771439,34.1101209054986],[-118.558305218168,34.1101466347399],[-118.558293306508,34.1101665365367],[-118.558271594227,34.1101813918512],[-118.55827168855,34.1101816343202],[-118.558242627153,34.1101854848161],[-118.55821744468,34.1102144516663],[-118.558197471538,34.1102365371537],[-118.558174671398,34.1102648963272],[-118.558152351856,34.1102885340469],[-118.558173608691,34.1103149140349],[-118.558208681615,34.1103259329656],[-118.558244381562,34.1103387503268],[-118.558276201686,34.1103540637723],[-118.55831192499,34.1103648692364],[-118.55832936668,34.1103999267402],[-118.558315666473,34.1104271739264],[-118.558279355671,34.1104398187182],[-118.558248194012,34.1104502396437],[-118.558250539514,34.1104794399462],[-118.558273811269,34.1105019411301],[-118.558309601947,34.1105022207865],[-118.558340924404,34.1105159447727],[-118.558357992395,34.1105369115564],[-118.55836101792,34.1105406266706],[-118.55835864547,34.1105422867576],[-118.558333244707,34.1105600605456],[-118.558296425458,34.110578804201],[-118.558290563951,34.1106125756448],[-118.558289560533,34.1106463054243],[-118.558307841249,34.110670787955],[-118.558303350571,34.11070096177],[-118.558283690042,34.1107256517953],[-118.558292229428,34.1107542830227],[-118.558314319899,34.110775130745],[-118.558301184733,34.1108031662004],[-118.558280071629,34.1108302131842],[-118.558296565595,34.110857765175],[-118.558311067997,34.1108828463742],[-118.558332796448,34.1109148839844],[-118.558359844721,34.1109445549285],[-118.558359774652,34.1109760897317],[-118.55836379641,34.1110049276403],[-118.558382107668,34.1110347145797],[-118.558397854237,34.1110661437351],[-118.558398543245,34.1111002548834],[-118.558379860982,34.1111464536269],[-118.558347188357,34.1111540251162],[-118.558343034547,34.1111818752496],[-118.558336660102,34.1112096219911],[-118.558343320211,34.1112372549282],[-118.558360061215,34.1112685694693],[-118.558383986944,34.1112989654552],[-118.558349742267,34.1113175735826],[-118.558348708306,34.1113476958475],[-118.558376368332,34.1113694255221],[-118.558381783377,34.1114021843943],[-118.558369344405,34.1114344590668],[-118.558365743957,34.1114619781353],[-118.55834371547,34.1114959269848],[-118.558330608151,34.1115261957064],[-118.558310423007,34.1115507672334],[-118.558296994092,34.1115779456232],[-118.558298913792,34.1116056223217],[-118.558287081183,34.1116315906012],[-118.558273269585,34.1116598027869],[-118.558295673568,34.111682321507],[-118.558295577449,34.1117121156455],[-118.558283110629,34.1117388752488],[-118.55825179446,34.1117666894894],[-118.558232124949,34.1117898968987],[-118.558222074597,34.1118179617681],[-118.558208005183,34.1118432620903],[-118.558198399498,34.1118704827802],[-118.558184131556,34.1119015538791],[-118.558172280083,34.1119311924956],[-118.558206364859,34.1119455380286],[-118.558237130361,34.1119558561305],[-118.558251056943,34.1119861767504],[-118.558243745555,34.112017811572],[-118.558205665072,34.1120264287008],[-118.558200112585,34.1120538479138],[-118.558172939446,34.1120746187092],[-118.558150539954,34.1121019367563],[-118.558132342782,34.112131742647],[-118.558105198389,34.1121525379671],[-118.558079090652,34.1121725270547],[-118.55805776824,34.1122015028933],[-118.558033178656,34.1122273244709],[-118.558009142434,34.1122618434705],[-118.558002496697,34.1122894768076],[-118.557989923877,34.1123242092383],[-118.557954397304,34.1122943632529],[-118.557905059133,34.1122827726339],[-118.557899866871,34.1123173778859],[-118.557911798295,34.1123493056215],[-118.55793326803,34.1123729011087],[-118.557942664408,34.1124062493861],[-118.55794455626,34.1124124425937],[-118.557920592801,34.112429447695],[-118.557950767212,34.1124327871324],[-118.557950999875,34.1124335487323],[-118.55793713887,34.1124611604446],[-118.557913412567,34.112480342491],[-118.557902878922,34.1125075622321],[-118.557921842358,34.112531537731],[-118.557951345727,34.1125452941129],[-118.557984779225,34.1125503947432],[-118.558019729079,34.1125501002186],[-118.558050426309,34.1125631463174],[-118.558082936339,34.112557995113],[-118.558114751074,34.1125490805388],[-118.558117230424,34.1125765947823],[-118.558140590214,34.1126026356511],[-118.558143709165,34.1126314462302],[-118.558137800945,34.1126561468483],[-118.558104566873,34.1126829552403],[-118.558067695522,34.1126723010531],[-118.558032829211,34.1126730373635],[-118.558002789548,34.1127002377051],[-118.558003736372,34.1127327305441],[-118.558000257197,34.1127623428383],[-118.557999051658,34.112772600597],[-118.557983579974,34.1127972372116],[-118.557969338982,34.112823229669],[-118.557907138733,34.1128424912142],[-118.557891317604,34.1128454669433],[-118.557868464464,34.1128497650532],[-118.557854829834,34.1128762111795],[-118.557818328589,34.1128881929276],[-118.55779515475,34.1129079854925],[-118.557764238331,34.1129277118593],[-118.557737649097,34.1129484883902],[-118.557723308392,34.1129148696031],[-118.557708575123,34.1129429489741],[-118.557712486388,34.1129742844523],[-118.557713161921,34.113009756628],[-118.557722694842,34.1130403691617],[-118.55775656043,34.1130507860481],[-118.557783924911,34.1130683376732],[-118.557787935888,34.113097940925],[-118.557803829781,34.1131265564745],[-118.557831454772,34.113144798278],[-118.557867704489,34.1131504470112],[-118.5578925995,34.1131691871177],[-118.55790472496,34.1132021899843],[-118.557921499201,34.1132265765762],[-118.557946052853,34.1132523956096],[-118.557960708867,34.1132819095478],[-118.557969939955,34.1133120683003],[-118.557962368954,34.1133426680809],[-118.557951817342,34.113369221152],[-118.557953334597,34.1133968362775],[-118.557915382573,34.1133943968054],[-118.557882499742,34.1133886908204],[-118.557887893227,34.1134238511948],[-118.557906285334,34.1134514194468],[-118.557904742028,34.113452889079],[-118.557905357374,34.1134539295726],[-118.557884751818,34.1134735345824],[-118.55785521072,34.1134979924951],[-118.557817024236,34.113508289583],[-118.557776059262,34.1135179812648],[-118.557739027113,34.1135299658969],[-118.557704217395,34.1135356331979],[-118.557669109437,34.1135293233053],[-118.557631958711,34.113511625259],[-118.55759465527,34.1135097383894],[-118.55759920883,34.1135391622453],[-118.557631311025,34.1135483273556],[-118.557662905672,34.1135631210895],[-118.557693259746,34.1135834653514],[-118.557716341957,34.1136036973037],[-118.5577213842,34.1136316358793],[-118.557751782291,34.1136475385139],[-118.557784792683,34.113655649734],[-118.557790267915,34.1136844465672],[-118.55778314158,34.1137122155437],[-118.557776666523,34.1137403013437],[-118.557808058151,34.1137554111328],[-118.557844426445,34.1137645710135],[-118.557852086379,34.1137965844763],[-118.557846404535,34.1138255203405],[-118.557824706628,34.1138544026457],[-118.557796801362,34.1138748286486],[-118.557817336849,34.1139019051435],[-118.557814247543,34.1139362040574],[-118.557802703293,34.1139681549814],[-118.557785939832,34.1139960874867],[-118.557790407154,34.1140279104655],[-118.557797129247,34.1140565048759],[-118.55783149879,34.1140642739384],[-118.557868007221,34.11406774049],[-118.557896265525,34.1140851788563],[-118.55791960196,34.1141097273278],[-118.557907986743,34.1141381179271],[-118.557895560348,34.1141662422599],[-118.557903361317,34.1142050213225],[-118.557911702175,34.1142391312051],[-118.557931642079,34.114264425597],[-118.55796726567,34.1142850262783],[-118.558001430397,34.1142978021343],[-118.558035738854,34.1143078536926],[-118.558066699291,34.1142970665818],[-118.558090816361,34.1142757452254],[-118.558129989196,34.1142701307791],[-118.558162964553,34.1142805095837],[-118.558182563098,34.1143072646557],[-118.558208614241,34.1143280058922],[-118.558204290649,34.1143579694136],[-118.558173049041,34.1143779825232],[-118.558151585593,34.1143991632884],[-118.558145645034,34.1144266382559],[-118.558117800854,34.1144034605756],[-118.558081858361,34.1144050424949],[-118.558080737264,34.1143761254223],[-118.558051265336,34.1143903961673],[-118.55801777704,34.1144027369237],[-118.557992855079,34.1144238462844],[-118.558006291181,34.1144506362665],[-118.557975634375,34.1144363714816],[-118.557946511892,34.1144533218835],[-118.557925299973,34.1144753125539],[-118.557893768209,34.1144647545339],[-118.557861882508,34.1144881932473],[-118.557846155702,34.114516438692],[-118.557836250878,34.1145464594139],[-118.557843768878,34.1145764362451],[-118.557853586566,34.1146032224603],[-118.557890229745,34.1146118772559],[-118.557921322233,34.1146255046341],[-118.557932040033,34.114656290616],[-118.55793441967,34.1146929133805],[-118.557951447236,34.1147251496109],[-118.557968411022,34.1147581012968],[-118.557990302966,34.1147842991646],[-118.55801855049,34.1148027763727],[-118.558039870206,34.1148339103552],[-118.5580479784,34.1148669995885],[-118.558052895778,34.1149019414359],[-118.558079199348,34.1149202326863],[-118.558105966448,34.1149422641404],[-118.558126254899,34.1149643231067],[-118.558140671961,34.1149898575056],[-118.558121933104,34.1150341881135],[-118.558089559618,34.1150434237158],[-118.558069816445,34.1150718392885],[-118.558059077984,34.1150991652922],[-118.558040535858,34.1151224164108],[-118.558020296815,34.1151469683],[-118.558007133801,34.115176593136],[-118.558011103456,34.1152132060068],[-118.558029051795,34.1152378292672],[-118.558014575445,34.1152645007393],[-118.55803904196,34.1152839298103],[-118.558046930965,34.1153111798856],[-118.558058095227,34.1153380566024],[-118.558060066131,34.1153710928341],[-118.558065956384,34.115400388122],[-118.558041160187,34.1154196193314],[-118.558023714006,34.1154470664496],[-118.558026158322,34.1154786992331],[-118.558052795167,34.1154999533512],[-118.558080322242,34.1154763795605],[-118.558121308775,34.1154830953806],[-118.558122125344,34.1155105789208],[-118.55809021988,34.1155285375955],[-118.558080448006,34.115555414987],[-118.558080006035,34.115593686938],[-118.55807429814,34.1156228624095],[-118.558061882524,34.1156529757039],[-118.558046601283,34.1156778152592],[-118.558032698057,34.115709137081],[-118.558002641326,34.1157374007108],[-118.557975265168,34.1157604649801],[-118.55796470637,34.1157886787635],[-118.557949558978,34.1158139890539],[-118.557946707725,34.1158420585378],[-118.557952905202,34.115873878591],[-118.557960754681,34.1158834428257],[-118.557974944469,34.1159007305863],[-118.557980043307,34.1159069428747],[-118.557996623512,34.1159204108883],[-118.558004637383,34.1159291897503],[-118.558017169779,34.1159429173183],[-118.558015886985,34.1159487993924],[-118.558011067523,34.1159708878449],[-118.557979738778,34.1159604772679],[-118.558005691106,34.1159898021003],[-118.558037866963,34.1159978721913],[-118.558069906276,34.1160101487534],[-118.558076717303,34.1160121619993],[-118.558086759569,34.1160151309235],[-118.558104393498,34.1160203436459],[-118.558136491202,34.1159865267633],[-118.55815754861,34.1160118414567],[-118.558160266014,34.1160225413338],[-118.558164867185,34.1160406531057],[-118.558187817344,34.1160635447497],[-118.558208432781,34.1160910236389],[-118.558232588479,34.1161099170434],[-118.558260067944,34.1161271036121],[-118.558290013284,34.1161533642718],[-118.558284325151,34.1161875008861],[-118.558281688596,34.1162151835134],[-118.558293425984,34.1162412173123],[-118.558281453237,34.1162685845863],[-118.558272295811,34.1163033005088],[-118.558272756647,34.1163080342605],[-118.558275398592,34.1163351493933],[-118.558268203985,34.1163682201901],[-118.558261965186,34.1163991289943],[-118.558250190069,34.1164300489429],[-118.558253477903,34.1164586113051],[-118.558286817976,34.1164702682862],[-118.558323462952,34.1164846561848],[-118.558312584354,34.1165113518062],[-118.558299276711,34.1165435531327],[-118.558274555973,34.1165634467309],[-118.558258441993,34.1165877408769],[-118.558221074772,34.1166023897988],[-118.558197851526,34.1166223577545],[-118.558204429888,34.1166516764078],[-118.558221222096,34.1166762263655],[-118.558249630418,34.1166938040119],[-118.558268173443,34.1167169446227],[-118.558262042441,34.1167499580045],[-118.55827392266,34.1167803810254],[-118.558292093782,34.1168047249377],[-118.558285561233,34.116835588216],[-118.55831740112,34.1168258076689],[-118.558344367647,34.1168477992099],[-118.558330853392,34.1168766202424],[-118.558344513174,34.1169027244902],[-118.558327363437,34.1169295895456],[-118.558322014867,34.1169588917307],[-118.558328056936,34.1169883753709],[-118.558300378046,34.1170071533],[-118.558274576634,34.1170295471406],[-118.55826971046,34.1170623752167],[-118.55824490528,34.1170828398615],[-118.55824440402,34.1171202305701],[-118.558284484153,34.1171099547459],[-118.558317416392,34.1170960637513],[-118.558322711062,34.1171273515809],[-118.558307750519,34.1171559151951],[-118.558331055512,34.1171790616291],[-118.558361983609,34.1171912517496],[-118.558393900751,34.1171789924642],[-118.558419289836,34.1171562758936],[-118.558459921535,34.1171621735012],[-118.558502914904,34.1171667450764],[-118.558534449364,34.1171874714812],[-118.558568719194,34.1171991001009],[-118.558590955192,34.1172195543007],[-118.558588339298,34.1172505297274],[-118.558551724865,34.1172642957538],[-118.558538235763,34.1172913235662],[-118.558524327148,34.1173166014275],[-118.558503846457,34.1173388680124],[-118.558477524921,34.1173665123338],[-118.558461478315,34.1173929228373],[-118.558426673988,34.1174018592122],[-118.558390192506,34.117388919466],[-118.558380012797,34.1174153745849],[-118.558361757234,34.1174457341515],[-118.558328098259,34.117449153711],[-118.558289665636,34.1174466927883],[-118.558272573391,34.117471675352],[-118.558289577601,34.1175039053174],[-118.558312800848,34.1175359084404],[-118.558325221853,34.1175645351314],[-118.558317231339,34.1176023287149],[-118.558322184649,34.1176301261533],[-118.558303930882,34.1176572988711],[-118.558320085286,34.1176858347892],[-118.558342804578,34.1177063781157],[-118.558340088073,34.1177364014239],[-118.55834413678,34.1177691771664],[-118.558353480157,34.1177982358698],[-118.558351730239,34.1178294817923],[-118.558319528331,34.1178222277178],[-118.558284372762,34.117805688515],[-118.558248017943,34.1177900833996],[-118.558219910556,34.1177748226159],[-118.558206840967,34.1178075455406],[-118.558173075092,34.1178168492607],[-118.558166767122,34.1178462039413],[-118.558146278347,34.1178696603101],[-118.558112596015,34.1178610653441],[-118.558075562069,34.1178571200037],[-118.558045810765,34.1178381987288],[-118.55802949197,34.1178664304117],[-118.558004536771,34.1178885005145],[-118.557968090324,34.1178959620761],[-118.557968074154,34.1179321089561],[-118.558029487478,34.1179142154939],[-118.55801388464,34.1179408764538],[-118.557999459493,34.1179690530685],[-118.55800495359,34.1179822277355],[-118.558010390194,34.1179952625846],[-118.55801167209,34.1179983370446],[-118.558002348475,34.1180197489378],[-118.557999606817,34.1180260488272],[-118.55800188764,34.1180381361949],[-118.558005514138,34.1180573489557],[-118.558018772374,34.1180846137551],[-118.558038521835,34.1181126757921],[-118.558058150922,34.1181349280371],[-118.558054134555,34.118162550531],[-118.558049543265,34.1181946329805],[-118.558085817237,34.1181855219201],[-118.558119232768,34.1181761989044],[-118.558157500101,34.1181796727244],[-118.558192678128,34.1181726157603],[-118.55819894208,34.1181713589082],[-118.558230841256,34.1181501493397],[-118.558268360292,34.1181585010867],[-118.558289409616,34.1181868814025],[-118.558322269091,34.1182024804951],[-118.558354761155,34.1182204103376],[-118.558367287263,34.118236135109],[-118.558410882504,34.1182553641862],[-118.558411459222,34.1182569036426],[-118.558416253531,34.1182503204211],[-118.558446562688,34.1182701147059],[-118.558464790404,34.1182979677022],[-118.55846299557,34.118328708469],[-118.558448165283,34.118354855403],[-118.558449243261,34.1183577320264],[-118.558454752629,34.1183724319568],[-118.55845873486,34.1183720980365],[-118.558467729691,34.1183857099349],[-118.558501402141,34.118385689855],[-118.558539028975,34.1183759511344],[-118.558553444241,34.1183820739972],[-118.558575088249,34.1183912660995],[-118.558588026684,34.1183992853899],[-118.558601595737,34.1184076958644],[-118.558588325823,34.1184340286983],[-118.558597948577,34.1184428720009],[-118.558592142765,34.1184564556274],[-118.558578844105,34.1184857914936],[-118.558578273675,34.1184926268099],[-118.55857629828,34.1185162837975],[-118.558568030186,34.11854377602],[-118.558567199244,34.1185740169338],[-118.558540165344,34.1185930198506],[-118.558502198947,34.1186116330666],[-118.558521469607,34.1186366584205],[-118.558523862719,34.1186680274866],[-118.558511339305,34.1186975715139],[-118.558508371271,34.1187310853726],[-118.558507287903,34.1187599898007],[-118.558492471989,34.1187861871726],[-118.558460553051,34.1187939245655],[-118.558438651226,34.1187722161344],[-118.558418076212,34.1187493973619],[-118.558405745038,34.1187234691961],[-118.558384429813,34.1186958625031],[-118.5583602822,34.1186746129067],[-118.558322087631,34.1186841656693],[-118.558298390074,34.1187105281648],[-118.558319195954,34.118732350397],[-118.558340495908,34.1187559463347],[-118.558352557587,34.1187822961651],[-118.558362802873,34.1188102545971],[-118.558395760264,34.1188327245608],[-118.558428359227,34.1188256669075],[-118.558468358512,34.1188229286271],[-118.558500104076,34.118838380351],[-118.5585364032,34.1188282557054],[-118.558572024994,34.1188419746222],[-118.55859604864,34.1188410933453],[-118.558622940606,34.118860251634],[-118.558651091112,34.1188726162801],[-118.558652816776,34.1188733741036],[-118.558654645746,34.1189009123189],[-118.558646430653,34.1189128188443],[-118.558637265142,34.1189261011997],[-118.558623309814,34.1189511435654],[-118.558618511013,34.1189662717596],[-118.558614548545,34.1189810846255],[-118.558624027568,34.1190085841338],[-118.558634177632,34.1190184930872],[-118.558647995518,34.1190319821723],[-118.558654613406,34.1190604692866],[-118.558656170187,34.1190906058988],[-118.558656048914,34.1190928414352],[-118.558654442727,34.1191224849687],[-118.558651259097,34.1191525888364],[-118.558621634456,34.1191628711057],[-118.558606154687,34.1191832787216],[-118.558616536516,34.1192118877502],[-118.558634896284,34.1192353363034],[-118.558669814698,34.1192514855331],[-118.558697483707,34.1192741346088],[-118.558732910567,34.1192934169955],[-118.558741306221,34.1193217225615],[-118.558722113715,34.1193455570589],[-118.558717093031,34.119375486824],[-118.558747633954,34.1193948063721],[-118.558782468824,34.1194047665947],[-118.55882265406,34.1194114858213],[-118.558848373725,34.1193935599498],[-118.558883209493,34.1194104855602],[-118.558914955956,34.1194227051066],[-118.558950948754,34.1194285058766],[-118.55898406874,34.1194358356695],[-118.558989444259,34.1194655244477],[-118.558993207302,34.1194974033762],[-118.558972358302,34.1195224968872],[-118.558942788458,34.1195375052456],[-118.558913864503,34.1195579388002],[-118.558885072599,34.1195772300465],[-118.55884847254,34.1195748115759],[-118.558810186342,34.1195771958368],[-118.558773227855,34.1195916694745],[-118.558767783166,34.1196246899146],[-118.55878112225,34.1196509450261],[-118.558809517097,34.1196687325174],[-118.558848874985,34.1196764705732],[-118.558870806454,34.1197070717697],[-118.558871378681,34.1197078690011],[-118.558869760815,34.1197366258456],[-118.55887029711,34.1197491495123],[-118.558871250222,34.1197714072762],[-118.558857434133,34.1197875296308],[-118.558850543156,34.119795569612],[-118.55881285883,34.1197948051036],[-118.558774107306,34.119793060418],[-118.558740318074,34.1198033307105],[-118.55874717222,34.1198361562224],[-118.558741515529,34.1198662739661],[-118.558745031535,34.1199315307759],[-118.558766936055,34.1199543834388],[-118.558787304455,34.1199790105246],[-118.558810825044,34.1200027243601],[-118.558832424137,34.1200256506284],[-118.558835369713,34.1200635844117],[-118.558822784316,34.1200918384058],[-118.55879670802,34.1201120799564],[-118.558768658125,34.120132853235],[-118.558733033636,34.1201452838827],[-118.558692067764,34.1201492454774],[-118.558660696798,34.1201605977838],[-118.558632005506,34.1201780653847],[-118.558629039269,34.1202090724498],[-118.558595813281,34.1202149765376],[-118.558560259759,34.1202234805353],[-118.558527796441,34.1202178977186],[-118.558502125285,34.1201990565458],[-118.558496818937,34.120168451809],[-118.558476891609,34.1201372543464],[-118.558444307019,34.1201301246648],[-118.558414163151,34.1201452124893],[-118.558401172614,34.1201709141398],[-118.558387016063,34.1202048550316],[-118.558379916677,34.1202418747502],[-118.558354078435,34.1202648314445],[-118.558347360833,34.1203003325408],[-118.558376796828,34.120324589173],[-118.558417198558,34.1203376325852],[-118.558450735363,34.1203482471354],[-118.558463014434,34.1203814517127],[-118.558471984113,34.1204190291138],[-118.558480859468,34.1204458856154],[-118.558503815915,34.120471039083],[-118.558532159559,34.1204906238742],[-118.558540334228,34.120520488534],[-118.558540451009,34.120520916893],[-118.558558805386,34.1205470393515],[-118.558583710279,34.1205661533767],[-118.558594393045,34.1205979612409],[-118.558559917501,34.1206027237556],[-118.558522407448,34.120600848943],[-118.558503294892,34.120590441167],[-118.55848579571,34.1205809124175],[-118.558459009745,34.1205614726645],[-118.558418862238,34.1205629362237],[-118.558401923605,34.120591208643],[-118.558408028556,34.1206229242816],[-118.558410541144,34.1206546443704],[-118.558417698022,34.1206843565185],[-118.558424658168,34.1207152630015],[-118.558408370814,34.120744715585],[-118.558401224716,34.1207758674592],[-118.55840184635,34.1208054419845],[-118.558394901475,34.1208358293374],[-118.558387121166,34.1208707211235],[-118.558374855569,34.1209054723405],[-118.558341737379,34.1209319895718],[-118.558305080726,34.1209468682804],[-118.55827769828,34.1209637259055],[-118.558237249837,34.1209728887239],[-118.558200289553,34.1209690729281],[-118.55819556711,34.1209998989902],[-118.558223255882,34.1210218217714],[-118.558193083268,34.1210344627482],[-118.558171173358,34.1210622471596],[-118.558148255539,34.1210830477207],[-118.558132943755,34.1211079972322],[-118.558114805871,34.1211317672702],[-118.55807784918,34.1211451771889],[-118.558042937953,34.1211511436799],[-118.558010627349,34.1211627018493],[-118.557978579951,34.1211529656794],[-118.557958262754,34.1211766895971],[-118.55792191602,34.1211907182445],[-118.557920979077,34.1212086898428],[-118.557918771018,34.1212084236079],[-118.557916596197,34.1212206637174],[-118.557880482126,34.1212316462747],[-118.557847584922,34.1212348299369],[-118.557809453234,34.1212184371613],[-118.557776071838,34.1212303002273],[-118.557762283597,34.1212130046321],[-118.557756564922,34.1212058289335],[-118.557718520371,34.1212036328677],[-118.557684372712,34.1211939041393],[-118.557655817066,34.1211772637126],[-118.557626408919,34.1211554554975],[-118.557588729084,34.1211571205819],[-118.557585982036,34.1211857319173],[-118.557562535109,34.1212081804269],[-118.557540388942,34.1212308431083],[-118.557532903281,34.1212657585289],[-118.557539787969,34.1212956266333],[-118.557570386384,34.1213806714348],[-118.55757184435,34.1213943981179],[-118.557573858373,34.1214133409072],[-118.557540494045,34.1214113434069],[-118.5575585942,34.1214421150199],[-118.557561374485,34.1214698643448],[-118.557522046242,34.1214703179838],[-118.557493966703,34.1214468269175],[-118.557483720519,34.1214170191038],[-118.557453526346,34.1214105380112],[-118.557429816212,34.1214102554163],[-118.557414778414,34.1214115932804],[-118.557405804245,34.1214123912394],[-118.557392592722,34.1214389975522],[-118.557414637379,34.1214630976868],[-118.557380993675,34.1214740965734],[-118.557376588337,34.1215072337783],[-118.557374375786,34.121534865582],[-118.557414788296,34.121535106531],[-118.557449358163,34.121534484823],[-118.557456684822,34.1215676725737],[-118.557461826779,34.1215973799389],[-118.557438275647,34.121623762349],[-118.557425421654,34.1216525401084],[-118.557430283336,34.1216596785856],[-118.557440877168,34.1216752301864],[-118.557442756444,34.1216779891972],[-118.557465372429,34.1217053807401],[-118.557451593171,34.1217340788993],[-118.557424165809,34.1217534328609],[-118.557383799113,34.1217657695682],[-118.557362149715,34.1217782951654],[-118.557345868649,34.1217877152045],[-118.557317283358,34.1218058480518],[-118.557281507054,34.1218090510278],[-118.557248648477,34.1218231420384],[-118.557219693979,34.1218369385544],[-118.557193084084,34.1218448667906],[-118.557181148168,34.1218473521263],[-118.557153736976,34.1218509908896],[-118.55711845205,34.1218563579351],[-118.55708030599,34.1218547724369],[-118.557058272112,34.1218775717797],[-118.557058016991,34.121885089508],[-118.557057205812,34.1219090259089],[-118.557021425016,34.1219285888007],[-118.556992350143,34.1219505366257],[-118.556949752033,34.1219564859555],[-118.556909877614,34.12195181945],[-118.556881258187,34.1219402145375],[-118.556871005715,34.1219367170746],[-118.556847028782,34.121928835698],[-118.556807029497,34.1219212227842],[-118.556771987116,34.1219037153854],[-118.55674878992,34.1218753370606],[-118.556735367293,34.1218440688357],[-118.556697371252,34.1218457264699],[-118.556661102671,34.1218661014607],[-118.556646277774,34.1219007124593],[-118.556648414866,34.1219298708817],[-118.5566510092,34.1219352632068],[-118.556658779627,34.1219514156392],[-118.55666237199,34.1219588835354],[-118.556666946212,34.1219876091241],[-118.556667953223,34.1220155114651],[-118.556665188209,34.1220463163231],[-118.556637247908,34.1220648425138],[-118.556606866885,34.1220774335092],[-118.556581299036,34.1220870007607],[-118.556569117881,34.1220915586837],[-118.556538232903,34.1221018651365],[-118.556507898592,34.1221176962739],[-118.556485873698,34.1221396291766],[-118.556512277879,34.1221640704535],[-118.556544258802,34.1221712535074],[-118.556584029016,34.1221750893278],[-118.556606569543,34.1221746981605],[-118.556615659595,34.1221745405036],[-118.556620143985,34.1221744631625],[-118.556625269772,34.1221745680192],[-118.556630478204,34.1221746758505],[-118.556637821033,34.122174827558],[-118.556653891894,34.122175157745],[-118.556694982632,34.1221714654517],[-118.556738993792,34.1221648795603],[-118.556763317475,34.1221449612515],[-118.556799026406,34.1221225085286],[-118.556813803693,34.1221131814849],[-118.556819346298,34.1221096832855],[-118.556824861954,34.1221062014465],[-118.556828927729,34.122103635059],[-118.556857272271,34.1220884724738],[-118.556899784143,34.1220900140914],[-118.556941585448,34.1220896482082],[-118.556980549874,34.1221008604452],[-118.557013547689,34.1221056303119],[-118.557047236309,34.1221098097085],[-118.557081543868,34.1221189835576],[-118.557117464801,34.1221241259994],[-118.557147994046,34.1221362551702],[-118.557184326408,34.1221468575961],[-118.557207854184,34.1221721615215],[-118.557191901901,34.1221969009983],[-118.557204931066,34.1222245690162],[-118.557229770381,34.1222447483322],[-118.557210762928,34.1222766403426],[-118.557213186583,34.1223083397322],[-118.557176631439,34.1223088997105],[-118.557144219325,34.1223243232818],[-118.557117073136,34.1223427936369],[-118.557109772528,34.1223700421814],[-118.557106586203,34.1223866548578],[-118.557104069124,34.1223997834731],[-118.557086770266,34.1224254189962],[-118.557068294616,34.1224370684618],[-118.557059289903,34.1224427455771],[-118.557070119094,34.1224771131624],[-118.557100757035,34.1224885923224],[-118.557131496486,34.1225039712413],[-118.55714537905,34.1225117201926],[-118.557153820519,34.1225176813815],[-118.557166591868,34.1225267019922],[-118.557167650981,34.1225274493717],[-118.557169508697,34.1225285752747],[-118.557187095016,34.1225443721239],[-118.55721178611,34.122564236795],[-118.557239330253,34.1225906449316],[-118.557261676744,34.1225959308711],[-118.557276343537,34.1226085024523],[-118.557294408658,34.1226239876928],[-118.557273557862,34.1226425717624],[-118.557288425878,34.1226701459333],[-118.557260498154,34.1226872025156],[-118.557231817642,34.1227036232656],[-118.557253529922,34.1227270262309],[-118.557227814749,34.1227443490318],[-118.557196470732,34.1227334640903],[-118.557217729363,34.1227056616366],[-118.557192662774,34.1226850496205],[-118.55715791504,34.1226856177766],[-118.557126468615,34.1226995911429],[-118.557135805704,34.1227268410597],[-118.557167627625,34.1227418704154],[-118.557198026614,34.1227573452202],[-118.557233785851,34.1227503265648],[-118.557211404325,34.1227715677005],[-118.557184774667,34.1227899695413],[-118.557211783415,34.1228083156036],[-118.557244300631,34.1227979884145],[-118.557271992098,34.1228102595275],[-118.55728075696,34.1228141436567],[-118.557284549648,34.1228269048383],[-118.557290249458,34.1228460770972],[-118.557279675389,34.1228751147209],[-118.557268809367,34.1228864859965],[-118.557252357621,34.1229094865923],[-118.557244595279,34.1229272466265],[-118.557221209437,34.1229514214464],[-118.557214269053,34.1229831599969],[-118.557209334607,34.1230161092088],[-118.557210012835,34.1230189581583],[-118.557216720555,34.1230471442358],[-118.55719391772,34.1230709062921],[-118.55716777944,34.1230782469241],[-118.557156957436,34.1230864189632],[-118.557144882282,34.123104127648],[-118.557140314349,34.1231112801322],[-118.557125307992,34.1231347811473],[-118.557104211058,34.1231602297899],[-118.557072614614,34.1231656763235],[-118.557070228689,34.1231660883086],[-118.557038891858,34.1231512531225],[-118.557005260731,34.1231388638177],[-118.556970233621,34.1231341951465],[-118.556936027572,34.1231296179446],[-118.556897299403,34.1231321367071],[-118.556869660039,34.1231147098738],[-118.556831111533,34.1231046757226],[-118.55681774011,34.123115204405],[-118.556802338495,34.1231273297154],[-118.556772936635,34.1231469845387],[-118.556738847367,34.1231499606489],[-118.556378012084,34.1231797685952],[-118.556377818047,34.1231903285019],[-118.556361768747,34.1232831834889],[-118.556361027637,34.1233237364483],[-118.556360283831,34.1233642908755],[-118.556438652857,34.1234726567844],[-118.556548099998,34.1236076631364],[-118.556546133586,34.1237150136502],[-118.556511604143,34.1238768296645],[-118.556467710661,34.1239115357708],[-118.556400427745,34.1239647364041],[-118.556398106498,34.1240911721778],[-118.556397999599,34.1240970001425],[-118.556369655056,34.1241137307195],[-118.556353679417,34.1241307929598],[-118.556333236457,34.1241554597298],[-118.556303775309,34.1241526189988],[-118.556294544221,34.1241517288535],[-118.556249079586,34.1241362505855],[-118.556213349994,34.1241270405166],[-118.556176004332,34.1241368663253],[-118.556142146829,34.1241383699796],[-118.556097944327,34.124134591509],[-118.556068278364,34.1241637863433],[-118.556046794255,34.1241875904737],[-118.556020019968,34.1242083768803],[-118.555993471158,34.1242296377281],[-118.555982809054,34.1242558356364],[-118.555983392061,34.1242903162624],[-118.555980068294,34.1242946018924],[-118.55596312517,34.1243164524293],[-118.555932615688,34.1243391685637],[-118.555903539917,34.124352661262],[-118.555870693917,34.1243735896642],[-118.555828465912,34.1243749854858],[-118.555728000127,34.1244510000928],[-118.555450000293,34.1243990000081],[-118.555429771131,34.1243576436842],[-118.55532432868,34.1244294113534],[-118.555316189943,34.124457765768],[-118.555303417696,34.1244848611838],[-118.555277323434,34.1245052518989],[-118.555251815771,34.1245243717221],[-118.555242444546,34.1245527127192],[-118.555227036643,34.1245858933362],[-118.555199722468,34.1245883131507],[-118.555185279355,34.1245895929604],[-118.555156619504,34.1246139933724],[-118.555148462801,34.1246494465369],[-118.555121609463,34.1246681268348],[-118.555087120444,34.1246791862832],[-118.55507586096,34.1247133083011],[-118.555070968735,34.124732953832],[-118.555068808287,34.1247416299003],[-118.55508132631,34.1247691654609],[-118.555082546222,34.124804374646],[-118.555077826474,34.1248408502367],[-118.555052798512,34.1248741259265],[-118.555020979286,34.1248851526278],[-118.554981879215,34.1248851675005],[-118.554941530486,34.1248869752905],[-118.554906653395,34.1249066981196],[-118.554869349954,34.1249046895472],[-118.554849509763,34.1249069569064],[-118.55481000006,34.124938000163],[-118.554784487008,34.1249549246636],[-118.554794055862,34.1249764455976],[-118.554798769323,34.1250090549332],[-118.554784873283,34.1250379914228],[-118.554748491514,34.1250565489344],[-118.554740131792,34.125085894409],[-118.554711657893,34.1251039001304],[-118.554684461398,34.1251246773881],[-118.554658982481,34.1251504057834],[-118.554628439762,34.1251686554043],[-118.554597037354,34.1251783487244],[-118.554563596669,34.125161006344],[-118.55454475271,34.1251412263141],[-118.554540554882,34.1251368195141],[-118.554521492632,34.125113751853],[-118.554483510963,34.1251079663458],[-118.554447378028,34.1250955810459],[-118.554426495791,34.1250694986619],[-118.554423375942,34.1250382018726],[-118.554407706628,34.1250090497277],[-118.554375781401,34.1249911852776],[-118.554344560454,34.1250096372028],[-118.554328613561,34.125036086963],[-118.554320548486,34.1250656800764],[-118.554312143848,34.1250975070698],[-118.554307794206,34.1251332998742],[-118.554309876501,34.1251628989028],[-118.55433239457,34.1251915416028],[-118.554333031475,34.1252035721734],[-118.554334043877,34.1252226903514],[-118.554323168872,34.1252509790599],[-118.554313680866,34.1252791599315],[-118.55432932323,34.1253135092602],[-118.55433534823,34.125344819333],[-118.554318656634,34.1253778010882],[-118.554296263431,34.1253996223435],[-118.554255047827,34.1254045727276],[-118.554233193613,34.1254269256754],[-118.554205570418,34.1254441534814],[-118.554053929408,34.1254409179232],[-118.553908885626,34.1253725896862],[-118.553866000054,34.1253719999827],[-118.553823463029,34.1253043097304],[-118.553750999528,34.1251889998489],[-118.553593000243,34.1248849994378],[-118.553222000522,34.1247519999832],[-118.552722000031,34.1247829994219],[-118.552130000378,34.1248590002766],[-118.551767000154,34.124801000746],[-118.551208000113,34.1250359999572],[-118.55082299925,34.1251980000964],[-118.550484999141,34.1253220001033],[-118.549384000573,34.1258369996013],[-118.548903000349,34.125801000365],[-118.548558000567,34.1257730003701],[-118.548202999842,34.1258290003507],[-118.547772999671,34.1259370002086],[-118.54749999986,34.1259720006907],[-118.546872000221,34.1259860002845],[-118.546662999984,34.1259759999375],[-118.546319999852,34.1258810002995],[-118.545945000832,34.125974999754],[-118.545480999428,34.126021999442],[-118.545155999738,34.1258890002888],[-118.545160999761,34.126100999729],[-118.544955999721,34.1263779998696],[-118.544617999613,34.126449000632],[-118.544298000844,34.1265729995478],[-118.543976999555,34.126704999681],[-118.54349200093,34.1268580002704],[-118.543308999733,34.1269310002304],[-118.542922999944,34.1271909999836],[-118.542567000292,34.1272239996091],[-118.541926000234,34.1274800000293],[-118.541532000049,34.127641999947],[-118.541134000564,34.1280449995523],[-118.540573999799,34.1283169999806],[-118.540081999705,34.1284169998852],[-118.539572000067,34.1284710000374],[-118.539182999904,34.1283520002209],[-118.539132999675,34.1282069998745],[-118.538586000228,34.1282770004318],[-118.538012000117,34.128496999575],[-118.537539999216,34.1285440000918],[-118.537438000905,34.1285429999387],[-118.537007000012,34.1288259996693],[-118.5361439984,34.1287640000274],[-118.535961604464,34.1286268759354],[-118.535866146787,34.1285554248883],[-118.535392490291,34.1287206856915],[-118.535323000214,34.1287450001401],[-118.535322845703,34.1287449845243],[-118.535322799889,34.1287450001401],[-118.535011200368,34.1287128993853],[-118.534556300695,34.1288975999522],[-118.533601599059,34.1287947994522],[-118.532569399763,34.1288859997111],[-118.531968499602,34.128807899559],[-118.531230399747,34.1290637003586],[-118.530632632909,34.1293406543552],[-118.530042543074,34.1293586695808],[-118.52886382586,34.1290325151013],[-118.528621232224,34.1289430126502],[-118.528372317144,34.1288511774136],[-118.52829999917,34.1288699995554],[-118.527767999791,34.1289700002931],[-118.527099999969,34.1289080000132],[-118.526643000035,34.1287999994892],[-118.526157000686,34.1286300005742],[-118.525669999716,34.1285359996101],[-118.525225999302,34.1286179994918],[-118.524715999664,34.1285479999605],[-118.524284000743,34.1285809997999],[-118.524023000627,34.1285540001351],[-118.523564999071,34.1284699998834],[-118.523128999951,34.1284549998031],[-118.522710999476,34.128405999671],[-118.522337000281,34.1281739998892],[-118.522071999967,34.1280159993976],[-118.521522000146,34.1281680004313],[-118.521269000426,34.1283249997394],[-118.521115999367,34.1284479994673],[-118.520916000248,34.12857599978],[-118.520744999646,34.1286849999981],[-118.520425999804,34.1289230007567],[-118.520111999984,34.1289139994186],[-118.519793000142,34.1288859997111],[-118.519478999424,34.1288580007379],[-118.519211000534,34.1288689994061],[-118.518998999924,34.128976999842],[-118.518806000478,34.129037999924],[-118.518643000271,34.1290499994595],[-118.518520999174,34.1290440000638],[-118.518227000345,34.1289279985253],[-118.517998999841,34.128973999398],[-118.51766699958,34.128984000134],[-118.517347999738,34.1289319998631],[-118.517190999379,34.1289250003104],[-118.516890999803,34.1287950002258],[-118.516687000487,34.1288260004128],[-118.516326999739,34.1288209996638],[-118.516179000499,34.1289069998644],[-118.516155567945,34.1289079293708],[-118.516106035738,34.1289056353491],[-118.515014515294,34.1289300255922],[-118.51350056658,34.1289792269374],[-118.513179110744,34.1285170167745],[-118.513199067716,34.1281864278675],[-118.513200718819,34.1281590860153],[-118.513383149586,34.1279391268914],[-118.513639146984,34.1277571815554],[-118.513733388342,34.1274866635866],[-118.513708805944,34.1272145957917],[-118.513592310621,34.1270895552603],[-118.513402482229,34.1269141504877],[-118.513242128459,34.1267514821445],[-118.51308538951,34.1266047635092],[-118.513062548946,34.1265992398602],[-118.513014518722,34.1265935303044],[-118.512969578704,34.1265871314074],[-118.512938896745,34.1265761592129],[-118.512899546044,34.1265612495189],[-118.512876003895,34.1265411195687],[-118.512835912983,34.1265194874892],[-118.512814952592,34.1264945656015],[-118.512801445523,34.1264687030189],[-118.512783583422,34.1264387266851],[-118.512784044258,34.1264029017138],[-118.512778178259,34.1263670878817],[-118.512778659756,34.1263295168422],[-118.512776157948,34.1262993820663],[-118.512775261429,34.1262766612532],[-118.512765437454,34.1262622631227],[-118.512646000148,34.1261659996368],[-118.512508000056,34.1261159994833],[-118.512384000207,34.1258679993858],[-118.512388000405,34.1256400000815],[-118.512272999879,34.1255759999576],[-118.512156000602,34.1253230002946],[-118.512091000305,34.1250849998117],[-118.511981999626,34.1249870000743],[-118.511913000029,34.1249329999276],[-118.511751999472,34.1248340005607],[-118.51161399938,34.1247349995906],[-118.511592999464,34.1246139993216],[-118.511533000088,34.1244150002664],[-118.511332000246,34.1242960006898],[-118.511163000192,34.1241980007815],[-118.511148144752,34.1242032420018],[-118.511112000138,34.1242159999992],[-118.511088041171,34.1242083173886],[-118.511088149867,34.1242042674902],[-118.511097507618,34.1241778866289],[-118.511090251027,34.1241276324596],[-118.511092151862,34.1240908360492],[-118.511085028222,34.1240618553602],[-118.511077847988,34.1240347895547],[-118.511000031426,34.1240867563993],[-118.510967004865,34.1241018003862],[-118.510983153879,34.1240746654343],[-118.510997041833,34.1240462253717],[-118.510985677246,34.1239750121389],[-118.510970639449,34.1239300712203],[-118.510968773648,34.1239022282593],[-118.510948329788,34.1238792071113],[-118.510930173938,34.1238524089612],[-118.510930129022,34.123821127338],[-118.510892589325,34.1238296599754],[-118.51084720464,34.123823522634],[-118.510820222842,34.1238433371801],[-118.510787920323,34.1238641013619],[-118.510597397533,34.1238603593179],[-118.51060773265,34.1238338764693],[-118.510574820175,34.1238304601426],[-118.510538683646,34.1238182999815],[-118.510526336302,34.1237916282325],[-118.510566678743,34.1238038002959],[-118.510558118697,34.123771995125],[-118.510581237739,34.1237939885778],[-118.51061404062,34.1237888031059],[-118.510413845669,34.1235897649259],[-118.510440999943,34.1235689999331],[-118.510415000004,34.1235489994097],[-118.510353901988,34.1234630093752],[-118.51033215647,34.123396531237],[-118.510366459538,34.1233838764839],[-118.51034281588,34.1232981673828],[-118.510340546735,34.1232706305995],[-118.510330948236,34.1232367273774],[-118.510293237859,34.1232373520476],[-118.510259690275,34.1232402054516],[-118.510227782116,34.1232211180588],[-118.509988700893,34.1232438880306],[-118.50999697797,34.1232159251152],[-118.509999455523,34.123186834809],[-118.509966147789,34.1231785594115],[-118.509930742489,34.1231641258016],[-118.509898261205,34.1231583713945],[-118.509863484725,34.1231576775638],[-118.509820145505,34.1231554473405],[-118.509785364533,34.1231352288281],[-118.50975233348,34.1231271490071],[-118.509717211149,34.1231348979012],[-118.509683854008,34.1231275215787],[-118.509648726287,34.1231114928178],[-118.50961282332,34.1231156513423],[-118.509579896472,34.1231241372006],[-118.509541540206,34.1231244673838],[-118.509515476486,34.1231438425931],[-118.509478311386,34.1231514286252],[-118.509451421216,34.123167648498],[-118.509434271479,34.1231915406601],[-118.509441661021,34.1232224350719],[-118.509103190195,34.1231200746081],[-118.509072535186,34.1231384652182],[-118.509032917685,34.1231288936238],[-118.50899765881,34.1231141268474],[-118.508963062892,34.1231110153906],[-118.508946287752,34.1230815502455],[-118.508909253806,34.123063774627],[-118.508877999621,34.1230477153641],[-118.508883068814,34.1230184368548],[-118.508881000892,34.1229908717214],[-118.508856739193,34.1229719263109],[-118.5088259692,34.1229474250312],[-118.508805952939,34.1229172146841],[-118.508775570119,34.1228855058552],[-118.50875279603,34.1228643324211],[-118.508733121129,34.1228416025046],[-118.508699060606,34.1228441458164],[-118.508663528644,34.1228425224101],[-118.508642374217,34.1228669203516],[-118.508607909453,34.1228630615092],[-118.508609072771,34.1228937366619],[-118.508601356243,34.1229223503843],[-118.508569872987,34.1229372161006],[-118.508549631249,34.1229113531735],[-118.508549298872,34.1229109330068],[-118.508528800216,34.1228850299141],[-118.508496198557,34.1228746975287],[-118.508457078723,34.1228668497041],[-118.508422520534,34.1228590926051],[-118.508410338481,34.1228294786405],[-118.508421014958,34.1228012337414],[-118.508450878551,34.1227391411857],[-118.508413721536,34.1227292557218],[-118.508394483216,34.1227059546385],[-118.508437061564,34.1224180939244],[-118.508396771225,34.1222411727973],[-118.508402999245,34.1222309994773],[-118.508415216333,34.1222190502866],[-118.508406119094,34.122211444092],[-118.508426911499,34.1221852514996],[-118.508447812601,34.1221501200523],[-118.508474627312,34.1221282451583],[-118.508508973499,34.1221155671616],[-118.508519149615,34.1221173928587],[-118.508539999512,34.1220970000804],[-118.508581000418,34.1220880002465],[-118.508632987721,34.1220801002924],[-118.508663679561,34.1220537834672],[-118.508701696263,34.1220611725257],[-118.508771308511,34.1219629997276],[-118.50878234162,34.1219330106413],[-118.508787659646,34.1219014300977],[-118.508801045442,34.1218729840985],[-118.508807832214,34.1218450422961],[-118.50893364127,34.1216121350814],[-118.508937428567,34.1216051259986],[-118.508931323616,34.1216117342437],[-118.508793999955,34.1215880000367],[-118.508750136119,34.1216364805775],[-118.508725303989,34.1216230104995],[-118.508690492475,34.1216005264039],[-118.508698419209,34.1215696343741],[-118.50866187754,34.121573148213],[-118.508621066178,34.1215446916919],[-118.508582763811,34.1215392941362],[-118.508556413529,34.1215170814579],[-118.50835836645,34.121269268662],[-118.508305087371,34.1212026028809],[-118.508331617316,34.1211706963357],[-118.508360959886,34.1211564430955],[-118.508381788224,34.1211317717322],[-118.508404662925,34.121109463013],[-118.508437896997,34.1210986202505],[-118.508475399864,34.1210864500287],[-118.508499367814,34.1210622672388],[-118.508515778237,34.120952918077],[-118.50857968259,34.1209039492932],[-118.508609061093,34.1208903303634],[-118.508678337371,34.1207822407673],[-118.508714973363,34.1207900753992],[-118.508731982065,34.1207872992549],[-118.50875534994,34.1207834849381],[-118.508787361406,34.1207676728865],[-118.508725207869,34.1207759775234],[-118.508696783377,34.1207284751681],[-118.508660000061,34.1206670005737],[-118.508438000303,34.1206880005376],[-118.50822099967,34.1208260001704],[-118.508081207439,34.1208554794876],[-118.508074000255,34.1208570003048],[-118.507991000415,34.1209579996084],[-118.507910858115,34.1209774422449],[-118.50789659197,34.1209549304616],[-118.507882034771,34.1209290609788],[-118.507852967085,34.1209103039998],[-118.507821586237,34.1208971922578],[-118.507788788746,34.1209016952129],[-118.507750887926,34.1208920571781],[-118.507729198103,34.1208631876878],[-118.507720713515,34.1208344974136],[-118.507698146937,34.1208075852597],[-118.50764559729,34.120788917495],[-118.507620204611,34.1207708952374],[-118.507582009144,34.1207755818874],[-118.507549846762,34.1207921465381],[-118.507513225143,34.1207991095804],[-118.507477981539,34.1207892796654],[-118.507449336061,34.1208044060434],[-118.507418774477,34.1207883894846],[-118.507428505028,34.120814653159],[-118.507434989068,34.120848381101],[-118.507434776167,34.1208497412843],[-118.507430529831,34.1208768839642],[-118.507424363795,34.1209054381315],[-118.507398730368,34.1209247617921],[-118.507391799866,34.1209587291535],[-118.507381050625,34.1209319367708],[-118.507371469194,34.1209589418445],[-118.507353191173,34.1209876157157],[-118.507346317264,34.1210165238346],[-118.507392523009,34.1210608207928],[-118.507374810029,34.1210854631735],[-118.507362734875,34.1211123633402],[-118.507327921564,34.1211195829234],[-118.507288130689,34.1211266812873],[-118.507207202363,34.1210111336819],[-118.507208604633,34.120996603768],[-118.507210187465,34.1209802087151],[-118.507196499835,34.120954192736],[-118.507180368787,34.120929548086],[-118.507167087196,34.1209008965054],[-118.507139767631,34.1208835815073],[-118.507110491536,34.1208656455364],[-118.507071568433,34.1208585516126],[-118.506915726901,34.1208661155394],[-118.506905291172,34.1208980393041],[-118.506781349714,34.1209226668588],[-118.506745417103,34.1209233242677],[-118.506711178714,34.1209236730515],[-118.50667537546,34.1209187186865],[-118.506652416318,34.1208973960249],[-118.50662601573,34.1208798995691],[-118.506591897716,34.1208746759911],[-118.506558163282,34.1208638941798],[-118.506533800971,34.1208394867361],[-118.506501519113,34.1208301826049],[-118.506474456467,34.1208027818543],[-118.506436684106,34.1207947293263],[-118.506395569114,34.1207697960834],[-118.506366201391,34.1207460698205],[-118.506402632567,34.1207462646639],[-118.506401692929,34.1207462341731],[-118.506365429738,34.120745447363],[-118.506364657187,34.1207448226744],[-118.506376541898,34.1207181358261],[-118.506393480531,34.1206878369286],[-118.5064225572,34.1206634628996],[-118.506437431504,34.1206322165369],[-118.506458988376,34.1205966010535],[-118.506166668498,34.1204787599608],[-118.506119159298,34.1204827379007],[-118.506087868281,34.1204652725938],[-118.506046822459,34.1204658824108],[-118.506005575415,34.1204559736271],[-118.505959684978,34.1204442242354],[-118.505994429119,34.1204450779795],[-118.505999396802,34.1204176986708],[-118.50600314637,34.1202866755861],[-118.505746000027,34.1203049998812],[-118.505521999721,34.1201659998896],[-118.505466009526,34.1201044118466],[-118.505361999887,34.1199900006801],[-118.505308000359,34.1198050002836],[-118.505318000405,34.119559000042],[-118.50516599917,34.1196050000629],[-118.504978999573,34.1196219999997],[-118.50484099948,34.1195669998857],[-118.504772999708,34.1194790000752],[-118.504903000303,34.1193839998305],[-118.504964000402,34.1192350001554],[-118.50486100047,34.1191419994216],[-118.504746999769,34.1189949998523],[-118.504586000111,34.1189059999231],[-118.504489000026,34.118808000461],[-118.504467931838,34.1187676201041],[-118.504623838049,34.1186716225088],[-118.504595154842,34.1186532026667],[-118.504590161107,34.1186170084984],[-118.504586177977,34.1185823641768],[-118.50458576026,34.118546108995],[-118.504584826012,34.1185166801878],[-118.5045900048,34.1184824485768],[-118.504592251487,34.1184531149405],[-118.504629377959,34.1184245011931],[-118.504646015656,34.1183909165617],[-118.504664645817,34.1183649377145],[-118.504667602173,34.118332440346],[-118.504680058212,34.1183058709844],[-118.504683604761,34.1182773323008],[-118.504687852894,34.1182433541942],[-118.504710644051,34.1182204519847],[-118.504737557577,34.1181964044722],[-118.504738178313,34.1181662920834],[-118.504751727602,34.1181406946852],[-118.504768367096,34.1181089245692],[-118.504767589155,34.1180778959104],[-118.50476683457,34.1180481419431],[-118.504767395119,34.1180163695612],[-118.504762091466,34.1179875593289],[-118.50476858898,34.1179533394029],[-118.50476188126,34.1179234782987],[-118.504757701399,34.1178901976424],[-118.504770029878,34.11785538569],[-118.504749384796,34.1178217301808],[-118.504718674091,34.1177977301519],[-118.504689689949,34.1177828605572],[-118.504658231846,34.1177726398476],[-118.504624241392,34.1177828590699],[-118.504594674243,34.1177680809481],[-118.504558956329,34.1177788572044],[-118.504524374784,34.1177626467098],[-118.504500416715,34.1177425481316],[-118.50446892268,34.1177228764343],[-118.504455068861,34.1177478842023],[-118.504420644521,34.1177425183834],[-118.504389976936,34.1177169134199],[-118.504376056642,34.1177436592242],[-118.504333647178,34.1177362541707],[-118.504304831918,34.1177550222655],[-118.50427282225,34.1177376277906],[-118.504196370229,34.1176803551797],[-118.504051780994,34.1175548424259],[-118.503996981965,34.1174909960787],[-118.50406959279,34.117529200964],[-118.504095947563,34.1175108738363],[-118.504131982583,34.1175197477275],[-118.50416721361,34.1175218174591],[-118.504193408484,34.1175497517656],[-118.50422079632,34.1175718821911],[-118.50425447955,34.1175679584047],[-118.504287119836,34.11755328957],[-118.504273860702,34.1174328018491],[-118.504250897967,34.1174106609753],[-118.50421425389,34.1174078668711],[-118.504196191464,34.1173834480181],[-118.504231414407,34.1173678428248],[-118.504265402165,34.1173591756681],[-118.50429836315,34.117355687684],[-118.504330858807,34.117363852839],[-118.504361787802,34.1173537592526],[-118.504410698374,34.1173384827723],[-118.504430299614,34.117316204288],[-118.504410538474,34.1172911064037],[-118.50440608283,34.1172583081647],[-118.504454165156,34.1172022601163],[-118.504471086721,34.1171744551003],[-118.504443821954,34.1171582764693],[-118.50447411584,34.1171406171115],[-118.504355605596,34.1170763376129],[-118.504332204483,34.1170313134508],[-118.504294734854,34.1170297033197],[-118.504259807458,34.117026819214],[-118.504244943933,34.1170011024774],[-118.50419201879,34.1169878867535],[-118.504165026212,34.1169708624885],[-118.504133896893,34.1169840893707],[-118.504152821701,34.1169580394389],[-118.504190301211,34.116963458111],[-118.504200398275,34.116937138206],[-118.504175099021,34.1168918447464],[-118.504203163289,34.1168736982024],[-118.504198174046,34.1168435422073],[-118.504173828804,34.116871401623],[-118.503998410287,34.1168018281813],[-118.503968154129,34.1168147152138],[-118.503939400854,34.1168010346411],[-118.503966126632,34.1167848418082],[-118.503957764215,34.1167501662438],[-118.503924546312,34.1167610519555],[-118.503931355542,34.1167219810421],[-118.503908056837,34.1167530704391],[-118.503903700906,34.1167218070135],[-118.503817527318,34.1166327407327],[-118.503791490547,34.1166154546092],[-118.503757190175,34.1166150522603],[-118.503716687834,34.1166317017655],[-118.503686659849,34.1166438577542],[-118.503643793142,34.1166339143118],[-118.503611131296,34.1166295978014],[-118.503579483649,34.1166169033624],[-118.503581454553,34.1165893011876],[-118.503583014028,34.1165605514537],[-118.503572225261,34.1165326911918],[-118.503569674944,34.1165047535745],[-118.503548466619,34.1164774265375],[-118.503548756774,34.1164480550201],[-118.503450246622,34.1164039438056],[-118.503434931245,34.1163775738975],[-118.503434986042,34.1163682997676],[-118.503437232729,34.1163691342162],[-118.503434988737,34.1163678178401],[-118.503435082162,34.1163520109125],[-118.503439998641,34.1163523321976],[-118.503435083958,34.1163516502105],[-118.503435132467,34.116343596515],[-118.503420190789,34.1163495819377],[-118.503407174201,34.116347774709],[-118.5033869657,34.1163244450934],[-118.503353092027,34.1163344108836],[-118.503361193035,34.1162993967438],[-118.503326170417,34.1162910284515],[-118.503293490605,34.1162859808507],[-118.503272143939,34.1163071254396],[-118.503238699661,34.1162920049506],[-118.50319088144,34.1162072919352],[-118.503098815801,34.1160441902296],[-118.502800756587,34.1155161546111],[-118.502802156162,34.1155090252837],[-118.502805253553,34.1153459519804],[-118.502648590063,34.1151108737778],[-118.50257331753,34.1150166770576],[-118.502489253186,34.1149642918701],[-118.502221897489,34.1144906356628],[-118.502203745232,34.1144651635865],[-118.502184372165,34.1144295923611],[-118.502186498477,34.114401826595],[-118.502187235096,34.1143742214661],[-118.502192557614,34.1143436317272],[-118.502217464303,34.1143227372855],[-118.502224452298,34.1142941117283],[-118.502197126445,34.1142712590233],[-118.502200413381,34.1142351336343],[-118.502183541223,34.1142038826652],[-118.502166252247,34.1141158698367],[-118.502164744874,34.1140872799088],[-118.502156965464,34.1140596575714],[-118.50212814212,34.1140424140586],[-118.502102983902,34.1140219851212],[-118.502067389057,34.1140192057798],[-118.502086312967,34.1139958450287],[-118.502081381216,34.1139672052299],[-118.502096477404,34.1139421123017],[-118.502093099739,34.113913115491],[-118.502089909821,34.1138831220626],[-118.50205933027,34.1138592436326],[-118.502040064103,34.1138281226787],[-118.502019193544,34.1138059354932],[-118.50199613918,34.1137827680551],[-118.501978794509,34.1137565059156],[-118.50200608353,34.1137330417123],[-118.502007355545,34.1137054021532],[-118.502010279561,34.1136737939936],[-118.501982464127,34.1136585711415],[-118.501981221757,34.1136260957643],[-118.501969166365,34.1136002575077],[-118.501943979401,34.1135781870296],[-118.501905279081,34.1135647312866],[-118.50188940585,34.1135380972093],[-118.50184983596,34.1135230096936],[-118.501818959067,34.1135075346863],[-118.501792589022,34.1134873034548],[-118.501763379402,34.1134692811287],[-118.501734678228,34.1134543728422],[-118.501711865512,34.1134289792905],[-118.501688526382,34.1134282734801],[-118.501677011777,34.1134279246655],[-118.501676994709,34.1134162464403],[-118.501676971353,34.1134002894691],[-118.501674084168,34.1133621094933],[-118.501686989365,34.1133343530455],[-118.501651910153,34.1133352708232],[-118.501642393401,34.1133037361557],[-118.501619489056,34.113283078711],[-118.501556068895,34.1130975132721],[-118.501476745859,34.1130998047477],[-118.501460955273,34.1130589962435],[-118.501506685809,34.1129858467143],[-118.501500319449,34.1129498769628],[-118.501455433329,34.1129040309961],[-118.501428267377,34.1128818978616],[-118.501405811291,34.1128516415251],[-118.501379566112,34.1128328254861],[-118.50136747928,34.1128069371562],[-118.501362106456,34.1127785899911],[-118.501384129553,34.1127558283576],[-118.501384748493,34.1127273279634],[-118.501376489382,34.1126954896203],[-118.501369981088,34.1126639093457],[-118.501354057551,34.1126382314448],[-118.501381317827,34.1126209318612],[-118.501395346816,34.1125934905195],[-118.501428638381,34.1125827671524],[-118.501415278636,34.1125480117716],[-118.50140576907,34.1125205808187],[-118.501396192131,34.112492223889],[-118.501384295742,34.1124579548833],[-118.501373400076,34.1124286362638],[-118.501369315436,34.1123953155139],[-118.501353198762,34.1123690826937],[-118.501339050296,34.1123419476956],[-118.501328835553,34.1123091519998],[-118.501320261133,34.1122773767182],[-118.501309503808,34.1122620829584],[-118.501314000774,34.1122290001435],[-118.501267378211,34.1121936622595],[-118.501279222498,34.1121644030486],[-118.501263243266,34.1121401968823],[-118.501257040399,34.1121065004237],[-118.501250475511,34.1120714034645],[-118.501263746322,34.1120458741345],[-118.501264297888,34.1120152143844],[-118.501233256603,34.1120001816348],[-118.501201323291,34.1120138466214],[-118.501171180322,34.1120022410889],[-118.501142480945,34.1119838160755],[-118.501103083532,34.1119743994069],[-118.501066705356,34.1119680380788],[-118.501088153532,34.1119404760371],[-118.501100428112,34.1119119128929],[-118.501102550831,34.1118830812435],[-118.501112589504,34.1118568348767],[-118.501138489731,34.1118321459254],[-118.501154777983,34.1118066834611],[-118.501154629761,34.111776441615],[-118.501105989582,34.111674410912],[-118.501089791161,34.1116790549282],[-118.501094330348,34.1116673422488],[-118.501206184075,34.1115914091198],[-118.501239345384,34.1115791936482],[-118.501263713983,34.1115504518801],[-118.501273220854,34.111521800097],[-118.501314925141,34.1115083901399],[-118.501341765903,34.1114887459991],[-118.501362010336,34.1114574880652],[-118.501339912679,34.1114781630623],[-118.501185580316,34.1113818596892],[-118.501199830291,34.1113518556943],[-118.501215913728,34.111326706952],[-118.501202342879,34.1113012130977],[-118.501179546332,34.1112787247703],[-118.501195171628,34.1112519977468],[-118.501181793917,34.1112266161779],[-118.501218794625,34.111227345807],[-118.501229227659,34.1111940669783],[-118.501224580674,34.1111668460707],[-118.501240159258,34.1111397352311],[-118.501224448622,34.1111142866899],[-118.50124305363,34.1110882647006],[-118.501259840447,34.1110594305392],[-118.501276938082,34.1110292970153],[-118.501288873099,34.1110000515331],[-118.500998000407,34.1107060000351],[-118.501102999989,34.1104420001882],[-118.501262999822,34.1101120003365],[-118.501389000219,34.1097280004979],[-118.501828001508,34.1095520003921],[-118.50230099954,34.1095510000144],[-118.502604000387,34.1093890003945],[-118.502677000182,34.1089060000858],[-118.502717999291,34.1086339996945],[-118.502806999878,34.1082649997865],[-118.502955999841,34.1081160006051],[-118.503024000511,34.1081240000437],[-118.503009999369,34.1080940000998],[-118.50304299988,34.107822000073],[-118.503273000033,34.1076510002346],[-118.503449999585,34.1074190000361],[-118.503457858946,34.1074112980485],[-118.503337927567,34.1072146736175],[-118.50330600773,34.1070511395326],[-118.503265205352,34.1069865221202],[-118.503380460999,34.1068190938051],[-118.503491916773,34.1067533434082],[-118.503456000331,34.1066330002198],[-118.503483999921,34.1066110000725],[-118.503516444374,34.1065984305761],[-118.503510828107,34.1065936085125],[-118.503317174687,34.1064629031857],[-118.503201329745,34.1062924413458],[-118.503041477235,34.1062262606205],[-118.502966324179,34.106126238936],[-118.502892388339,34.1059621523302],[-118.502928620089,34.105898546408],[-118.503244969003,34.1058386200557],[-118.50335820434,34.1058572821946],[-118.503298999973,34.1057879994481],[-118.503532000499,34.1057580001634],[-118.503592999701,34.105756000062],[-118.503591000051,34.10575100018],[-118.503803000661,34.1056169992177],[-118.504157000663,34.1056070001809],[-118.504526999661,34.1057779996877],[-118.504740999921,34.105984999842],[-118.504977999748,34.1059500000132],[-118.505085000776,34.1055810002996],[-118.505089999901,34.105332000545],[-118.505038999847,34.1051349993744],[-118.504850999526,34.1049580004387],[-118.504640000537,34.104592999632],[-118.504699999913,34.104329000048],[-118.505100999771,34.1042509999457],[-118.50546300017,34.1043319998788],[-118.50542400071,34.1039829997518],[-118.505173999566,34.1037830000531],[-118.504859999747,34.1035599999804],[-118.504851000424,34.1034990001151],[-118.504705999761,34.1033689996211],[-118.504728000401,34.1031120001395],[-118.504809000592,34.102837999546],[-118.504912692227,34.102484614286],[-118.504707844002,34.1022480565493],[-118.504484084445,34.1019915914609],[-118.504508827641,34.1018688790548],[-118.504587844352,34.1017207813061],[-118.504611452077,34.1016577085074],[-118.504415037237,34.1016141184539],[-118.504418573006,34.1014277471234],[-118.504491906076,34.1013429559951],[-118.504492683119,34.101301953626],[-118.504322451474,34.1012959924294],[-118.504269379007,34.101258011549],[-118.504123890559,34.1011293368709],[-118.504125515611,34.1010436052171],[-118.504074919799,34.1008751639177],[-118.504056894205,34.1006437677452],[-118.50403276366,34.1004980444687],[-118.504036723433,34.100289307375],[-118.504077276979,34.1000574736992],[-118.503931999634,34.1000249997954],[-118.503965000145,34.0997889997734],[-118.504073999924,34.0995580000854],[-118.50396400032,34.0992419997388],[-118.504128000351,34.0991669994244],[-118.504408000734,34.0991219999478],[-118.504923000394,34.0989879996453],[-118.505315999857,34.0991139996581],[-118.505741062886,34.0991158288271],[-118.505748358104,34.0989098845271],[-118.505626903183,34.0986957742573],[-118.505632413449,34.0984050326314],[-118.505484424091,34.0981719306934],[-118.505383752592,34.0980438456801],[-118.505359266314,34.0979167587566],[-118.505583510962,34.0981471313742],[-118.505728573609,34.0982981692171],[-118.505778563058,34.0983051065877],[-118.505758000621,34.0982160000877],[-118.50571200059,34.0978619996796],[-118.505749999326,34.0977120002578],[-118.505873000248,34.0976509998963],[-118.506179999497,34.0977039998349],[-118.506197141149,34.0977049824996],[-118.506140136756,34.0976324542244],[-118.505942003439,34.0974434363205],[-118.505670614306,34.0973354826477],[-118.505472552854,34.0971427379638],[-118.505047074803,34.0968873553796],[-118.504926400518,34.0966322413126],[-118.504906749871,34.096486575847],[-118.504981278598,34.0963384166066],[-118.504908276109,34.0961696817751],[-118.504888201457,34.0960463806896],[-118.505072260869,34.0957952640177],[-118.505275475057,34.0957159043887],[-118.505373610612,34.0955046731097],[-118.505353181126,34.0954000087202],[-118.505331452676,34.0951275505582],[-118.505208732927,34.0949805330623],[-118.505121234323,34.0945928238704],[-118.505188148032,34.0945435921053],[-118.505429376228,34.0945300537369],[-118.50546246118,34.0944493561188],[-118.505464495865,34.0943420041691],[-118.505368250365,34.0942739290305],[-118.505301743593,34.0943016909877],[-118.505157620584,34.0943379796214],[-118.50502905909,34.094310045833],[-118.504983668117,34.0942832026069],[-118.504985432408,34.0941901640261],[-118.505112663497,34.0941369513603],[-118.505113432455,34.0940963963101],[-118.505037262505,34.0940285835748],[-118.505070574731,34.0939359590734],[-118.505200402849,34.0938970978166],[-118.505358909683,34.0938586114742],[-118.50534660456,34.0937510727968],[-118.505313455828,34.0936838236723],[-118.505185166524,34.093641575998],[-118.505028964767,34.0935583973174],[-118.5050299601,34.0935059140364],[-118.505079484222,34.0934659984522],[-118.505129278736,34.0934117683964],[-118.505305716841,34.0933353405446],[-118.50525899726,34.0932273481558],[-118.505248230053,34.0930386983257],[-118.50544605435,34.0928933487937],[-118.505640633034,34.092767792569],[-118.505618651259,34.0927451334208],[-118.505619428302,34.0927041313498],[-118.505768930423,34.0926203372666],[-118.505770130572,34.0925569712746],[-118.505770907615,34.0925159683684],[-118.50574892584,34.0924933098968],[-118.505653095362,34.0923466449102],[-118.505681960927,34.0922426268083],[-118.505707544946,34.0920751834556],[-118.505810610455,34.0920765351744],[-118.506059050327,34.0919753964928],[-118.505940885036,34.0918247111492],[-118.505943214368,34.0917017035389],[-118.505989650081,34.0916165589692],[-118.505967596441,34.0915976273617],[-118.505767996175,34.0914868868953],[-118.505797213879,34.0913642314195],[-118.505920605569,34.0912390828355],[-118.505902153274,34.0910300506247],[-118.505850005174,34.0909436116698],[-118.505709790734,34.0907739941857],[-118.505783464266,34.0906705648408],[-118.506040084196,34.0906105466151],[-118.506159414602,34.0905762107193],[-118.506153000631,34.0905190000661],[-118.506133000539,34.0903929999051],[-118.505995000447,34.0903139997438],[-118.505776000164,34.0901900004909],[-118.505692133449,34.0901343094584],[-118.505611780944,34.0902693719963],[-118.505313632796,34.0903922284354],[-118.505086231468,34.0903295905848],[-118.505040896191,34.0901202042417],[-118.505046125284,34.0898443694137],[-118.505052486254,34.0895088940953],[-118.5050303338,34.0892587988199],[-118.505209048235,34.0890523506844],[-118.505337693272,34.0888862587428],[-118.505321293628,34.0885691271642],[-118.505345252595,34.0884874157971],[-118.505442526666,34.0884530820161],[-118.505411000291,34.0884039999361],[-118.505361000062,34.0881240007599],[-118.505457999248,34.0878150001104],[-118.50554764752,34.0877751562395],[-118.50554799966,34.0877750000065],[-118.505526522738,34.0877520426791],[-118.505519000246,34.0877440003965],[-118.505519011026,34.0877438225885],[-118.505518818786,34.0877436120458],[-118.505543574559,34.0873566054944],[-118.505590343548,34.0872985318912],[-118.505635335669,34.0872426670992],[-118.505672273495,34.0871968012516],[-118.505769000491,34.0870760002362],[-118.505909000233,34.0868200002836],[-118.50612650572,34.0868030205384],[-118.506446879985,34.0867778406928],[-118.506688390252,34.0868367791521],[-118.50672123176,34.0868455937667],[-118.506805000559,34.0866990000889],[-118.506858000263,34.086665000372],[-118.507017000271,34.0865000003703],[-118.507158999663,34.086251000273],[-118.507167000059,34.086064999839],[-118.507389000715,34.0859410003146],[-118.507584999635,34.0858170006087],[-118.507740999271,34.0856049998989],[-118.507948999683,34.0854469994949],[-118.508271999724,34.0854730003538],[-118.508541000235,34.085610000227],[-118.509081999836,34.0855359996551],[-118.509338999754,34.0855550003209],[-118.509604999892,34.0854350004692],[-118.509633999306,34.0854180003587],[-118.509646999725,34.0853640002475],[-118.509783000168,34.0849690005363],[-118.509817821563,34.0846615767998],[-118.509769683542,34.0845509418359],[-118.509781236775,34.0843281276805],[-118.509898601667,34.0841402912979],[-118.51010911826,34.0840867620674],[-118.509985999659,34.0836620000098],[-118.50992299991,34.0834180002082],[-118.509574999755,34.0833359996597],[-118.509239999121,34.0832109999138],[-118.509481999869,34.0830589999324],[-118.510007000474,34.0829499996947],[-118.510158000086,34.0829459999017],[-118.510129000672,34.0829310006764],[-118.509985999659,34.082816999781],[-118.510048000481,34.0825149995258],[-118.510588000257,34.0822809997011],[-118.510825000083,34.0822229999943],[-118.511207000573,34.0821909998825],[-118.511024000275,34.0817800001152],[-118.511028000473,34.0815839998893],[-118.511404000216,34.0814070000623],[-118.511800999876,34.0815260004491],[-118.511856000128,34.0815809999962],[-118.511975999778,34.0815189999496],[-118.512297999994,34.0814119998944],[-118.512710000621,34.0814470001985],[-118.513067000098,34.0813640000065],[-118.51349499972,34.0814620004307],[-118.513719000026,34.081604999882],[-118.513823000681,34.081673999609],[-118.514011000104,34.0818650005655],[-118.514024999449,34.0818740002144],[-118.514303000182,34.0817279998413],[-118.513502000291,34.0811520000521],[-118.512934999853,34.0802899996782],[-118.512515000627,34.0798579999364],[-118.512518000102,34.0792709994254],[-118.5120990007,34.0782060001225],[-118.511244000383,34.0771489994667],[-118.510382000392,34.0759580002034],[-118.509733999764,34.0749379998728],[-118.509784999817,34.0744979999795],[-118.508986999401,34.0739790002572],[-118.508720999262,34.073531000116],[-118.508101000019,34.0726749999814],[-118.508083922148,34.072651909087],[-118.50777414441,34.0722330633384],[-118.507360094726,34.0716732235109],[-118.506823000102,34.0709469998576],[-118.506649000025,34.070791999914],[-118.506264999886,34.0707480003296],[-118.505951999891,34.0704249996705],[-118.505569999401,34.0703680001268],[-118.505356999864,34.0701989999746],[-118.50516599917,34.0698220005955],[-118.505099999946,34.0692149997638],[-118.504985999245,34.0690450001758],[-118.504986999969,34.068158000023],[-118.504594999433,34.0679440002501],[-118.504605000377,34.067200999826],[-118.50446600046,34.0669429997963],[-118.504166999811,34.0667140000664],[-118.503726000668,34.0666830001887],[-118.503451999235,34.0668689992851],[-118.503181999797,34.0669009999766],[-118.501971999652,34.0661859997119],[-118.501718000107,34.0659680003168],[-118.501468999687,34.0657710005586],[-118.501237999708,34.0655930002774],[-118.501229000385,34.0653550007052],[-118.50109199922,34.0649530003161],[-118.501000999881,34.0647830003626],[-118.500768000253,34.0646800006583],[-118.500600000023,34.0645419995071],[-118.500566000587,34.0644130003795],[-118.50058400013,34.0642269996128],[-118.500572000434,34.0641009997736],[-118.500839999325,34.0640160001012],[-118.500994000209,34.0642470000189],[-118.501002000605,34.0644160001364],[-118.501045000262,34.0645330002493],[-118.501328999944,34.0646649996867],[-118.501597999558,34.0645570005006],[-118.501831000085,34.064572000003],[-118.501962000504,34.0646670000148],[-118.502084000703,34.0646609997744],[-118.502187999562,34.0645829995868],[-118.502274000674,34.0646659998507],[-118.502154000125,34.0647519997784],[-118.501994999218,34.0647969996625],[-118.5018520009,34.0648640001072],[-118.501870000443,34.0649729998066],[-118.501985000071,34.0650999999965],[-118.502195000133,34.0651129998294],[-118.50240600002,34.0650679993689],[-118.502507000302,34.0648779993937],[-118.502607999686,34.0647569998494],[-118.502553000333,34.064545999425],[-118.502364000187,34.0644250001508],[-118.502295999517,34.0642780007878],[-118.502400999997,34.0641650002587],[-118.502563000379,34.0640759992222],[-118.502568999328,34.0638769999278],[-118.50262000028,34.0636159996662],[-118.502792000708,34.0634409998589],[-118.503061000321,34.0633000006145],[-118.50325899979,34.0631669996133],[-118.503278000056,34.062955999695],[-118.503320999714,34.0627530000007],[-118.503318999166,34.0625720002555],[-118.503527000477,34.062412999856],[-118.503870999535,34.0623390005981],[-118.504102000412,34.0624460001881],[-118.504258000946,34.0625870001092],[-118.504505000818,34.0626250005704],[-118.504679999822,34.062502999852],[-118.504527000559,34.0622649997872],[-118.504383000619,34.0620959998451],[-118.504537000605,34.0619350003925],[-118.50483199926,34.0618220004601],[-118.505174999391,34.0618519996863],[-118.505397999872,34.0617819992427],[-118.505359000413,34.061564000425],[-118.505487000459,34.0612599998948],[-118.505540000162,34.0610069999294],[-118.505317999506,34.0608400001297],[-118.505084000053,34.060895999921],[-118.504879999838,34.0609920005402],[-118.504799000546,34.0611590000404],[-118.504584000461,34.0611909999115],[-118.504459999714,34.0609990005036],[-118.504381000071,34.0607100003653],[-118.504385000269,34.0603610005097],[-118.504499000072,34.0600980001466],[-118.504789999427,34.0600770000315],[-118.505057000289,34.0601500003029],[-118.505204999528,34.0599859994724],[-118.505113000365,34.0597560000694],[-118.504908000326,34.0596899995301],[-118.504808000767,34.0595339996071],[-118.504882000387,34.0592949999076],[-118.50506600051,34.0592870003201],[-118.505252000282,34.0593749994616],[-118.505526999744,34.0593250007725],[-118.505832999167,34.0591609998341],[-118.506009999617,34.0589059998367],[-118.506053000173,34.0584939999767],[-118.505878999198,34.0580949997677],[-118.505743000552,34.0577560005316],[-118.505712999517,34.0574509994894],[-118.505459999797,34.0571469998352],[-118.505108000342,34.0568390002977],[-118.50494999926,34.0565450003042],[-118.504964000402,34.0563020000562],[-118.50507900003,34.0560540000159],[-118.505191000183,34.0558019996638],[-118.505299999963,34.0555640001319],[-118.505325000077,34.0554370005367],[-118.505342000694,34.0552099992919],[-118.505497000505,34.0549640003351],[-118.50569399925,34.0546679999725],[-118.505721000811,34.0543980000428],[-118.505660999638,34.0541459999776],[-118.505510000025,34.0540249999961],[-118.5053300001,34.0539729998033],[-118.505129000259,34.0538579998363],[-118.505066999436,34.0537859996481],[-118.505155000198,34.0537010000502],[-118.505366999012,34.0537350003462],[-118.505516999698,34.0536180002116],[-118.505584000543,34.0534740001107],[-118.505569999401,34.0533360000635],[-118.50575100005,34.0533170003576],[-118.505932999625,34.0531870002188],[-118.50596699996,34.0530040002809],[-118.506100000029,34.0528930002115],[-118.506277999406,34.0528320010569],[-118.506466999552,34.052719999713],[-118.506717999622,34.0525669997912],[-118.506897000621,34.0523199995534],[-118.506952999799,34.0521459998066],[-118.506944999403,34.0520059999479],[-118.506859000087,34.0518880000894],[-118.506637999256,34.0518630004011],[-118.506503000435,34.0519020000308],[-118.506464999902,34.0517700000667],[-118.506528999476,34.0516569999793],[-118.506649000025,34.0515240000589],[-118.50656300071,34.0513780002251],[-118.506603000893,34.0512439995446],[-118.506715999972,34.0511109997205],[-118.506859000087,34.051115999852],[-118.506904000293,34.0510730000515],[-118.507047999335,34.0510649996881],[-118.507200999496,34.0511379995338],[-118.507275999839,34.0512910005461],[-118.50722599961,34.0514270003044],[-118.507228999983,34.0514730001404],[-118.507474999132,34.0515929997247],[-118.507479000229,34.051599000146],[-118.507664999103,34.0515719997353],[-118.507731999948,34.051730999632],[-118.507659999978,34.0518579995694],[-118.507794999698,34.0520400001794],[-118.507871999691,34.0522190002101],[-118.50793100014,34.0522450001042],[-118.508135000355,34.0522779999295],[-118.508347999892,34.0522409996057],[-118.508609000008,34.0523549999683],[-118.508950000489,34.0523200002977],[-118.509242999494,34.0522139993994],[-118.509360999495,34.0520629999343],[-118.509628999283,34.0519710001332],[-118.509644999177,34.05159999972],[-118.509573000105,34.0512859996807],[-118.509419000119,34.0509190005524],[-118.509004999843,34.0505529994217],[-118.508717999788,34.0504930004034],[-118.508506000075,34.0505210000002],[-118.508315999206,34.0503659999099],[-118.508316000105,34.0503610004785],[-118.508256999655,34.0503690001641],[-118.50796799995,34.0504949995775],[-118.507830999683,34.0504789994851],[-118.507813999964,34.0504459997038],[-118.507793999873,34.0504109999893],[-118.507918999546,34.0503619993228],[-118.508146000225,34.0502949993225],[-118.508079999205,34.0501989999853],[-118.508067000583,34.0501880000233],[-118.508012000331,34.050156000464],[-118.508030999699,34.0501329994475],[-118.508165000492,34.0499850002651],[-118.508333999648,34.0501029997951],[-118.508800000702,34.0499439998223],[-118.509107000848,34.0499710000072],[-118.509333999731,34.050138000381],[-118.509516000204,34.0504239998424],[-118.509706000175,34.0506019999779],[-118.510033000413,34.0508870005247],[-118.510309999524,34.0510489997033],[-118.510712000105,34.0511219995628],[-118.510963000175,34.0511229998867],[-118.511409000239,34.0509410002853],[-118.511689999548,34.0505269997531],[-118.511831999838,34.0502039994262],[-118.511918999877,34.0498689997598],[-118.512005999916,34.0494650004054],[-118.511829000364,34.0490620002185],[-118.511453999547,34.0489329998593],[-118.511329999698,34.0487469993593],[-118.511681000226,34.0485050001868],[-118.511711000363,34.0482260004806],[-118.511336000444,34.0480959999784],[-118.510978000244,34.0480590000624],[-118.510796999596,34.048150000028],[-118.510475000279,34.0483209994618],[-118.510016999621,34.0482810000604],[-118.509763000076,34.04818600029],[-118.509562000235,34.0480599996781],[-118.509239000194,34.04789000008],[-118.509178000095,34.0476439999791],[-118.509403000226,34.0473969995411],[-118.509645000075,34.0472919995558],[-118.510108000756,34.0475350003235],[-118.510448000514,34.0473350005296],[-118.510505000416,34.0470319999542],[-118.510790999748,34.0469870003144],[-118.510989999939,34.0469539999182],[-118.510991999589,34.046632000499],[-118.510656000029,34.0464549998513],[-118.510591999556,34.0461979995736],[-118.510531999282,34.045984000176],[-118.510702999884,34.0450470001653],[-118.510601000675,34.0443969995776],[-118.510961999452,34.0439659996038],[-118.511215999895,34.0438329995288],[-118.511362000383,34.0440230005291],[-118.511084999476,34.0445210003629],[-118.511190999781,34.0448240002342],[-118.510922999992,34.0458100000798],[-118.511011000754,34.046044000152],[-118.511392999447,34.046436000092],[-118.511473000712,34.0467849999664],[-118.511400999843,34.0470750003155],[-118.511441000026,34.0472600003922],[-118.511813999397,34.0476579998769],[-118.512866000256,34.0481050002372],[-118.513187999573,34.0478890004622],[-118.513417999727,34.0468639997876],[-118.513579000284,34.0464930001014],[-118.513981999792,34.0462700002513],[-118.514344999117,34.0459399996207],[-118.514735000002,34.0459280002096],[-118.514830999363,34.0462809999772],[-118.515490999687,34.0460489998379],[-118.515299000067,34.0453890000384],[-118.515543000464,34.0451900000428],[-118.51662399984,34.0449839997836],[-118.516818000008,34.0447199996954],[-118.516971000169,34.0442930000037],[-118.517086000695,34.0429769993886],[-118.517649999861,34.0416170001179],[-118.51858999967,34.0412740002247],[-118.518468000369,34.0407919996235],[-118.518297999592,34.0405610005481],[-118.518483999365,34.0404340000666],[-118.518865000029,34.0405950001583],[-118.519147000062,34.0408539996968],[-118.520487000801,34.0408929999238],[-118.520739999623,34.0408109999029],[-118.520809000118,34.0405489996316],[-118.520549000726,34.0401200003632],[-118.520485000253,34.0397499999178],[-118.52012599933,34.0396589998708],[-118.520092000791,34.0400710004493],[-118.519799999815,34.0400920003095],[-118.519648000377,34.0398839994085],[-118.519791000492,34.0394809998401],[-118.520137000099,34.0394489999622],[-118.520296000107,34.0392059998445],[-118.520316000199,34.0386980005722],[-118.520049000235,34.038547000114],[-118.51954600027,34.0386709997754],[-118.519311000093,34.0384850005874],[-118.519424000071,34.0383120004683],[-118.519848000394,34.0380490001878],[-118.520151000342,34.038097000048],[-118.520319000572,34.0383059998511],[-118.520498999599,34.0383639998442],[-118.520680000247,34.0382390000024],[-118.520751000392,34.0380200004608],[-118.520644000262,34.037706999747],[-118.520646999737,34.0373839997187],[-118.520786999479,34.0370070002828],[-118.522763000253,34.0386650006725],[-118.523260999297,34.0384370002025],[-118.523088999768,34.0377919997459],[-118.522897999972,34.0374910002861],[-118.522899999622,34.0370989999423],[-118.52308326133,34.0367630656284],[-118.523317368581,34.0362895972317],[-118.523527918412,34.0358942808902],[-118.524323712566,34.0351228065196],[-118.5246998776,34.0346515049462],[-118.525041800652,34.0340661774466],[-118.525382457977,34.0335396464991],[-118.525469758951,34.0331302562379],[-118.525583891705,34.032593868159],[-118.525438775159,34.032176198718],[-118.52510291304,34.0320500194734],[-118.524375685495,34.0318328621211],[-118.524080658095,34.0316137507503],[-118.523732486362,34.0313121754885],[-118.52305639272,34.0310628442128],[-118.522587568261,34.0307354972527],[-118.522178674008,34.0305581187406],[-118.522089110178,34.0304170916078],[-118.522187629313,34.0301832829304],[-118.522344364669,34.0299643199169],[-118.522447362805,34.0298492710119],[-118.522985941445,34.0302221979824],[-118.524576229891,34.0310349468835],[-118.525871316663,34.0315951697751],[-118.526626960615,34.0319129047097],[-118.527449226324,34.0321590353085],[-118.527947546965,34.0322741674381],[-118.528856836967,34.0325214121777],[-118.532096073847,34.0338493743974],[-118.534405667595,34.0348573270723],[-118.534741898023,34.0352266021984],[-118.535237,34.0356740000965],[-118.535298000099,34.0359130001308],[-118.535006000021,34.0363250002941],[-118.535217000807,34.0365639999831],[-118.535768999379,34.0361560000048],[-118.535920999715,34.0359410000752],[-118.536565999971,34.0360690003413],[-118.539014999675,34.0375409999414],[-118.539450999693,34.0376630001082],[-118.53962300012,34.0378089997355],[-118.539446999495,34.0381439994039],[-118.538758999582,34.0384089995932],[-118.538468000227,34.0389400001889],[-118.538652999276,34.0391069999554],[-118.539533000607,34.0391479996829],[-118.539962999879,34.0385960001639],[-118.540279000246,34.0386629997307],[-118.540903000585,34.0385119999546],[-118.540999000845,34.038558999825],[-118.540855000006,34.0386729999726],[-118.540353999691,34.0388309997671],[-118.540260999805,34.0389560002253],[-118.540394999699,34.0391069999554],[-118.541161000328,34.0391419998693],[-118.541457000604,34.0388290003182],[-118.543701000269,34.0392440003653],[-118.544819999279,34.0395489999127],[-118.545678999795,34.0396630002185],[-118.546640000418,34.0396569996969],[-118.548857000318,34.0394760005113],[-118.550193999786,34.0395850001041],[-118.551876999759,34.0392409997175],[-118.552327999846,34.0390189998742],[-118.552773000085,34.0389680006229],[-118.55298800017,34.0390260001632],[-118.552966000429,34.0392100002136],[-118.553096000125,34.0393729998318],[-118.553756999376,34.0395499996287],[-118.553918000831,34.0396910004138],[-118.553811999627,34.0399959998425],[-118.55345899945,34.0404349997722],[-118.553593000243,34.0406390005093],[-118.554136000391,34.0405350000489],[-118.554340999532,34.0407140005474],[-118.554421000796,34.0409180006134],[-118.554737000265,34.041003000372],[-118.555168999187,34.0408760005524],[-118.555286999188,34.040760999942],[-118.555318000048,34.0405450000701],[-118.555574000141,34.0404849999253],[-118.55630899991,34.0411160005147],[-118.556467999919,34.0414890000357],[-118.556324999804,34.041582000481],[-118.555666000203,34.0413590003709],[-118.555324999721,34.0413250003227],[-118.555201000771,34.041407000591],[-118.554979000115,34.0413339998113],[-118.554969999894,34.0417390003769],[-118.554861999939,34.0418090002511],[-118.55472500057,34.0416940001615],[-118.553891000168,34.0418079998173],[-118.553686000129,34.0420129999164],[-118.553657999642,34.0426700001559],[-118.55341999999,34.0429970003426],[-118.553150999478,34.0431039997839],[-118.55302300033,34.043095000483],[-118.553003000239,34.0431110004801],[-118.552757000191,34.0431300002399],[-118.55273500045,34.0428879999242],[-118.552901999956,34.042735000125],[-118.553304999464,34.0421240000865],[-118.553219000149,34.0419030000338],[-118.552921000223,34.0416300005748],[-118.552669000328,34.0415900002504],[-118.55266699978,34.0416330003937],[-118.552561999299,34.0418810001891],[-118.552254000226,34.0418539996612],[-118.55208700072,34.041579999608],[-118.552082000697,34.04133800008],[-118.552213000218,34.0411129999332],[-118.552429000128,34.0410049997698],[-118.552429000128,34.0408609998343],[-118.552245000005,34.0407299995048],[-118.551890000178,34.0407270003984],[-118.551412000327,34.0409599999093],[-118.55132299974,34.0413350002507],[-118.551661999674,34.0416099992984],[-118.551747000063,34.0421769997878],[-118.551127999747,34.0429310001538],[-118.551093000485,34.0436529999906],[-118.550801000407,34.0439490001039],[-118.551249999945,34.0446009997167],[-118.551360000449,34.0458820003425],[-118.551921999965,34.0464329996987],[-118.552218000241,34.046584999892],[-118.55228099999,34.0467809999546],[-118.551891000003,34.0470899999344],[-118.551460000008,34.0477429995791],[-118.551511000061,34.0483520001014],[-118.551716999926,34.0486169996559],[-118.551507999688,34.0498409999476],[-118.551855000018,34.0510539998385],[-118.551805999614,34.0520939999499],[-118.55199699941,34.0524889996371],[-118.552558,34.0525970000603],[-118.553088999554,34.0528490002645],[-118.553319000606,34.0528170002211],[-118.553454999252,34.0526549999551],[-118.5534569998,34.052447000097],[-118.553127000087,34.0517029996906],[-118.553037000574,34.0511839995266],[-118.552778000108,34.0508000003419],[-118.552857999575,34.049579000035],[-118.553535000516,34.0495019997078],[-118.553922999955,34.0493519994787],[-118.554194000117,34.0491679998475],[-118.554251000917,34.0487090001193],[-118.554155000657,34.0484400001745],[-118.553617999459,34.0480959999784],[-118.553498000706,34.0479139998337],[-118.553649999246,34.0475490002393],[-118.553452999602,34.0471510002429],[-118.552973000101,34.0467370005572],[-118.552978000124,34.0462359999389],[-118.55287900039,34.0458190005812],[-118.553126999189,34.0452650005224],[-118.553514999526,34.045028999742],[-118.553578999999,34.0447069997121],[-118.553852999635,34.0444609993092],[-118.553876999925,34.0442239996078],[-118.554060000223,34.044188000641],[-118.554214000209,34.0442930000037],[-118.554164999805,34.0448379998533],[-118.554062999697,34.045062999794],[-118.554143999888,34.0453329996792],[-118.554380999715,34.0455040003279],[-118.555114000732,34.0455229995517],[-118.555472000034,34.0456700001795],[-118.555920999573,34.0457269999595],[-118.556287999994,34.0456789999515],[-118.556514999775,34.0454439999698],[-118.55644000033,34.0450749993275],[-118.556522999272,34.044701999947],[-118.556590999943,34.0445270005403],[-118.556845999312,34.0442800006994],[-118.556607999661,34.043955999986],[-118.556401999797,34.0438139999264],[-118.556006999786,34.0437920005774],[-118.555638000614,34.0439420002213],[-118.555771000683,34.0443129999031],[-118.555616999799,34.044532999973],[-118.555358999158,34.044596999602],[-118.554623000462,34.0441209994839],[-118.554312000118,34.043525999673],[-118.553885000321,34.0437580000158],[-118.553775999642,34.0439189997522],[-118.553773999992,34.0442449999284],[-118.553645000121,34.0443530004319],[-118.55349199996,34.0441400005062],[-118.553289999396,34.0441480000343],[-118.553227000545,34.0439759999647],[-118.55302499998,34.0438540006906],[-118.553592000418,34.0431120001541],[-118.55413099947,34.042725000362],[-118.554492999868,34.042271999591],[-118.555111000359,34.0423220001498],[-118.555356999508,34.0421750004176],[-118.555533000133,34.0417880000717],[-118.555846000128,34.0417799995766],[-118.556140999681,34.0422230001759],[-118.556681999281,34.0425410004935],[-118.557729000117,34.0424930009151],[-118.558069999701,34.0419899996685],[-118.558557999598,34.0418350003598],[-118.558614000572,34.0416050000951],[-118.558163999412,34.0413609997603],[-118.558159000288,34.0412089998803],[-118.557998000629,34.0409340002768],[-118.557786999844,34.0409300007334],[-118.55733700048,34.0407809999299],[-118.557234000548,34.0406739997909],[-118.556643999646,34.040557999947],[-118.556632999775,34.040454999837],[-118.556778999365,34.0403570003678],[-118.557224999429,34.0404909996439],[-118.557288000076,34.0404010000979],[-118.557278000031,34.0402510001461],[-118.556970000059,34.0399349995979],[-118.556973999359,34.0395139994224],[-118.556616999882,34.0392940004761],[-118.556616000057,34.0391200000527],[-118.556808000576,34.0390829999423],[-118.556968000409,34.0390610001105],[-118.557563999363,34.0392980000966],[-118.557992000781,34.0396330005838],[-118.558396999939,34.0401289999798],[-118.558838999805,34.0401490001167],[-118.558946000833,34.0400300004235],[-118.559027999951,34.039689999955],[-118.559128000408,34.0396199998208],[-118.560317000637,34.039972000081],[-118.560426000417,34.0400859998183],[-118.56011900027,34.0405099999907],[-118.560135000164,34.0406720003854],[-118.560282000477,34.0409010005026],[-118.560547999717,34.0410589998687],[-118.560611000365,34.0413099996841],[-118.560889000199,34.0416890002188],[-118.560838000146,34.0420589996491],[-118.561162000011,34.0421640001591],[-118.561192000148,34.0422790003558],[-118.56065800022,34.0422989999857],[-118.560308999343,34.042147000298],[-118.559607999909,34.0422260007182],[-118.559808999751,34.0424849997422],[-118.559803999728,34.0426709998351],[-118.560264000035,34.043411000423],[-118.560406000325,34.0438110001847],[-118.560175000347,34.0438079996985],[-118.559754000397,34.0436230002786],[-118.559617999955,34.0436040006291],[-118.559619000678,34.043678000611],[-118.559790999309,34.044164000577],[-118.560297001444,34.0444810006576],[-118.560701999703,34.0445679998808],[-118.560835999597,34.0447819998745],[-118.561079999995,34.044755999925],[-118.561166000209,34.0445589999909],[-118.561452000439,34.044577000514],[-118.561600999503,34.0447310003668],[-118.561612000272,34.0449110005942],[-118.561421000477,34.045062000143],[-118.561375999373,34.0454179994789],[-118.562041000618,34.0454770002093],[-118.562641000667,34.0452140005608],[-118.56285300038,34.0449009995991],[-118.563113999597,34.0449019999964],[-118.563458000452,34.0445380004924],[-118.563974000836,34.0443769996981],[-118.564134999596,34.0439800001088],[-118.56404399936,34.0435340000034],[-118.564242999551,34.0434969995856],[-118.564483999576,34.0436930000864],[-118.564636999737,34.0439370004111],[-118.564746000415,34.0446729995174],[-118.56432799994,34.0451189995872],[-118.564273999513,34.0454700004527],[-118.564395999712,34.0458180001947],[-118.564560000642,34.0459250005427],[-118.564620999843,34.0461829997969],[-118.56450700004,34.0462249994628],[-118.564163000084,34.0460819998419],[-118.564128999748,34.0458580000136],[-118.563891999922,34.0457129997429],[-118.56372999954,34.0457640001487],[-118.563468000498,34.0461359996854],[-118.563336000253,34.0461670003796],[-118.563188000115,34.0457959998769],[-118.563077000686,34.0457479999079],[-118.56279799923,34.0457580000588],[-118.562405999592,34.0458800003154],[-118.562331999973,34.0459780001016],[-118.562509000423,34.0462140004738],[-118.562968000007,34.0463519994599],[-118.563588000148,34.0462910008096],[-118.563701999951,34.0463500001882],[-118.563662999593,34.046538999637],[-118.563758000028,34.046643000178],[-118.564106000182,34.0465729998279],[-118.564860000218,34.0467490005981],[-118.565120999435,34.0467460002159],[-118.565291000213,34.0466469994519],[-118.565622000649,34.0462850000126],[-118.56575100052,34.0459160000525],[-118.565767000414,34.0455829998539],[-118.566276000227,34.0451680003064],[-118.566367000464,34.0448129995749],[-118.566256000135,34.0445330007174],[-118.566580000001,34.0441040000151],[-118.566575999803,34.0437370003189],[-118.566446000106,34.0437069998922],[-118.566371000662,34.0439189997522],[-118.566036000027,34.0439119998671],[-118.566132999214,34.0434139994344],[-118.56611699932,34.0430710001097],[-118.566032999654,34.04296899975],[-118.565624999225,34.0431300002399],[-118.56571600036,34.0434409994656],[-118.565542000283,34.0436590002295],[-118.565256999878,34.0437150002055],[-118.565056999861,34.0432910004242],[-118.564732000171,34.0433010001205],[-118.564500000368,34.0431519997607],[-118.564368999948,34.0429199999932],[-118.564076000045,34.0428320001464],[-118.563722999868,34.0428719998851],[-118.563323999659,34.0436419999238],[-118.563031000655,34.0436050002974],[-118.562752000097,34.0432580000785],[-118.562739999503,34.043019999573],[-118.562918999603,34.0428339995011],[-118.562931000197,34.0426179996981],[-118.562751000272,34.0423869996412],[-118.562388999874,34.042367000032],[-118.562153999697,34.04223699948],[-118.562214999797,34.0419600001126],[-118.561809000814,34.0414910001664],[-118.561672000547,34.0409829996921],[-118.561790999474,34.0407400002474],[-118.562439999928,34.0408000002118],[-118.563465000125,34.041366999417],[-118.564317000069,34.0414740001705],[-118.565051000013,34.0413600000656],[-118.566862999858,34.0417219996864],[-118.567100000583,34.0418510005945],[-118.567282000157,34.0426890000146],[-118.567626000114,34.0428679996888],[-118.567733000244,34.0431079999691],[-118.5677800001,34.0437040001467],[-118.567533000228,34.0441039992708],[-118.567389000288,34.0446369999969],[-118.56696599979,34.0446250004014],[-118.566826000048,34.0447080001117],[-118.566778999294,34.0450430000715],[-118.566538999993,34.0454909997205],[-118.566804000307,34.0456470001791],[-118.566704999674,34.0459639999264],[-118.566772999446,34.0462340006645],[-118.567368000371,34.0462990001348],[-118.567635000335,34.0463839997106],[-118.56774100064,34.0465169995063],[-118.567647999855,34.0466630002674],[-118.567072000095,34.0465869999026],[-118.566633999529,34.0466339997641],[-118.565548999956,34.0476990006809],[-118.565072999755,34.0479070002784],[-118.56504999929,34.0480620003982],[-118.565394000145,34.0482159998764],[-118.565737999203,34.0481700005063],[-118.566198000409,34.048418000537],[-118.56618899929,34.0485199995528],[-118.5661000005,34.0485459998368],[-118.565817999569,34.0483849999534],[-118.565650000238,34.0485090001172],[-118.565639000367,34.0488159997964],[-118.565948999989,34.048953999758],[-118.56649700016,34.0486780003545],[-118.566739000009,34.0487030002377],[-118.566953000269,34.0485919997474],[-118.566971000711,34.0483410006441],[-118.567098000034,34.0481200004182],[-118.567390999937,34.0480160002001],[-118.56785200007,34.0480599996781],[-118.568026000147,34.0482270000943],[-118.569601000165,34.0485899997842],[-118.57012800042,34.0489179998221],[-118.570607000096,34.048874000045],[-118.570700999807,34.0486820002768],[-118.570566000088,34.0485320000857],[-118.570368000619,34.0485090001172],[-118.570002000023,34.0480780002023],[-118.569743000455,34.0480120002465],[-118.569583000622,34.0478310002842],[-118.569582999723,34.0475889999861],[-118.569365999988,34.0471190002818],[-118.569309999912,34.0467639995304],[-118.569097999302,34.0465369996254],[-118.56906100039,34.0462780003228],[-118.569244999615,34.0458779995438],[-118.568979999301,34.0454440007141],[-118.568565999922,34.0450809994657],[-118.568341999616,34.0445499993558],[-118.568200000224,34.0439049999815],[-118.568265999448,34.0429849997708],[-118.568677999177,34.0422339996825],[-118.569114000093,34.0420559998453],[-118.570839000797,34.0421159996231],[-118.572244000038,34.0418790000675],[-118.574260999922,34.0411089996539],[-118.574795999674,34.0408069996094],[-118.575229999144,34.0404089999787],[-118.575933000024,34.0400140005897],[-118.57669799993,34.0399619999922],[-118.577240000253,34.0401919995018],[-118.579985000233,34.0401690002489],[-118.580273000113,34.0399970002977],[-118.580504999917,34.039986000501],[-118.580835000528,34.0398439997494],[-118.581529000289,34.0393969997628],[-118.582756999978,34.0390509999143],[-118.58322199941,34.0387730000935],[-118.584376000376,34.0387029999468],[-118.584464999167,34.0390120003291],[-118.584707999739,34.03912799931],[-118.585412999371,34.0391910003199],[-118.585663000514,34.0393089999825],[-118.585981000532,34.0392419994372],[-118.586365999598,34.0385910000386],[-118.586638999409,34.0385300002723],[-118.58831100041,34.0390159999629],[-118.589742999414,34.0390850001298],[-118.592294999949,34.0396140000405],[-118.593265000793,34.0395519998051],[-118.595115000272,34.0397100001955],[-118.595553999765,34.0396459998561],[-118.595790000665,34.0394819995569],[-118.596712000031,34.0392419994372],[-118.597742000251,34.0395430001274],[-118.598346000499,34.0395760004299],[-118.599778000402,34.0394569999329],[-118.603227000188,34.0394919989579],[-118.604224999723,34.039325999668],[-118.606708999587,34.0385119999546],[-118.60757399995,34.037448000276],[-118.608274000458,34.03692400048],[-118.609416999757,34.0364959997508],[-118.609906999303,34.036446000224],[-118.610895999516,34.0364870004933],[-118.611797999689,34.0367829995617],[-118.614567999783,34.0368380006078],[-118.617370000563,34.0371349996848],[-118.619087999798,34.0374059999856],[-118.621980000091,34.0376580006723],[-118.624214000608,34.037739000282],[-118.627112000749,34.0369679997578],[-118.629143999803,34.0369779994551],[-118.630028000433,34.037151999806],[-118.632539999886,34.0372630003825],[-118.6326606059,34.0373152028808],[-118.632747845789,34.0373230668257],[-118.632886526804,34.0374118741169],[-118.633093883124,34.0374885831924],[-118.633158333653,34.0374830336285],[-118.633223684293,34.0374768833265],[-118.633292682991,34.0374669499404],[-118.633367915998,34.0374606336342],[-118.633449866607,34.0374464496728],[-118.633534099834,34.0374402003619],[-118.633618766948,34.0374297667288],[-118.63370691683,34.0374193829697],[-118.633791133888,34.0374092664522],[-118.633878033315,34.0373928663763],[-118.63396683268,34.0373749156927],[-118.634057134027,34.0373628503062],[-118.634147966279,34.0373515836692],[-118.634231866231,34.0373398167877],[-118.634318066769,34.0373252509238],[-118.63440436702,34.0373086163426],[-118.634491667096,34.0372910668782],[-118.634578383267,34.0372754833974],[-118.634668116879,34.0372526322356],[-118.634757899899,34.0372314336592],[-118.634847549967,34.0372092494777],[-118.634941248743,34.0371952329667],[-118.635027516655,34.0371675676769],[-118.635128233069,34.0371385832812],[-118.63522103353,34.0371151000771],[-118.635310966568,34.0370960825927],[-118.635407500427,34.0370791837003],[-118.635504466375,34.0370603664547],[-118.635599916866,34.037042333071],[-118.635689683715,34.0370311333886],[-118.635764516972,34.0370238165598],[-118.635831016557,34.0370219331965],[-118.635882400191,34.0370149826178],[-118.635924816843,34.037007832536],[-118.635959233098,34.0370127002492],[-118.636015533212,34.0370488161566],[-118.636047034434,34.0370695323998],[-118.636073117018,34.0370989336896],[-118.636095317083,34.0371400006403],[-118.636117283587,34.0371723162752],[-118.636136716842,34.037198683311],[-118.636344717254,34.037198683311],[-118.63662999973,34.0369960000983],[-118.637219999734,34.0370280001572],[-118.638076999702,34.0365669999812],[-118.639793000185,34.0370980001973],[-118.641286000187,34.0374130004076],[-118.644770999959,34.0380530006115],[-118.646427000168,34.0382400004783],[-118.647443999969,34.0384829996414],[-118.648802000252,34.0383240002126],[-118.649147000034,34.0381559999164],[-118.649769000723,34.0376320000275],[-118.650262999569,34.0376150000025],[-118.651896000212,34.0379080003952],[-118.652153000129,34.0380540003451],[-118.652300999369,34.0383620003841],[-118.652749999806,34.0386170003894],[-118.653631000063,34.0387069995952],[-118.654087999998,34.0382390000024],[-118.654755999819,34.0382399997339],[-118.656947000679,34.0386099993223],[-118.657135000101,34.0388990003608],[-118.657659999808,34.0393350001132],[-118.658377000033,34.0393530002562],[-118.658942999748,34.0392269999189],[-118.659244999872,34.0389959995588],[-118.659613000118,34.0389080001069],[-118.659952999876,34.0390890005045],[-118.660212000342,34.0394300001221],[-118.660664000254,34.0398119992641],[-118.662022999464,34.0399459994012],[-118.662251721315,34.039948047209],[-118.662335146058,34.0395826016799],[-118.663131270793,34.0396612203838],[-118.66324124255,34.0399520639196],[-118.663297000081,34.0402669999353],[-118.66370050534,34.0403074415587],[-118.664077424959,34.04027764388],[-118.664457802193,34.0402141352627],[-118.664844470329,34.0401869786278],[-118.665230007486,34.0401545294078],[-118.66561500206,34.0401332749834],[-118.66593090002,34.0401524771387],[-118.666264943948,34.0401619367816],[-118.666488605589,34.0403217493537],[-118.666378817987,34.0404715295877],[-118.66630020462,34.0405366726742],[-118.666148601339,34.0406451818459],[-118.66603724977,34.0407023309017],[-118.665913788012,34.0407675043305],[-118.665824205317,34.0408166355971],[-118.665743851015,34.0408668111986],[-118.665597561269,34.0409340121868],[-118.665506711949,34.0410433396649],[-118.665323802381,34.0412209396647],[-118.665185931646,34.0411679133127],[-118.665044353564,34.0410947612188],[-118.664880868267,34.0410226631],[-118.664682520253,34.0410437252523],[-118.664551651885,34.0410568173554],[-118.664390866026,34.0410799012266],[-118.664185229979,34.0411339742267],[-118.664048285408,34.0411228919517],[-118.663933478019,34.0411469256288],[-118.663795587522,34.0411609444644],[-118.663642237018,34.041111133037],[-118.663739032286,34.0412359351084],[-118.663759693538,34.0413887701279],[-118.663756261973,34.0413899276296],[-118.663834000381,34.0415800003524],[-118.663899000679,34.0424789994203],[-118.662984000087,34.0435250000039],[-118.662827999553,34.0438690001349],[-118.662025733935,34.0441919657906],[-118.661963127648,34.0442770999725],[-118.661948977386,34.0444447636088],[-118.661837345542,34.0446381217256],[-118.662068988715,34.0447867495352],[-118.662382447748,34.0449021503538],[-118.662510441506,34.0450208320757],[-118.662336907655,34.0453190924399],[-118.662261786039,34.0454113257379],[-118.662292430268,34.0457491193889],[-118.662241222704,34.046029757335],[-118.66239563861,34.0460462160319],[-118.66254751408,34.0463524125633],[-118.662848672482,34.0469024754785],[-118.663217284481,34.0473274062132],[-118.663175143613,34.0475035647021],[-118.663315054422,34.0477279487177],[-118.663571999542,34.0479600000872],[-118.663448999519,34.0481939994365],[-118.663080000346,34.0481930005666],[-118.662599000122,34.0478450001512],[-118.662238999374,34.0477049998891],[-118.660427000428,34.0471349995195],[-118.659808000111,34.0471079999202],[-118.659925999214,34.0475989999198],[-118.65975100021,34.0480530001349],[-118.659953999701,34.0484720003815],[-118.660890999136,34.0489269999935],[-118.661362000213,34.0489679994395],[-118.66185000011,34.0495120001603],[-118.66188500027,34.0498379996748],[-118.662263999488,34.0508000003419],[-118.662974999866,34.0515080001608],[-118.663056000057,34.0520310003384],[-118.662878999606,34.0525440001731],[-118.663004000178,34.0529599996472],[-118.66327500034,34.0532219995315],[-118.66368299987,34.0534020003406],[-118.663933999941,34.0536929999348],[-118.663827999635,34.0539479999856],[-118.662669000442,34.0540640001197],[-118.663064999379,34.0545840000534],[-118.663864000519,34.0550370005447],[-118.663953000207,34.0553089997325],[-118.663890999384,34.0553130000861],[-118.663741000495,34.0557490002918],[-118.663457000813,34.0559740003042],[-118.663481000204,34.0563599996488],[-118.663921999347,34.0566619993758],[-118.663858000671,34.0566700006994],[-118.664354000065,34.056926000237],[-118.66453000069,34.0572310001914],[-118.664549999884,34.0576150000154],[-118.665213999507,34.0579269999403],[-118.6658850006,34.0579439996146],[-118.666328000291,34.0578470005079],[-118.666568000491,34.0576940001646],[-118.66670300021,34.0575940000293],[-118.666858000021,34.0575239997899],[-118.667083000152,34.0574499999844],[-118.667311999582,34.0574489997351],[-118.667475999614,34.0575850000336],[-118.667662999211,34.0577199998679],[-118.667948000515,34.0578380005391],[-118.668125000067,34.0578879993613],[-118.668197999862,34.0579809996819],[-118.668104000151,34.0582760001438],[-118.668243000068,34.0584800003798],[-118.668263000159,34.0587049998409],[-118.668074999838,34.0589289999613],[-118.668049999724,34.0591510005199],[-118.668169000448,34.0593030002385],[-118.668375000312,34.0594859999738],[-118.668922000658,34.0598079996914],[-118.66916000031,34.0601430002694],[-118.669003999776,34.0601870001514],[-118.668964000491,34.0605470000871],[-118.668954000446,34.0608150001047],[-118.668757999729,34.0610340003118],[-118.668679999911,34.0614079994862],[-118.669012000172,34.0616050004571],[-118.669449000913,34.0617850005812],[-118.669716999803,34.0619389996893],[-118.669923000566,34.0622280001017],[-118.669911999797,34.0622910003209],[-118.669773999705,34.0626099999791],[-118.669719000352,34.062727000353],[-118.669588999757,34.0629430002753],[-118.669515999962,34.0630910006485],[-118.669295000927,34.0632620004561],[-118.669042000309,34.0636580003699],[-118.668764000475,34.0638769999278],[-118.668613999789,34.0642300001205],[-118.668916999737,34.064457000277],[-118.669247999275,34.0644420000101],[-118.669693999339,34.0641759998953],[-118.669879000185,34.0640040002719],[-118.670206000423,34.0640210002156],[-118.670633999147,34.06390400014],[-118.671090000155,34.0636939999997],[-118.671253000362,34.0633380000117],[-118.67141599967,34.0630099999533],[-118.671525262656,34.0628488519118],[-118.671531492473,34.0628496883765],[-118.671572457446,34.062852953863],[-118.67159641821,34.0628731547793],[-118.671640259589,34.0628834141192],[-118.671673278964,34.0628980276858],[-118.671689383062,34.0629229199337],[-118.671675537329,34.0629529998863],[-118.67170591386,34.0629671356744],[-118.671709473883,34.0629971999834],[-118.671720314752,34.063014619849],[-118.671732256057,34.0630022611811],[-118.671772973994,34.0629963419389],[-118.671794929718,34.0629756387274],[-118.671825826374,34.0629553983937],[-118.671853285177,34.0629345723817],[-118.671884392039,34.0629241389087],[-118.671904013041,34.062896071967],[-118.671933165169,34.062879812262],[-118.671960746143,34.0628480176797],[-118.671998743083,34.0628393977766],[-118.672034205875,34.0628547466061],[-118.672067245013,34.0628475205636],[-118.672097942243,34.0628342450344],[-118.672140556524,34.0628279782457],[-118.672171581639,34.0628162067132],[-118.672211756095,34.0628032883884],[-118.672233447714,34.0627823975949],[-118.672260805008,34.0627602297722],[-118.672284864586,34.0627344399874],[-118.672316054991,34.0627180321583],[-118.672336391951,34.0626920964999],[-118.672369414919,34.0626787100625],[-118.672408961452,34.0626712503302],[-118.672424893972,34.0626456205185],[-118.67245195033,34.0626251806638],[-118.672479479202,34.0626053391311],[-118.672512734834,34.0626035456385],[-118.672550567382,34.0625899694192],[-118.672587048864,34.0625946243145],[-118.672622816186,34.0625831080061],[-118.672651434714,34.0625968955759],[-118.672692954846,34.0625974336238],[-118.672725731676,34.0625849729412],[-118.672773383709,34.0625783965519],[-118.672808666838,34.0625767198962],[-118.672830582138,34.0625499574014],[-118.672847534245,34.0625243684835],[-118.672848749666,34.062491281856],[-118.672841785028,34.0624639678902],[-118.67286415218,34.06244303385],[-118.672896835585,34.0624365021009],[-118.672931956119,34.0624395726258],[-118.672968813995,34.0624291755572],[-118.672988733238,34.0624531897996],[-118.673024018165,34.0624445586936],[-118.673054673174,34.0624586134498],[-118.673088689678,34.0624597736406],[-118.673130533204,34.0624627280712],[-118.673170423793,34.0624702324732],[-118.673213433332,34.0624693461442],[-118.673245332508,34.0624802849774],[-118.673272907194,34.062463112817],[-118.673306831172,34.062460936064],[-118.673334777761,34.0624462100495],[-118.673364635066,34.0624319826393],[-118.673393853669,34.0624104629141],[-118.673431270297,34.0624019985022],[-118.673464296858,34.0624103483089],[-118.673514667193,34.0624064532209],[-118.673546393892,34.0623854678174],[-118.673580826317,34.0623696560168],[-118.673616193888,34.0623590394035],[-118.673642244133,34.0623394106469],[-118.673678229745,34.0623307505059],[-118.6737196843,34.0623273956964],[-118.673758840067,34.0623273145797],[-118.673790252356,34.0623386724103],[-118.673829598565,34.0623470430605],[-118.673869133421,34.0623427632233],[-118.673904440805,34.06235602469],[-118.673926911263,34.0623779016401],[-118.673949047549,34.0623989979297],[-118.673982898763,34.062408935093],[-118.674020985535,34.0624176994125],[-118.674065391056,34.0624215364532],[-118.674109951986,34.0624221280838],[-118.674144088865,34.0624198047244],[-118.674190362882,34.0624248897706],[-118.674231072734,34.0624281820644],[-118.674250965926,34.0624506580682],[-118.674280949893,34.0624368377303],[-118.674317001981,34.0624244752571],[-118.674341838601,34.0623948007002],[-118.674365846077,34.0623704247649],[-118.674399947024,34.0623714673749],[-118.674428354448,34.0623486043713],[-118.674461496892,34.0623410441442],[-118.674494577353,34.062327609279],[-118.674526578936,34.0623199910032],[-118.674553485276,34.0622970059384],[-118.674577383157,34.0622751818049],[-118.674609473674,34.0622589085854],[-118.674646512112,34.0622339126999],[-118.674664579927,34.0622001241866],[-118.674674951875,34.0621651695114],[-118.67467489079,34.0621276503363],[-118.674651298335,34.0621033866972],[-118.67462013488,34.0620852611499],[-118.674618555642,34.0620539738088],[-118.674590704275,34.0620381396206],[-118.674584279524,34.0620090372129],[-118.674617519884,34.0619819195586],[-118.674641294696,34.061959568455],[-118.674680298648,34.0619310747708],[-118.674727798865,34.0619362216144],[-118.674737904014,34.0619787269695],[-118.674754705204,34.0620047990335],[-118.674805665732,34.0619966783983],[-118.67483905162,34.0619870150498],[-118.674879315009,34.0619768590443],[-118.674911802581,34.061986245554],[-118.67490988917,34.062021385607],[-118.67492093216,34.0620491246495],[-118.674912977578,34.0620806508782],[-118.674912725151,34.062110062101],[-118.674921313944,34.0621379306039],[-118.674949497687,34.0621626035386],[-118.674976884625,34.062178323098],[-118.675002357253,34.0622106373771],[-118.675007949266,34.0622429069925],[-118.675042705085,34.0622417036357],[-118.675076126006,34.0622266709764],[-118.675114241524,34.0622328023668],[-118.675131622128,34.0622061856249],[-118.675177709295,34.0621973476085],[-118.675216523702,34.0621862465051],[-118.675240643467,34.0621657246784],[-118.675283841653,34.0621658377955],[-118.675315991459,34.0621580252712],[-118.675352245667,34.0621414439338],[-118.67537525242,34.0621095471201],[-118.675389275121,34.0620823736835],[-118.67538848101,34.0620522830031],[-118.675400769065,34.0620189074445],[-118.67540128919,34.0619908625287],[-118.675434263649,34.0619893428862],[-118.675465389375,34.0620025433843],[-118.675467753741,34.0619704083763],[-118.675498467141,34.0619547870119],[-118.675517662341,34.0619314312396],[-118.675553019133,34.0619413431551],[-118.675562791905,34.0619418834397],[-118.675587122774,34.0619432267091],[-118.675621904644,34.0619519881],[-118.675647171558,34.0619287037696],[-118.675677970297,34.06191862813],[-118.675692976654,34.0618911733269],[-118.675682994575,34.0619475021013],[-118.675696482779,34.0619044623993],[-118.675695562904,34.0618738834643],[-118.675728742179,34.061867533999],[-118.675726052623,34.0618990692256],[-118.67576891394,34.0618934237697],[-118.67580516725,34.0618917917522],[-118.675792774991,34.0618642640093],[-118.675823630324,34.0618436386617],[-118.675850756751,34.0618188726098],[-118.675883936026,34.0618215494782],[-118.675912295839,34.0618064586971],[-118.675935051064,34.0617818332872],[-118.675979518568,34.0617836104249],[-118.676004388427,34.0618024861851],[-118.676038195624,34.0617987540479],[-118.676077177118,34.0617990241906],[-118.676076289582,34.0618291030538],[-118.676118103464,34.0618388103278],[-118.676122869027,34.0618664720338],[-118.676149631635,34.0618849295384],[-118.676197014173,34.0618644195459],[-118.676232985412,34.0618731831776],[-118.676224317568,34.0619039139284],[-118.67621134859,34.0619327164621],[-118.676227692539,34.061957771972],[-118.676251738642,34.0619785870612],[-118.676266832136,34.0620040607939],[-118.676260925713,34.062042333891],[-118.676273057461,34.0620713834496],[-118.676240447717,34.0620896801641],[-118.676254035634,34.0621256893904],[-118.676283969296,34.0621440322331],[-118.67626576853,34.0621700625715],[-118.676294440059,34.0621912370529],[-118.676322312986,34.0622109462165],[-118.676317038079,34.0622398535769],[-118.676309631469,34.0622692989773],[-118.676280189186,34.0622950598802],[-118.676289402307,34.0623224103658],[-118.676307313816,34.0623507930342],[-118.676324654894,34.0623805107695],[-118.676298823838,34.0623988736501],[-118.67628934212,34.0624274668984],[-118.676279261226,34.0624526934255],[-118.67627789938,34.0624560995791],[-118.676255601398,34.0624827571729],[-118.676223013214,34.0624972703431],[-118.676229214285,34.0625287011489],[-118.676197676232,34.062541139514],[-118.676212561316,34.0625674696383],[-118.676221304619,34.0625955337121],[-118.676251227501,34.0626084051847],[-118.676235410864,34.0626360807792],[-118.676217630509,34.0626628492002],[-118.676196565016,34.0626866058878],[-118.6761598347,34.062687541331],[-118.676125551396,34.0626999059983],[-118.676149307344,34.0627239514199],[-118.676125397784,34.0627436448317],[-118.6760868376,34.0627579771199],[-118.676055568144,34.0627876619682],[-118.676046262496,34.0627935708064],[-118.676049277242,34.0628159328528],[-118.676013699465,34.0628430346123],[-118.675979971319,34.0628703395257],[-118.675969643388,34.0629064585598],[-118.675994928269,34.0629330914538],[-118.675999365048,34.0629647996788],[-118.676033784896,34.0629727512913],[-118.67606668749,34.0629690437637],[-118.676095676125,34.0629853183352],[-118.676121658996,34.063002567785],[-118.67614202021,34.0630278291176],[-118.676170645925,34.0630423838686],[-118.676174251762,34.0630731424744],[-118.676201217391,34.0631017741928],[-118.676195044168,34.0631359136011],[-118.676177342865,34.0631646933906],[-118.67613911955,34.0631595168543],[-118.676106633774,34.063152165815],[-118.676077678378,34.0631690461162],[-118.676069437233,34.0631993023527],[-118.67606096073,34.0632294960672],[-118.67606104068,34.0632577794555],[-118.676060028279,34.0632857019062],[-118.676057963951,34.0633179696239],[-118.676031010001,34.0633507106285],[-118.676054986934,34.0633710215649],[-118.676096327403,34.0633957655819],[-118.676090944698,34.0634258595062],[-118.676083498563,34.063453231208],[-118.676071313814,34.0634853068634],[-118.676069302486,34.0635217530744],[-118.676042434774,34.0635493137669],[-118.676054125449,34.0635906745095],[-118.676040266241,34.0636176755571],[-118.676030164686,34.0636483275365],[-118.675999660594,34.0636815685013],[-118.675959473561,34.0637036363631],[-118.675935034894,34.0637431537021],[-118.675910077899,34.0637616524719],[-118.67588062214,34.0637800902151],[-118.675843708569,34.0637857675449],[-118.675837480549,34.0638156633796],[-118.675793385845,34.0638372177243],[-118.675774415223,34.0638659459274],[-118.675800473553,34.0638958320595],[-118.675846015442,34.0639089064948],[-118.675886713616,34.0639230294723],[-118.675932255506,34.0639476155629],[-118.675978157621,34.0639461592104],[-118.676020207759,34.0639507582181],[-118.676053832599,34.0639506465917],[-118.67608501941,34.0639340551865],[-118.676120469626,34.0639276567599],[-118.676156372593,34.0639330341769],[-118.676193447862,34.063940721516],[-118.676211637848,34.0639691750833],[-118.676215875201,34.063997709756],[-118.676257760948,34.063992106858],[-118.676295687819,34.063992429086],[-118.676292357764,34.0639628815881],[-118.676320371727,34.063946407021],[-118.676354280434,34.0639540571501],[-118.676387984325,34.063953485623],[-118.676429782037,34.063949565304],[-118.676459966328,34.0639612466337],[-118.676476487245,34.0639885243965],[-118.676480097574,34.0640209704486],[-118.676493033314,34.0640481179615],[-118.676517065045,34.0640759032236],[-118.676517675899,34.0641063995048],[-118.676502163791,34.0641340567498],[-118.676471191676,34.0641582654829],[-118.676450517848,34.0641904673809],[-118.676419088491,34.0642123282298],[-118.676456075725,34.0642160081686],[-118.676404066863,34.0642224021084],[-118.676435953463,34.0642365533123],[-118.676445409129,34.0642662145733],[-118.676456299405,34.064295406995],[-118.676486746904,34.0643142926141],[-118.676486487291,34.0643446623002],[-118.676490106603,34.0643764957622],[-118.676508786171,34.0644011896261],[-118.676516060728,34.0644315146306],[-118.676536181194,34.0644056821924],[-118.67656317467,34.0643876583451],[-118.676585491516,34.0644120798388],[-118.676616643294,34.0644280579528],[-118.676650730766,34.0644321851294],[-118.676677940736,34.0644556488615],[-118.676675433538,34.0644870714992],[-118.676660419096,34.0645122289495],[-118.676644740799,34.0645459741232],[-118.676671403695,34.0645670073628],[-118.676693749288,34.064544748474],[-118.676723368539,34.064528069373],[-118.67675877923,34.0645309292218],[-118.676792272915,34.0645338664642],[-118.6768273665,34.0645376349454],[-118.676834800059,34.0645650702868],[-118.676829879088,34.064592382087],[-118.676817706017,34.0646221838717],[-118.676829174809,34.064595658669],[-118.676863957576,34.0645944627873],[-118.676844105707,34.0646288352636],[-118.67687735505,34.0646224406103],[-118.676917297741,34.0646007703748],[-118.676950285675,34.064580891352],[-118.676984219535,34.0645633564619],[-118.677025722599,34.0645653776292],[-118.677064687025,34.0645675439098],[-118.677077480831,34.0645398808529],[-118.677110497511,34.0645451934881],[-118.677135744662,34.0645642040722],[-118.677173414615,34.0645605256369],[-118.677207605393,34.0645592888253],[-118.677227763588,34.0645345637523],[-118.677269595436,34.064534714819],[-118.677303160088,34.0645207139874],[-118.677338268046,34.0645105597738],[-118.677373098425,34.064494436562],[-118.677399469368,34.0644769827687],[-118.677434015879,34.0644694100806],[-118.677470553057,34.0644685163307],[-118.677508893153,34.0644751104336],[-118.677552578225,34.0644584395048],[-118.677592016961,34.064454071962],[-118.677623873916,34.0644468326608],[-118.677662708086,34.0644508310948],[-118.677696731777,34.0644332805502],[-118.67773424722,34.0644276263331],[-118.677700202868,34.0644142327281],[-118.677669601757,34.0643952451797],[-118.677627411482,34.0643910554908],[-118.677607177828,34.0643560191162],[-118.677609086748,34.0643267649491],[-118.677642837352,34.0643225782335],[-118.677680609713,34.064328419245],[-118.677712347192,34.0643162795554],[-118.67774473056,34.0643400127101],[-118.677779791805,34.0643385005515],[-118.677817299163,34.0643428338683],[-118.677857699995,34.0643468948177],[-118.677896649149,34.0643536169277],[-118.677930007189,34.0643468308189],[-118.67796742741,34.0643375301504],[-118.678005537538,34.0643458232093],[-118.67804223192,34.0643401637771],[-118.678077773765,34.0643252200467],[-118.678116180336,34.0643156700779],[-118.678089055706,34.0642983554082],[-118.678104255201,34.0642699659504],[-118.678132173942,34.0642493002587],[-118.678181593859,34.0642488403596],[-118.678214251213,34.0642548584894],[-118.678251714553,34.0642523833689],[-118.678291836009,34.064244854567],[-118.67833181553,34.0642293861773],[-118.67837843989,34.0642271752377],[-118.678414257517,34.0642261073486],[-118.678455175778,34.0642313805623],[-118.678491801889,34.0642152431581],[-118.67852711646,34.0642300529568],[-118.67855789364,34.0642198518255],[-118.678599809031,34.0642297530549],[-118.67863609468,34.0642415385303],[-118.67866913292,34.0642374329253],[-118.678706253104,34.0642408821693],[-118.678751874944,34.0642398589308],[-118.678792067366,34.0642446796862],[-118.67882904921,34.0642541306879],[-118.67886961623,34.0642583025234],[-118.678913631882,34.0642800591706],[-118.678945262461,34.0642903726648],[-118.679178644772,34.0644377106045],[-118.679328000468,34.0645320000836],[-118.679675000798,34.0648150003536],[-118.680036000473,34.065254999935],[-118.680443000179,34.0653890000471],[-118.68054231073,34.0655646157183],[-118.680582972073,34.0655506738457],[-118.680612024487,34.0655638150002],[-118.680648266119,34.0655854403398],[-118.680659530993,34.0656189886275],[-118.680703159471,34.0656306838662],[-118.680740615625,34.0656311430136],[-118.680787186086,34.0656414675058],[-118.68082824718,34.0656585043291],[-118.680839077269,34.0656930743205],[-118.680802932655,34.0657103767987],[-118.680799884671,34.0657410168587],[-118.680828183399,34.0657559008068],[-118.680825663625,34.0657856664625],[-118.680808839078,34.0658120841337],[-118.680817073036,34.0658393977645],[-118.680846421895,34.0658579876083],[-118.680859836437,34.0658900906314],[-118.680895636097,34.0658937384985],[-118.680917913418,34.0659244558847],[-118.680931583082,34.0659542192488],[-118.680921419543,34.0659817940333],[-118.680922950272,34.0660143196912],[-118.680926415972,34.0660429519041],[-118.680939740683,34.0660733336213],[-118.680972345036,34.0660682138187],[-118.68100609564,34.0660815193517],[-118.681036114641,34.0660981959144],[-118.681061203689,34.0661187510199],[-118.681098914965,34.066130946263],[-118.681142321559,34.0661365512521],[-118.681167958579,34.0661164180879],[-118.681205071577,34.066126913677],[-118.681239621681,34.0661334600247],[-118.681276166045,34.0661294438103],[-118.681316175211,34.0661319218526],[-118.681351871566,34.0661451678431],[-118.681381504292,34.0661610354951],[-118.681399414902,34.0661888699229],[-118.681435971842,34.0661988155716],[-118.681475806735,34.0662070734729],[-118.681498543095,34.0661855122895],[-118.681543799321,34.066172336256],[-118.681545343525,34.0661428438416],[-118.68157910401,34.0661331936166],[-118.68161849244,34.0661287041184],[-118.681637692133,34.0661567424557],[-118.681667637473,34.0661732322204],[-118.681698391296,34.0661923615043],[-118.681731469062,34.0662005591296],[-118.681754741716,34.066223898098],[-118.681787451172,34.0662170325143],[-118.681794532591,34.0661852644854],[-118.6817914352,34.0661574084759],[-118.681836248557,34.066150600931],[-118.681869445798,34.0661719172959],[-118.681899924737,34.0661840284417],[-118.681940530385,34.066203714352],[-118.681974056409,34.0661984859104],[-118.6820169321,34.0661978050074],[-118.682056062713,34.0661957005335],[-118.682088768576,34.0661878943339],[-118.682127958479,34.0662036332389],[-118.682158767998,34.0662159624179],[-118.682168760857,34.0662444375458],[-118.682177465532,34.0662712040829],[-118.682212968749,34.0662564980786],[-118.682235518259,34.0662789023722],[-118.682271011595,34.0663101829443],[-118.682295775452,34.066344661883],[-118.682314535868,34.0663738193575],[-118.682317971924,34.0664076612741],[-118.682354236014,34.06642983484],[-118.682388700778,34.066434174003],[-118.682429133949,34.0664496144565],[-118.682477915164,34.0664495214373],[-118.682518478591,34.066428329416],[-118.682557342405,34.0664325725833],[-118.682589704213,34.0664260902559],[-118.6826028816,34.0664191904575],[-118.682598684671,34.0664011871306],[-118.682616600671,34.0663718949734],[-118.682641732838,34.0663484235862],[-118.682678445187,34.0663512030048],[-118.682719248463,34.0663385218602],[-118.682752345992,34.0663386833419],[-118.682789544329,34.0663439489825],[-118.682829720582,34.0663471994514],[-118.682855116854,34.0663200563958],[-118.68289189478,34.0663225813142],[-118.682924615016,34.0663384600954],[-118.6829358206,34.0663724679726],[-118.682969139114,34.0663884821805],[-118.683007249242,34.0663759751737],[-118.683032403866,34.0663682099192],[-118.683039152909,34.06636612703],[-118.683070453807,34.0663547444379],[-118.683107359294,34.0663541625088],[-118.683137937048,34.0663839539998],[-118.683139992393,34.0663886272906],[-118.683151321945,34.0664143966154],[-118.683184211963,34.0664333539452],[-118.683209742083,34.0664596352342],[-118.683237059851,34.0664825544285],[-118.683259246442,34.0665089041644],[-118.683289756822,34.0665281137411],[-118.68332539299,34.0665435288763],[-118.683347649649,34.0665759553462],[-118.683372356014,34.0665989690164],[-118.683384085317,34.0666274633636],[-118.683417605054,34.0666461281939],[-118.683428138699,34.0666726527547],[-118.683395383428,34.0666839988406],[-118.683611497424,34.0668259814306],[-118.683652872928,34.0668727765922],[-118.68366379734,34.0669066302159],[-118.683689408309,34.0669596724687],[-118.683712629759,34.0669885157006],[-118.683727504064,34.0670150215504],[-118.683742227451,34.0670436266359],[-118.683770525281,34.0670727436858],[-118.683791091311,34.0671022700073],[-118.683815661132,34.0671262866463],[-118.683871548919,34.0671751518609],[-118.683906838337,34.0672039228371],[-118.683943592009,34.0672350646564],[-118.683969732085,34.0672625400525],[-118.68397754653,34.0672951649344],[-118.68400449509,34.0673495888234],[-118.684010273054,34.067390222169],[-118.684013633651,34.0674254485343],[-118.684018899575,34.0674575978448],[-118.684026211862,34.0674956534209],[-118.684037849536,34.0675251937338],[-118.684043976047,34.0675704711993],[-118.684061417736,34.0676271362722],[-118.684093761578,34.0676664828609],[-118.684128276648,34.0677006680552],[-118.684155479431,34.0677259540322],[-118.684183790736,34.0677493052309],[-118.684216195663,34.0677746529572],[-118.684251389859,34.0677889382576],[-118.684290437828,34.0678175081071],[-118.684327046871,34.0678441394576],[-118.684354389791,34.0678711279877],[-118.684379150056,34.067902434761],[-118.684396934902,34.0679273992089],[-118.684416398699,34.0679836093733],[-118.684425019831,34.0680122468739],[-118.684445425961,34.0680617455847],[-118.684442145313,34.0681004125721],[-118.684443603279,34.0681320079868],[-118.684508950326,34.068139780521],[-118.684567446821,34.0681467367339],[-118.684626208318,34.0681537256883],[-118.684661170749,34.0681560585643],[-118.684668486629,34.0681443353969],[-118.684676988285,34.0681307124404],[-118.684708849731,34.0681379767276],[-118.684742347908,34.0681425784843],[-118.684748992746,34.0681434922872],[-118.684756517933,34.0681422421335],[-118.684786671683,34.0681372318442],[-118.684820301912,34.0681292688102],[-118.684857744591,34.0681096153452],[-118.684852881112,34.0681399509289],[-118.684852725704,34.0681409220306],[-118.684884617693,34.0681510185103],[-118.684924649317,34.0681471177331],[-118.684970692467,34.0681428195854],[-118.685006908047,34.0681468148685],[-118.685044484576,34.0681439008196],[-118.68507297734,34.0681589041519],[-118.685107772684,34.0681596601972],[-118.68514325524,34.0681659154296],[-118.685185417667,34.0681758630786],[-118.685226947681,34.0681879516138],[-118.685269543097,34.0681976581593],[-118.685303759028,34.068212977741],[-118.685310292475,34.0682411136148],[-118.685343555293,34.0682262702868],[-118.685370589194,34.0682047884958],[-118.685420429522,34.0681986620023],[-118.685461480734,34.068200838608],[-118.685493698812,34.0682063005855],[-118.685496713558,34.0682068110646],[-118.685549203917,34.0682074383734],[-118.685580603629,34.0682220212562],[-118.685620288503,34.0682299723754],[-118.68565901218,34.0682305059227],[-118.685679548566,34.0682572822503],[-118.685698147286,34.0682898234058],[-118.685723609134,34.0683077950776],[-118.685757031852,34.0683202586393],[-118.685762240284,34.0683480105026],[-118.68576313321,34.0683811915812],[-118.685744946817,34.0684174109571],[-118.685774515763,34.0684021420137],[-118.68579756833,34.0684228453876],[-118.685810115998,34.0684507006523],[-118.685803366056,34.0684786362746],[-118.685796123839,34.0685066634164],[-118.685801573917,34.0685342276965],[-118.68583353328,34.0685524173482],[-118.685871581424,34.0685525252479],[-118.685838309623,34.0685552956646],[-118.685855347969,34.0685955883622],[-118.685826292859,34.0686241385921],[-118.685786442695,34.0686483304155],[-118.685750473253,34.0686528294539],[-118.685714272045,34.0686451641221],[-118.685681605708,34.0686410416155],[-118.685644994868,34.0686339648934],[-118.685610309119,34.0686601666216],[-118.685578798914,34.0686852915792],[-118.685546829669,34.0686924605697],[-118.685514157942,34.068699958467],[-118.685478256772,34.0687026834866],[-118.68546035245,34.0687288725433],[-118.685448421026,34.0686997791306],[-118.685439476501,34.0686902556997],[-118.685423893426,34.0686736644784],[-118.685388253665,34.0686631632517],[-118.685342943541,34.0686726531996],[-118.685304487562,34.0686797172683],[-118.685270129697,34.0686759006026],[-118.685231486868,34.0686756669443],[-118.685193529454,34.0686607276991],[-118.685155440886,34.0686457832423],[-118.685118379991,34.0686490916653],[-118.685074031064,34.0686536383283],[-118.685026269437,34.0686479166766],[-118.684986510901,34.068641634691],[-118.684946257393,34.0686406353179],[-118.684910450546,34.0686450138069],[-118.684868362678,34.0686640324008],[-118.684857882033,34.0686998967038],[-118.684857019651,34.0687391222446],[-118.684866525623,34.0687752417536],[-118.684880723496,34.0688031460153],[-118.684930349127,34.0687974578597],[-118.684976434498,34.0688044497369],[-118.685007054473,34.0688151853481],[-118.68503600448,34.0688297524996],[-118.685074154133,34.0688456881091],[-118.685114827154,34.0688608021929],[-118.685151224194,34.0688666414033],[-118.685185017917,34.0688837944069],[-118.685181128212,34.0689135336633],[-118.685190751864,34.0689414081141],[-118.685214599439,34.0689616626447],[-118.685208250147,34.068991826773],[-118.685212771368,34.0690273017565],[-118.68523383776,34.0690485883765],[-118.685276682009,34.0690492112144],[-118.685311061433,34.0690735309069],[-118.685318171598,34.069110331897],[-118.685305579015,34.0691420102777],[-118.685308996206,34.0691716385681],[-118.685334558666,34.0691531179113],[-118.685331660701,34.069189101068],[-118.685366620437,34.0691942950952],[-118.685410913668,34.0692032097712],[-118.685365236133,34.0692179107993],[-118.685331833177,34.0692301450352],[-118.68535145957,34.0692562639806],[-118.685381772321,34.0692731400893],[-118.685409674892,34.0692881082475],[-118.685421109547,34.0693154654056],[-118.685437042067,34.0693419519243],[-118.685450753951,34.0693718383573],[-118.685457523655,34.0693995935968],[-118.685460740522,34.069433981983],[-118.685473899943,34.0694703192251],[-118.685477327914,34.0695018464134],[-118.685494386921,34.0695342806807],[-118.685507906566,34.0695612031893],[-118.685540242323,34.0695770419247],[-118.685575806625,34.0695842182811],[-118.685620104349,34.0695958802308],[-118.685661493327,34.0696020981508],[-118.685674236828,34.069630278211],[-118.685677676477,34.0696634126515],[-118.685677464474,34.0696996441293],[-118.685678338535,34.0697303229295],[-118.685701742343,34.0697623902558],[-118.685739594654,34.0697569640966],[-118.685757314822,34.0697823819141],[-118.685765598187,34.0698167463328],[-118.685796414893,34.0698290035501],[-118.685768524,34.0698550962666],[-118.685756337455,34.0698833037751],[-118.685754242583,34.0699136149118],[-118.685740655565,34.0699415693989],[-118.685709611585,34.0699719169767],[-118.685711937323,34.0700071415246],[-118.685750588237,34.0700161387128],[-118.685754945964,34.0700474781791],[-118.685756086825,34.0700771009439],[-118.685760504739,34.0701111028558],[-118.68575375929,34.0701408915376],[-118.685756127249,34.0701758012518],[-118.685752094712,34.0702068229195],[-118.685722396408,34.0702217723097],[-118.685740466919,34.0702462955548],[-118.685721524144,34.0702770865192],[-118.685735068044,34.0703075329448],[-118.685760774234,34.0703312324242],[-118.685780578493,34.0703534950018],[-118.685765840732,34.0703823504724],[-118.68576246666,34.0703897254405],[-118.685762963428,34.0704206249941],[-118.685764600159,34.0704510535093],[-118.685751720114,34.0704785278626],[-118.685719374476,34.0704843238025],[-118.685717437708,34.0705135326849],[-118.685697481634,34.0705444961876],[-118.685670290529,34.070562251587],[-118.68568805651,34.0705963515277],[-118.685663468722,34.0706152498807],[-118.68564602344,34.0706451023792],[-118.685641985512,34.0706519653717],[-118.68562992024,34.0706724702608],[-118.685664215222,34.0706645982473],[-118.685668597204,34.0706994385429],[-118.685637921534,34.0707177356267],[-118.685605938815,34.0707256656764],[-118.685572393926,34.0707407213838],[-118.685539108649,34.070731631258],[-118.685519340323,34.0707564430725],[-118.685521048919,34.0707939100595],[-118.685499458809,34.0708217079918],[-118.68549784813,34.0708237788656],[-118.685493709591,34.0708291082215],[-118.685516724429,34.0708483942067],[-118.685522976703,34.070878957253],[-118.685528164474,34.0709087300384],[-118.685520518913,34.07094302703],[-118.68553461348,34.0709688731015],[-118.685547024604,34.0710019192131],[-118.685519264865,34.0710280465417],[-118.685510091269,34.0710603373549],[-118.68547810316,34.0710502285718],[-118.685466477164,34.0710457237079],[-118.685447193029,34.071038251318],[-118.68541847389,34.0710372266734],[-118.68540834808,34.0709989933566],[-118.685371984277,34.0709983474656],[-118.685368206861,34.0710341780394],[-118.685333161786,34.0710382200653],[-118.685302263333,34.0710286001624],[-118.685299249485,34.0710297602358],[-118.685285750502,34.0710349571265],[-118.685273720263,34.0710509258063],[-118.685273517244,34.0710513045602],[-118.685271252591,34.0710555586576],[-118.685258331224,34.0710798204775],[-118.685222821719,34.0711006325817],[-118.685189704428,34.071112249676],[-118.685153974836,34.0711153585804],[-118.685128857941,34.0711346824502],[-118.685108186808,34.0711673028646],[-118.685071108844,34.0711606936562],[-118.68502485998,34.0711591272991],[-118.684992694903,34.0711761481306],[-118.684956304151,34.0711786848102],[-118.68493251766,34.0711595387934],[-118.684901025422,34.0711465718851],[-118.684887308147,34.0711110501657],[-118.684872909051,34.0710861893435],[-118.684895812498,34.0710635117432],[-118.684872015228,34.0710538062701],[-118.68486554107,34.071051166155],[-118.68485380458,34.0710393354917],[-118.684841731223,34.071027166255],[-118.684814500592,34.0710062767449],[-118.684785722163,34.0709908750716],[-118.684751257399,34.0709844005341],[-118.684753132183,34.0709970623805],[-118.684755742687,34.0710146934181],[-118.684737267037,34.0710393637681],[-118.68471229477,34.0710584644211],[-118.68468957458,34.0710789089386],[-118.684665859057,34.0711020597908],[-118.684664475651,34.0711308755685],[-118.684673829808,34.0711573860754],[-118.684688298074,34.0711830572151],[-118.68471679533,34.0712016034721],[-118.684700828674,34.0712496373956],[-118.684654541182,34.0712511256193],[-118.684614779951,34.0712548804077],[-118.684567570788,34.0712741462049],[-118.684564662043,34.071275333063],[-118.684547477272,34.0712461482549],[-118.684541844835,34.0712737183407],[-118.684536898711,34.0712881258296],[-118.684532583204,34.0713006961049],[-118.684538480644,34.071310136646],[-118.684543990012,34.0713189528768],[-118.684548910983,34.0713268307825],[-118.684537450277,34.0713660112045],[-118.684526238404,34.0713741294535],[-118.684519545955,34.0713789758469],[-118.684519875636,34.0714121259739],[-118.684518845269,34.0714296162883],[-118.684516216798,34.0714386036519],[-118.684505869104,34.0714739771561],[-118.684478837899,34.0715663918355],[-118.684464037257,34.0715779984484],[-118.684466654049,34.0715889197354],[-118.684449910351,34.0715889048532],[-118.684430752879,34.0715888877387],[-118.68440372886,34.0716173469228],[-118.684409923642,34.071631862993],[-118.684416534344,34.0716473530987],[-118.684419675753,34.0716547145626],[-118.684395706006,34.0716867819046],[-118.684379313549,34.071687287898],[-118.684353108794,34.0716880959993],[-118.684311561712,34.0716780974192],[-118.684305405557,34.0716460144477],[-118.684307541751,34.0716284252116],[-118.684308741002,34.0716185516347],[-118.684282215548,34.0715996520173],[-118.684251893814,34.0715866926174],[-118.684227379688,34.0716097324586],[-118.684192864618,34.0715950943508],[-118.684190627813,34.071594145612],[-118.684160773203,34.0716059568509],[-118.68412715555,34.0716083208844],[-118.684119169527,34.071580808948],[-118.684102660289,34.0715409105598],[-118.684089023863,34.0715079569282],[-118.684061486008,34.0715177025311],[-118.684050324441,34.0715197793408],[-118.684032770462,34.0714949186386],[-118.684020354846,34.0714984159542],[-118.683988156531,34.0715043100469],[-118.683978574202,34.0715065379111],[-118.683951034551,34.0715027288139],[-118.683924788473,34.0715038442342],[-118.683895701024,34.0714757927842],[-118.683881236351,34.071445809615],[-118.683840820249,34.0714336902921],[-118.683812112787,34.0714199867564],[-118.68378359487,34.071403128934],[-118.68376510844,34.0713787101994],[-118.683721287722,34.0713949176739],[-118.683734514516,34.0713694422995],[-118.683699541305,34.0713631530746],[-118.68367109705,34.071349117654],[-118.683634331701,34.0713437392195],[-118.683605269405,34.0713049226577],[-118.683602815207,34.0712771367897],[-118.683569891054,34.0712625090419],[-118.683588424196,34.0712862752242],[-118.683547756565,34.0712971266023],[-118.683515291451,34.0712830785209],[-118.683481908258,34.0712839111817],[-118.683454424302,34.071309141025],[-118.683419740349,34.0713022550183],[-118.683374522751,34.0713172793705],[-118.683410199342,34.0713171000397],[-118.683404113256,34.0713469448499],[-118.68339466298,34.0713849994231],[-118.683359190306,34.0713775233427],[-118.6833283736,34.0713908034863],[-118.683289499006,34.071374905561],[-118.683311264287,34.0713962042411],[-118.683330764017,34.071422324007],[-118.683316591296,34.0714501098274],[-118.683347748464,34.0714651974028],[-118.683348282961,34.0715001021067],[-118.683334608806,34.0715340922859],[-118.683311592172,34.0715691316451],[-118.683280313732,34.0715782737687],[-118.683250807668,34.0715929319704],[-118.683216296192,34.0716138176154],[-118.683195839756,34.0716506502429],[-118.683167357772,34.0716684508011],[-118.683145213402,34.0716917294787],[-118.683111319068,34.0717050877044],[-118.683068667956,34.0717029372326],[-118.683031065377,34.0717202392276],[-118.683010391549,34.0717526495783],[-118.683041384324,34.0717694344086],[-118.683075972158,34.07177275908],[-118.683069854631,34.0718074731658],[-118.68306573316,34.0718367373999],[-118.68302656841,34.0718536606174],[-118.682993116047,34.0718676088939],[-118.68297672898,34.0718987296522],[-118.682967236482,34.071934438556],[-118.682972065825,34.071962841072],[-118.682993926328,34.0719942333938],[-118.682992430633,34.0720219773567],[-118.682998593076,34.0720590561054],[-118.682998226563,34.0720872018635],[-118.683013517686,34.0721175479287],[-118.683026311492,34.0721492006295],[-118.683023831244,34.0721830752121],[-118.683013559008,34.0722136839114],[-118.682985568402,34.0722292862702],[-118.682954590898,34.0722446393516],[-118.682921167281,34.0722522076244],[-118.682896209388,34.072279055603],[-118.682858811624,34.0722948305816],[-118.682823542868,34.0722992222756],[-118.682779318807,34.0723000177214],[-118.682730116282,34.0722944726682],[-118.682752370246,34.072321389835],[-118.682778684596,34.072338613573],[-118.68280517771,34.0723769898969],[-118.682836991546,34.0723663269149],[-118.682879808846,34.0723784185727],[-118.682922349464,34.0723864385033],[-118.682940768521,34.072384691352],[-118.682960590746,34.0723828110065],[-118.682988735862,34.0723996195232],[-118.683017854752,34.0724250038073],[-118.683042440743,34.0724478730214],[-118.683057399489,34.0724671683114],[-118.683066441033,34.0724788320966],[-118.683093485713,34.0724952075275],[-118.68309877679,34.0725241924863],[-118.683081456373,34.0725518425191],[-118.683058464891,34.0725737592505],[-118.68303838485,34.0725960071009],[-118.683011909702,34.0726191061956],[-118.6830087647,34.0726548147957],[-118.683025409584,34.0726799474979],[-118.68302319344,34.0727093580181],[-118.68303112736,34.0727361411153],[-118.683021404894,34.0727648603485],[-118.68302350785,34.0727959800331],[-118.683010761655,34.0728221990765],[-118.682922190463,34.0728797952235],[-118.682906857119,34.0728464544376],[-118.682887803852,34.0728149686753],[-118.682850963942,34.0727819887517],[-118.682811294339,34.0727597044893],[-118.682769365473,34.0727386427755],[-118.682735440596,34.0727270951055],[-118.682704777503,34.0727166784643],[-118.682656040305,34.0727090053151],[-118.682609958528,34.0727094413572],[-118.682608723344,34.0727094532628],[-118.682574190308,34.0727194926466],[-118.682531181667,34.0727270437627],[-118.682493153286,34.0727366917484],[-118.682442861105,34.072747868856],[-118.682394461674,34.0727636802081],[-118.682361777371,34.0727909454639],[-118.68235410486,34.0728360571578],[-118.682354908852,34.0728757793289],[-118.682351373982,34.0728910348164],[-118.68234603709,34.0729140631414],[-118.682325270736,34.0729551462293],[-118.682289983115,34.0729827209675],[-118.68225682001,34.0730109780333],[-118.682228713521,34.0730262096853],[-118.682185295248,34.0730350562455],[-118.682150419954,34.0730415589019],[-118.68211354501,34.0730515268131],[-118.682063050708,34.073061679259],[-118.682015331302,34.073067837397],[-118.681981001285,34.0730725192483],[-118.681935441429,34.0730804743768],[-118.68188939199,34.0730903038817],[-118.681838487158,34.0731029609488],[-118.68183269033,34.0731044796479],[-118.681797965054,34.0731135799364],[-118.681762142936,34.0731168137754],[-118.681726926281,34.0731254951369],[-118.681696892907,34.0731428080028],[-118.681660742005,34.07314381774],[-118.681615040215,34.0731409358591],[-118.6815716974,34.0731343870765],[-118.681521145606,34.073132166696],[-118.681487087779,34.0731399380274],[-118.681448108082,34.073153103304],[-118.681412292252,34.0731806593755],[-118.681387900297,34.0732200279401],[-118.681370432556,34.0732618862257],[-118.681351914685,34.073297944279],[-118.681327406847,34.073334814123],[-118.681301494943,34.0733619668368],[-118.681277301515,34.0733851550138],[-118.681232724416,34.0734537506984],[-118.681208649567,34.0734884432608],[-118.681181863601,34.073525330136],[-118.68116134608,34.0735480866952],[-118.681139805378,34.0735705694226],[-118.681111231766,34.073594299241],[-118.681077268261,34.0736141389445],[-118.681054875956,34.0736371849311],[-118.681037163874,34.0736646069088],[-118.681033620918,34.073696459192],[-118.681044706129,34.0737325825402],[-118.681066906194,34.0737648715784],[-118.681097313269,34.0737777912083],[-118.681097916038,34.0737934356922],[-118.681098778421,34.0738158134379],[-118.681110201398,34.0738449921521],[-118.681120028069,34.0738776889081],[-118.681133368051,34.0739148315803],[-118.681145449493,34.0739531632889],[-118.68115752285,34.0739789012934],[-118.68116890181,34.0740088046928],[-118.681180905997,34.0740367377383],[-118.681199443631,34.0740711220099],[-118.681228806863,34.0740931960947],[-118.681266619648,34.0741113309787],[-118.681313108363,34.0741224267995],[-118.681349097568,34.0741325508417],[-118.681389263041,34.0741425580612],[-118.681394267555,34.0741450075938],[-118.682258411824,34.0745680665586],[-118.682269822225,34.0745992160881],[-118.682296546206,34.0746233079864],[-118.68232572708,34.0746375683214],[-118.682353487717,34.0746634229388],[-118.68236786166,34.0746884092051],[-118.682394526353,34.0746691255822],[-118.682428455721,34.0746539626811],[-118.682454555373,34.0746291386147],[-118.682482293553,34.0746013798799],[-118.682513086004,34.0745663425189],[-118.682542437558,34.07454922787],[-118.682570871033,34.0745347078351],[-118.682612278876,34.0745229327205],[-118.682646149854,34.0745034325318],[-118.682657410236,34.0745058336886],[-118.682699000437,34.0745359995633],[-118.682815191231,34.0745192487649],[-118.682845900139,34.0745316161701],[-118.682890707207,34.0745461659688],[-118.68292164788,34.0745564432415],[-118.682945578101,34.074583733219],[-118.682975350964,34.0746083407708],[-118.683009059347,34.0746178121948],[-118.683029572377,34.0746415394876],[-118.683043469314,34.0746730089453],[-118.683013124224,34.0746556085904],[-118.683042139807,34.074678274068],[-118.68305786302,34.0747063155286],[-118.683112918967,34.0747031122576],[-118.683159915229,34.0747152229279],[-118.683205146302,34.0747179150145],[-118.683245714221,34.0747236236069],[-118.683279480095,34.0747309475994],[-118.683312243451,34.0747442101034],[-118.683343646756,34.0747555551084],[-118.683384356608,34.074750697747],[-118.68340011755,34.0747765605147],[-118.683417904193,34.0748058021449],[-118.683446525416,34.0748243371916],[-118.683460007332,34.0748498911436],[-118.683475859003,34.074879640211],[-118.683508643019,34.0749020072526],[-118.683536654287,34.0749198979052],[-118.683551266283,34.0749492540741],[-118.6835828771,34.0749776459063],[-118.683607362479,34.0749983037726],[-118.683643121716,34.0750137701963],[-118.683677310697,34.0750252989526],[-118.683720242981,34.0750474412441],[-118.683746807062,34.0750658646261],[-118.68377239198,34.075094140343],[-118.683807206189,34.075109939352],[-118.683829678444,34.0751342379587],[-118.683858978794,34.0751647897858],[-118.683886051321,34.0751849334491],[-118.683906349654,34.0752076121783],[-118.683914281778,34.0752439729867],[-118.684067432855,34.0755298564804],[-118.683943046731,34.0756772083582],[-118.683824978458,34.0759328416872],[-118.683745595235,34.0759831981477],[-118.683616121053,34.076093834632],[-118.6836614725,34.0761229076478],[-118.683764820979,34.0761891595319],[-118.683672973631,34.0762606071902],[-118.683633834034,34.0762844039652],[-118.683593853614,34.0763087119078],[-118.683430999833,34.0764340001225],[-118.683296637019,34.0764752012978],[-118.683310081206,34.0765095518407],[-118.683320169286,34.0765364832934],[-118.683292306241,34.0765541607982],[-118.683259055101,34.0765608439923],[-118.68323178674,34.0765789017093],[-118.683223388391,34.0766124568049],[-118.683238596869,34.0766485506351],[-118.683241985314,34.0766854599442],[-118.683275164589,34.0766937183116],[-118.683289452293,34.0767208870622],[-118.683278417388,34.0767474099568],[-118.683261430246,34.0767798987429],[-118.683236099552,34.0768027519],[-118.683211040149,34.0768245886609],[-118.683198996436,34.0768531703445],[-118.683199629748,34.0768817609473],[-118.683177733313,34.0769073306479],[-118.683142065705,34.0769234172707],[-118.683109199043,34.0769350968117],[-118.683085686539,34.0769582512719],[-118.683063714646,34.0769808216374],[-118.683027452353,34.0769759219921],[-118.683029399002,34.0770041189449],[-118.683017748751,34.0770381307255],[-118.682995646602,34.0770596087885],[-118.682960510796,34.077068745111],[-118.682934001512,34.0770888786488],[-118.682920766633,34.0771149468073],[-118.682903762423,34.0771389367979],[-118.682877947536,34.0771569601649],[-118.682847319477,34.0771730727823],[-118.682813802435,34.077160447574],[-118.682778000978,34.0771633159251],[-118.682754260302,34.0771649193742],[-118.682755004107,34.0771535999899],[-118.682753260477,34.0771254075512],[-118.682731921895,34.0770944680317],[-118.682714562851,34.0770681178678],[-118.682698574635,34.0770263894416],[-118.68268765741,34.0769998004128],[-118.682650080882,34.0769930569844],[-118.682669698291,34.0770264623596],[-118.682661906304,34.0770548765614],[-118.68266034054,34.077088991746],[-118.682659868027,34.0771240794036],[-118.682670006413,34.0771576238664],[-118.682629045033,34.0771493633121],[-118.682598436736,34.0771552421304],[-118.682593309152,34.0771562265217],[-118.682564588216,34.0771411094535],[-118.682557133996,34.0771384152118],[-118.682532159034,34.0771293897617],[-118.682501544449,34.0771178434343],[-118.682486942334,34.0770910460972],[-118.682470826558,34.0770757839256],[-118.682463635544,34.0770689742818],[-118.682424845392,34.07707250485],[-118.682423525767,34.0771054585491],[-118.682422198057,34.0771373995696],[-118.682419147378,34.0771471757755],[-118.68241482738,34.077161018268],[-118.682412534879,34.0771683643715],[-118.682406321233,34.0772015672934],[-118.682380554855,34.077194486822],[-118.682374795756,34.0771929049511],[-118.68234165421,34.0771790096356],[-118.682342726799,34.0771724708379],[-118.682346558113,34.0771491051233],[-118.682346126922,34.0771181232009],[-118.682328413941,34.0770842885389],[-118.682290740395,34.0770719475485],[-118.682253108171,34.0770558267271],[-118.682230016078,34.0770806738923],[-118.682219259651,34.0771114415389],[-118.682205670836,34.0771409494806],[-118.682177495177,34.0771642705539],[-118.682143502927,34.0771834792027],[-118.682109853833,34.077180893595],[-118.682075387272,34.0771779850653],[-118.682037889795,34.0771852150941],[-118.682035293664,34.0771894599548],[-118.682027156724,34.0772027667174],[-118.682020749041,34.0772132475401],[-118.68198116927,34.0772069468441],[-118.681944432666,34.077202287543],[-118.681906895664,34.0771933826375],[-118.681899084812,34.0771815312542],[-118.681888604168,34.0771656306955],[-118.681854024419,34.0771544303609],[-118.681821787477,34.0771640651934],[-118.681799935958,34.0771757588384],[-118.681789540653,34.0771813221734],[-118.681755081279,34.0771816949474],[-118.681731567877,34.0771717796063],[-118.681720552735,34.0771671344406],[-118.681687572886,34.0771718584767],[-118.681657160422,34.0771855246229],[-118.681640512843,34.0772232305857],[-118.681601825098,34.0772244545634],[-118.681583070072,34.0772521246396],[-118.681592143955,34.0772799628641],[-118.68160298123,34.0773114112519],[-118.681617198866,34.0773451595125],[-118.681649356757,34.0773551760252],[-118.681648105403,34.0773873438891],[-118.681623278664,34.0774111552287],[-118.681590949195,34.0773961713924],[-118.681550537584,34.0774049988946],[-118.681544078697,34.0774351198375],[-118.68151632884,34.0774605777624],[-118.681513714742,34.0775016861753],[-118.681505268782,34.0775340593433],[-118.681461891832,34.077530484895],[-118.681436212591,34.0775125285726],[-118.681401753217,34.0775157614996],[-118.681370013941,34.0775071378805],[-118.681363279271,34.0774774388436],[-118.681337791372,34.0774519742272],[-118.681307858608,34.0774654997015],[-118.681277139819,34.0774552800742],[-118.681244224648,34.0774394941516],[-118.681206480135,34.0774442196607],[-118.681166123321,34.0774588641984],[-118.681156139445,34.0774857068066],[-118.681120536515,34.0775026065737],[-118.681110575995,34.0775391866377],[-118.681129744247,34.0775620976263],[-118.681123158698,34.0775933680799],[-118.681085957665,34.0775963502569],[-118.681087686024,34.0776250120381],[-118.681073763933,34.0776553762089],[-118.681048521274,34.0776780260026],[-118.681024962956,34.0777045880325],[-118.68100091236,34.0777291411056],[-118.680967897477,34.077732923881],[-118.68095763692,34.0777659234546],[-118.680933383306,34.0777884102708],[-118.680930921023,34.0778175206517],[-118.680935992911,34.0778447939534],[-118.680936435781,34.0778787689378],[-118.680896648499,34.077882059887],[-118.680892792929,34.0779095214134],[-118.680889639843,34.0779377024303],[-118.6809082718,34.0779689481916],[-118.680907596267,34.0779700717114],[-118.68088936945,34.0780003955796],[-118.68086405762,34.0780305386322],[-118.680869712515,34.0780588632108],[-118.680855709576,34.0780869199214],[-118.68083843138,34.0781122526498],[-118.680835576534,34.078142342835],[-118.680829615314,34.0781563012368],[-118.680808180613,34.078159182203],[-118.680776064943,34.078147476045],[-118.680758507371,34.0781046915972],[-118.680723786587,34.0780685329109],[-118.680685168911,34.0780764183734],[-118.680653929997,34.0780901974696],[-118.680620311446,34.0781118389571],[-118.680584927705,34.0781303665839],[-118.680581241918,34.0781648816349],[-118.680570554661,34.0781937351888],[-118.680561310098,34.0782319191272],[-118.680545540173,34.0782617942393],[-118.680526823774,34.0782923419621],[-118.680515961346,34.0783255942946],[-118.680475653939,34.0783471322992],[-118.680463605735,34.0783164320659],[-118.680466141679,34.0782809773414],[-118.680441108327,34.0782525642951],[-118.680408910012,34.078273699043],[-118.680376193369,34.0782806328463],[-118.680353201888,34.0782896998405],[-118.680344349889,34.078293189435],[-118.680311529042,34.0783146969418],[-118.680278533023,34.0783327408919],[-118.680237250944,34.0783357721502],[-118.680221835854,34.0783679664275],[-118.680175825942,34.078383057235],[-118.680153502807,34.0784116912202],[-118.680188604477,34.0784242373729],[-118.680152564067,34.0784424315975],[-118.680128489218,34.0784675357967],[-118.680107253943,34.0784893713844],[-118.680090036832,34.0785202144122],[-118.680080110448,34.0785506117442],[-118.680051261951,34.0785836273682],[-118.680057508836,34.0786128222971],[-118.680065406824,34.0786521786645],[-118.680083370434,34.0786767768498],[-118.680118764955,34.0786950424487],[-118.68009120554,34.0787140907803],[-118.680088509696,34.0787159546162],[-118.680097493747,34.0787430207838],[-118.680096625975,34.0787750527044],[-118.680115837345,34.0787974105328],[-118.680104042466,34.0788245562872],[-118.680094072963,34.0788507548635],[-118.680089540064,34.0788793351193],[-118.680061961784,34.0788638731218],[-118.680026734351,34.0788468441623],[-118.680018695327,34.0788185042223],[-118.680003020624,34.0787891017755],[-118.680007211264,34.0787612127079],[-118.679981505973,34.0787400922186],[-118.679973712189,34.0787336874696],[-118.679941195871,34.0787435460804],[-118.679930061253,34.0787522856448],[-118.679916292775,34.0787630921678],[-118.679901716711,34.0787914365907],[-118.679872825993,34.0788093137731],[-118.679877729896,34.078837813686],[-118.679901278333,34.0788613024463],[-118.679910495946,34.0788926259915],[-118.679883714473,34.0789122352883],[-118.679842082949,34.0789220968544],[-118.679805577212,34.0789411205815],[-118.679771955068,34.0789365231316],[-118.67973114191,34.0789477262067],[-118.679707526099,34.0789432299472],[-118.679684639721,34.0789292240562],[-118.679670100488,34.0789098186315],[-118.679648840958,34.0788972063308],[-118.679634301725,34.0788778008988],[-118.679624646633,34.0788625740192],[-118.679602308227,34.0788430792939],[-118.679530054033,34.0788638798182],[-118.679260165088,34.0789415781688],[-118.679067910346,34.0790450210977],[-118.678866495482,34.0789370142009],[-118.678843221032,34.0788099365392],[-118.678870388781,34.0787045788918],[-118.678641984933,34.0786913638828],[-118.678530345005,34.0788201909731],[-118.678525627053,34.0788223717701],[-118.678503750381,34.0788442258675],[-118.678468310046,34.0788620896459],[-118.678433357497,34.0788763001603],[-118.678418208308,34.078910811187],[-118.678393427382,34.0789361057227],[-118.678360982031,34.0789261318075],[-118.678345662162,34.0789515900284],[-118.678325441983,34.0789844395744],[-118.678303211375,34.0790299564497],[-118.678292081249,34.0790620239758],[-118.678258336035,34.0790792188136],[-118.678218485871,34.0790929278065],[-118.678179470241,34.0790939322646],[-118.678146847024,34.0790835774179],[-118.678115043967,34.0791026658405],[-118.678096395841,34.0791261054205],[-118.678074224521,34.0791494423162],[-118.678091854857,34.0791733967605],[-118.678135889374,34.0791753349906],[-118.67811375219,34.0792078912972],[-118.678100253206,34.0792337378232],[-118.678065907918,34.0792400071186],[-118.678026633574,34.0792481729758],[-118.678033824588,34.079280793242],[-118.678040411934,34.0793127520431],[-118.678028435594,34.0793385412459],[-118.677999940135,34.0793532248902],[-118.677955628937,34.079339015944],[-118.677910340372,34.0793385531506],[-118.677888873332,34.0793694323271],[-118.677882430615,34.0793999662576],[-118.677852850889,34.0795597435491],[-118.677854974506,34.0795875631581],[-118.677848618926,34.0796171364565],[-118.677855471275,34.079636618355],[-118.677838355673,34.0796542312255],[-118.677828689801,34.0797098287063],[-118.677816828446,34.0797107981873],[-118.677780424219,34.0797060750368],[-118.67774062436,34.0796934263967],[-118.677705448131,34.0796843982428],[-118.677664630481,34.0796685852063],[-118.677638184079,34.0796864361623],[-118.677604861972,34.0797113108291],[-118.677568135249,34.0797327212508],[-118.677560501366,34.0797696083829],[-118.677587120245,34.0797900210365],[-118.677607751852,34.079818451424],[-118.677605856407,34.0798505513891],[-118.677601288473,34.0798797570418],[-118.677598519866,34.0799116903197],[-118.677601274999,34.0799436481388],[-118.677600968673,34.0799719036264],[-118.677582582854,34.0800024232031],[-118.677549179899,34.0800271326014],[-118.677533168327,34.0800515696759],[-118.677509491431,34.0800749293816],[-118.677498337949,34.080106907972],[-118.677524590314,34.0801299826975],[-118.677518130529,34.080160828104],[-118.677409689501,34.0802306333072],[-118.677407734767,34.08023159683],[-118.67740011885,34.0802294257417],[-118.677384210585,34.0802431963033],[-118.677381225483,34.0802446680002],[-118.677382681652,34.0802445191937],[-118.677377043826,34.0802493985611],[-118.677352892619,34.080268672729],[-118.677359665018,34.0802995165968],[-118.677352512632,34.0803294088364],[-118.677354778183,34.0803649467789],[-118.677392537968,34.0803697651287],[-118.677258423089,34.0804788096094],[-118.67722368883,34.0804705992291],[-118.677201808565,34.0804990985829],[-118.677217710542,34.0805053186788],[-118.677232367454,34.0805110529222],[-118.677196547132,34.0805162291423],[-118.677193122754,34.0805161093534],[-118.677158276206,34.0805148891435],[-118.677122523258,34.0805329065838],[-118.677077872497,34.0805448713346],[-118.677065159539,34.0805596433094],[-118.677058509311,34.0805673722936],[-118.677030331855,34.0805824627093],[-118.677010434172,34.0806116256999],[-118.676977890006,34.0806347836192],[-118.677012343092,34.0806566126959],[-118.677039876455,34.0806812006266],[-118.677021102564,34.0807056724817],[-118.676995767378,34.080724532866],[-118.676967265631,34.0807505113661],[-118.676933206905,34.0807641717267],[-118.676896852085,34.0807739281692],[-118.676859121047,34.0807750717406],[-118.676826487049,34.0807625021272],[-118.676797083393,34.0807390570479],[-118.676763454961,34.0807279561417],[-118.676723043349,34.0807137876036],[-118.676677809581,34.0807059991104],[-118.676647364778,34.080717891666],[-118.676628133645,34.0807439267144],[-118.676590365775,34.0807537888112],[-118.676541416575,34.0807606733056],[-118.676505124638,34.0807657498108],[-118.676375101585,34.0808327993809],[-118.676342592453,34.0808480578995],[-118.67631524594,34.0808702336379],[-118.676284460675,34.0808901252072],[-118.676248970035,34.0809000289525],[-118.67621808326,34.0809139809476],[-118.67619322508,34.0809398061201],[-118.6761696461,34.0809683142444],[-118.676147119946,34.0809918500315],[-118.676115446247,34.0810162645068],[-118.676077918228,34.0810278036066],[-118.676027550588,34.0810349670884],[-118.675989003879,34.0810523564603],[-118.675948691083,34.0810678716281],[-118.675916148713,34.0810583339631],[-118.675869509082,34.0810639922784],[-118.675840825875,34.0810787998759],[-118.675836587624,34.0811065088702],[-118.675873320634,34.0811117542483],[-118.675838704953,34.0811265082676],[-118.675849186495,34.0811526376814],[-118.675816591125,34.0811573652155],[-118.675783333697,34.0811440077364],[-118.67575578057,34.0811201096513],[-118.675711675087,34.081123233069],[-118.675663108569,34.0811249599513],[-118.675624193551,34.081137119553],[-118.675585541739,34.0811599953432],[-118.675590325268,34.0811912622364],[-118.675550920668,34.0812013519527],[-118.675515992373,34.0812122653026],[-118.675475578965,34.0812176044213],[-118.67536960022,34.0812560823739],[-118.675334067359,34.0812484702642],[-118.675327104517,34.0812167034078],[-118.675276024513,34.0812030758573],[-118.67523975683,34.0812106076163],[-118.675206343993,34.0811975857008],[-118.67518094862,34.0811682183051],[-118.675146482059,34.0811647831428],[-118.675124267621,34.0811932465499],[-118.675084607001,34.0811869937675],[-118.675045615626,34.0811570400766],[-118.675004467396,34.0811562462021],[-118.674959287527,34.0811609901044],[-118.674939467997,34.0811839477308],[-118.674905680563,34.0811893530694],[-118.674876820387,34.0812101344169],[-118.674890459508,34.0812363545759],[-118.674893798546,34.0812523659741],[-118.674901360564,34.0812471964951],[-118.674887590289,34.0812770578952],[-118.674879082345,34.0812899153693],[-118.674873101362,34.0812941302633],[-118.674863064486,34.0813012044398],[-118.674848107536,34.0813117472533],[-118.674845330844,34.0813137032909],[-118.674841203085,34.0812866885386],[-118.674826352137,34.0812780169418],[-118.674823798226,34.0812712820383],[-118.67480784235,34.0812639816761],[-118.674809797084,34.0812620449818],[-118.674817429171,34.0812544842104],[-118.674815875085,34.0812503838941],[-118.674823213423,34.081233029532],[-118.67480337952,34.0812256852689],[-118.674798221393,34.0812234658446],[-118.674791537928,34.0812239159793],[-118.674789357716,34.0812225551589],[-118.674752403721,34.0812125599363],[-118.674592175715,34.0812268727317],[-118.674591469639,34.0812285460421],[-118.674577936519,34.0812436653569],[-118.674571297969,34.0812510825326],[-118.674569398033,34.0812477329365],[-118.674520302407,34.0812709256508],[-118.674505923075,34.0812408045842],[-118.674470498011,34.081246697255],[-118.674438360782,34.0812626707059],[-118.674404382905,34.0812734798847],[-118.674387713766,34.0812997960031],[-118.674370418502,34.0813295867025],[-118.674346085836,34.0813508620468],[-118.674333778018,34.081352506338],[-118.674306153027,34.0813561937165],[-118.67426940205,34.0813678763664],[-118.674238597921,34.0813838237537],[-118.674209629948,34.0813782279576],[-118.674184651393,34.0814006066755],[-118.67412357853,34.0813859747237],[-118.674091921001,34.081395286169],[-118.674058271009,34.0813831027955],[-118.674055746743,34.0813502378114],[-118.674068061747,34.0813218496035],[-118.67404412434,34.081297206057],[-118.674031272143,34.0812668506322],[-118.674015500422,34.0812424079562],[-118.674021471523,34.0812111656346],[-118.674058129075,34.0811964763603],[-118.674042413049,34.0811675397545],[-118.674035594836,34.0811382400547],[-118.674031576672,34.0811242769362],[-118.674027607017,34.0811104752689],[-118.674027464185,34.0811099819801],[-118.674021642203,34.0810905591986],[-118.674018753221,34.0810889007659],[-118.674003044382,34.0810798868972],[-118.673965655602,34.0810874581005],[-118.673942150284,34.0811000790034],[-118.673922691876,34.0810788832067],[-118.673888565777,34.081057811657],[-118.673857771529,34.081040299522],[-118.673811340307,34.0810634022661],[-118.673780785011,34.0810811710852],[-118.673771132613,34.0811114544061],[-118.673739214573,34.0811233409526],[-118.673706642559,34.0811373048153],[-118.673695326481,34.0811670048007],[-118.673661492335,34.0811630666776],[-118.673620882195,34.081180810179],[-118.673612739866,34.0812133731549],[-118.673576891696,34.0812023541536],[-118.673549643099,34.0812213714163],[-118.673521913902,34.0812469182301],[-118.673505347172,34.081254936577],[-118.673483100394,34.0812657048354],[-118.673478951974,34.0812931808891],[-118.67344033879,34.0812869377865],[-118.673405278442,34.0812896698415],[-118.673382680423,34.0813101327223],[-118.673368878707,34.0813351505087],[-118.673372637258,34.0813635104393],[-118.673336415389,34.0813624762473],[-118.673298560383,34.081379278518],[-118.67325693425,34.0813870037073],[-118.673250531957,34.0814204371103],[-118.673247622313,34.081453532714],[-118.673211683414,34.0814505171918],[-118.673195650283,34.0814247278881],[-118.673149873932,34.0814260954015],[-118.673107390806,34.0814166790524],[-118.6730747613,34.0814316599454],[-118.67308288207,34.0814018774662],[-118.673070407166,34.0813705295523],[-118.673036396051,34.0813568149758],[-118.673009372032,34.0813337621613],[-118.672967453048,34.0813343417554],[-118.672934530691,34.0813370485121],[-118.672905738788,34.0813534289267],[-118.672881061169,34.081334934742],[-118.672847881894,34.0813403341187],[-118.672820211088,34.0813571639226],[-118.67281746943,34.0813881204855],[-118.672848302305,34.0813744818022],[-118.672822564674,34.0813994631126],[-118.672785045638,34.0814116412755],[-118.672748643207,34.0814127483811],[-118.672715685816,34.081416929044],[-118.672675515852,34.0814184394098],[-118.672697663815,34.0813800337012],[-118.672670891325,34.0813566371543],[-118.67264200959,34.0813760777314],[-118.67261627106,34.0813982272908],[-118.672565966303,34.0813987034654],[-118.672536296746,34.081411955997],[-118.672510019227,34.0814389818699],[-118.672478065254,34.081451224757],[-118.672452288097,34.0814694622287],[-118.672442619529,34.0814981904051],[-118.672401646471,34.0814992156672],[-118.672378965807,34.0815225653013],[-118.672356503433,34.0815438740782],[-118.672344479483,34.0815746929289],[-118.672329615958,34.0816052692176],[-118.672292324196,34.0816107876205],[-118.672270911953,34.0815851709785],[-118.672229399905,34.0815715873845],[-118.67220832453,34.0815503716173],[-118.67223403611,34.0815253375259],[-118.672237926714,34.0814921162105],[-118.67225112566,34.0814789425577],[-118.672262721114,34.0814673707825],[-118.672283557537,34.0814379960402],[-118.672254256289,34.081415708847],[-118.67220901264,34.0814158673238],[-118.672166074966,34.0814102254005],[-118.672133623326,34.0813995732279],[-118.672116964069,34.0813741581523],[-118.672078706618,34.0813755531953],[-118.672041129191,34.0813864322977],[-118.672025510184,34.0814147073926],[-118.671990338445,34.0814231780892],[-118.671971527723,34.0814568145961],[-118.671937610931,34.0814664548913],[-118.67196187802,34.0814438366156],[-118.671927015303,34.0814246698544],[-118.671896635178,34.0814080193733],[-118.671878154138,34.0813840179436],[-118.671827330154,34.0813869501376],[-118.671793397192,34.0813802509559],[-118.671755797308,34.081376324747],[-118.671717449127,34.0813699581427],[-118.671679379423,34.081362369852],[-118.67164145345,34.081360434648],[-118.67160272618,34.0813647812307],[-118.671580168585,34.0813382010041],[-118.671540527728,34.0813442283363],[-118.671529640147,34.0813165618291],[-118.671557579549,34.0812894384501],[-118.671559042006,34.0812812207082],[-118.671562743963,34.0812604200335],[-118.671557540921,34.081232261699],[-118.671561425236,34.0811973319884],[-118.671531951512,34.0812025386716],[-118.671506338747,34.0812245915533],[-118.671479124285,34.0812209622029],[-118.671450924372,34.0812196705768],[-118.671383968442,34.0812305802043],[-118.671311939726,34.0812188395017],[-118.671277443521,34.0811869736788],[-118.671217736995,34.0811864617899],[-118.671155410982,34.0811944727022],[-118.671113831561,34.0812058577646],[-118.671052035555,34.0812212851095],[-118.670978085342,34.0812649898284],[-118.670977756559,34.0812651832746],[-118.670875525584,34.0812685626311],[-118.670822007553,34.0812805317422],[-118.67070115091,34.0812915983509],[-118.67063310712,34.081280807775],[-118.670588416833,34.0812808844094],[-118.670520223923,34.0812809811325],[-118.670519999344,34.0812810004771],[-118.670475999862,34.0812309998339],[-118.670355806175,34.0813200431147],[-118.67023800021,34.0813150001238],[-118.670234971091,34.0813209694238],[-118.670232511504,34.0813308619584],[-118.670207733273,34.0814024786366],[-118.670184118361,34.0814211945252],[-118.670140276084,34.081455941858],[-118.670135000278,34.0815179999845],[-118.670045411295,34.0814884437184],[-118.669924872655,34.08146385751],[-118.669811337281,34.0814436409378],[-118.669730666772,34.0813916077204],[-118.669730071189,34.0813082198378],[-118.669740771921,34.0812190128593],[-118.669767145559,34.0811337506077],[-118.669689678442,34.0810422072042],[-118.669688156696,34.0810395874892],[-118.669618340531,34.0809193252932],[-118.669580119012,34.0808807340955],[-118.669568888274,34.0808452551476],[-118.669456999512,34.0807589999859],[-118.669320378334,34.0806828278181],[-118.669182833688,34.0805845497131],[-118.669051983287,34.0805800907419],[-118.668973148934,34.0804380724251],[-118.668904000217,34.0803529998594],[-118.668579534126,34.080426080874],[-118.668450918734,34.0803128809054],[-118.668366136635,34.0802078584545],[-118.668250819902,34.0802588061115],[-118.668163208111,34.0803392739577],[-118.667918387552,34.0802961029762],[-118.667911810986,34.0801986510434],[-118.667974669699,34.0800729762914],[-118.667863685541,34.080078771575],[-118.667711210894,34.0800455221628],[-118.667619586329,34.0800258052434],[-118.667593893613,34.0800202770648],[-118.667567872114,34.0799712005131],[-118.667567711316,34.0799433415961],[-118.667588626791,34.0799172839806],[-118.667559906753,34.0798950536779],[-118.66752030093,34.0798971168895],[-118.667478404404,34.0799012596814],[-118.667457824,34.0798761440026],[-118.667441038081,34.0798497522941],[-118.667410738805,34.0798294557246],[-118.667385681198,34.0798114879851],[-118.667358767672,34.0797949108465],[-118.667325493176,34.0797888685234],[-118.667295115746,34.0797708114908],[-118.667259542461,34.0797548883529],[-118.667239229756,34.0797308373483],[-118.667206194211,34.0797073123713],[-118.667167858607,34.0796831490034],[-118.66715178056,34.0796537163512],[-118.667172128299,34.0796228082608],[-118.667168879093,34.0795948949145],[-118.667164604909,34.0795640924562],[-118.667125327869,34.079554691525],[-118.667113653364,34.0795192343427],[-118.667122123579,34.0794842287776],[-118.667090227098,34.0794737579085],[-118.667073219295,34.0795015477843],[-118.667028632314,34.0795038193365],[-118.667000483604,34.0794882064129],[-118.666968728159,34.0794731120821],[-118.666919127681,34.0794560839892],[-118.666881810766,34.0794382300086],[-118.666882605775,34.0794003978011],[-118.666888973932,34.0793666458952],[-118.666892735178,34.0793349817546],[-118.666882751302,34.0793039745904],[-118.666865270985,34.0792616512886],[-118.666830739745,34.0792715418316],[-118.666818004329,34.0793026568936],[-118.666797676353,34.0793295212386],[-118.666788710268,34.0793620469803],[-118.666774374953,34.0793890005913],[-118.666753237594,34.0794124653894],[-118.666738907668,34.0794392084211],[-118.666726627699,34.0794763382379],[-118.666716055426,34.0795038706752],[-118.666702149505,34.0795340503947],[-118.666710167868,34.0795621281937],[-118.666698072052,34.07959442245],[-118.666714703461,34.0796229049858],[-118.666729505002,34.0796527677027],[-118.666747690497,34.0796782777878],[-118.666763098401,34.07970344784],[-118.666766456303,34.0797347011343],[-118.666742488353,34.0797725346805],[-118.666701679686,34.0797651754102],[-118.666680130899,34.0797860151419],[-118.666653468004,34.0798103585374],[-118.666622952233,34.0798282630341],[-118.666585473621,34.0798421132727],[-118.666554258962,34.0798612454225],[-118.666521863916,34.07987901747],[-118.666506023024,34.07990342929],[-118.666481739766,34.0799318603835],[-118.66647130224,34.079961757961],[-118.666470814455,34.0799968131791],[-118.66646302696,34.0800258997358],[-118.666452544519,34.0800612473329],[-118.666457678391,34.0800929707247],[-118.666482459316,34.0801202410616],[-118.666492813298,34.0801494228122],[-118.666513065816,34.0801754238098],[-118.666520972787,34.0802034716348],[-118.666516921385,34.0802317314999],[-118.666525603603,34.0802604377753],[-118.666524513946,34.080290683444],[-118.666517331017,34.0803219372656],[-118.666522676891,34.0803515028672],[-118.666524816678,34.0803835393876],[-118.666511414713,34.0804133356175],[-118.666504594703,34.0804421913815],[-118.666493325338,34.0804706237821],[-118.666482487164,34.0804982377395],[-118.666470280856,34.0805129420156],[-118.666389201613,34.0805459338098],[-118.666370866998,34.0805437381766],[-118.666334574162,34.0805428922142],[-118.66629961263,34.0805445744666],[-118.666254174945,34.0805557877454],[-118.666223742718,34.0805676654415],[-118.666191154534,34.0805793556404],[-118.666146095938,34.0805961937798],[-118.666105978075,34.0806138443962],[-118.666074581058,34.080626623848],[-118.666040647198,34.0806319905326],[-118.665995599382,34.0806332613349],[-118.665961583775,34.080631041151],[-118.665934725945,34.080649167939],[-118.665931439009,34.0806590970095],[-118.665917436969,34.0806867674516],[-118.665946098616,34.0807115629576],[-118.665958244737,34.0807212978294],[-118.665980877791,34.0807394394785],[-118.665953286037,34.0807634321626],[-118.665973598742,34.0807856681895],[-118.665945413202,34.0808046870339],[-118.665919984591,34.080780206279],[-118.665890819887,34.0807667624332],[-118.665862891265,34.080794376294],[-118.665823631293,34.0808188228195],[-118.665798009545,34.080848720828],[-118.665768373225,34.0808641073164],[-118.66574083537,34.0808864080473],[-118.665693234542,34.080895462114],[-118.66567936635,34.0809258794262],[-118.665633466033,34.0809409615937],[-118.665597025873,34.0809617846675],[-118.665558543843,34.0809606537472],[-118.66552834428,34.080972515762],[-118.665474754383,34.0809830028143],[-118.665442579425,34.0810012396428],[-118.665405601174,34.0809835191687],[-118.665369017284,34.0809788950447],[-118.665338211358,34.0810089410578],[-118.665295950116,34.0809955225452],[-118.665287578716,34.0809941996665],[-118.665232229019,34.0809854558692],[-118.665213953693,34.0809625569671],[-118.665216453705,34.0809349811065],[-118.665174954234,34.0809261256991],[-118.66513413838,34.0809337512302],[-118.665092706283,34.0809517351002],[-118.665058626896,34.0809804508038],[-118.665023261121,34.080981894959],[-118.665007966405,34.0809523846355],[-118.664971813707,34.0809498534568],[-118.664942909514,34.0809745938278],[-118.664907161956,34.0809787417752],[-118.664852715066,34.0809916074789],[-118.664841480735,34.0809998691465],[-118.664775748311,34.0809971683313],[-118.664757080421,34.0809680902924],[-118.664721719138,34.0809525527855],[-118.664673752696,34.0809534024639],[-118.664643693269,34.0809414786922],[-118.664597138978,34.0809378753707],[-118.6645635348,34.0809545155278],[-118.664511895146,34.0809392853014],[-118.664474191955,34.0809349409291],[-118.664423697653,34.080936163365],[-118.664394359574,34.0809427331213],[-118.664386549621,34.0809444830722],[-118.664350142699,34.0809505595381],[-118.664311929265,34.0809411260236],[-118.66427965639,34.0809282766808],[-118.664245274271,34.0809129861835],[-118.66420578523,34.0808948728445],[-118.664157062405,34.0808903491594],[-118.664132650687,34.0809114579521],[-118.664098849778,34.0809192746994],[-118.664059916794,34.0809243601233],[-118.664031923493,34.0808983794444],[-118.664008646347,34.0808780875904],[-118.66397532424,34.0808895508182],[-118.663961154215,34.0809246145805],[-118.663941543094,34.0808939011451],[-118.663915632088,34.0808553277924],[-118.663871274177,34.0808689747436],[-118.663842744582,34.0809008801195],[-118.663798925661,34.0808879838969],[-118.663812105743,34.0808416458697],[-118.663770039435,34.0808284721157],[-118.663724624207,34.0808353625562],[-118.663669784754,34.0808374227688],[-118.66365490506,34.0808109435646],[-118.663626656637,34.0807941329969],[-118.663626707841,34.0807607997904],[-118.663624666869,34.0807318459232],[-118.663578603956,34.0807170464494],[-118.663528077315,34.0807114878107],[-118.663494969905,34.0807131819642],[-118.663453903422,34.080705861465],[-118.663409779073,34.0807122913618],[-118.663356340094,34.0807115354286],[-118.663323054817,34.0807032848933],[-118.663287439311,34.0806822199464],[-118.663273704071,34.0806601319541],[-118.663209000217,34.0806530004338],[-118.663189590319,34.080644299011],[-118.663189215722,34.0806442655297],[-118.663137494321,34.0806473986373],[-118.663092113229,34.0806500168764],[-118.663095165705,34.0806171233347],[-118.663106234746,34.0806069331049],[-118.663126481874,34.0805882929273],[-118.663138001869,34.0805474724643],[-118.663173321829,34.0805106652822],[-118.663215771718,34.0805151413698],[-118.663248111068,34.0804988537969],[-118.663283116618,34.0804609878377],[-118.663314510941,34.08044966815],[-118.66333760483,34.0804274737005],[-118.663377651725,34.0804252750881],[-118.663417178496,34.080432415556],[-118.663382459509,34.0804291671157],[-118.663419445844,34.0804345680383],[-118.663467766223,34.080439311981],[-118.663517030732,34.0804441548796],[-118.663563212222,34.0804520125918],[-118.663599128664,34.0804611797977],[-118.663647308906,34.0804642251164],[-118.663698459876,34.0804645167765],[-118.66373160232,34.0804635688811],[-118.6637614731,34.0804430566897],[-118.663762341771,34.0804117798478],[-118.663744834505,34.0803864783126],[-118.663777973355,34.0803743260433],[-118.663813746965,34.0803727382796],[-118.663847461636,34.080382278998],[-118.663896321903,34.0803982972539],[-118.663931134315,34.0803850177785],[-118.663954901941,34.0803655903664],[-118.663977111888,34.0803449479457],[-118.664004121533,34.0803234870846],[-118.664033234135,34.0803047560727],[-118.664054823346,34.0802773340126],[-118.66406759739,34.080243507309],[-118.664061835595,34.0802151581638],[-118.664056592129,34.080185401298],[-118.664042135541,34.0801546503928],[-118.664020772705,34.0801305161698],[-118.664001807473,34.0801007719229],[-118.663980356602,34.0800754383012],[-118.663997781224,34.0800497185179],[-118.664020907453,34.0800174675892],[-118.664053746266,34.0799946428288],[-118.664084856721,34.0799695524749],[-118.664110641963,34.0799427679448],[-118.664098517402,34.0799149350597],[-118.664059859302,34.0799161962003],[-118.664038933047,34.0798902256287],[-118.664056706215,34.0798620207082],[-118.664078413106,34.0798223345509],[-118.664035933572,34.0798167148425],[-118.664033523393,34.0797848522123],[-118.664044863725,34.0797402278434],[-118.66406278781,34.0796974382479],[-118.664070649865,34.0796693954636],[-118.664091449457,34.0796345521609],[-118.664061647847,34.0796089148321],[-118.664040470065,34.0795660306774],[-118.664022121077,34.079538950636],[-118.663980388942,34.0795351195788],[-118.663954872296,34.0795093921911],[-118.663868131871,34.0794591055348],[-118.663900718258,34.0794340380874],[-118.663943636169,34.0794171372175],[-118.663980501231,34.079396131474],[-118.664007647421,34.0793763444636],[-118.664053643858,34.0793677567478],[-118.664086592266,34.0793399355784],[-118.664120732739,34.0793155593099],[-118.664159337838,34.0792932931354],[-118.664184263392,34.0792741831786],[-118.664223979707,34.0792551446454],[-118.66426955753,34.0792440316401],[-118.664302037916,34.0792282281939],[-118.664337637252,34.0792240340302],[-118.66438401188,34.0792089002181],[-118.664420271479,34.0791925379898],[-118.664457356628,34.0791881057309],[-118.664494186657,34.0791782203864],[-118.664528786168,34.0791720269787],[-118.664569133999,34.0791574556533],[-118.664603041808,34.0791730619415],[-118.664650165631,34.0791508552528],[-118.664695168532,34.0791540494271],[-118.664725862169,34.0791672993338],[-118.664765528178,34.079164911702],[-118.664805945179,34.0791581453807],[-118.664825489825,34.0791052975201],[-118.664817697838,34.0790714763007],[-118.664799242849,34.0790454295775],[-118.664799710871,34.0789960183853],[-118.664790939721,34.0789690914348],[-118.664820676652,34.0789447314285],[-118.66485070823,34.0789206310868],[-118.664870981409,34.0788929481629],[-118.664883926133,34.0788669103134],[-118.664893513852,34.0788283836564],[-118.664891466591,34.0788000392458],[-118.664913127668,34.0787754887152],[-118.664907610215,34.078744801286],[-118.664930945751,34.0787258898658],[-118.66488381025,34.0786800194049],[-118.664851364,34.0786671072192],[-118.664815758376,34.078654791757],[-118.664786176853,34.0786309688623],[-118.664635692874,34.078510904139],[-118.664591318793,34.0784876816508],[-118.664556180293,34.0784594509656],[-118.66453129157,34.0784402299574],[-118.664490721855,34.0784305253295],[-118.664476665017,34.0784019077198],[-118.66443893308,34.0783994508698],[-118.664397028469,34.078413360866],[-118.664364505862,34.0784055706732],[-118.664341556602,34.0783826822342],[-118.664304596318,34.0783804493425],[-118.664262575824,34.0783698793784],[-118.664293724008,34.0783594492942],[-118.6642944211,34.0783319551755],[-118.664280894269,34.0783020860405],[-118.664269891703,34.0782758121454],[-118.664239910431,34.0782466342135],[-118.664238102122,34.0782078364398],[-118.664210924491,34.0781804501593],[-118.664228422775,34.0781518867808],[-118.664243042856,34.078105351571],[-118.664245273373,34.0780722844209],[-118.664273974546,34.0779964468924],[-118.664304097753,34.0779641364016],[-118.664339903702,34.0779390699999],[-118.664354281238,34.0779097208197],[-118.664375087118,34.0778778031561],[-118.664402094967,34.0778607256349],[-118.664420422395,34.0778332573962],[-118.664448047387,34.0777984602135],[-118.664452301808,34.0777830597752],[-118.664456959573,34.0777674643917],[-118.664455771102,34.0777780545205],[-118.664453301633,34.0778165184107],[-118.6644709688,34.0777893023921],[-118.664483162532,34.0777636883144],[-118.66450167681,34.0777168708944],[-118.66448474177,34.077693089403],[-118.664497002875,34.0776638100788],[-118.664533698156,34.077663290728],[-118.66451732097,34.077636886425],[-118.664546520709,34.0776212188412],[-118.664568016495,34.0775819535138],[-118.664568382109,34.0775513608913],[-118.66458329055,34.0775161930526],[-118.664583073157,34.0774830133198],[-118.664581361867,34.077447837268],[-118.664509495746,34.0774213294739],[-118.664471233803,34.0774289791303],[-118.66444054376,34.0774588277396],[-118.664409950734,34.0774774946479],[-118.664379071146,34.0774948207615],[-118.664350709536,34.0775240443398],[-118.664313981916,34.0775252474796],[-118.664291066791,34.0775582158838],[-118.664249077738,34.0775776811426],[-118.664217992436,34.0775573817965],[-118.664208877231,34.0775242519317],[-118.664178003931,34.0775116676988],[-118.664143848187,34.0775031415507],[-118.664129219123,34.0774735340316],[-118.664100918598,34.0774585546706],[-118.664057697955,34.0774500061954],[-118.664054141525,34.077483328056],[-118.66404552219,34.0775100739289],[-118.664032001646,34.0775441673526],[-118.663996590956,34.0775507715986],[-118.663975303579,34.0775724764687],[-118.663942379425,34.0775670076545],[-118.663911348921,34.0775567091694],[-118.663866669413,34.0775559487437],[-118.663826839012,34.0775503125157],[-118.663780620691,34.0775575328399],[-118.663739406884,34.0775772518221],[-118.663703563206,34.0775722019119],[-118.663668466926,34.0775765985407],[-118.663645763804,34.0775966188612],[-118.663609885989,34.0776057008098],[-118.663568090074,34.0775948807461],[-118.663532453907,34.0776118310873],[-118.663487097968,34.0776062052798],[-118.663460797093,34.0776328342972],[-118.663424329086,34.0776484750929],[-118.663395374588,34.0776307472206],[-118.663337540151,34.0776207605028],[-118.663293179546,34.0776344265766],[-118.663284139799,34.0776810111529],[-118.66323576103,34.0776681069994],[-118.663198065924,34.0776866607652],[-118.663211007054,34.0777205934018],[-118.663205721367,34.0777568221778],[-118.663208172869,34.0777890918247],[-118.663220023444,34.0778159767393],[-118.66326204843,34.0778289389064],[-118.66330767566,34.0778064439164],[-118.663304046466,34.0778348407432],[-118.663272787789,34.0778594064275],[-118.663230261544,34.0778781744389],[-118.663213595998,34.07790353848],[-118.663189061211,34.0779258265975],[-118.663145819009,34.0779054566497],[-118.663111632722,34.0779236249439],[-118.663078884638,34.0779303243991],[-118.663062413129,34.0779556415493],[-118.663025585796,34.077959416874],[-118.66300092255,34.0779883791296],[-118.662978222123,34.0779674437167],[-118.66293845101,34.0779653983153],[-118.662910495438,34.0779827585554],[-118.662902774419,34.0779902042908],[-118.662870678512,34.0779850450295],[-118.662825023434,34.0779983479468],[-118.662784627094,34.0780147624896],[-118.662777171077,34.0780481124019],[-118.662748345936,34.0780742397894],[-118.662748266885,34.0781187705415],[-118.662689714694,34.0781242184867],[-118.662651628821,34.0781189468817],[-118.662659052499,34.0780864005732],[-118.662667374492,34.0780587575554],[-118.662661809428,34.0780239560011],[-118.662632660894,34.0780006120988],[-118.662608683063,34.0779792451384],[-118.662571715592,34.077965985373],[-118.662551565482,34.0779403051281],[-118.662513401455,34.0779230922018],[-118.662484724536,34.0779260773434],[-118.662478632162,34.0779251658782],[-118.662447384265,34.0779042423545],[-118.662461726767,34.0778662591629],[-118.662425827393,34.0778621490099],[-118.662391890838,34.077836297601],[-118.662430896586,34.0778127840027],[-118.662440201336,34.0777729086393],[-118.662411403145,34.077758293174],[-118.662371702999,34.0777470386017],[-118.662340910548,34.0777358554573],[-118.662315128899,34.0777565081867],[-118.662280793492,34.077755479159],[-118.662244814168,34.0777601004828],[-118.662215067356,34.077777215971],[-118.662191027541,34.0777995904321],[-118.662176581733,34.077826924752],[-118.662136321038,34.0778442649311],[-118.662157020019,34.0778181501215],[-118.662122706172,34.0778293034929],[-118.662103632243,34.0778539026613],[-118.662083684254,34.0778794251931],[-118.662047380639,34.0778786104543],[-118.662009999045,34.0778796551056],[-118.661975605247,34.0778855658675],[-118.661939900808,34.0778765137111],[-118.661903758889,34.077880242908],[-118.661917075515,34.0779102260319],[-118.661875521247,34.0779083837558],[-118.661830875875,34.0778997438074],[-118.661797473818,34.0779155899125],[-118.661765488404,34.0779282685802],[-118.661763174344,34.0779564763767],[-118.661743431171,34.077982582959],[-118.661698917852,34.0779810011029],[-118.661668482032,34.0779591088361],[-118.661654045207,34.0779629168989],[-118.661632994086,34.0779684712537],[-118.661590429213,34.0779752034436],[-118.661568000077,34.0779960108776],[-118.661532040516,34.0780056076677],[-118.66149269251,34.0780075020254],[-118.66146044928,34.0780243719264],[-118.661421409396,34.0780286680846],[-118.661459189842,34.0780052229925],[-118.661447801001,34.0779765806854],[-118.661465531049,34.0779452084379],[-118.661476959416,34.0779164113474],[-118.661469277922,34.0778807630015],[-118.661455056693,34.0778557627959],[-118.661445018918,34.0778282982758],[-118.661419857107,34.0778020792938],[-118.66140560803,34.0777715604123],[-118.661380869325,34.0777468741656],[-118.661358617158,34.0777233635187],[-118.661328951194,34.0777103537158],[-118.661299508012,34.077683217277],[-118.661312302716,34.0776538337816],[-118.661303393225,34.0776471767157],[-118.661271674611,34.0776234748187],[-118.661234036099,34.077624384799],[-118.661209163545,34.0775975191691],[-118.661188391801,34.0775682107937],[-118.661156305776,34.0775532872537],[-118.661100565312,34.0775499687616],[-118.661065954123,34.0775794207462],[-118.661047140706,34.0775957431072],[-118.661040140135,34.0776018160931],[-118.661047862951,34.0776295619397],[-118.661061763482,34.0776774634967],[-118.661033512365,34.0776539967298],[-118.660984679946,34.0776752856465],[-118.660949809143,34.0776659871853],[-118.660935733441,34.0777090538515],[-118.660890305637,34.077695929462],[-118.660884215059,34.077733493083],[-118.660855277629,34.0777192235965],[-118.660829195943,34.0776920826962],[-118.660781077685,34.0776964160741],[-118.660737247086,34.0776886295356],[-118.660703712078,34.0777003193878],[-118.660674191641,34.0777171871178],[-118.660645258702,34.0777017777361],[-118.660618391889,34.0776820022346],[-118.660399497607,34.0775215286839],[-118.660425332256,34.0775034183398],[-118.660220068112,34.0775379515037],[-118.660234640582,34.0775093886525],[-118.660245198482,34.0774697244586],[-118.660246067153,34.0774678576189],[-118.660257471265,34.0774433476253],[-118.660223513151,34.0774314337763],[-118.660204473359,34.0774613560464],[-118.660166595895,34.0774633940194],[-118.660163791354,34.0774346123902],[-118.660168043081,34.0774050137758],[-118.660139239499,34.0773836094621],[-118.660109709181,34.0773552333176],[-118.660075528284,34.0773396304148],[-118.660033431434,34.0773413417491],[-118.66000035816,34.0773330797246],[-118.659964196478,34.0773544892594],[-118.659932921631,34.0773649812242],[-118.659916822025,34.0773917182058],[-118.659963657489,34.0773941468108],[-118.659952019814,34.0774282298643],[-118.659994481381,34.0775148284523],[-118.660040223595,34.0776081160157],[-118.660000980692,34.0776125751433],[-118.659965962566,34.0776046442502],[-118.659970189139,34.0776345731556],[-118.65995092387,34.0776650705088],[-118.659944693155,34.077699957777],[-118.659910534716,34.0776994942306],[-118.659887144383,34.077673199315],[-118.65985557938,34.0776897277612],[-118.659864363107,34.0777197652686],[-118.659821725471,34.0777361143885],[-118.659818412484,34.0777373844901],[-118.65980356962,34.0777417736698],[-118.659780589817,34.0777782859215],[-118.659762335152,34.0778072921383],[-118.659758662839,34.0778075785991],[-118.659737900976,34.0778091998934],[-118.6596987506,34.0778254850073],[-118.659671025895,34.0778407820144],[-118.659620736409,34.0778444777305],[-118.659584250435,34.0778745315522],[-118.659573301769,34.0779008851855],[-118.659614781477,34.0779254248087],[-118.659593572253,34.0779524718836],[-118.659552865994,34.0779617539442],[-118.659524616673,34.0779830539444],[-118.659494629113,34.0779966924298],[-118.659451471351,34.077997233356],[-118.659417622832,34.0779969684733],[-118.659380154999,34.0780008315943],[-118.659357269519,34.0780220824772],[-118.659320384694,34.0780414107238],[-118.659288543908,34.0780657561089],[-118.659258544669,34.0780864950678],[-118.659221665234,34.0781008143439],[-118.659180748769,34.0781002347276],[-118.659157204824,34.078080585064],[-118.659109763895,34.0780742010987],[-118.659072106519,34.0780639584792],[-118.659063944426,34.0780368355466],[-118.659064387296,34.0779994074777],[-118.659030969069,34.0779809795253],[-118.65899845814,34.077964999503],[-118.658959182898,34.0779676713968],[-118.658932745479,34.0779979193726],[-118.658901993452,34.0780190318624],[-118.658898780178,34.078052166742],[-118.658873827674,34.0780761423301],[-118.658840510059,34.0780683275526],[-118.658806379468,34.0780864772106],[-118.658784921411,34.0781101008526],[-118.658762832736,34.0781325101961],[-118.65872148508,34.078140981221],[-118.658727348384,34.0781783764891],[-118.658684377472,34.0781959695735],[-118.658648485285,34.0782221125405],[-118.658613507583,34.0782340768737],[-118.658579155108,34.0782509958369],[-118.658590925733,34.0782843486325],[-118.658586309291,34.0783118063082],[-118.658559918585,34.0783368971532],[-118.658562652158,34.0783724456045],[-118.65854829169,34.0783985795883],[-118.658522906198,34.0784308110442],[-118.658491039362,34.0784224843937],[-118.65845586942,34.078433598251],[-118.658428580399,34.0784591325129],[-118.658399572002,34.0784737560417],[-118.65837308248,34.0785135254203],[-118.658348158723,34.0785326295964],[-118.658328162225,34.0785645239477],[-118.658291891847,34.0785665313882],[-118.658295533617,34.0786060090567],[-118.658282570029,34.0786396265932],[-118.65824173082,34.0786500291131],[-118.658237071258,34.0786569978558],[-118.658200847593,34.0786696124244],[-118.658160919275,34.0787025558296],[-118.65813636203,34.0787268132272],[-118.658147391545,34.0787634545181],[-118.658138299696,34.0788010786774],[-118.65817238088,34.0788304431737],[-118.658197752897,34.0788506782269],[-118.658224062755,34.0788750628136],[-118.658241045405,34.0789037509477],[-118.658264226431,34.0789253966917],[-118.658242762086,34.0789497433106],[-118.658208189524,34.0789517135397],[-118.658165427021,34.0789500796186],[-118.658137788555,34.078970007353],[-118.658098452227,34.0789751739948],[-118.658060669086,34.0789663235908],[-118.658060881088,34.0789322552931],[-118.658029254102,34.0789504918192],[-118.657990750512,34.078979320552],[-118.657967677284,34.079003148557],[-118.657927844188,34.0790052943792],[-118.657878642562,34.0790176172308],[-118.657842254504,34.0790365881094],[-118.657800307672,34.0790434764636],[-118.657775896853,34.0790210108138],[-118.657747757126,34.0790385293188],[-118.65774019421,34.0790071306791],[-118.657705826464,34.0790008769913],[-118.65766619998,34.0790095570057],[-118.657625059835,34.0790237853524],[-118.657588506488,34.0790279772939],[-118.65754901026,34.0790336335128],[-118.6575148096,34.0790404705282],[-118.657477876265,34.079035777102],[-118.657434506502,34.0790238485961],[-118.6573986754,34.0790170182757],[-118.657372547002,34.0789900786831],[-118.657323242069,34.0789920511435],[-118.657276063449,34.0790049134287],[-118.657244211884,34.0790164312252],[-118.657215413692,34.0790365099848],[-118.657180624636,34.0790504987451],[-118.657142080622,34.0790496438393],[-118.657109293013,34.0790532368245],[-118.657066768564,34.079058726376],[-118.657032971248,34.079058261349],[-118.657016345229,34.0790859345463],[-118.65700574421,34.0791125311046],[-118.657002371036,34.0791276143391],[-118.656913001242,34.0791209997994],[-118.656810376805,34.0790726050142],[-118.656796491546,34.0790660581782],[-118.656789730825,34.0790447830038],[-118.656753211614,34.079037693014],[-118.6567249587,34.0790211149799],[-118.656703092808,34.0789890042837],[-118.656668525636,34.0789717499042],[-118.656648528239,34.0789476451059],[-118.656623587413,34.0789284993569],[-118.656575018201,34.0789206593605],[-118.65655460219,34.0789483690609],[-118.656551133794,34.0789533727584],[-118.656543967933,34.07896371274],[-118.656533214201,34.0789792305227],[-118.6565295886,34.0789844596636],[-118.656498202363,34.0790067943714],[-118.656470148875,34.0790250777561],[-118.656449829881,34.079056715227],[-118.656411876959,34.0790684100987],[-118.656373705746,34.0790837842619],[-118.656345201304,34.0790988139303],[-118.656332490142,34.0790720365652],[-118.65631026672,34.0790491282172],[-118.656276760459,34.0790373820038],[-118.656264880239,34.0790107288746],[-118.656293320901,34.0789718935047],[-118.65632681279,34.0789756077724],[-118.656372560394,34.0789721055572],[-118.656392200261,34.0789355491775],[-118.65639314978,34.0789286362611],[-118.656396991875,34.0789006966444],[-118.656380937184,34.0788702042004],[-118.65634561902,34.0788554118417],[-118.656348397509,34.0788238873905],[-118.656345794192,34.0787913711147],[-118.656311231511,34.0787617536292],[-118.656285542389,34.0787424032256],[-118.656242160947,34.0787343593433],[-118.656210250992,34.0787415602214],[-118.656193926806,34.0787038244287],[-118.656163412833,34.0786787575019],[-118.656132240394,34.078696456881],[-118.656117574499,34.0787307313743],[-118.656104185109,34.0787595140511],[-118.656063386324,34.0787506316306],[-118.656026258953,34.0787598511039],[-118.656047734977,34.0787290714073],[-118.656049666355,34.0786935573318],[-118.656017372819,34.0786873274304],[-118.655981330613,34.0786802634523],[-118.655948556478,34.0786601667511],[-118.655915060098,34.0786591816331],[-118.655869834415,34.0786795551199],[-118.655835714604,34.0786542902694],[-118.655806202252,34.0786763088444],[-118.655761856918,34.0786794888997],[-118.655727587986,34.0786853579392],[-118.655699303631,34.0787098355794],[-118.655670111079,34.0786942269737],[-118.655630942736,34.0787049777006],[-118.65560073958,34.078692918196],[-118.655557929467,34.078689046922],[-118.655525539811,34.0786703981377],[-118.655495911576,34.0786565677967],[-118.65545840871,34.0786400097774],[-118.655420254565,34.0786300990713],[-118.655418455239,34.0786000581665],[-118.655390672144,34.0785823996899],[-118.655353738809,34.0785782092145],[-118.655325746407,34.0785988781075],[-118.655279553238,34.0786073431334],[-118.655271642674,34.0786118684287],[-118.655244579129,34.0786273498174],[-118.655219623931,34.0786479465259],[-118.655196049443,34.0786672076655],[-118.655155800426,34.0786573497899],[-118.655122403759,34.0786545149715],[-118.655087870723,34.0786700871262],[-118.655046113435,34.0786755618216],[-118.655025410861,34.0786537203295],[-118.654991081743,34.0786666488864],[-118.655027627903,34.078652647414],[-118.655010241011,34.0786284004119],[-118.655013457878,34.078593574538],[-118.655001759118,34.0785593781142],[-118.654982477679,34.0785262769152],[-118.655016305537,34.0784846756956],[-118.654985347796,34.0784586027503],[-118.654953703742,34.0784460037753],[-118.654929814844,34.0784259070185],[-118.654923821284,34.0783955022013],[-118.654884111257,34.0784058437392],[-118.65485635601,34.0783841338742],[-118.654852774426,34.0783567446745],[-118.654874704998,34.0783287341844],[-118.654858215522,34.0783045146194],[-118.654855424457,34.0783002236835],[-118.654835793573,34.0782700420363],[-118.654804360623,34.0782540650446],[-118.654810700034,34.0782231757888],[-118.654835838488,34.0781989755389],[-118.654846870698,34.0781726428319],[-118.654856699166,34.0781441389749],[-118.654856881524,34.0781108121659],[-118.654844829726,34.0780764384628],[-118.654810954257,34.0780526466556],[-118.654797407662,34.0780249984185],[-118.654766279241,34.078034264102],[-118.654737429846,34.0780171174155],[-118.654705915149,34.078025674018],[-118.654657588482,34.0780363474483],[-118.654640821427,34.0780632144272],[-118.654667623562,34.0780811639364],[-118.654652898377,34.0781104773427],[-118.654616180639,34.0780975926],[-118.654614139666,34.0780617226029],[-118.654610007416,34.0780293727022],[-118.65457248838,34.078029142046],[-118.654544268703,34.0780472641824],[-118.654504325114,34.0780592158915],[-118.65447191839,34.0780533832672],[-118.654440546526,34.0780406696479],[-118.65441046554,34.0780581325517],[-118.654375265954,34.0780722926054],[-118.654333168205,34.0780814124497],[-118.65429249698,34.0780775441239],[-118.654262868746,34.078093264451],[-118.654228819902,34.078084789701],[-118.654194485393,34.0780907250023],[-118.654164237321,34.078066287362],[-118.654153255416,34.0780450975025],[-118.654140032215,34.0780173703933],[-118.654103775312,34.0780122118777],[-118.654076817769,34.0780313370003],[-118.654043392355,34.0780160787183],[-118.654014730708,34.078031460513],[-118.653971509166,34.0780317529255],[-118.653938825761,34.0780364999791],[-118.653909028643,34.0780495759525],[-118.653873923381,34.0780626318344],[-118.653842835383,34.0780768357865],[-118.653808358043,34.0780835292772],[-118.653771907104,34.0780830188576],[-118.653727401869,34.0780765299812],[-118.653690783844,34.0780801222637],[-118.653649632919,34.0780805210755],[-118.653614901355,34.0780773402537],[-118.65358239402,34.0780883522212],[-118.653548413447,34.0780899757421],[-118.653497025322,34.078089240619],[-118.6534593383,34.0781059319313],[-118.653427906249,34.078116078563],[-118.653401646696,34.0781355124435],[-118.653392548559,34.0781682506983],[-118.653359794187,34.0781811986746],[-118.653336675145,34.0782133863142],[-118.653319629613,34.0782529668263],[-118.653313962141,34.0782814862717],[-118.653328363034,34.0783137966415],[-118.653341526946,34.0783412818375],[-118.653375176938,34.078361720133],[-118.653369423229,34.0783711360777],[-118.653354956759,34.0783948109797],[-118.653353443996,34.0784245260638],[-118.6533524289,34.0784533058685],[-118.653328724156,34.0784855454881],[-118.653309039374,34.0785078334524],[-118.653294012356,34.07853821814],[-118.653263477721,34.0785555179949],[-118.653223144263,34.0785775068336],[-118.653173341663,34.0785760923993],[-118.65314080648,34.0785616050489],[-118.653104032148,34.0785540931435],[-118.653064130779,34.0785766935897],[-118.653044349877,34.0785546362983],[-118.653003083069,34.078549502369],[-118.652964043185,34.0785538885303],[-118.652927035291,34.0785659406144],[-118.652898365558,34.07857957975],[-118.652863088717,34.0785992419466],[-118.652824100936,34.0786101281022],[-118.652783653392,34.0786049889679],[-118.652748156463,34.0786095507215],[-118.652707035183,34.078603778403],[-118.652667750059,34.0785869703734],[-118.652630833792,34.0786013200708],[-118.652609553601,34.0785940001331],[-118.652597225122,34.0785897605512],[-118.652554167972,34.0785895418012],[-118.652521878928,34.0785986883754],[-118.652484247602,34.0786234956535],[-118.652446042253,34.0786318699032],[-118.652399058567,34.0786400611166],[-118.652375636793,34.0786607404111],[-118.652341392116,34.0786753430719],[-118.652304356373,34.0786793906856],[-118.652259623865,34.0786814784803],[-118.652238026569,34.0787030677335],[-118.652198851938,34.0787087857299],[-118.652159528187,34.0787214553503],[-118.652126167452,34.0787416249535],[-118.652097750146,34.0787691330761],[-118.652064387615,34.0787677804007],[-118.652024256278,34.0787788570104],[-118.652000248802,34.0787528176377],[-118.652001042014,34.0787066897513],[-118.652001623224,34.0786732619734],[-118.65195531058,34.0786593646686],[-118.651914457896,34.0786563944338],[-118.651906057749,34.0786231943144],[-118.651904526122,34.0785933200739],[-118.65188606215,34.0785665938882],[-118.651850268777,34.0785634569834],[-118.651837169544,34.0785378461161],[-118.651801846888,34.0784994480297],[-118.651789898397,34.0784691451735],[-118.651823774764,34.0784600633176],[-118.651776288022,34.0784458080904],[-118.651732141215,34.0784414435009],[-118.651699323063,34.0784311853008],[-118.651652152528,34.0784258437744],[-118.651613640853,34.0784376213226],[-118.651575953832,34.0784432567475],[-118.651536329145,34.0784496935125],[-118.651503695147,34.0784707002348],[-118.651466450097,34.07849161469],[-118.651433235788,34.0785005016019],[-118.651398989314,34.0785249495336],[-118.651371986855,34.0785490589165],[-118.651357131415,34.0785747315364],[-118.651347710783,34.0786018669455],[-118.651345096685,34.0786337791279],[-118.651313845195,34.0786611764225],[-118.651302044027,34.0787024687762],[-118.651272599947,34.0787155074445],[-118.651239260772,34.0787447253933],[-118.651210415868,34.0787764098439],[-118.651194671096,34.0788027966786],[-118.651168163609,34.0789070106072],[-118.651155156003,34.07891633795],[-118.651116223019,34.0789382366658],[-118.651096655916,34.0789720147838],[-118.65107281373,34.0789972140637],[-118.651044470086,34.0790193858225],[-118.651019142985,34.0790412688868],[-118.651013122476,34.0790484808995],[-118.65099657461,34.0790683074208],[-118.650968711565,34.0790876317085],[-118.65096958293,34.0791198934079],[-118.650967830317,34.0791545977864],[-118.650953809412,34.079185918991],[-118.650936187161,34.0792327281585],[-118.650927932542,34.0792756050416],[-118.650891118684,34.0792829375691],[-118.650857286333,34.0792935349488],[-118.650822009492,34.079302936653],[-118.650791723691,34.0793174581026],[-118.65076295694,34.0793322466603],[-118.65071171524,34.0793505299748],[-118.650671934246,34.0793511497608],[-118.650651200231,34.0793209164051],[-118.650624619081,34.0793235741195],[-118.650617611324,34.0793242750061],[-118.650596022113,34.0793488417465],[-118.650548129332,34.0793484578214],[-118.650539288113,34.0793786383403],[-118.650508294439,34.0793999945312],[-118.650500803388,34.0794397567785],[-118.650471443749,34.0794583220609],[-118.650486344105,34.0794571740075],[-118.650514394,34.0794550125719],[-118.650536029025,34.079445677104],[-118.650554533421,34.0794673413105],[-118.650553554258,34.0794572551078],[-118.650565506343,34.0794657565059],[-118.650556676802,34.0794964042398],[-118.65057979225,34.0795162477692],[-118.650546564466,34.0795243377076],[-118.650506777184,34.0795353197254],[-118.650368089881,34.0797106464036],[-118.650334202733,34.0797012841786],[-118.650287969141,34.0796991331658],[-118.650250637852,34.0796973363148],[-118.650209727676,34.0796868044609],[-118.650168768991,34.0796885083074],[-118.650151333589,34.0796625250172],[-118.65011793782,34.0796728448233],[-118.650111393593,34.0796748671183],[-118.650076140108,34.0796881028068],[-118.650042692237,34.0796823327939],[-118.650001690433,34.0796681722653],[-118.650001472142,34.079637590813],[-118.65000026301,34.0796082950481],[-118.649646695097,34.0796028650553],[-118.649635334103,34.0796565183985],[-118.649592331751,34.0796611351543],[-118.64955519899,34.0796593978256],[-118.649525032665,34.0796710435076],[-118.649479875254,34.0796766379284],[-118.649446583689,34.0796779057689],[-118.64941436112,34.0796920276058],[-118.649383805824,34.0797176916949],[-118.649351741358,34.0797328417849],[-118.649319424466,34.0797167891774],[-118.649278452306,34.0797245993386],[-118.649235095119,34.0797281439329],[-118.649194475098,34.0797480394906],[-118.649164696845,34.0797702653676],[-118.649154592594,34.0797994174774],[-118.649116018038,34.0798017619372],[-118.649082535132,34.0798166835929],[-118.64906192778,34.0798470700431],[-118.649025449891,34.0798454063778],[-118.649012730645,34.0798738307944],[-118.648994314283,34.0798858447447],[-118.648976168314,34.0798908848445],[-118.648951505068,34.0798834534129],[-118.648914745108,34.0798987865061],[-118.648875246185,34.0799028318292],[-118.64884390666,34.0798929711213],[-118.648807665927,34.0799071427729],[-118.648773006228,34.0799083049569],[-118.648728788455,34.079911820526],[-118.648697012348,34.0799226931202],[-118.648662015781,34.0799242608034],[-118.648630441796,34.079936513582],[-118.648621333777,34.079962998268],[-118.648584517223,34.0799681224391],[-118.648555030024,34.0799858408936],[-118.648519416315,34.0799702883258],[-118.648487283577,34.0799456719153],[-118.648455889255,34.0799369287538],[-118.648441195511,34.0799657407821],[-118.648404327754,34.0799705755235],[-118.648387457393,34.0799997536055],[-118.6483224014,34.0800046434035],[-118.648289796148,34.0800220292668],[-118.648270069145,34.0800554617206],[-118.648243369418,34.0800773757666],[-118.64821662208,34.0801018254751],[-118.648215743528,34.080102629032],[-118.648190241255,34.0801302832872],[-118.648172628886,34.0801537694569],[-118.648141382785,34.0801731247463],[-118.64810813973,34.0801880582412],[-118.6480654985,34.080186939215],[-118.648028376519,34.0801684782571],[-118.648019388875,34.0801565997609],[-118.648009165149,34.0801430881091],[-118.647970337267,34.0801294187198],[-118.647936300999,34.0801227105102],[-118.647899718906,34.0801204159095],[-118.647856749791,34.0801240192659],[-118.647815268286,34.080136786887],[-118.647776785358,34.0801432904862],[-118.647744304074,34.0801531831584],[-118.647709430576,34.0801513104256],[-118.647663064033,34.0801396729941],[-118.647587698075,34.0802192399294],[-118.647622451199,34.0802343036219],[-118.647661893528,34.0802551075246],[-118.647663143983,34.0802555345995],[-118.647694458355,34.0802662017966],[-118.647727810107,34.0802858628576],[-118.647758085128,34.0803013320358],[-118.647778065457,34.0803241768024],[-118.647787457343,34.0803523785927],[-118.647752156248,34.0803765023361],[-118.647717097697,34.0803783490227],[-118.647689670335,34.0803585525694],[-118.647654990873,34.0803474382207],[-118.647624310711,34.0803722494508],[-118.647593522752,34.0803915779051],[-118.647559692198,34.0803783252137],[-118.647523831452,34.0803831636516],[-118.647488657018,34.080387499868],[-118.647455473252,34.0804095157603],[-118.647426419939,34.0804414800877],[-118.647383653843,34.0804412665508],[-118.647353647418,34.08042812696],[-118.647317384226,34.0804255154103],[-118.647281126425,34.0804413885719],[-118.647242615649,34.0804609431959],[-118.647226723553,34.0804725091564],[-118.647214439091,34.0804829121952],[-118.64719039748,34.0804768624808],[-118.647163150679,34.0805007659556],[-118.647135981133,34.0805171048662],[-118.647117306056,34.0805436444288],[-118.647083875253,34.0805705954316],[-118.647045587259,34.0805704176085],[-118.647008039477,34.0805613716912],[-118.646973422897,34.0805474471672],[-118.646922359962,34.0805627057372],[-118.64690254133,34.0805924602383],[-118.646889717879,34.0806232266092],[-118.646897516154,34.0806501195524],[-118.646924971364,34.0806815890098],[-118.646923068732,34.0807096865171],[-118.646917995946,34.0807197606661],[-118.646905579432,34.0807444252134],[-118.646876241353,34.0807731432195],[-118.64682216996,34.0807910616491],[-118.646802906487,34.0807817025196],[-118.646783481317,34.0807722652661],[-118.646749654357,34.0807606182475],[-118.646711469669,34.0807707087591],[-118.646677043532,34.0807684454252],[-118.646680312502,34.0807982102704],[-118.646640243148,34.0808154114519],[-118.646606214067,34.0808156592132],[-118.646588718479,34.0808488897223],[-118.646552562187,34.080863826818],[-118.646518330985,34.0808714962523],[-118.646478702704,34.0808695677334],[-118.646439449021,34.0808759924095],[-118.646405548399,34.0808971503116],[-118.646362225348,34.0809102511403],[-118.64632279829,34.0809308093481],[-118.646298095518,34.0809575325557],[-118.646263642432,34.0809782157485],[-118.646235760522,34.0809965783185],[-118.646199328447,34.0810026175794],[-118.646166019815,34.0810080154893],[-118.646128993056,34.0810230559766],[-118.646094847193,34.0810463648206],[-118.646061790089,34.0810571249213],[-118.646033291935,34.081081951568],[-118.645996598451,34.0810857966916],[-118.645992348521,34.0810908210955],[-118.645905178701,34.0811066643715],[-118.645139514041,34.0812458170745],[-118.645122120861,34.0812485290422],[-118.644853935121,34.0813702475676],[-118.644790004717,34.0813992622265],[-118.644785931756,34.0814011111229],[-118.644627797723,34.0814728810102],[-118.644519489646,34.0815293463142],[-118.644501508967,34.0815494140617],[-118.644474807444,34.0815830453102],[-118.644445766707,34.0816136454046],[-118.644426498743,34.0816479559183],[-118.644398414712,34.0816626056813],[-118.6443716539,34.0816928277847],[-118.644350441981,34.0817258325115],[-118.64432792481,34.0817536633133],[-118.644302972306,34.0817825461494],[-118.64428023954,34.0818027165116],[-118.64425756696,34.0818324170076],[-118.644231765549,34.0818642133938],[-118.644205454792,34.081891146864],[-118.644179109002,34.0819242199632],[-118.644151991558,34.0819503111861],[-118.644121441652,34.0819813203574],[-118.644089309813,34.081997900788],[-118.644065420914,34.0820194899398],[-118.644051055056,34.0820460126632],[-118.644021634332,34.0820735055762],[-118.643997048341,34.0821020393594],[-118.643970471684,34.0821307234243],[-118.64394906483,34.0821620375761],[-118.643917765729,34.0821910177389],[-118.643892037979,34.0822224613271],[-118.643868986311,34.0822547724254],[-118.643850472033,34.0822945199401],[-118.643816024337,34.082320518047],[-118.643793817983,34.0823417358534],[-118.643777578239,34.0823715566907],[-118.643748948033,34.0823992875824],[-118.643723510439,34.0824311916377],[-118.643698700767,34.0824551347376],[-118.643667018086,34.0824842271461],[-118.643649288037,34.0825192723919],[-118.643619119016,34.0825395631086],[-118.643591819215,34.0825600680961],[-118.64355674719,34.0825902831831],[-118.643524118582,34.0826068627505],[-118.643497227514,34.0826326197016],[-118.643480725462,34.082646428561],[-118.6434749996,34.0826860003052],[-118.643440064119,34.0827114380515],[-118.643394332684,34.0827447362656],[-118.643052000001,34.0829940003809],[-118.641952000359,34.0833209997595],[-118.641306999205,34.0834109998651],[-118.640703451709,34.0835951669527],[-118.640613874404,34.0835827785507],[-118.640594590269,34.0835801112981],[-118.64038725461,34.0836084913089],[-118.640259149461,34.0835219368961],[-118.640154643054,34.0834772631601],[-118.640058564641,34.0834856399059],[-118.63996080009,34.083495411659],[-118.639866406019,34.0834688879015],[-118.639827638324,34.0834256098908],[-118.639814153714,34.083410253628],[-118.639776487354,34.083399155304],[-118.639751551918,34.0833789347298],[-118.639700961496,34.0833805291331],[-118.639666709633,34.0833983316903],[-118.639631628624,34.0834060313993],[-118.639582584203,34.0834109232325],[-118.639569145406,34.0834192724567],[-118.639552439437,34.0834296513254],[-118.639550723655,34.083429283787],[-118.639533019657,34.0834016722733],[-118.63949395462,34.0834093139497],[-118.639450140191,34.0834218296018],[-118.639419951407,34.0834394848373],[-118.639415559544,34.083443495023],[-118.639391741612,34.0834652445112],[-118.639349124637,34.0834779766604],[-118.639312432051,34.0834777259309],[-118.639281327884,34.0834874225404],[-118.639249088247,34.0834972538136],[-118.639241126479,34.0834978579451],[-118.639209461763,34.0835002566148],[-118.639203267879,34.0835147684166],[-118.639195933135,34.0835319526782],[-118.639163321595,34.0835423694773],[-118.639130064167,34.0835606064986],[-118.639099003119,34.0835615952795],[-118.639096911841,34.0835616622399],[-118.639083264635,34.0835688262514],[-118.639068055259,34.0835768094102],[-118.639063419054,34.0835779432717],[-118.639034548998,34.0835850038653],[-118.638995344722,34.0835726809342],[-118.638967066655,34.0835564847179],[-118.638927463528,34.0835434289388],[-118.638927988144,34.0835509694178],[-118.638929782978,34.0835768116422],[-118.638950488247,34.083599833342],[-118.638905929114,34.0835968967606],[-118.638864323641,34.0836072592394],[-118.638825044805,34.0836187637619],[-118.638790015001,34.0836228446195],[-118.638763301799,34.0836421336437],[-118.638753560468,34.0836695999984],[-118.638718812735,34.0836710805639],[-118.6386921705,34.0836625245318],[-118.638683131652,34.0836596221767],[-118.638650180549,34.0836649871811],[-118.638616663507,34.0836833580965],[-118.638583865118,34.0836746607051],[-118.638547668402,34.0836630267336],[-118.638526908336,34.0836898495193],[-118.638497917006,34.0837115535601],[-118.63847764742,34.0837345424872],[-118.638453460281,34.0837546156641],[-118.6384194312,34.0837452814142],[-118.638384821807,34.0837380095373],[-118.638346556271,34.083750221588],[-118.638316741187,34.0837696854237],[-118.638297200134,34.0838025725328],[-118.638288119963,34.0838333645215],[-118.638261829868,34.0838507771269],[-118.638254502311,34.0838778654614],[-118.63823148388,34.0838933295194],[-118.638224783346,34.0838978314682],[-118.638222119841,34.0839045378909],[-118.638213441217,34.0839263817487],[-118.638207196129,34.0839536813551],[-118.63819663823,34.0839798084087],[-118.638176992973,34.0840055649422],[-118.638192685643,34.0840369855367],[-118.638175927571,34.084065776082],[-118.638147618961,34.0840819327691],[-118.638143792138,34.0840859607803],[-118.638127006219,34.0841036285254],[-118.6381007287,34.084125974531],[-118.638050277517,34.0841483004428],[-118.638009793142,34.0841617720237],[-118.637980661676,34.084176364064],[-118.637948260342,34.084183737831],[-118.63791915313,34.0842025401527],[-118.63791606562,34.0842312153221],[-118.63789138351,34.084253912461],[-118.637858032656,34.0842605608236],[-118.637821154119,34.0842749192316],[-118.63778510293,34.0842865761829],[-118.63777373475,34.0843265742149],[-118.637748341174,34.0843589045982],[-118.637724172899,34.0843869785654],[-118.637707516337,34.0844147363251],[-118.637699526721,34.0844515083304],[-118.63768928952,34.0844607108151],[-118.637692656406,34.0844708447816],[-118.637689362284,34.0844774730392],[-118.637664270541,34.0845279538744],[-118.637641610538,34.0845294009451],[-118.637623761014,34.0845305400018],[-118.637586364148,34.084537443533],[-118.637550618386,34.0845559496662],[-118.637542901858,34.0845595163781],[-118.637445033103,34.0845893766101],[-118.637437038097,34.0845850554889],[-118.637401326471,34.0846020803184],[-118.637400571886,34.0846029418642],[-118.637301108621,34.0846332879092],[-118.637266718417,34.0846304867705],[-118.637246223354,34.0846049201457],[-118.637211620249,34.0846070918658],[-118.637173277458,34.0845907678802],[-118.637139825994,34.0845892843548],[-118.637111545232,34.0845740599901],[-118.637082372443,34.0845545025959],[-118.637046178422,34.0845455687036],[-118.637015655465,34.0845571765139],[-118.636979866584,34.0845581243635],[-118.636954555653,34.0845374844527],[-118.636967804007,34.0845119765754],[-118.63702029706,34.084483828994],[-118.636972409669,34.0844734309106],[-118.636935967713,34.0844739286438],[-118.636902129973,34.0844543622986],[-118.636887035581,34.084426982502],[-118.636877825154,34.084392104701],[-118.636860000783,34.0843656087523],[-118.636836734417,34.084341563521],[-118.636836852994,34.0843051656986],[-118.636809270224,34.0842745353289],[-118.636780994852,34.0842594716111],[-118.636747941341,34.0842421930095],[-118.636713321168,34.0842220693562],[-118.636679843652,34.0842130982289],[-118.636649589292,34.0841876706057],[-118.636643904753,34.0841590303895],[-118.636628751072,34.0841344233805],[-118.636625370712,34.0841376501028],[-118.63658911291,34.0841131383195],[-118.63657335107,34.08408623234],[-118.636578226227,34.0840510694468],[-118.636584040124,34.0840177099944],[-118.636586734171,34.0839894067527],[-118.636596166482,34.0839589176289],[-118.636577111418,34.0839318367603],[-118.636561848143,34.0838952557375],[-118.636121233479,34.0835889426198],[-118.636088117086,34.0835715976649],[-118.636051369703,34.0835530414684],[-118.636017900272,34.0835337509358],[-118.635993601742,34.0835142691898],[-118.635956996293,34.0834967635148],[-118.635938144248,34.0834657623384],[-118.635952612514,34.0834333415895],[-118.635982550668,34.0834151834053],[-118.635956256081,34.0833964687014],[-118.635933620332,34.0833764326398],[-118.635910086269,34.083356600431],[-118.635905391673,34.0833253321053],[-118.635884536385,34.0832980880967],[-118.635872834032,34.0832721587385],[-118.635836745114,34.0832839876932],[-118.635809041969,34.0832649902379],[-118.635788337598,34.0832420331757],[-118.635747877478,34.0832494375283],[-118.635713639089,34.083264532674],[-118.635682176494,34.0832477716978],[-118.635677781038,34.0832177867435],[-118.635705697982,34.0831944621291],[-118.635715901047,34.0831645470926],[-118.635699107043,34.0831315161422],[-118.635686048233,34.0830965976311],[-118.635671200878,34.0830645762733],[-118.635645592604,34.0830438601096],[-118.635625557479,34.0830139658522],[-118.635608543387,34.0829735007066],[-118.635578375265,34.0829481262797],[-118.635549666905,34.0829309471077],[-118.635514741305,34.0829411980667],[-118.635493005669,34.0829762937159],[-118.635494488787,34.0830075733306],[-118.635496732779,34.0830487393157],[-118.635465408525,34.0830702850471],[-118.635439475061,34.0830938834906],[-118.63543297575,34.0831234637487],[-118.635409677045,34.0831507517098],[-118.63538860706,34.0831726337065],[-118.635356408745,34.0831902942021],[-118.635322434461,34.0831993041261],[-118.635092873583,34.0832391322942],[-118.635048626166,34.0832396560748],[-118.635015578943,34.0832360640111],[-118.634970872486,34.0832286983456],[-118.63493750726,34.0832133405591],[-118.6349366862,34.0831020147518],[-118.63495890513,34.0830814786472],[-118.634956670121,34.083051848526],[-118.634949312919,34.0830232242938],[-118.634932255709,34.082997520286],[-118.6349477768,34.0829729285637],[-118.634977957499,34.0829512704622],[-118.635007217424,34.0829373567472],[-118.635025779313,34.082912727063],[-118.63502055022,34.0828851875499],[-118.634995735158,34.0828662748222],[-118.635007329714,34.0828280818131],[-118.635042745794,34.0828210829092],[-118.635080823582,34.0828202503618],[-118.63508904676,34.0827884974871],[-118.635087631015,34.0827601603541],[-118.635080092353,34.0827320858475],[-118.635083487087,34.0826997950196],[-118.635105579355,34.0826674610268],[-118.635143010356,34.0826563678135],[-118.635169308536,34.0826318660176],[-118.635180981245,34.0826027558035],[-118.635163983323,34.082575959458],[-118.635155461006,34.0825480411329],[-118.635148193635,34.0825191020129],[-118.635105664695,34.0825175187535],[-118.635071740716,34.0825229679038],[-118.635069010736,34.0825224188223],[-118.635037482564,34.0825160790886],[-118.635013462512,34.0824939952947],[-118.634984974239,34.0824764931288],[-118.634955740365,34.0824574166268],[-118.634946780569,34.0824241688926],[-118.634941720359,34.0823954045737],[-118.634937865688,34.0823802824885],[-118.63493432363,34.082366381328],[-118.634914070214,34.0823423280888],[-118.634897261837,34.0823362747872],[-118.634880636716,34.0823302877025],[-118.634850169455,34.0823427261365],[-118.634817265064,34.0823323701991],[-118.634801964958,34.0823076108803],[-118.634770018172,34.0822865530287],[-118.634736043888,34.0822623792364],[-118.634702904139,34.0822399136965],[-118.634696474896,34.0821990017716],[-118.634692282459,34.0821692069141],[-118.634705072672,34.0821384641694],[-118.634704358511,34.0821272034831],[-118.634702818799,34.0821029299472],[-118.634690278317,34.0820760396973],[-118.63466457572,34.0820490266761],[-118.634651574403,34.0820147140928],[-118.634644814581,34.0819834103028],[-118.634633140075,34.0819555103828],[-118.634651351621,34.0819228859388],[-118.634682978607,34.0819075740445],[-118.634720690781,34.0819001249335],[-118.634741736512,34.0818758483564],[-118.634774772955,34.0818624031965],[-118.634793924138,34.0818394182253],[-118.634809288923,34.081803316191],[-118.634826889614,34.0817717980452],[-118.634858526482,34.0817523679752],[-118.634897445991,34.0817526060615],[-118.634932391354,34.0817718821194],[-118.634964930131,34.081765294571],[-118.634983427341,34.0817415432331],[-118.634988879216,34.0817129416227],[-118.634967386125,34.0816885675252],[-118.634936642182,34.0816597002816],[-118.634929716171,34.0816210729642],[-118.63492561626,34.081592045733],[-118.634938689443,34.0815579710514],[-118.634946335004,34.081517742553],[-118.634979317548,34.0814920016311],[-118.634996980223,34.0814614215814],[-118.634988512703,34.0814325386359],[-118.634958465854,34.0814172512057],[-118.634928008474,34.0814361434244],[-118.634887037212,34.0814331628707],[-118.634877075794,34.0814043930069],[-118.634862326355,34.0813767547923],[-118.634848208432,34.0813466121866],[-118.634813788584,34.0813429746572],[-118.634788927709,34.0813219418624],[-118.634757298926,34.0813016493659],[-118.634565633478,34.0812373843053],[-118.634595904008,34.0812522997559],[-118.634619571023,34.0812719152026],[-118.634656351644,34.0812742797103],[-118.634662697343,34.0812750869761],[-118.634631523108,34.0812951294871],[-118.63460295758,34.0813122301245],[-118.634570317294,34.0813237944807],[-118.634535387203,34.0813386593225],[-118.634500047479,34.0813504178651],[-118.634464322379,34.0813546067153],[-118.63442253904,34.0813581557054],[-118.634380576937,34.0813530450107],[-118.634340635144,34.0813456129634],[-118.634139627218,34.0813600730529],[-118.634115975475,34.0813518880548],[-118.634082301228,34.0813391288011],[-118.634044152473,34.0813247222778],[-118.634025518719,34.0812952968924],[-118.633996448338,34.0812704033461],[-118.633963435251,34.0812601893861],[-118.633928270699,34.0812473713407],[-118.633900030362,34.0812273087298],[-118.633870311397,34.0812047015507],[-118.633852602908,34.0811808124111],[-118.633824207162,34.0811629439135],[-118.633784947191,34.0811516935139],[-118.633763357081,34.0811280550958],[-118.633738445002,34.0811013148295],[-118.633714223727,34.0810701550428],[-118.633697317433,34.0810421960439],[-118.633694216449,34.0810080742673],[-118.633708185251,34.0809721132436],[-118.633726525256,34.0809434406907],[-118.633747278136,34.0809192330339],[-118.633731928623,34.0808934621691],[-118.633700268399,34.0809026948016],[-118.633657222927,34.080909169325],[-118.633495774111,34.0809372369957],[-118.633450232221,34.0809444600073],[-118.633402068149,34.0809478988988],[-118.633356760719,34.0809511510393],[-118.633320333136,34.0809571583103],[-118.633277177171,34.0809672272217],[-118.633259567497,34.0809769590879],[-118.633236725136,34.0809895814953],[-118.633207361006,34.081002182324],[-118.63316333637,34.0810223097185],[-118.633133876121,34.0810369543816],[-118.633104214648,34.0810529107595],[-118.633075730867,34.0810717993394],[-118.633045341759,34.0810829790672],[-118.633006910933,34.0811089254643],[-118.632981061911,34.0811283140165],[-118.632954342421,34.0811472412688],[-118.632926576394,34.0811659103403],[-118.632894793999,34.0811835169406],[-118.632866956107,34.081202702357],[-118.632832998891,34.0812091039431],[-118.632786143664,34.0812137139181],[-118.632760110487,34.0811910159643],[-118.632752786523,34.0811582759019],[-118.632742519677,34.0811303258604],[-118.632738324545,34.0811011213829],[-118.632737066005,34.0810619171908],[-118.632754756528,34.0810323183561],[-118.632768627414,34.0809932971626],[-118.632790821192,34.0809709808353],[-118.632812484065,34.0809351008948],[-118.632816614518,34.0808965097042],[-118.632834350855,34.0808595211313],[-118.632828078818,34.0808303723625],[-118.632811469867,34.0808060091715],[-118.632797810983,34.0807663755385],[-118.63278935065,34.0807273646389],[-118.632786005323,34.0806997038825],[-118.632769358643,34.0806630470605],[-118.63276113277,34.0806359584416],[-118.632749394484,34.0806020448297],[-118.632723885025,34.0805696497695],[-118.632702086506,34.080539026977],[-118.632682150195,34.0805096727455],[-118.632657762732,34.0804822142943],[-118.632632017914,34.0804587073828],[-118.632614359731,34.0804309215413],[-118.632597448945,34.0803999676046],[-118.632568846587,34.0803789643369],[-118.632594523132,34.0802043324812],[-118.632631415145,34.0801628169057],[-118.632676755812,34.0801183653519],[-118.632729682752,34.080069288113],[-118.632789057799,34.080018166982],[-118.632845540271,34.0799643129783],[-118.632900208146,34.0799101933197],[-118.632948583322,34.0798565512978],[-118.6329883194,34.079798641447],[-118.633016786113,34.0797369830967],[-118.633025961506,34.0796967165314],[-118.633045729832,34.0797086851206],[-118.633049636605,34.0796919762673],[-118.633080139799,34.0796633925655],[-118.633126771345,34.0796544127708],[-118.633171509243,34.0796493674487],[-118.633214286118,34.0796431041358],[-118.633260156792,34.0796346243326],[-118.633304736586,34.079631129585],[-118.633328653332,34.0796057057942],[-118.633364381128,34.0795786585033],[-118.633402013351,34.079562038909],[-118.633436817679,34.0795578946124],[-118.633430944493,34.0795319112822],[-118.63343300433,34.0794968290863],[-118.633448194842,34.0794705563059],[-118.633477259833,34.0794451704129],[-118.633502531238,34.0794204973027],[-118.633531960946,34.0794024796257],[-118.633560414184,34.079382770741],[-118.633479175041,34.079159572454],[-118.633513814078,34.0791537272567],[-118.633530149044,34.0791261188132],[-118.633523703631,34.0790988496444],[-118.633532869142,34.079071773918],[-118.633545112281,34.0790455039819],[-118.633524300113,34.0790237250849],[-118.633496677816,34.0790014558574],[-118.633481396575,34.078972575049],[-118.633507578872,34.0789551859941],[-118.633488109685,34.0789286206362],[-118.633472246335,34.0789022688108],[-118.633441019998,34.0788862748254],[-118.6334077464,34.0788739779962],[-118.633371279291,34.0788644318996],[-118.633332418171,34.0788521105137],[-118.633296458611,34.0788439178328],[-118.633263896478,34.0788331805163],[-118.633220469222,34.0788280845502],[-118.633198416481,34.0788493203445],[-118.633045161198,34.0787451271782],[-118.633020441358,34.0787138973282],[-118.632990272338,34.0786826138954],[-118.632970365671,34.0786579762773],[-118.632938449427,34.0786256013068],[-118.632922504331,34.0785971318284],[-118.632909553319,34.0785640790073],[-118.63287874919,34.0785306928397],[-118.632842049417,34.0785118632169],[-118.632795690061,34.0784951853775],[-118.632766227116,34.078465944277],[-118.632742435236,34.078431036491],[-118.632715880137,34.0784126108647],[-118.632690309593,34.0783944263063],[-118.632659879163,34.0783640170135],[-118.632627477829,34.0783364581639],[-118.632609855578,34.0783125778879],[-118.6325950738,34.0782879654599],[-118.632575901955,34.0782642882958],[-118.63255733827,34.0782403268979],[-118.632541392275,34.0782142546214],[-118.632485654507,34.0781991838732],[-118.63247105329,34.0781698065092],[-118.63245314268,34.0781376322459],[-118.632437163448,34.0781023024473],[-118.63241165309,34.0780747970843],[-118.632390423205,34.0780429204058],[-118.632368408192,34.0780129663469],[-118.632345908988,34.0779796446947],[-118.632320873839,34.0779470931243],[-118.632297975782,34.077926840742],[-118.632260098318,34.077901240843],[-118.632245355168,34.0778898702174],[-118.632057462645,34.0778367098069],[-118.631907465552,34.0777942696993],[-118.631801433806,34.0777642694211],[-118.631751000589,34.0777499999398],[-118.631535755264,34.0776809843669],[-118.631336566426,34.0776726516902],[-118.631093113103,34.0776743183744],[-118.63096972321,34.0777016319012],[-118.630859720012,34.0777259803601],[-118.630708819214,34.0777643096],[-118.630352693798,34.0777159810046],[-118.630164631493,34.077583412608],[-118.63011881382,34.0775511153527],[-118.630069000441,34.0775160003419],[-118.629965313298,34.0774294858335],[-118.629951792754,34.0774182044316],[-118.629852846919,34.0773356459821],[-118.629704977935,34.0771701166326],[-118.629576826073,34.0770498667993],[-118.629519471337,34.0769630184753],[-118.629460323564,34.0768798821896],[-118.629462115703,34.0767945188414],[-118.629489830526,34.0766985986275],[-118.629571720049,34.0766028620891],[-118.629551286071,34.0765290433828],[-118.62947100094,34.0762390002008],[-118.629484999387,34.0758409994979],[-118.629272917928,34.0753474010857],[-118.629231931395,34.0752520082716],[-118.629044072109,34.0752193135342],[-118.62903209038,34.0751837369727],[-118.629003610192,34.0751584294112],[-118.628978777164,34.0751234294845],[-118.628956843898,34.0750910062859],[-118.628957614653,34.0750489755339],[-118.628955270948,34.075017742833],[-118.628966472042,34.0749863598165],[-118.628962956036,34.0749507243749],[-118.628967868024,34.0749232931406],[-118.628968524692,34.0748936237051],[-118.628981988642,34.0748655116189],[-118.628985911584,34.0748369642363],[-118.628967264356,34.0748215201029],[-118.628951334531,34.0748156106153],[-118.628914202669,34.0748165615503],[-118.62887922317,34.0748011516407],[-118.628839406243,34.074784918031],[-118.628836438209,34.0747519976567],[-118.628839222088,34.0747154729393],[-118.628803243663,34.0746856747049],[-118.628764999686,34.0746539998852],[-118.628562518523,34.0745522220595],[-118.62840653326,34.074473814291],[-118.628398011842,34.0744045847286],[-118.628360937472,34.0744048756655],[-118.628325240219,34.0743911220128],[-118.628293367094,34.0743774196996],[-118.6282456944,34.0743756450583],[-118.628196468519,34.0743710116445],[-118.628149165033,34.0743677562749],[-118.628116051335,34.0743512264364],[-118.628082379783,34.0743405272428],[-118.628045959387,34.0743746211981],[-118.628012127935,34.0743791169561],[-118.627980974361,34.0743535144966],[-118.627939558433,34.0743441196838],[-118.627927237141,34.0743119142038],[-118.627917447301,34.0743018296196],[-118.627905538335,34.0742895648645],[-118.627883136148,34.0742629600949],[-118.627874608441,34.0742281287057],[-118.627862651865,34.0741975051084],[-118.62785375495,34.0741659037708],[-118.627844778086,34.074130250126],[-118.627807201557,34.0741283638666],[-118.627775252974,34.0741524090213],[-118.62774776812,34.0741851830437],[-118.627714507098,34.0742118763839],[-118.627683388558,34.0742233799505],[-118.627644407963,34.07424618692],[-118.62760534652,34.0742610001739],[-118.627561540175,34.0742789869489],[-118.627540366884,34.0743011219947],[-118.627517743712,34.0743331615478],[-118.627491583872,34.0743550688893],[-118.6274738664,34.0743785283853],[-118.627449222018,34.0744015726759],[-118.627415108495,34.0743995621604],[-118.62737604256,34.0743959258208],[-118.627345887015,34.0744164647756],[-118.627309892419,34.0744086861205],[-118.627284703659,34.0744320399417],[-118.627247976039,34.0744458426973],[-118.627238045163,34.0744523906346],[-118.627219230848,34.0744647937656],[-118.627204473324,34.0744893760531],[-118.627165948175,34.074495531855],[-118.627131045931,34.0745075644262],[-118.627094865385,34.0745062407021],[-118.627060271263,34.0745048165267],[-118.627019648548,34.0745010321191],[-118.626983016149,34.0744978965519],[-118.626943526209,34.0744964589828],[-118.626904036269,34.0744944149858],[-118.626920257148,34.0744635109654],[-118.62692208522,34.0744310659358],[-118.626922598158,34.0744219665329],[-118.626907299848,34.0743878257193],[-118.626897402211,34.0743506118225],[-118.626859926294,34.0743462976197],[-118.626814789544,34.0743497003188],[-118.626770156749,34.0743564439577],[-118.626725292189,34.0743489182859],[-118.626682898894,34.0743401358542],[-118.626641844089,34.0743214102158],[-118.626607370341,34.0742982974476],[-118.626569231468,34.0742897627911],[-118.626527762539,34.0743065701853],[-118.626494921929,34.0743099550281],[-118.62645456781,34.0743101090537],[-118.626421168448,34.0743071349459],[-118.626374476714,34.0743088322038],[-118.626339075007,34.0742994745903],[-118.626301858703,34.0742995341171],[-118.626263635388,34.0742962906501],[-118.626221727183,34.0742902881153],[-118.626174796498,34.074284565356],[-118.626133993221,34.0742848399235],[-118.626095024304,34.0742745983339],[-118.626059929821,34.0742763447021],[-118.626022777297,34.0742681880388],[-118.625988651198,34.0742555609092],[-118.625951480708,34.0742529424724],[-118.625914824055,34.074251806998],[-118.625867911335,34.0742572790026],[-118.625827403604,34.0742684462364],[-118.625791341636,34.0742721086245],[-118.625757997071,34.0742806678376],[-118.62572411172,34.0742935866448],[-118.625686512734,34.0742906936417],[-118.625651186485,34.0742960994202],[-118.62561561859,34.0742897508858],[-118.625588778726,34.0743086119547],[-118.625543701265,34.0743112824757],[-118.625510374666,34.0743135668166],[-118.625479624435,34.0743273316432],[-118.625448421454,34.0743455371651],[-118.625409678014,34.0743594537798],[-118.625366171707,34.0743688069222],[-118.62532784778,34.0743773304095],[-118.625281567475,34.0743794748607],[-118.625238715141,34.0743836759611],[-118.625199391389,34.0743923824916],[-118.625160668611,34.0743986900937],[-118.625119271547,34.0744009588064],[-118.625073592215,34.0744068400477],[-118.625040736334,34.0744114288145],[-118.62501368806,34.0744288894903],[-118.625023574919,34.0744567345954],[-118.62500203242,34.074481965726],[-118.624971192358,34.0744970869892],[-118.624952768809,34.0745212049595],[-118.624947864906,34.0745532935388],[-118.624949502535,34.0745890638265],[-118.624941699769,34.074617344167],[-118.62492345229,34.0746535698059],[-118.624907697637,34.0746799452756],[-118.62489751703,34.0747118366132],[-118.624875530763,34.0747402285249],[-118.624867637267,34.0747581006098],[-118.624860540576,34.0747741697828],[-118.624843601045,34.0747990875609],[-118.624827911968,34.0748255001894],[-118.624842782679,34.0748551986679],[-118.624863124131,34.0748842475542],[-118.624881519831,34.0749150189749],[-118.624899301084,34.0749425863785],[-118.624912570099,34.0749740155441],[-118.624927208146,34.0750071962597],[-118.624936532659,34.0750395249923],[-118.624953707549,34.0751369449135],[-118.624932984314,34.0751654326687],[-118.624911797548,34.0751935640014],[-118.624911589139,34.0752234334885],[-118.624897894322,34.0752530425382],[-118.624875615205,34.0752857766987],[-118.62487377815,34.0753133164508],[-118.624861978779,34.075342777398],[-118.624839309792,34.075367558843],[-118.624798303496,34.0753643890804],[-118.624777345801,34.0753345538705],[-118.624750392749,34.0753049701478],[-118.624736520964,34.0752693229351],[-118.624723083964,34.075231910757],[-118.624701418396,34.0751975143073],[-118.624670746319,34.0751868844197],[-118.624637822166,34.0751909284797],[-118.62459979109,34.0751923630607],[-118.62458214189,34.0752167576296],[-118.624547240544,34.0752341734948],[-118.624518322877,34.0752528914906],[-118.624555389162,34.0752680706543],[-118.624542580983,34.0753002132682],[-118.624511422019,34.0753134012755],[-118.624484251575,34.0753404082603],[-118.624450915993,34.0753561045408],[-118.624430720069,34.0753309026895],[-118.624418456268,34.0753009804109],[-118.624384751479,34.0752880967289],[-118.62435083828,34.0752844358729],[-118.624317770396,34.0752855229686],[-118.624279412334,34.0752929622444],[-118.624196721514,34.0752272513473],[-118.623938000424,34.0750890002513],[-118.623632766365,34.0749202967319],[-118.623298950608,34.0748497892046],[-118.622952405725,34.0748289385852],[-118.622658958461,34.0746324758232],[-118.62258929411,34.0745658782113],[-118.622731500115,34.0740828168259],[-118.62284429887,34.0740333774395],[-118.622872012795,34.0740020320069],[-118.622870123638,34.0739668902256],[-118.622854109371,34.0739350090248],[-118.622849682474,34.0739062827474],[-118.622868145548,34.0738723374213],[-118.622944138529,34.0738053969306],[-118.622949303842,34.0737781327455],[-118.622930553307,34.0737492412269],[-118.622906447915,34.0737293799765],[-118.622872197848,34.0737251193165],[-118.622849257571,34.07369458334],[-118.622820723484,34.0736804411567],[-118.622789158481,34.0736683928421],[-118.622758169299,34.0736540095689],[-118.622721332084,34.0736406672765],[-118.622694380829,34.0736177500186],[-118.622691234031,34.0736149633975],[-118.622684999723,34.0735729996254],[-118.622648825464,34.0735199957411],[-118.62267955144,34.0735010779457],[-118.622713539199,34.0735007140846],[-118.62274658732,34.0734952673302],[-118.62277037381,34.0734569049066],[-118.622735285615,34.0734387624415],[-118.62269448144,34.0734234214821],[-118.622659189328,34.0734109780175],[-118.622677280499,34.0733788994227],[-118.622641448499,34.0733714488175],[-118.62260323237,34.0733468103985],[-118.622600448491,34.0733149639367],[-118.622590425988,34.0732875872356],[-118.622498000125,34.0732990001482],[-118.622424565545,34.0732618758084],[-118.622384749517,34.0732417480578],[-118.622124564173,34.073363850137],[-118.6218264825,34.0735077978411],[-118.621796658433,34.0735221997414],[-118.621680757795,34.0736425342005],[-118.621375853418,34.0737045042968],[-118.621030114323,34.0739464724482],[-118.620740999634,34.0741399998919],[-118.620502305585,34.0740035655716],[-118.620427349259,34.0736052894685],[-118.620723884931,34.073197892612],[-118.620670363306,34.0731652662826],[-118.620568842899,34.0731033813628],[-118.620473881991,34.0730454936821],[-118.620451000104,34.0730559995743],[-118.620259923053,34.0730415961066],[-118.620177802663,34.0728619130691],[-118.620147782763,34.0728369843038],[-118.620129342147,34.0728121202677],[-118.620110870988,34.0727815214579],[-118.620119996973,34.0727529153333],[-118.620105508944,34.0727265392636],[-118.620065252741,34.0727291391451],[-118.62002058581,34.0727277469361],[-118.619986147995,34.0727467780073],[-118.619948013613,34.0727506845255],[-118.619908797659,34.0727071852488],[-118.619878927778,34.0727071852488],[-118.619832254909,34.0726955869758],[-118.619782781991,34.0726723904249],[-118.61973797672,34.0726607928911],[-118.619682902807,34.0726507415947],[-118.619618496296,34.0726507415947],[-118.619595152675,34.0726273902588],[-118.619552512343,34.0726269036176],[-118.619517479844,34.0726428005638],[-118.619495174675,34.0726648296308],[-118.619459101927,34.0726747358261],[-118.619428525969,34.0727038100154],[-118.61941008176,34.0727371813654],[-118.619387636454,34.0727605073718],[-118.619358638837,34.0727923346955],[-118.619331372273,34.0728188089657],[-118.61931641173,34.072856522081],[-118.619302012634,34.0728834331164],[-118.619276047729,34.0729074838332],[-118.619241252385,34.0729260951932],[-118.619260527536,34.0729597864174],[-118.619264373224,34.0729665472811],[-118.619277910835,34.0729903472138],[-118.619314651032,34.0730019692576],[-118.619346476546,34.0730175870973],[-118.619378589521,34.0730277455],[-118.61940345399,34.0730522456099],[-118.619423716389,34.0730822177932],[-118.619432002449,34.0731144445754],[-118.61944822243,34.0731442805673],[-118.619450858985,34.0731719690905],[-118.619466574113,34.0731979446986],[-118.619496320027,34.0731995474787],[-118.619509614195,34.0732062108469],[-118.619512055816,34.0732239202987],[-118.619508997951,34.0732405180698],[-118.619503648483,34.0732547697084],[-118.619523899205,34.0732731235356],[-118.619526981324,34.0732975283305],[-118.619520243061,34.0733200661873],[-118.619512228292,34.0733394609871],[-118.619501850056,34.0733539551836],[-118.619467928773,34.0733608908778],[-118.619443517953,34.0733288613743],[-118.61945086707,34.0733010888197],[-118.619412247598,34.0732871206886],[-118.619403902249,34.0732456322304],[-118.61937318346,34.07323429372],[-118.619343311781,34.0732487618912],[-118.619309932182,34.073243633593],[-118.619279989537,34.0732239411334],[-118.619271124063,34.073187689584],[-118.619258562921,34.0731526315477],[-118.619226102298,34.0731456757458],[-118.619193238332,34.0731516523184],[-118.61915858043,34.0731533525759],[-118.619113505664,34.0731614401457],[-118.619108606252,34.0731915931055],[-118.619079380463,34.0731743181984],[-118.619038822426,34.0731755325614],[-118.619007170287,34.0731656576766],[-118.618971719172,34.0731518502478],[-118.618945260194,34.073133938387],[-118.61891094994,34.0731279670217],[-118.61889942725,34.0731016416673],[-118.618894556585,34.0730936128753],[-118.618884529589,34.0730770879968],[-118.618852494768,34.0730544734334],[-118.618821998761,34.0730426884398],[-118.618787512437,34.0730728057252],[-118.618731753109,34.0730653283055],[-118.618744255861,34.0730371129273],[-118.618703312447,34.0730204235925],[-118.618658879078,34.0730238620616],[-118.618625322511,34.0729816546771],[-118.618590776898,34.072968345763],[-118.61856109207,34.0729450674362],[-118.61852310052,34.072927656309],[-118.61848017093,34.07291065592],[-118.6184500073,34.0728970962341],[-118.618417605068,34.0728726005439],[-118.618370982504,34.0728652949931],[-118.618323513728,34.0728788412904],[-118.618281407894,34.0728874378492],[-118.618247233286,34.0728951757187],[-118.618213058677,34.0729068870672],[-118.618181119976,34.0729174703627],[-118.618154557691,34.072938270854],[-118.618135065148,34.0729654140217],[-118.618084241164,34.072971636903],[-118.618039320908,34.0730116343263],[-118.618039208619,34.0730491524026],[-118.618019189663,34.0730772077962],[-118.618049095477,34.0730960029106],[-118.618031766975,34.0731333498075],[-118.618013407207,34.0731562218068],[-118.618029020825,34.0731818209076],[-118.618011430015,34.0732093970603],[-118.6180058928,34.0732385558929],[-118.61800644167,34.0732717715166],[-118.617982885149,34.0732917586263],[-118.617984080806,34.0732642450043],[-118.617972161061,34.0732981064914],[-118.617984724,34.0733301650263],[-118.617983604699,34.0733672670134],[-118.617981369691,34.0734032431715],[-118.617977183542,34.0734347309475],[-118.61798961353,34.0734653384504],[-118.617979123903,34.0734795082011],[-118.617922591125,34.0734790468639],[-118.617751376724,34.0734776487144],[-118.616814999821,34.0734700001892],[-118.616521168078,34.0732911127528],[-118.616262092153,34.0731333840359],[-118.616233647,34.072990957373],[-118.616264051379,34.0729645880743],[-118.616285911882,34.0729305344767],[-118.616287542324,34.0728958111779],[-118.616277739907,34.072863397544],[-118.616232631904,34.0728621735033],[-118.616204994336,34.0728789692752],[-118.616163380778,34.0728723371333],[-118.616124586135,34.0728567944208],[-118.616091218213,34.072881942689],[-118.616057337354,34.0729012691322],[-118.616015390522,34.0728968410086],[-118.615978068217,34.0728919106191],[-118.615805999517,34.0726529999369],[-118.615770755914,34.072385852151],[-118.616219220955,34.0722358127998],[-118.616258365043,34.0722220498656],[-118.61628375862,34.0722018162053],[-118.616300633472,34.0721748900712],[-118.616336500507,34.0721505229022],[-118.616371243749,34.0721264027688],[-118.616424135654,34.0721128243547],[-118.616450096966,34.0720947366656],[-118.616442705628,34.0720591424216],[-118.616407736909,34.0720363943917],[-118.616375271794,34.0720109281394],[-118.616351912004,34.0719750131507],[-118.616338848703,34.0719451901409],[-118.616374765145,34.0719237078047],[-118.616377814027,34.0718885167944],[-118.616405940278,34.0718511693486],[-118.616403964883,34.0718211528274],[-118.616375631121,34.0718048219126],[-118.616340745046,34.0718171458118],[-118.616302796616,34.071803559163],[-118.616277182054,34.0717812969665],[-118.616238403579,34.0717734830964],[-118.616204505652,34.0717796361192],[-118.616167732218,34.0717725693326],[-118.616133244097,34.0717679580997],[-118.616085399825,34.0717718095991],[-118.616044969349,34.0717680957595],[-118.616012420692,34.0717624881665],[-118.615985853915,34.0717452271061],[-118.615952484198,34.0717459481462],[-118.615911954009,34.0717441310357],[-118.615879569743,34.0717250312814],[-118.615851925886,34.0716914913642],[-118.615816723605,34.0716899458519],[-118.615774930385,34.0716885476729],[-118.615740283263,34.0716816125858],[-118.615704338075,34.0716789754667],[-118.61567066832,34.0716864463118],[-118.615632859128,34.0716825605796],[-118.61558647372,34.0716893929796],[-118.615550853722,34.0716919110411],[-118.615557317101,34.0717232357494],[-118.615585165773,34.0717316411898],[-118.615657172031,34.0717590451817],[-118.615700234571,34.0717757771791],[-118.615749762286,34.071806785611],[-118.615778288287,34.0718391981608],[-118.615819546112,34.0718693873083],[-118.615846124566,34.0718896969469],[-118.615857767631,34.0719308415482],[-118.615882746185,34.0719609220236],[-118.615904532128,34.0719877567007],[-118.615920238272,34.0720171607643],[-118.615946843676,34.0720503002242],[-118.61597266485,34.0720798679691],[-118.615964788422,34.0721144011117],[-118.615932831754,34.0720996566841],[-118.615896233491,34.0720912721152],[-118.615847732551,34.072078864172],[-118.615813588485,34.0720662389484],[-118.615780269073,34.0720570782749],[-118.615743392332,34.072041118714],[-118.615698997591,34.0720312474174],[-118.615664382808,34.0720254798593],[-118.615614623328,34.0720236984718],[-118.615605469495,34.0720234715197],[-118.615570302248,34.0720225979404],[-118.615535461988,34.072029763672],[-118.615491466099,34.0720312608113],[-118.615457180099,34.072037729316],[-118.61541507696,34.0720459293522],[-118.615377182428,34.0720620020161],[-118.615343465961,34.0720767107333],[-118.615315868817,34.0720939389856],[-118.615297270996,34.0721241272982],[-118.615265477821,34.0721542821154],[-118.615249250654,34.0721910467944],[-118.615230537848,34.0722238840803],[-118.615219649369,34.072264115505],[-118.615214037593,34.0723021399021],[-118.615209433727,34.0723369996151],[-118.615193870415,34.072371365974],[-118.615183111293,34.0723973715916],[-118.615174089512,34.0724248482901],[-118.615162145512,34.0724558468111],[-118.615134229466,34.0724830890988],[-118.615113189126,34.0725137401034],[-118.615095848048,34.0725392382007],[-118.615072946398,34.0725629549143],[-118.615046512572,34.0725959713841],[-118.615025653691,34.0726312365105],[-118.61500255531,34.0726658170507],[-118.614986835691,34.0727024914717],[-118.6149699815,34.0727354223158],[-118.614966116948,34.0727654236311],[-118.614959883538,34.0727941904766],[-118.614979392251,34.0728375423772],[-118.61502729671,34.0728806702822],[-118.615060392442,34.0729338613349],[-118.615117819941,34.0730140645451],[-118.615185081298,34.0730713688761],[-118.615226342716,34.0731376826745],[-118.615246982408,34.0731708559244],[-118.615347915316,34.0732798590752],[-118.615463868057,34.0733525295007],[-118.615578265813,34.0734009320188],[-118.615788345825,34.0734458856402],[-118.616024295521,34.0734598500246],[-118.61605712086,34.0734733768804],[-118.615908393087,34.0735172783174],[-118.615740551859,34.0735986603598],[-118.615559157749,34.073711123724],[-118.615385577185,34.0737832803577],[-118.615179204519,34.0739212701775],[-118.615163772361,34.0739232874012],[-118.615102759685,34.0739312617961],[-118.615064182434,34.0739280919798],[-118.615020978859,34.0739175021137],[-118.614988113096,34.0739369979728],[-118.614974508111,34.0739333750069],[-118.614955313808,34.0739282638642],[-118.61494151299,34.0739604427028],[-118.614954723615,34.0739957139579],[-118.614954756852,34.073995782414],[-118.614972134762,34.0740315075478],[-118.614965773791,34.0740625880746],[-118.614939543883,34.0740972208607],[-118.614924869903,34.0741223367649],[-118.614905916349,34.0741479184599],[-118.614872194491,34.0741668748034],[-118.614837396452,34.0741757718422],[-118.614809561255,34.0741961605451],[-118.614777536315,34.0742163208086],[-118.614743433572,34.0742373129551],[-118.61470263838,34.0742482547337],[-118.614684649616,34.0742749175466],[-118.61466255106,34.0743005497932],[-118.614632788078,34.0743143399209],[-118.61460111977,34.0743016837788],[-118.614592905575,34.0742994232484],[-118.614569470325,34.0742929750068],[-118.614544151309,34.0743267981344],[-118.614534230315,34.0743647263628],[-118.614515259693,34.0743879432847],[-118.614496357343,34.0744265947354],[-118.614462321075,34.0744390752549],[-118.614421480069,34.0744383066163],[-118.614387353071,34.0744309729253],[-118.614354719972,34.0744204939907],[-118.6143140739,34.0744275947842],[-118.614279307302,34.0744424623246],[-118.614240871984,34.0744472720823],[-118.614206115268,34.0744477765711],[-118.614162159803,34.0744635198944],[-118.614124822226,34.0744734474578],[-118.614088955192,34.0744750970911],[-118.614048829245,34.0744655415697],[-118.614008746417,34.0744682172944],[-118.613984588024,34.0744465838048],[-118.61395451692,34.0744727249527],[-118.613922789322,34.074498700906],[-118.613891783072,34.074515894438],[-118.613872030017,34.0745538664826],[-118.613866851229,34.0745813789417],[-118.613864303607,34.0746158418649],[-118.613870617865,34.0746498709743],[-118.613863943383,34.074678647597],[-118.613838392601,34.0747060134314],[-118.613832392753,34.0747362640601],[-118.613797779767,34.0747281044647],[-118.613793022289,34.0747577672615],[-118.613811861758,34.0747936371696],[-118.613852736001,34.0747913409364],[-118.613882883462,34.0748083736875],[-118.61391484552,34.074829131302],[-118.613925561523,34.0748595232619],[-118.613942143525,34.0748835302611],[-118.613951260527,34.0749100046218],[-118.613954786414,34.0749413326047],[-118.613959116294,34.0749702951482],[-118.613956375534,34.0750089173141],[-118.613964901444,34.0750436494198],[-118.613975863586,34.0750710322501],[-118.614000328304,34.0751005669454],[-118.614012070183,34.0751429979856],[-118.614027779921,34.0751708934531],[-118.614053292075,34.0751887111295],[-118.614073513152,34.0752145038203],[-118.614075776907,34.0752553670339],[-118.614062734267,34.0752856762484],[-118.614035706655,34.0753047499013],[-118.613990733399,34.0753131750763],[-118.613957322358,34.0753009260933],[-118.613923359752,34.0753003092541],[-118.613878755703,34.0752986923762],[-118.613833456359,34.0752947294257],[-118.613796491583,34.075283881536],[-118.613758111062,34.0752769296295],[-118.61373200602,34.0752596730056],[-118.613707080466,34.0752414624716],[-118.613673532882,34.0752247877086],[-118.613637487981,34.0752044602677],[-118.61360145386,34.0751954457726],[-118.613571366586,34.0751711181645],[-118.613551321579,34.075146805431],[-118.613515288356,34.0751348972115],[-118.613473543645,34.0751325183949],[-118.61343024395,34.0751324938403],[-118.613397773446,34.0751077815258],[-118.613353405654,34.0751091528616],[-118.613326085191,34.075135906925],[-118.6132649207,34.0751250843136],[-118.613242944315,34.0750927236183],[-118.613202637807,34.0751002998213],[-118.613166853417,34.0751340430103],[-118.613136349325,34.0751505265632],[-118.613074107754,34.0751462049603],[-118.613043567729,34.0751605589611],[-118.613007178774,34.0751731145243],[-118.612808141751,34.0753209975489],[-118.612661999329,34.0754049992361],[-118.612501999496,34.0754110002038],[-118.612168000483,34.075428000091],[-118.611801999887,34.0752809997279],[-118.611769890505,34.0752005226113],[-118.611746725649,34.0751424644819],[-118.611741997816,34.0751367752638],[-118.611726333892,34.0751034986129],[-118.611695350998,34.0750838266757],[-118.611625519561,34.0750601992133],[-118.611592398677,34.0750400979328],[-118.611561946687,34.0750283176799],[-118.61153332187,34.0750130015628],[-118.611493964881,34.0750087908207],[-118.611460386754,34.0750186052202],[-118.611431540054,34.0750350768904],[-118.611389845648,34.0750354050291],[-118.611350828222,34.0750460676751],[-118.611306835028,34.0750375673215],[-118.611273003576,34.0750526378882],[-118.61123660384,34.0750502665101],[-118.611203481159,34.0750510582096],[-118.611164596684,34.0750294166841],[-118.611159716137,34.0750020866699],[-118.611162213453,34.0749678724263],[-118.611174747647,34.0749389076497],[-118.611208809067,34.0749260417706],[-118.611237040422,34.0749062581803],[-118.611240066846,34.0749007259471],[-118.611254432704,34.0748744666226],[-118.611298770851,34.0748737493294],[-118.611331997737,34.0748654833438],[-118.611339452856,34.0748315793266],[-118.611343197932,34.0747897471154],[-118.611331434493,34.0747761014168],[-118.611322942719,34.0747662505292],[-118.611311966204,34.0747373206555],[-118.611314764457,34.0747057842543],[-118.61126641084,34.074703764073],[-118.611247126706,34.0747275434274],[-118.611208986035,34.074735081715],[-118.611186658409,34.0747050424051],[-118.611182393208,34.0746756147197],[-118.611199772914,34.0746512743129],[-118.611227070919,34.0746226159899],[-118.611213576426,34.0745934784681],[-118.611167391343,34.0745904552608],[-118.611130613417,34.0745924069893],[-118.611103098918,34.0745754776222],[-118.611075209821,34.0745931265171],[-118.611038687017,34.0746138075438],[-118.611046785329,34.0746419159931],[-118.611045447738,34.0746723102524],[-118.611010770073,34.07467818329],[-118.610977288066,34.0746618157219],[-118.610947549338,34.074677455578],[-118.610908861594,34.0746693249962],[-118.610871748596,34.0746620590367],[-118.610848676266,34.07468998517],[-118.610871602171,34.0747139780796],[-118.610862025231,34.0747476187392],[-118.610828362663,34.0747464713661],[-118.610792126421,34.0747733602227],[-118.610764683787,34.0747456781756],[-118.6107141814,34.0747351635639],[-118.610674852259,34.0747223616449],[-118.610646086407,34.0747369181076],[-118.61060952767,34.0747379613094],[-118.610577820733,34.0747560350408],[-118.610535228013,34.0747388259318],[-118.610497460143,34.0747339068107],[-118.610475254688,34.0747054881099],[-118.610439484671,34.0747151447993],[-118.610405920019,34.0747113112917],[-118.610369052261,34.0747127860611],[-118.610344037774,34.0746802875532],[-118.610329602746,34.0746546115206],[-118.610306092038,34.0746744271652],[-118.610273120274,34.0746697476347],[-118.610275693947,34.0746342608763],[-118.610286823175,34.0746011886507],[-118.610291869012,34.0745654377143],[-118.610283535341,34.0745349258515],[-118.61028341856,34.0744961665581],[-118.610279474956,34.0744661971073],[-118.610295184694,34.0744399741082],[-118.610300217955,34.0744165376958],[-118.610291105444,34.0744034224692],[-118.610271100861,34.0743954272843],[-118.610239074125,34.0744094227637],[-118.610212776843,34.0744322921861],[-118.610182569195,34.0744453091892],[-118.610179045104,34.0744796962714],[-118.610159309117,34.0745071365784],[-118.610128365749,34.0745220755367],[-118.610106655265,34.074547074494],[-118.610074431798,34.0745216462007],[-118.610047231709,34.0745447172394],[-118.61000968213,34.0745491170016],[-118.609976691502,34.0745314294053],[-118.609967276259,34.0745012493914],[-118.609926910462,34.0745021512204],[-118.609903650384,34.0744788331345],[-118.609864093969,34.0744671562311],[-118.609855904927,34.0744342662408],[-118.609870565432,34.0744051227015],[-118.60983660103,34.0743998158931],[-118.609792999501,34.0744089926831],[-118.609748128652,34.0743973901786],[-118.60971441488,34.0744033316909],[-118.609701993874,34.0743758906062],[-118.609679220683,34.0743513931114],[-118.609652566771,34.0743344175629],[-118.609620573272,34.0743193781199],[-118.609584699949,34.0743315558128],[-118.609548402622,34.0743422758419],[-118.609515550334,34.0743374742631],[-118.609482294702,34.0743497085037],[-118.609439517826,34.0743573256979],[-118.609422424683,34.0743335350783],[-118.609393781002,34.0743185097728],[-118.609370866776,34.0742966760862],[-118.609402959089,34.0742685608256],[-118.609384877799,34.0742350553993],[-118.609381393234,34.0742038216542],[-118.60937214957,34.0741742300957],[-118.609383794431,34.0741423601342],[-118.609383194356,34.0741084409457],[-118.609381736391,34.0740777845655],[-118.609340103969,34.0740805347111],[-118.609315218839,34.0740602561053],[-118.609307904756,34.0740311712203],[-118.609328866943,34.074005062676],[-118.609293679035,34.0740119678093],[-118.609256561546,34.074020614107],[-118.609233828779,34.0739887701307],[-118.609259523291,34.0739643246102],[-118.609226112251,34.0739405346243],[-118.609220914599,34.0739131603575],[-118.609207328478,34.0738761047431],[-118.609197464078,34.0738452540714],[-118.609210127629,34.0738126294795],[-118.609244610359,34.0738103242906],[-118.609261169005,34.0737833376525],[-118.6092226735,34.0737586762866],[-118.609230227433,34.0737249027862],[-118.609226026911,34.0736948043349],[-118.609202569204,34.0736588052338],[-118.609169323453,34.0736829829699],[-118.60912775032,34.0736944955374],[-118.609110814382,34.0736662104242],[-118.60908884698,34.0736314122737],[-118.609082610876,34.0736013710842],[-118.609043888097,34.0735922641513],[-118.609030533742,34.0735627289302],[-118.609011470593,34.073537329361],[-118.609022818112,34.0735097183427],[-118.609022251275,34.0734814592111],[-118.609023607731,34.073477379353],[-118.609035545443,34.0734414880529],[-118.609035038793,34.0734114267055],[-118.609012772252,34.0733880554887],[-118.608981293488,34.0733931063925],[-118.608948967613,34.0733287237169],[-118.608924000736,34.0732789996465],[-118.608929158862,34.0732340957909],[-118.608948238181,34.0732283260824],[-118.608932367644,34.0732061528076],[-118.608933211162,34.0731988108249],[-118.608967840318,34.0731922858577],[-118.609007835111,34.0731940962404],[-118.609026515578,34.0731577077647],[-118.609065017371,34.0731500830217],[-118.609109315094,34.0731435215901],[-118.609142508742,34.0731322835189],[-118.609176184786,34.0731301665676],[-118.609208840343,34.0731112687757],[-118.609222347411,34.0730860536069],[-118.609256268695,34.0730596895464],[-118.609223341846,34.0730473107648],[-118.609234304886,34.0730018092769],[-118.60920141397,34.0729806293118],[-118.60917745141,34.0729589619581],[-118.609224939949,34.0729251710246],[-118.609259867346,34.0729133294615],[-118.609277957619,34.0728802997217],[-118.609283091491,34.0728524496339],[-118.609294677063,34.0728246709702],[-118.609296351523,34.0727816271198],[-118.609380165237,34.0726675917278],[-118.6093773589,34.0726368425577],[-118.609381319572,34.0726034414042],[-118.609373491653,34.0725704003819],[-118.609365357408,34.0725335897333],[-118.609377644564,34.0725025369214],[-118.609393265369,34.0724776065621],[-118.609372878104,34.072447598448],[-118.609310980587,34.0723844152902],[-118.609265257238,34.0723604291617],[-118.609225630754,34.0723503294631],[-118.60913266141,34.0723490667216],[-118.608984959513,34.0723963008292],[-118.608961876403,34.0723746764839],[-118.608966588965,34.0723449771357],[-118.608927917391,34.0723536310445],[-118.608904950164,34.0723288606234],[-118.608847998771,34.0722369996444],[-118.608825371108,34.0721957435763],[-118.608797120889,34.0721442367117],[-118.6087579768,34.0720728659447],[-118.608731071359,34.0720238078552],[-118.608689818924,34.0720175655575],[-118.6086535198,34.0720191393398],[-118.608614765581,34.0719918730916],[-118.60858014451,34.0719945213625],[-118.608588656047,34.0719647675614],[-118.608608056962,34.0719327992908],[-118.608575588255,34.0719245999877],[-118.608588970457,34.0718988650796],[-118.608605313507,34.0718714938736],[-118.608635368442,34.0718572911133],[-118.608636367368,34.0718511328873],[-118.608639993867,34.0718287806664],[-118.608638427205,34.07182611602],[-118.608658940235,34.0718101846916],[-118.608695039035,34.0717946819659],[-118.608695757687,34.0717253713386],[-118.60870180245,34.0716960825104],[-118.60873202537,34.0716648604789],[-118.608727278672,34.0716368157792],[-118.608735759666,34.0716084168744],[-118.608747990229,34.0715796845993],[-118.60874319053,34.0715441072534],[-118.608758059445,34.0715151524678],[-118.608761049937,34.0714780139522],[-118.608746649044,34.0714507192536],[-118.608717161845,34.0714266495204],[-118.608685648047,34.0714089850837],[-118.608655899438,34.0713943982847],[-118.608600708743,34.0713668914876],[-118.608571412885,34.071350122948],[-118.608428825995,34.0712918367138],[-118.608377772043,34.0712851702185],[-118.608343085394,34.071277078749],[-118.608316968674,34.0712597178786],[-118.608297768982,34.0712561498625],[-118.608278111148,34.0712524970175],[-118.608238846686,34.0712489431392],[-118.608234191616,34.0712188467847],[-118.608250149288,34.0711902401324],[-118.608262999689,34.0711896954422],[-118.608236999749,34.0711400006248],[-118.608126043439,34.0697705213086],[-118.60812600032,34.0697699996771],[-118.607907944166,34.0693891162722],[-118.607755030243,34.0691220140036],[-118.607122999864,34.0680180005666],[-118.606931000243,34.0680869994559],[-118.606657553071,34.0680599313716],[-118.606436000674,34.0680380000779],[-118.606361255452,34.0680111001536],[-118.606388259708,34.0682826759612],[-118.606108311428,34.0687653142666],[-118.606250000003,34.0688059997667],[-118.606282999615,34.0690570000353],[-118.606185041926,34.0691371183644],[-118.606102639465,34.0692045127426],[-118.606066748176,34.0691937541127],[-118.606030788615,34.0691755928756],[-118.605983055735,34.0691751583035],[-118.605939368866,34.0691705677649],[-118.605921451069,34.0691443208026],[-118.605887498344,34.0691349053205],[-118.605851378884,34.0691366956983],[-118.605821023912,34.0691240893837],[-118.605787297563,34.0691173483048],[-118.605764410286,34.069089696407],[-118.605772946976,34.0690510060588],[-118.605749957291,34.0690229984445],[-118.605751742244,34.0689939542455],[-118.605740110857,34.0689597368311],[-118.605746205927,34.068929880018],[-118.605724632885,34.0688920393963],[-118.60570031549,34.0688668199952],[-118.605686767998,34.068832208883],[-118.605679965056,34.0687976453813],[-118.605673442389,34.0687695000185],[-118.605648736922,34.0687576370389],[-118.605647898794,34.0687509175107],[-118.605611455041,34.0687414573369],[-118.605605221631,34.0687073730205],[-118.605568988084,34.0686924025272],[-118.605556341601,34.0686542247064],[-118.605526318108,34.0686427248484],[-118.605485772648,34.0686471144993],[-118.60545619921,34.0686307413012],[-118.605443127825,34.0685991520255],[-118.605355499864,34.0685895437518],[-118.60532656962,34.0685750331134],[-118.605360277104,34.0685593809686],[-118.60534565343,34.0685304735317],[-118.605348262137,34.0684927800704],[-118.605314452245,34.0684839977759],[-118.605268287823,34.0684831152304],[-118.605243893173,34.0684606653831],[-118.605221614954,34.0684347977106],[-118.605188698885,34.0684300158886],[-118.60515403739,34.0684450057758],[-118.605114550145,34.0684488425436],[-118.6050998573,34.0684765139981],[-118.605065981831,34.0684709939953],[-118.605010919595,34.0684672867083],[-118.604984465109,34.068437638824],[-118.604952128453,34.0684316418272],[-118.604864821191,34.0684098944314],[-118.604832653419,34.0683941559362],[-118.604785716445,34.0683809162505],[-118.604739401106,34.068367044046],[-118.604706627869,34.068363540648],[-118.604668797118,34.0684018562651],[-118.604626761352,34.068441420526],[-118.604634080825,34.068468988548],[-118.604596877098,34.0684743827919],[-118.604611475619,34.0685065674229],[-118.604617487145,34.0685410849069],[-118.604582438476,34.0685528690385],[-118.604593867741,34.0685885235424],[-118.60460209092,34.0686314824595],[-118.604634724917,34.0686534761069],[-118.604659467215,34.0686783368988],[-118.604689117009,34.0686907535255],[-118.604718513479,34.0687055134291],[-118.604679362204,34.0687049903028],[-118.604622661441,34.0687051874983],[-118.604581400024,34.0687014675713],[-118.604549066063,34.0687114359932],[-118.604497944737,34.0687261720809],[-118.604488667835,34.0687534490539],[-118.604436439785,34.068753599369],[-118.604410410201,34.0687796403273],[-118.604363148037,34.0688091459624],[-118.604299349686,34.068825976768],[-118.604186019128,34.0688510064274],[-118.604142525397,34.0688981405392],[-118.60409883224,34.0689494931096],[-118.604062042635,34.0689621470747],[-118.604033936147,34.0689779643423],[-118.604063001138,34.0689939780578],[-118.604066760587,34.0690134452846],[-118.60406835869,34.0690217304445],[-118.604081787605,34.0690495371438],[-118.604061124557,34.0690807504654],[-118.60406479687,34.0691157186588],[-118.604040328558,34.0691467399704],[-118.604002013615,34.0691689634203],[-118.603968215401,34.0691839323411],[-118.603927461531,34.0691815250805],[-118.603893727996,34.0691838646252],[-118.603867000421,34.0692057479981],[-118.603828387237,34.0692154536829],[-118.603793648486,34.0692110342963],[-118.603743763242,34.0692205130209],[-118.60370929219,34.0692180968317],[-118.603664507579,34.0692244836968],[-118.603633184224,34.0692502357883],[-118.603624317852,34.0692786116714],[-118.603597687295,34.069300923638],[-118.60356991498,34.0693186830187],[-118.603553579117,34.0693507073413],[-118.603560269769,34.0693861978012],[-118.603578237871,34.0694096809971],[-118.603536673721,34.0694234525736],[-118.603527947487,34.0694604967415],[-118.603535927221,34.0694943910024],[-118.603547023212,34.0695215955477],[-118.603579798245,34.0695285888535],[-118.603568459709,34.0695664299351],[-118.603481633045,34.0696052517582],[-118.603449850651,34.0696134758419],[-118.603417570589,34.069621512405],[-118.60338379663,34.0696310803789],[-118.603332162365,34.069632568631],[-118.603294222019,34.0696555665885],[-118.603261013998,34.0696629951969],[-118.603217787067,34.0696808237054],[-118.60318095075,34.0696962992852],[-118.603142202819,34.0697067549922],[-118.603097076849,34.0697137921862],[-118.603049094236,34.0697190628259],[-118.603001673969,34.0697179265466],[-118.602967267595,34.0697129714158],[-118.602934593173,34.0697076992874],[-118.602887602301,34.0697135949929],[-118.60284054675,34.0697131485177],[-118.602793260332,34.0697043194697],[-118.602751296431,34.0696854365401],[-118.602709139393,34.069670591977],[-118.602663565164,34.0696600931061],[-118.602616700056,34.0696493843905],[-118.602569741523,34.0696402182468],[-118.602537454275,34.0696487682542],[-118.602488692823,34.0696457642178],[-118.602441969648,34.0696444553002],[-118.602394913199,34.0696395455569],[-118.602350369337,34.0696444515796],[-118.602310252373,34.0696602806259],[-118.602270818129,34.069679365219],[-118.602228258645,34.0696967591548],[-118.602190479996,34.0697165447058],[-118.60215014025,34.0697356977459],[-118.602107528664,34.0697513191642],[-118.602064552363,34.0697655103716],[-118.602020604084,34.0697694691161],[-118.60197645099,34.0697794054149],[-118.601932084994,34.0697758596603],[-118.601887412674,34.0697664725251],[-118.601849269308,34.0697432550808],[-118.60180607292,34.0697254109588],[-118.601767265699,34.069702114626],[-118.601754226653,34.0696748796294],[-118.601731455259,34.0696547926976],[-118.601696338318,34.0696272511059],[-118.601679246073,34.0696064371514],[-118.601668451916,34.0695932943916],[-118.601647337914,34.0695567905177],[-118.601631443123,34.0695186309455],[-118.601622344986,34.0694919472883],[-118.60160741319,34.0694539722305],[-118.601591510314,34.0694194811628],[-118.601571725818,34.0693841008478],[-118.601564858198,34.0693460089135],[-118.601568839531,34.0693115743556],[-118.601564502465,34.0692777953617],[-118.601567989725,34.0692451496634],[-118.601568915888,34.069212076822],[-118.601559676715,34.0691811805482],[-118.601555122257,34.0691463701376],[-118.601546022323,34.0691176891166],[-118.601529030689,34.0690866990479],[-118.601527744302,34.0690463664008],[-118.60151090089,34.0690149908458],[-118.6014960724,34.0689799630804],[-118.601162938465,34.0689063036727],[-118.601125666466,34.0688914507875],[-118.601091472094,34.0688884504448],[-118.6010611827,34.0688999993822],[-118.60102921615,34.068930172462],[-118.600997680792,34.0689578898955],[-118.600986410529,34.0689841190564],[-118.60096802471,34.0690129950851],[-118.600942238569,34.0690354671099],[-118.600924981933,34.0690594891539],[-118.600909433892,34.0690843029464],[-118.600891281635,34.0691227432515],[-118.600875610525,34.0691482579963],[-118.600852586704,34.0691842493405],[-118.600830424368,34.0692054875527],[-118.600807749093,34.0692264095044],[-118.600789768415,34.0692515826625],[-118.600749558026,34.0692789279263],[-118.600721534182,34.0693040192146],[-118.600696649951,34.0693303636083],[-118.600665828753,34.0693547353091],[-118.600638256762,34.0693838374264],[-118.600611040504,34.0694142358047],[-118.600588692216,34.0694388389052],[-118.600566383455,34.0694722606537],[-118.600569898562,34.0695026061673],[-118.600568253747,34.0695405320909],[-118.60056105914,34.0695773447842],[-118.600556663683,34.0696156509229],[-118.600546901691,34.0696532478923],[-118.600531926775,34.0696846886939],[-118.600509127533,34.0697118232304],[-118.600486941841,34.0697416038672],[-118.60046821017,34.0697749488515],[-118.600449499161,34.0698019821581],[-118.600424629303,34.0698339676036],[-118.600401460853,34.0698579016145],[-118.600373039954,34.0698782467092],[-118.600354756543,34.0699067823685],[-118.600343734215,34.0699390408677],[-118.600332417239,34.0699788670862],[-118.600327055195,34.0700089951344],[-118.600313180715,34.0700352291788],[-118.600300245874,34.0700690867477],[-118.600274473208,34.070100466377],[-118.600268091576,34.0701382201409],[-118.600241975754,34.0701634265136],[-118.60020928157,34.0701791140799],[-118.600185092634,34.0701981085175],[-118.600141081473,34.0702156615887],[-118.600100109313,34.0702449174432],[-118.600064303364,34.0702695805762],[-118.600032762616,34.0702965869366],[-118.600006032347,34.0703145321386],[-118.599976886507,34.0703300202528],[-118.599943326347,34.0703542354009],[-118.599922409075,34.0703758781209],[-118.599882549928,34.0703986124583],[-118.59985871403,34.0704178836591],[-118.599678890175,34.0711672068741],[-118.59968922619,34.0712076560813],[-118.599691598641,34.0712377911337],[-118.599683409599,34.0712671783431],[-118.59968992508,34.0713018360836],[-118.599699043878,34.0713356351057],[-118.599710889962,34.0713619811],[-118.599721254723,34.0713929279222],[-118.599738672159,34.0714244261188],[-118.5997295318,34.0714585272007],[-118.599712197909,34.0714884768805],[-118.599713451957,34.0715239433774],[-118.599707763825,34.0715580920423],[-118.599752906863,34.071555077656],[-118.599789004764,34.0715400325108],[-118.599823671649,34.0715201365133],[-118.599859648278,34.071519502532],[-118.599883870451,34.0715516316862],[-118.599880597889,34.0715798505356],[-118.599866090097,34.0716077233651],[-118.599835244645,34.0716221010328],[-118.599789482668,34.0716285241781],[-118.599777928536,34.0716596256773],[-118.599801118545,34.0716909727209],[-118.59981692081,34.0717171214161],[-118.599845259064,34.0717389371649],[-118.599872177081,34.0717668568208],[-118.59989918493,34.0717948970129],[-118.599919392532,34.0718204146734],[-118.59996016347,34.0718332475394],[-118.600002763377,34.0718431367175],[-118.600035365934,34.0718544776464],[-118.600084959226,34.0718622706741],[-118.600124726745,34.0718675493655],[-118.600169026265,34.0718802609349],[-118.600205878751,34.0718897215024],[-118.600253376274,34.0718935171884],[-118.60029053239,34.0719064132923],[-118.600311969786,34.0719131987956],[-118.600356378002,34.0719486018658],[-118.600481539373,34.0720483848983],[-118.60046067061,34.0720544114033],[-118.600419184614,34.0720520332443],[-118.600384743206,34.0720485582747],[-118.600349944268,34.072036411506],[-118.600314835412,34.0720270342948],[-118.600287267913,34.0720481996161],[-118.600256776397,34.0720648608665],[-118.600212920645,34.0720735594502],[-118.600173829557,34.0720696186719],[-118.600129521054,34.0720681289743],[-118.600096599595,34.0720643504107],[-118.600053865839,34.0720676081011],[-118.600008382339,34.0720782257302],[-118.59999223602,34.0721087972622],[-118.599941919585,34.0720952002426],[-118.599967090379,34.0721175873662],[-118.599994321909,34.0721390852795],[-118.600032436528,34.0721616435353],[-118.600021929832,34.0723772027101],[-118.600070667928,34.0723824129119],[-118.600104518244,34.0723950410648],[-118.600140796707,34.0724052114478],[-118.600174179002,34.0724240699599],[-118.600171262172,34.0724605190229],[-118.600157444286,34.0724991914438],[-118.600125935877,34.0725272633898],[-118.60014471965,34.0725591666993],[-118.60013600689,34.0725867333814],[-118.60009770093,34.0725921883793],[-118.600068028678,34.072611040897],[-118.600042951308,34.0727124504937],[-118.600016034189,34.0727353069805],[-118.599985364807,34.0727250369279],[-118.59994190072,34.0727336201085],[-118.599902744954,34.0727358040385],[-118.599874296207,34.0727209309899],[-118.599836640627,34.0727141626656],[-118.599805982024,34.07270237316],[-118.599764977525,34.0727020435241],[-118.599730585524,34.0726971175878],[-118.599701633721,34.0727154142401],[-118.59968834674,34.072742683976],[-118.599689851418,34.072771389069],[-118.599658373552,34.0727891812067],[-118.599623885431,34.0728017043811],[-118.599639525101,34.0728328270285],[-118.599669906124,34.0728562988516],[-118.59970443377,34.07285809808],[-118.599725567535,34.0728842672497],[-118.599758881557,34.0728759541918],[-118.599720708548,34.0729005071765],[-118.599681987566,34.0729075262468],[-118.599646385534,34.0728933705383],[-118.599600221112,34.0729011418916],[-118.599562304122,34.0729245474712],[-118.599553843789,34.0729546104795],[-118.599521458624,34.0729667816716],[-118.599545202894,34.0729868306133],[-118.59958056777,34.0730109854742],[-118.599602625902,34.072988245885],[-118.599635872551,34.072985796319],[-118.599649897049,34.073011701295],[-118.599680176562,34.0730315478318],[-118.599714172406,34.0730377521059],[-118.599700252112,34.0730675360381],[-118.599673922491,34.0730842387574],[-118.599640980371,34.0731033493667],[-118.599632694311,34.0731334569573],[-118.59959982765,34.073151719287],[-118.599597206366,34.0731809607339],[-118.599595842723,34.0732147984433],[-118.599616816589,34.0732396608731],[-118.599649110125,34.0732499055641],[-118.59966086458,34.0732785970917],[-118.599696752276,34.0732681395932],[-118.599731125412,34.0732722618746],[-118.599743047852,34.0732992568606],[-118.599726417341,34.0733306844036],[-118.599737357923,34.0733574680484],[-118.599770994441,34.0733534923575],[-118.599807548686,34.0733615560973],[-118.599828607891,34.0733903666419],[-118.599826693582,34.073418386206],[-118.59980099368,34.0734858307531],[-118.599776597233,34.0735127326595],[-118.599740980829,34.0735215761924],[-118.599708495951,34.0735149634472],[-118.599677762789,34.0735273882942],[-118.599646080107,34.0735043765059],[-118.599637618876,34.073469660139],[-118.599617369951,34.0734998955833],[-118.599609671389,34.0735286063726],[-118.599590751971,34.0735525713357],[-118.599604078478,34.0735934398155],[-118.599590586681,34.0736320060583],[-118.599586154393,34.0736698326575],[-118.599588326519,34.0736984660037],[-118.599586845197,34.0737304164939],[-118.599591151721,34.0737679855941],[-118.599586037612,34.073797182927],[-118.599599634512,34.0738235757775],[-118.599611989042,34.073849595087],[-118.599575309931,34.0738565292525],[-118.599531607791,34.0738617482924],[-118.59950117736,34.0738996276192],[-118.599501906792,34.0739360299139],[-118.599521071451,34.0739698494636],[-118.599533603847,34.0740090323837],[-118.599525861268,34.0740416606204],[-118.599507791656,34.0740670778964],[-118.599472458221,34.0740892784771],[-118.599454179301,34.0741140349899],[-118.599407713943,34.0741771789092],[-118.599378755852,34.0741998742782],[-118.59935204265,34.0742258942162],[-118.599325986117,34.0742529313111],[-118.5993197033,34.0742822817584],[-118.599294860391,34.0743024486983],[-118.599261295738,34.0743106834873],[-118.599225077463,34.0743193781199],[-118.599201697011,34.0743423599234],[-118.599201958421,34.0743732334806],[-118.599171078833,34.0743838203134],[-118.599094679813,34.0744480228629],[-118.599084916024,34.0744772794881],[-118.599074198224,34.0745115512243],[-118.599061959577,34.0745452589317],[-118.599042582018,34.0745786764336],[-118.599021980953,34.0746026969058],[-118.598996504732,34.074634420854],[-118.598969966702,34.0746594190341],[-118.598955206483,34.07468404591],[-118.598972916769,34.0747072627443],[-118.599004832115,34.0747291744537],[-118.598991627778,34.0747589897866],[-118.59896642195,34.074779589668],[-118.598930233319,34.0747906415005],[-118.598919903591,34.0748204746697],[-118.598883422109,34.0748399770177],[-118.598850401836,34.0748334864046],[-118.598814028152,34.0748335392344],[-118.598800600135,34.0748634453084],[-118.598776669914,34.0748844477117],[-118.598764038703,34.0749100306646],[-118.598738722381,34.0749281705822],[-118.598703214673,34.0749356932263],[-118.598693789549,34.0749584523829],[-118.598691486269,34.0749640158637],[-118.598660438696,34.0749864632435],[-118.598624780969,34.0749945960271],[-118.59866469671,34.0750297492873],[-118.598653282716,34.0750914631499],[-118.598610382772,34.0751034115557],[-118.598570582913,34.0750896617368],[-118.598532308394,34.0750737622734],[-118.59853640022,34.0750407237029],[-118.598499486648,34.0750321675429],[-118.5984673593,34.0750398233679],[-118.598434764829,34.0750288139804],[-118.598421310761,34.0749979042022],[-118.598380743741,34.0749886969688],[-118.598351494595,34.0750023084055],[-118.59834259768,34.0750291622092],[-118.598306079368,34.0750344124282],[-118.598291408981,34.0750309465098],[-118.598271053156,34.0750261382734],[-118.598236490476,34.0750204795547],[-118.598201805624,34.0750331653524],[-118.598182417286,34.0750053182046],[-118.598150588178,34.0749975418358],[-118.598137594048,34.0750240020234],[-118.598097274963,34.0750287834732],[-118.598062698808,34.075029093754],[-118.598035591246,34.0750454947346],[-118.598010952254,34.0750664130119],[-118.597985368235,34.0750875351614],[-118.597952992952,34.0750958018694],[-118.597938760943,34.0750858914927],[-118.597940952832,34.0750706386327],[-118.597931494471,34.0750808310168],[-118.597921505205,34.0750738753733],[-118.597927973973,34.0750846250716],[-118.597920496396,34.0750926804617],[-118.597912479831,34.0751216645318],[-118.597888867614,34.075148674554],[-118.597855859019,34.0751747299163],[-118.597809999125,34.0751879834219],[-118.597794271421,34.0752234416733],[-118.597778788059,34.07524875368],[-118.59775608314,34.0752702321967],[-118.597733711496,34.0752920857225],[-118.597725161331,34.0753201135864],[-118.597707507639,34.0753451636495],[-118.597687362919,34.0753766507036],[-118.59766334107,34.0753959468146],[-118.597634788119,34.075421281836],[-118.597644180005,34.075448195777],[-118.597644723486,34.075476856797],[-118.597655101722,34.0755066316867],[-118.597658765052,34.0755399223167],[-118.597662141819,34.0755545850414],[-118.597666515716,34.075573580506],[-118.597649561812,34.0755998738412],[-118.597644751334,34.0756329709754],[-118.597619585031,34.0756540319696],[-118.597587979604,34.0756685793433],[-118.597553666655,34.0756653865257],[-118.597516630913,34.0756672184337],[-118.597512946023,34.0756674014757],[-118.597510218738,34.075672182145],[-118.597498642149,34.0756924797107],[-118.59748738536,34.0756898561098],[-118.597466391732,34.0756849630864],[-118.597428231299,34.075683499495],[-118.597392460384,34.0756939529749],[-118.597370261217,34.0757165013552],[-118.597335513483,34.0757333374852],[-118.597300686698,34.0757438601577],[-118.597270060435,34.075732093396],[-118.597283903474,34.0757537429268],[-118.597254014728,34.0757577824953],[-118.597246570389,34.0757443854729],[-118.597222833306,34.0757582936729],[-118.597187199833,34.0757416286846],[-118.597198730608,34.0757305970662],[-118.597164528152,34.0757139774608],[-118.597125672423,34.0757076781414],[-118.597099428142,34.0756895391348],[-118.597091839174,34.0756569189735],[-118.597075496124,34.0756321338928],[-118.597086519351,34.0756012228467],[-118.597086760998,34.0755724949022],[-118.597078164121,34.0755452908118],[-118.597064288743,34.0755198457044],[-118.597055627187,34.0754901548997],[-118.597055995496,34.0754568850843],[-118.597070961429,34.0754313402444],[-118.597064071351,34.0754034731375],[-118.597083519877,34.0753746729505],[-118.597043472981,34.075365711303],[-118.59706054187,34.0753397118051],[-118.597063135306,34.0753118126728],[-118.59706645009,34.0752839380858],[-118.597089146924,34.0752513810149],[-118.597115447798,34.0752239387167],[-118.59707090753,34.0752233672656],[-118.597023233938,34.0752394393267],[-118.596979337762,34.0752570382301],[-118.596958149199,34.0752376714001],[-118.596944308855,34.0752444611011],[-118.596941798962,34.0752754719837],[-118.596936210543,34.0753104986342],[-118.596934475896,34.0753440877157],[-118.5969013613,34.0753544125124],[-118.59688294943,34.0753829604646],[-118.596858470338,34.0754034865308],[-118.596832208091,34.0754329861386],[-118.596803265271,34.0754537994056],[-118.596802840368,34.0754830757735],[-118.596810488624,34.0755225385095],[-118.596806120117,34.0755755359322],[-118.59677270728,34.075593147415],[-118.596737537338,34.0755985040015],[-118.596719146129,34.0756222034889],[-118.596728672763,34.0756554806801],[-118.596720538518,34.0756981049013],[-118.596720488212,34.0757407045466],[-118.596713941291,34.0757665059982],[-118.596710785509,34.0757789461404],[-118.596681090799,34.0757928082023],[-118.596638143244,34.0757953328385],[-118.596600578393,34.0758038837129],[-118.596569939554,34.0758119427549],[-118.596568892118,34.0758122188056],[-118.596535033717,34.0758099211119],[-118.596521673972,34.0758369956488],[-118.596488430018,34.0758636817719],[-118.596440959445,34.0758683798383],[-118.596408252684,34.0758537558595],[-118.596375581856,34.0758344501799],[-118.596351428853,34.075812503041],[-118.596321821279,34.0757945723969],[-118.596288474918,34.0757928900503],[-118.596249941683,34.0758107261976],[-118.59620864613,34.0758203128183],[-118.596239153815,34.0758501411605],[-118.596228899546,34.0758838661929],[-118.596223047022,34.0759153307246],[-118.596231998734,34.0759504709534],[-118.596232455976,34.0759522656517],[-118.596256444588,34.0759827360801],[-118.596295399132,34.075968702913],[-118.596279584291,34.0759955184628],[-118.596285950652,34.0760271280467],[-118.596244205042,34.0760266005011],[-118.596195611575,34.0760197148779],[-118.596168937001,34.07599256376],[-118.59615047752,34.0759701047417],[-118.596149499255,34.075968913485],[-118.596114007716,34.0759458138155],[-118.596083576388,34.0759585039391],[-118.596049857225,34.0759403181097],[-118.596001546728,34.0759089034401],[-118.595972112529,34.075895428314],[-118.595939880977,34.0758800677095],[-118.595894697514,34.0758712876689],[-118.5958604726,34.0758849904845],[-118.595838177313,34.0759058088489],[-118.595798677492,34.0759196768426],[-118.595765872814,34.0759325976321],[-118.595740603206,34.075950287168],[-118.595714004988,34.0759687520217],[-118.595679507885,34.0759994709636],[-118.595642011306,34.0760180704832],[-118.595629019871,34.0759902735119],[-118.59563443761,34.0759620658046],[-118.595598636153,34.0759565150386],[-118.595566673197,34.0759734538025],[-118.595588206713,34.0760044391198],[-118.595551852791,34.0759950935987],[-118.595537985498,34.0759653687334],[-118.595518210884,34.0759396023137],[-118.595520337196,34.0759041510587],[-118.595487961913,34.0759120538364],[-118.595460270446,34.0759294680704],[-118.595444647845,34.0759609363056],[-118.595419154556,34.0759832465123],[-118.595420478673,34.0760235007058],[-118.595393442077,34.0760482097769],[-118.595374149858,34.0760737261562],[-118.595343525392,34.07609507946],[-118.595316752003,34.0761113961545],[-118.595305927304,34.0761447460722],[-118.595287348347,34.0761748667191],[-118.595279016473,34.0762034300203],[-118.595244031584,34.0762036822594],[-118.595213131335,34.0761876617221],[-118.595174839748,34.0761841988272],[-118.595139185614,34.0761774843525],[-118.595105165516,34.0761822590405],[-118.595072241363,34.0761899140174],[-118.595030281056,34.0761885538602],[-118.595027012985,34.0762169519735],[-118.595005890898,34.0762495704309],[-118.594991341783,34.0762772259442],[-118.59499848339,34.0763069462358],[-118.595002989339,34.0763458133343],[-118.59499209008,34.0763805739105],[-118.594991521446,34.0764157690072],[-118.594954566552,34.0764323021631],[-118.594922256846,34.0764538332084],[-118.594884479994,34.0764822066787],[-118.59484758888,34.0764894375109],[-118.594812049731,34.0764800079639],[-118.594771499779,34.0764759885196],[-118.594735589625,34.0764784454254],[-118.594691830891,34.0764844969135],[-118.594657798217,34.0764933222786],[-118.594622146778,34.0765141449579],[-118.594580673358,34.0765245953591],[-118.594547654881,34.0765353738919],[-118.594517836204,34.0765502849621],[-118.594503029273,34.0765816168027],[-118.594473111781,34.0766018687625],[-118.594433856301,34.0766113533568],[-118.594416099303,34.0766353762288],[-118.59442845563,34.076661374585],[-118.594443698243,34.0766874436192],[-118.594405133568,34.0766987161897],[-118.594388247037,34.0766744976467],[-118.594411557421,34.0766481287505],[-118.59437942648,34.0766316172146],[-118.594346060355,34.0766284363383],[-118.594313732683,34.0766145788776],[-118.594276614295,34.0766040987249],[-118.594244495032,34.0766131123259],[-118.594211680473,34.0766236720924],[-118.59420529435,34.0766559726777],[-118.5941780736,34.0766727223094],[-118.594146346901,34.0766944460062],[-118.59411065953,34.0767105029068],[-118.594093122619,34.0767344446479],[-118.594091258615,34.0767622376546],[-118.594056868411,34.076769421587],[-118.594052905942,34.076797400598],[-118.594060435621,34.0768274027068],[-118.594061076119,34.0768575603141],[-118.594035195656,34.0768791768185],[-118.594053835698,34.0769095948291],[-118.594032857341,34.0769315766546],[-118.594003450991,34.0769519699025],[-118.593974084166,34.0769699189031],[-118.593986436899,34.077006170322],[-118.594003257853,34.0770378174758],[-118.593985294242,34.0770666788543],[-118.593993834525,34.077097114655],[-118.593977128556,34.0771262758696],[-118.593968464305,34.0771584765591],[-118.593978425723,34.0771955433867],[-118.594002461047,34.077227469492],[-118.59401765605,34.0772575540391],[-118.594054200414,34.0772646545948],[-118.594063894134,34.0772910969608],[-118.594071194743,34.0773190244595],[-118.594086529883,34.0773453113004],[-118.59411381082,34.0773686122279],[-118.594140334477,34.0773852151393],[-118.594172338756,34.0773957085884],[-118.594205095822,34.0774035636071],[-118.594211278927,34.0774315446409],[-118.594185754196,34.0774546796199],[-118.594150025502,34.0774520575617],[-118.594125661395,34.077474034782],[-118.59411049424,34.0775006489599],[-118.59408542765,34.0775249840835],[-118.594077094878,34.077551962833],[-118.59406610399,34.0775833248094],[-118.594096848831,34.0776053325021],[-118.594132370912,34.0776200149587],[-118.594149151441,34.0776506335983],[-118.594172584894,34.0776723384429],[-118.594214533523,34.077679253694],[-118.59422949676,34.0776513203617],[-118.594264674787,34.0776404876549],[-118.594299132365,34.0776292114894],[-118.594329075908,34.0776077447317],[-118.594366747658,34.0775997974689],[-118.594407400018,34.0775838069579],[-118.594439947777,34.0775732867461],[-118.594444058468,34.0775417424721],[-118.594477182946,34.0775437811872],[-118.594506159003,34.0775686192806],[-118.594538121959,34.0775549137611],[-118.594564652803,34.0775800933731],[-118.59458362612,34.0776067410002],[-118.594590448825,34.0776385977533],[-118.594603003679,34.0776721807031],[-118.594623979341,34.0777075672293],[-118.594614810237,34.0777382989336],[-118.594630377143,34.0777654561883],[-118.594648094615,34.0777909839551],[-118.594657820674,34.0778178711012],[-118.594675735776,34.0778434635849],[-118.594702701404,34.0778704243757],[-118.594742852504,34.0778826915885],[-118.594774883732,34.0779062810609],[-118.594809111341,34.0778991158263],[-118.5948442723,34.0779132744185],[-118.594866638554,34.0779458877584],[-118.594901967497,34.0779662599286],[-118.594867252103,34.0779647718228],[-118.594863304906,34.0779973070173],[-118.594882488429,34.0780272997724],[-118.594881401467,34.0780554762858],[-118.594838261672,34.0780529874315],[-118.59480236679,34.0780882398693],[-118.594763962913,34.0781186596778],[-118.594714342672,34.0781581025847],[-118.594678395688,34.0781935759619],[-118.594627686688,34.0782561446653],[-118.594624296446,34.0782587302402],[-118.594873939162,34.0785816556424],[-118.59485564587,34.0787254062358],[-118.594838443132,34.078781211915],[-118.594743486715,34.079089232145],[-118.594779457055,34.0791583730576],[-118.594689999226,34.0792340004699],[-118.594782000186,34.0800069997622],[-118.594946000218,34.0804460000768],[-118.5949899997,34.080458999787],[-118.595441999612,34.0807440003732],[-118.59547900032,34.0807500002186],[-118.596189965663,34.0810585504746],[-118.596191000523,34.0810589998661],[-118.596191879973,34.0810603666413],[-118.596487000799,34.0815189999496],[-118.596492534421,34.0815618793953],[-118.596788018166,34.0818551847273],[-118.597102039544,34.0827678459849],[-118.597640036975,34.0832288635151],[-118.59833100043,34.0836600596503],[-118.599205524732,34.084484497846],[-118.599712145806,34.085283274548],[-118.59991753841,34.0858775690604],[-118.600049550332,34.0863124507739],[-118.600419112749,34.0869615957358],[-118.600390963141,34.0870122566194],[-118.600426999957,34.0870530003128],[-118.600407813739,34.087210916627],[-118.600314050285,34.0872126530568],[-118.600278537186,34.0873812941476],[-118.600361739148,34.0874171877241],[-118.600552853928,34.0874996351656],[-118.600492647041,34.0875557348822],[-118.600401577634,34.0876532698563],[-118.600416368395,34.0876806806002],[-118.600435562698,34.0877491880781],[-118.600343369499,34.087815207677],[-118.600352600587,34.0878535844281],[-118.600316005917,34.0878532972573],[-118.600287161013,34.0878702544727],[-118.600296681359,34.087901221302],[-118.600275331099,34.0879310744039],[-118.600245109976,34.0879640707475],[-118.600234304142,34.0879910007895],[-118.600244125423,34.0879638520218],[-118.600232938703,34.087992615937],[-118.600172272776,34.0880413865344],[-118.600171465191,34.0880420360153],[-118.600159462801,34.0880516844883],[-118.600121537726,34.088046380023],[-118.60009296591,34.08806283428],[-118.600076547401,34.0880379397475],[-118.600061417077,34.0880652990333],[-118.600025002969,34.0881586739216],[-118.600014443273,34.0881857519504],[-118.600011503985,34.0882169515246],[-118.599973043514,34.0882392019615],[-118.599979922813,34.0882663387376],[-118.599938234696,34.0882606035314],[-118.599898714213,34.0882247408149],[-118.599932599564,34.0882426107981],[-118.599914137388,34.088218723644],[-118.599884176777,34.0882058568065],[-118.599869579153,34.0881870568617],[-118.599754428609,34.0882055882359],[-118.599697312825,34.0882326320274],[-118.599666598527,34.0882541474252],[-118.599641549005,34.0882778270038],[-118.599602104879,34.088274251521],[-118.599570021549,34.0882809174231],[-118.599532789075,34.0882835941992],[-118.599497809576,34.08828003062],[-118.599462555193,34.0882815795494],[-118.599447821924,34.0883091567375],[-118.59943134233,34.0883397997828],[-118.599411814752,34.0883112264397],[-118.599428024852,34.0883399098891],[-118.59940903267,34.0883167637485],[-118.599375384474,34.088334134514],[-118.599376065397,34.088304444482],[-118.59934251422,34.088315288472],[-118.599348652408,34.0882880907068],[-118.59931795967,34.0883064650829],[-118.599284248592,34.0883010594546],[-118.599278620647,34.0882821620719],[-118.599275017504,34.0882700615252],[-118.59925787675,34.0882435444712],[-118.599244394835,34.0882179603382],[-118.599211981823,34.0882067450982],[-118.599179016347,34.088197291561],[-118.599145343896,34.0882043540014],[-118.599137187194,34.088239370097],[-118.5991439021,34.0882668557914],[-118.599106118061,34.0882718946484],[-118.599068331327,34.0882810416648],[-118.599036579475,34.0882651759243],[-118.599028515299,34.0882378129832],[-118.598993022862,34.088241280593],[-118.59899013927,34.0882390799516],[-118.598985012585,34.0882113137742],[-118.59895163029,34.0882020819386],[-118.598929572159,34.0881790019731],[-118.598903770747,34.0881615180934],[-118.598910264668,34.0881289689488],[-118.598896887855,34.0881033855252],[-118.59887277348,34.0880801262374],[-118.59888331521,34.0880468189619],[-118.598880453177,34.0880135034898],[-118.598853997792,34.087994961658],[-118.59881858261,34.0879640201578],[-118.598793349832,34.0879334022713],[-118.598787231407,34.0879046375919],[-118.598744416802,34.0878656909861],[-118.598707028022,34.0878637603946],[-118.598672877668,34.0878525458516],[-118.598644377717,34.0878515370337],[-118.598633675189,34.087851156867],[-118.598591429218,34.0878621474764],[-118.598560638563,34.0878851977697],[-118.598529640397,34.0878690343688],[-118.598497460947,34.0878778005182],[-118.598464729932,34.0878736558846],[-118.598445000233,34.0878754614896],[-118.598424625544,34.087877325868],[-118.598387581717,34.0878656731309],[-118.598351495493,34.0878580973258],[-118.598303708714,34.0878603835332],[-118.598272289238,34.0878502261655],[-118.598224355135,34.0878427016927],[-118.598185624271,34.0878483290521],[-118.598149763525,34.0878634122185],[-118.598113732997,34.0878712491551],[-118.598087331511,34.0878521984195],[-118.598054846634,34.0878447907495],[-118.598030360356,34.0878180273094],[-118.598002208053,34.0878418892817],[-118.597981712092,34.0878183256399],[-118.597946395724,34.0878210984023],[-118.597918781513,34.0877970452248],[-118.597922197806,34.0877540878441],[-118.597914771433,34.0877232593389],[-118.597857449037,34.0877276829674],[-118.5977499189,34.0877359811762],[-118.597780481383,34.0877139865318],[-118.597746980511,34.0876976653771],[-118.597709502797,34.0877158791844],[-118.597692736641,34.087744283848],[-118.597667337675,34.087746873597],[-118.597661166249,34.0877263453146],[-118.597662203803,34.0877473973497],[-118.597659541196,34.0877476681536],[-118.597662224464,34.0877478132272],[-118.597662726622,34.0877580078055],[-118.597658719238,34.0877870433385],[-118.597656764504,34.087819671475],[-118.597668868404,34.0878347122404],[-118.597679357133,34.0878569672415],[-118.597685144979,34.0878878790221],[-118.597660130491,34.0879088201662],[-118.597670782714,34.087872211103],[-118.597639639021,34.0878615619752],[-118.59762234735,34.0878913131677],[-118.597569165289,34.0878997705691],[-118.597563632565,34.0879328770318],[-118.597589302823,34.0879504457708],[-118.59762784504,34.0879513667996],[-118.597600847072,34.0879778623702],[-118.597601910678,34.087978671804],[-118.59761073393,34.0880070964664],[-118.597587048051,34.0880365901961],[-118.597587023797,34.0880558826786],[-118.597353444755,34.0879470384102],[-118.597307629777,34.087931071428],[-118.597272821856,34.0879311822788],[-118.597239359612,34.0879248213751],[-118.597251614429,34.0878971607378],[-118.597221655614,34.0878681044114],[-118.597210892899,34.0878949876141],[-118.597203113489,34.087866411889],[-118.597176084978,34.0878401149225],[-118.597153842692,34.0878160111607],[-118.597114201835,34.0878051938895],[-118.597111126004,34.0878343662961],[-118.597074799032,34.0878348327629],[-118.597047810946,34.0878073558559],[-118.597020523721,34.0877868588348],[-118.596988999142,34.0877785353362],[-118.597023519602,34.0877587800431],[-118.597031272063,34.0877584549295],[-118.597037625847,34.0877548236273],[-118.597009670275,34.0877349887242],[-118.596981848553,34.0877067216915],[-118.596938832725,34.0877156961685],[-118.596976471237,34.0877055544068],[-118.596986641065,34.0876699124136],[-118.596962258093,34.0876494146153],[-118.596935901523,34.0876220477554],[-118.596921220356,34.0875933328161],[-118.59687753708,34.0875993983893],[-118.596852141707,34.0876272845462],[-118.596853718251,34.0875942910472],[-118.59684355561,34.0875671763748],[-118.596841793115,34.0875393549234],[-118.596814892166,34.087519922457],[-118.596849329082,34.087521216219],[-118.596823392025,34.0874820760047],[-118.596844434162,34.0875065548221],[-118.596828330064,34.0874807093332],[-118.596813101823,34.0874555386167],[-118.596830595615,34.0874283911652],[-118.596829384686,34.0874159981164],[-118.596839768312,34.0874045320522],[-118.596823498924,34.0873764977719],[-118.596809170796,34.087403300038],[-118.596812177457,34.0873705884164],[-118.596775326767,34.0873649037395],[-118.596753171617,34.0873413570763],[-118.59674988019,34.0873127246226],[-118.596773222015,34.0872897597301],[-118.596706027133,34.0873127171828],[-118.596604000076,34.0873712066557],[-118.596523873048,34.087417141598],[-118.596484478329,34.0874200877185],[-118.596447745319,34.087417044138],[-118.596465400808,34.0874505160784],[-118.59642927416,34.0874539561936],[-118.596397269882,34.0874356798365],[-118.596354249563,34.0874247963034],[-118.596330460377,34.0874485862215],[-118.596297167016,34.0874431061414],[-118.596284162106,34.0874701739835],[-118.596260978385,34.0874980899418],[-118.596258534967,34.0875258972713],[-118.596231015079,34.0875473555632],[-118.596197834007,34.0875601741428],[-118.596182767463,34.0875903093289],[-118.59617032939,34.0876167097845],[-118.596138271212,34.0876039261799],[-118.596095389234,34.0876002160104],[-118.596061493103,34.0876030215146],[-118.596032834151,34.0875878825042],[-118.595994188627,34.0875861743529],[-118.595953508419,34.0875843002966],[-118.595911133989,34.0875905511186],[-118.595901610949,34.087587674937],[-118.595894606785,34.087566817038],[-118.595902088853,34.087537815652],[-118.595877421115,34.087518795344],[-118.59585193052,34.0875007793901],[-118.595830653025,34.0874793203425],[-118.595801326624,34.0874518790307],[-118.595777602117,34.0874176519613],[-118.595739323106,34.0874070169118],[-118.595700126017,34.0874215458993],[-118.595673137033,34.0874384607951],[-118.595640738394,34.087453042599],[-118.595610340303,34.0874649818211],[-118.59557118274,34.0874805159012],[-118.59553049265,34.0874878090317],[-118.595498064367,34.0874933992162],[-118.595385642006,34.0874865852024],[-118.59538768747,34.0874561769425],[-118.59541448691,34.0870576880868],[-118.595743488594,34.0869838569181],[-118.595743999736,34.0869770004567],[-118.595740000436,34.0867300000815],[-118.595945999402,34.086486000193],[-118.596187999251,34.0863809995337],[-118.596364000775,34.0862379999639],[-118.596367275134,34.0861840308789],[-118.596400009743,34.0861746544899],[-118.596416828002,34.0861482290333],[-118.596422939241,34.0861210900904],[-118.596422295149,34.0860921231763],[-118.596409215678,34.0860633995343],[-118.596370202744,34.086054880199],[-118.596350216127,34.0860258909428],[-118.596316753883,34.0860264288418],[-118.596283975256,34.0860213764595],[-118.596286648643,34.0859865632977],[-118.596308457043,34.0859644729691],[-118.596341547385,34.0859476009299],[-118.596374423029,34.0859397675351],[-118.596351145883,34.0859141328591],[-118.59630919456,34.085900309653],[-118.59629050511,34.0858757611808],[-118.5963259158,34.0858748356655],[-118.596418457546,34.085849329679],[-118.596398037941,34.0858346984959],[-118.596392556421,34.0857799144911],[-118.596400677191,34.085751729388],[-118.59637335583,34.0857348818579],[-118.596355591646,34.0857102418276],[-118.596320318398,34.0857181317865],[-118.596281424041,34.0857118317232],[-118.596275832927,34.0857119143055],[-118.596281424041,34.0856633231547],[-118.596281424041,34.0856350881658],[-118.596236371733,34.0856134433929],[-118.596210351132,34.0855700139611],[-118.596177910272,34.0855499441905],[-118.596157019052,34.0855225818599],[-118.596115796262,34.085532290139],[-118.596085830261,34.0855438814464],[-118.596065503183,34.0855183165852],[-118.596023997423,34.0855336129468],[-118.595987089241,34.0855496503159],[-118.595948390717,34.0855283923942],[-118.595910265318,34.0855111408349],[-118.59571252187,34.0856183946175],[-118.595674954325,34.0856304613198],[-118.595635967441,34.0856272897094],[-118.595593234583,34.0856182554922],[-118.595563628806,34.0856269474761],[-118.595547681913,34.0856201972947],[-118.595510879733,34.0856251299193],[-118.595493111955,34.0856531067487],[-118.595457964471,34.0856749203961],[-118.595424604635,34.0856657701222],[-118.59539755187,34.0856438694262],[-118.595400137221,34.0856080398247],[-118.595364963686,34.0856160599905],[-118.595349360848,34.0855710056945],[-118.595323274671,34.0856047960467],[-118.595288433512,34.0855957945625],[-118.595270461817,34.0855709208801],[-118.595287782234,34.0855460352867],[-118.595263300447,34.0855192428484],[-118.595223720676,34.0855095985507],[-118.595190980677,34.0855011825738],[-118.595153214604,34.0855020255107],[-118.595119441543,34.0855016587253],[-118.595105523046,34.085475829736],[-118.595119533171,34.0854439290598],[-118.595142088969,34.0854234961935],[-118.59516353445,34.0854010344681],[-118.595176203391,34.0853754933715],[-118.595190545892,34.0853450493861],[-118.595206398462,34.0853148323062],[-118.595243466544,34.0853024077004],[-118.595276157136,34.0852939396237],[-118.595301000943,34.0852676887296],[-118.595327056578,34.0852435544758],[-118.595367186118,34.0852429250612],[-118.595401862885,34.0852477855408],[-118.59544741286,34.0852592139536],[-118.595455064709,34.0852303464391],[-118.595367312781,34.0851961281436],[-118.59539165982,34.08517693396],[-118.595427951757,34.0851701361274],[-118.595392276963,34.0851744914424],[-118.595406742534,34.0851333331867],[-118.595395755239,34.0851176744296],[-118.595398631645,34.0850662944615],[-118.595401802698,34.0850348712731],[-118.595443828582,34.0850316341691],[-118.595441438165,34.0850039316671],[-118.595466953912,34.0849789432362],[-118.595464344306,34.0849501448174],[-118.595472957353,34.0849232212481],[-118.595485805058,34.0848963437977],[-118.595478062479,34.0848541073619],[-118.595464947076,34.0848178399585],[-118.595460996285,34.0847892922106],[-118.595456961951,34.0847583926906],[-118.595447791949,34.0847315241158],[-118.595430776959,34.0846945930174],[-118.595434861599,34.0846811780648],[-118.595395521677,34.0842995537276],[-118.595423894067,34.0842784859553],[-118.595391124424,34.0842848188611],[-118.59534909315,34.0842741402663],[-118.595314394824,34.0842808295472],[-118.595282382461,34.0843038384076],[-118.595261030405,34.0842804679644],[-118.595289598627,34.0842422175614],[-118.595268799035,34.0841988149542],[-118.595274316488,34.0841714782269],[-118.595235456267,34.0841642153146],[-118.595224329734,34.084130113396],[-118.595213082826,34.0841566116504],[-118.595173026948,34.0841620755752],[-118.595185014067,34.0841361137455],[-118.595159536947,34.0841095634048],[-118.595119988617,34.0841067920089],[-118.595070130322,34.0841163032906],[-118.595033292209,34.0841088781818],[-118.595006916774,34.0841275473444],[-118.594969296228,34.0841211906189],[-118.594934619461,34.0841250356046],[-118.594903478464,34.084134721724],[-118.594873484615,34.0841040131728],[-118.594845476042,34.0840871355549],[-118.594841474946,34.0840510434068],[-118.594844337877,34.0840164407309],[-118.59484202741,34.0839863890888],[-118.5948174513,34.0839659700067],[-118.59478520807,34.0839447325194],[-118.594745985828,34.0839293800707],[-118.594747256046,34.0838992830137],[-118.594724630179,34.0838601188051],[-118.594701820157,34.0838280999679],[-118.594709966978,34.0838003814481],[-118.594701234456,34.0837699763285],[-118.594688217867,34.0837272140652],[-118.594664951501,34.0837067272164],[-118.594646111135,34.0836630341737],[-118.594645085259,34.0836328968458],[-118.594650135587,34.0836052690305],[-118.594653881562,34.0835751651623],[-118.5946377047,34.0835396858552],[-118.594667162255,34.0835185806937],[-118.594708975238,34.0835192324413],[-118.594714321113,34.0834918783825],[-118.594733851385,34.083466183445],[-118.594733724723,34.0834371903265],[-118.594752058439,34.0834076875545],[-118.594712880215,34.0833973756436],[-118.594672608741,34.0833992497926],[-118.594633702706,34.0833920031822],[-118.594604855107,34.0834098228491],[-118.594568124792,34.0834269915079],[-118.594533007851,34.083441623107],[-118.594488252885,34.0834556260197],[-118.594458267121,34.0834719658482],[-118.594430735554,34.0834972367014],[-118.594399748168,34.0835088959918],[-118.594356523033,34.0835126048525],[-118.5943196957,34.0835167206834],[-118.594279706297,34.0835364762223],[-118.594275440197,34.083567739262],[-118.594231610496,34.0835670354346],[-118.594196567217,34.0835688686596],[-118.59415759291,34.0835655712353],[-118.594112645705,34.0835772550684],[-118.594079640703,34.0835511903869],[-118.594044788765,34.0835400794333],[-118.594005261096,34.0835176038163],[-118.594032839375,34.0834990781121],[-118.594054699878,34.083474749169],[-118.594067711076,34.0834345543174],[-118.594065638663,34.0834012459585],[-118.594039519248,34.0833832603766],[-118.594058318292,34.0833566569754],[-118.594085916334,34.0833405537184],[-118.594119832227,34.083310942288],[-118.594157073684,34.083313579045],[-118.594133862115,34.0832924232346],[-118.594110887702,34.0832683546344],[-118.594085778891,34.0832483103585],[-118.594052833178,34.0832344242206],[-118.594046650973,34.0832037696554],[-118.59402338281,34.0832235096432],[-118.593999845153,34.0831990891081],[-118.593997179852,34.0831700966422],[-118.593991394701,34.0831342451617],[-118.593978220009,34.0831002060689],[-118.593947916241,34.0830750050339],[-118.593930243685,34.0830495182923],[-118.593940129645,34.0830203583732],[-118.593949059797,34.0829932712524],[-118.593950847444,34.082961135278],[-118.593943957366,34.0829295766427],[-118.593915991913,34.0829075011407],[-118.593887694981,34.0828840990637],[-118.593844654899,34.0828832352685],[-118.593804553207,34.0828801967329],[-118.593771680257,34.0828758026115],[-118.593729519626,34.0828731844411],[-118.593694388312,34.0828763204423],[-118.593669153737,34.082903758029],[-118.593634060152,34.0829171829353],[-118.593602185231,34.0829337944311],[-118.593571790734,34.0829535136495],[-118.593531400682,34.0829564130528],[-118.593498018388,34.0829566474156],[-118.593464807671,34.0829593414723],[-118.593422143085,34.0829581406417],[-118.593411318386,34.0829873266226],[-118.593415756064,34.0830229430586],[-118.59340052423,34.0830529593302],[-118.593390105569,34.0830847359139],[-118.593366911068,34.0831091252336],[-118.593335788935,34.0831407998672],[-118.593303645418,34.0831585689945],[-118.593275718592,34.0831837990209],[-118.593233943338,34.0831973979804],[-118.593197211226,34.0832106532066],[-118.593163933137,34.0832298753642],[-118.593154879915,34.0832586624639],[-118.593151840016,34.0832951842412],[-118.593126079029,34.0833928982205],[-118.593118677809,34.0834222276444],[-118.5931154834,34.0834509596224],[-118.593095292866,34.0834752759242],[-118.593086095016,34.0834973564862],[-118.593082509839,34.0835059608952],[-118.593059299169,34.0835378057573],[-118.593038254337,34.0835685688261],[-118.593028818433,34.083606256323],[-118.593000485569,34.0836264054186],[-118.592975321961,34.0836533978486],[-118.592984058976,34.0836827048621],[-118.592965345272,34.0837157713096],[-118.592927678912,34.0837380065613],[-118.592908108215,34.0837632386471],[-118.592897550316,34.0837938416736],[-118.592886346527,34.0838209270503],[-118.592880423036,34.0838528409861],[-118.59283916611,34.0838720138938],[-118.592814339371,34.0838936494398],[-118.592791295787,34.0839179194864],[-118.592757556862,34.0839352323783],[-118.592732892717,34.0839714198078],[-118.592690921631,34.084032999931],[-118.592685352076,34.0840689760229],[-118.592656116405,34.0840826723042],[-118.592629845174,34.0841069266727],[-118.592647930956,34.0841397682669],[-118.59267030799,34.0841617355679],[-118.59269998114,34.0841802164872],[-118.592732218981,34.0841997315599],[-118.59276098663,34.0842146502087],[-118.592790806205,34.0842307852913],[-118.592815275415,34.0842534310945],[-118.59284790582,34.0842740718185],[-118.592864631552,34.0843024478768],[-118.592866332961,34.0843408983878],[-118.592860270231,34.084370744561],[-118.592855563059,34.0844013726639],[-118.592852483634,34.0844336866507],[-118.592839895542,34.0844635759429],[-118.592826668748,34.0844962514879],[-118.592808515593,34.0845255515138],[-118.592812028904,34.0845588006549],[-118.592831604092,34.0845819091351],[-118.592807220222,34.0846024761235],[-118.592792537259,34.0846281617883],[-118.592803613486,34.0846596379512],[-118.592805681408,34.0846921951255],[-118.592768257593,34.0846870042807],[-118.592745992849,34.0846558703652],[-118.592712571927,34.08463527363],[-118.592677385816,34.0846380040889],[-118.592645034788,34.0846259030214],[-118.592616155748,34.0846107560388],[-118.592572108655,34.0846204324307],[-118.592540738586,34.084637990697],[-118.592516484074,34.0846683017617],[-118.592494588537,34.0846944241308],[-118.59248704179,34.0847224183796],[-118.592454257774,34.0847471524405],[-118.592428052121,34.0847716246086],[-118.592398341241,34.0847872306061],[-118.592388687047,34.0848194365668],[-118.592376814013,34.0848513039986],[-118.59235582847,34.0848894060722],[-118.592318211518,34.0849455134701],[-118.592284374676,34.0849569858191],[-118.592252102699,34.0849796626757],[-118.592223865955,34.0849980816653],[-118.592202387236,34.0850243891864],[-118.592174333748,34.0850543578771],[-118.592151988156,34.0850782124444],[-118.59212553816,34.0850965637095],[-118.592118625624,34.0851282294158],[-118.592122520719,34.0851585001296],[-118.59211246408,34.0851957539169],[-118.592129467392,34.0852201485806],[-118.592135965804,34.0852495956658],[-118.592146434771,34.0852796691792],[-118.592162854177,34.0853107306985],[-118.592164786454,34.0853455939853],[-118.592174951789,34.0853751362574],[-118.592194164058,34.0854043578605],[-118.592202751952,34.085431328892],[-118.592221131483,34.0854552049288],[-118.592243259684,34.085485061125],[-118.5922484232,34.0855141710922],[-118.592254935986,34.0855464229035],[-118.592266459574,34.0855761548219],[-118.592248857086,34.0856024346359],[-118.592244414917,34.0856354170074],[-118.592172037655,34.0857242957],[-118.592155404449,34.0857591045058],[-118.592142229757,34.0857862539805],[-118.592118101907,34.085816340695],[-118.592097632895,34.0858442400869],[-118.592086435394,34.0858827754558],[-118.592119236479,34.0859012515357],[-118.592093719833,34.085929528843],[-118.592069904597,34.0859495085017],[-118.59206184042,34.0859777039547],[-118.592078451168,34.086012857864],[-118.592101264783,34.0860398048942],[-118.592105591968,34.086044915306],[-118.592101975351,34.0860746440735],[-118.592060922342,34.0860904655855],[-118.592027550828,34.0860984618983],[-118.591985266229,34.0860839356596],[-118.591948056213,34.0860723221068],[-118.591908884277,34.0860713631144],[-118.591875474135,34.0860679214552],[-118.591829916974,34.0860674505148],[-118.591813131054,34.0860684444743],[-118.591779324755,34.086070446529],[-118.591748042722,34.0860924311846],[-118.5917465614,34.0861273045654],[-118.591743099293,34.0861602034065],[-118.591775144894,34.0861897260508],[-118.591790829479,34.0862184808971],[-118.59182031578,34.0862311590657],[-118.591840653638,34.0862564648066],[-118.591810976894,34.0862939606482],[-118.591754911241,34.0862910397838],[-118.59172090821,34.0862954262882],[-118.591711885532,34.0863220116546],[-118.591700864101,34.0863620146768],[-118.5917049173,34.0863929143557],[-118.591717588037,34.0864244426851],[-118.59171895168,34.0864566539748],[-118.59169605003,34.0864830473442],[-118.591702965261,34.0865141552926],[-118.591733549303,34.0865354933164],[-118.591742831595,34.0865031890595],[-118.591789466735,34.0864867002763],[-118.591823237101,34.0864715320512],[-118.591870422908,34.0864720044773],[-118.591880252274,34.0865035253375],[-118.591880975418,34.0865326714094],[-118.591898839315,34.0865636483996],[-118.591933950867,34.0865720047527],[-118.591935590292,34.0865723945968],[-118.591942894494,34.0866076427442],[-118.591964685826,34.0866423864608],[-118.591967528095,34.0866784484892],[-118.591981562475,34.0867051825305],[-118.591960864392,34.0867337259126],[-118.591954358793,34.0867659370846],[-118.591969948157,34.0867950339639],[-118.591886357225,34.0869143846304],[-118.5918646683,34.086936996237],[-118.59182826048,34.0869534455019],[-118.591793609765,34.0869769550743],[-118.591759869941,34.0869888884118],[-118.591719979352,34.0869836850602],[-118.591685020515,34.0869913851871],[-118.591646820556,34.0869975140413],[-118.591608120235,34.0870017212115],[-118.591578810004,34.0870161870308],[-118.591545650492,34.0870199664154],[-118.59151138156,34.0870257530398],[-118.591474785094,34.0870396050772],[-118.591443088937,34.0870577044542],[-118.591419355448,34.0870784255876],[-118.591392301785,34.0871004285808],[-118.591360952378,34.0871257370377],[-118.591324708949,34.0871461546138],[-118.591297253739,34.0871720366595],[-118.591271487362,34.0871910793645],[-118.591234916048,34.0872204766622],[-118.591204747028,34.0872352757433],[-118.59117627762,34.0872644141237],[-118.59113826451,34.0872804325657],[-118.591098267022,34.0872795881585],[-118.591072371288,34.0872817017802],[-118.591059801162,34.0872827269723],[-118.591027661238,34.0872921865633],[-118.590995668637,34.0873050892503],[-118.590975947922,34.0873284588587],[-118.5909594297,34.0873544829469],[-118.590940404281,34.0873791961518],[-118.590915629644,34.0874031326448],[-118.590889710553,34.0874248349898],[-118.590870218908,34.0874499476857],[-118.590842905632,34.0874730166905],[-118.590829158713,34.0874992148231],[-118.590815271657,34.0875253459904],[-118.590793505477,34.0875527277609],[-118.59078789999,34.0875828302151],[-118.590762308784,34.0876095900096],[-118.590753401988,34.0876414467198],[-118.590733395609,34.0876728034717],[-118.590720688939,34.0876995974604],[-118.590709327047,34.0877293740047],[-118.590694715051,34.0877648656916],[-118.590676732575,34.0877898399089],[-118.590664072618,34.0878195502084],[-118.590662241851,34.0878520064762],[-118.590659681653,34.0878814466944],[-118.590624074232,34.087894210914],[-118.590596940619,34.0879121122136],[-118.590593733633,34.0879416260634],[-118.590609932952,34.0879725236777],[-118.590639935785,34.0879928569817],[-118.590673634286,34.0880212377454],[-118.590707614858,34.0880383452081],[-118.590740136566,34.0880558774709],[-118.590769056929,34.0880753105582],[-118.590768266411,34.0881027092621],[-118.590768088545,34.0881088707702],[-118.590731105803,34.0881118778717],[-118.590727776646,34.0881411818542],[-118.590735017068,34.0881732384904],[-118.590737913236,34.0882044700596],[-118.590736688832,34.0882372587311],[-118.590713282329,34.0882615193491],[-118.590652501419,34.0882948920088],[-118.590633736511,34.088321560071],[-118.590631229313,34.0883515536334],[-118.590601085445,34.0883390431737],[-118.590567072534,34.0883185953828],[-118.590535514718,34.0883381072698],[-118.590499752786,34.0883562949007],[-118.590470655456,34.0883753194843],[-118.590437501334,34.0883805339097],[-118.590403631254,34.0883671619469],[-118.590373225078,34.0883483657577],[-118.590345456356,34.0883145950995],[-118.590321014096,34.0883330951994],[-118.590307665131,34.0883598599646],[-118.590284000811,34.0883852141706],[-118.590271051596,34.0884181039508],[-118.590231141245,34.0884240400158],[-118.59019694867,34.0884100498282],[-118.590171372736,34.0883894287115],[-118.590154193354,34.0883658138887],[-118.590150463549,34.0883374250569],[-118.590142137963,34.0883037793799],[-118.590128263484,34.08827652135],[-118.590097960614,34.0882522369295],[-118.590063633292,34.0882358712408],[-118.590062228327,34.0882344956538],[-118.589982885528,34.0882539257244],[-118.589992063615,34.0882892936936],[-118.589967820781,34.0883183119333],[-118.58994145343,34.0883417824408],[-118.589904441044,34.0883302302025],[-118.589892879726,34.0883248744212],[-118.589869137253,34.0883138742004],[-118.589838652026,34.0883019395618],[-118.58981781201,34.0882596185251],[-118.589785030688,34.0882674085554],[-118.589747759587,34.0882763249439],[-118.589707860914,34.0882810342251],[-118.589664237825,34.088293081205],[-118.58964905989,34.0883206130075],[-118.589645122574,34.0883487511299],[-118.589649539591,34.0883773906729],[-118.589636924549,34.08840982292],[-118.589651000251,34.0884470209677],[-118.589678221001,34.0884677983021],[-118.589711728161,34.0884867425129],[-118.589751883753,34.0884899698133],[-118.589782575593,34.0885111585471],[-118.589820442277,34.0885247172212],[-118.58986227143,34.0885342942191],[-118.589905245935,34.0885558601295],[-118.589952805441,34.0885667003676],[-118.589916290721,34.0885714178161],[-118.589876532185,34.0885868021573],[-118.589848007081,34.0886236422829],[-118.589818607917,34.0886455727105],[-118.589812868581,34.0886809308447],[-118.589823314191,34.0887181912657],[-118.589804103718,34.0887465859215],[-118.589821841852,34.0887742544648],[-118.589836545477,34.0888058897814],[-118.58985845359,34.0888338313377],[-118.589844688705,34.0888679812069],[-118.589835972351,34.0889015403607],[-118.589841426922,34.0889324309292],[-118.58986083143,34.088956538093],[-118.589901477502,34.0889663412047],[-118.589943033567,34.0889707327782],[-118.589968709214,34.0890264230883],[-118.589999077661,34.0890922899244],[-118.589967912409,34.0891061393918],[-118.589955197654,34.0891317091213],[-118.58995963623,34.0891737447874],[-118.589939504985,34.0891978414671],[-118.589920413988,34.0892264658438],[-118.589899629667,34.0892568355262],[-118.589862645129,34.0892885413379],[-118.589837308146,34.0893234186098],[-118.589806932513,34.0893507685529],[-118.589795008276,34.0893585279807],[-118.58965472826,34.0894776399448],[-118.589633327695,34.0895007359232],[-118.589602829891,34.0895195288807],[-118.589569668582,34.0895361948776],[-118.589542266373,34.0895578364158],[-118.589506895208,34.0895789162656],[-118.589468273041,34.0896028253544],[-118.589447777978,34.089626636979],[-118.589430764785,34.0896502306195],[-118.589417364616,34.0896759333517],[-118.589394328218,34.0897033761745],[-118.589365247956,34.0897185936652],[-118.589327109981,34.0897423814509],[-118.58928947596,34.0897706552434],[-118.589266589582,34.0898019918641],[-118.589247958523,34.0898304330251],[-118.589227892854,34.0898537803619],[-118.589193488277,34.089873983023],[-118.589162367042,34.0898877401129],[-118.589142471155,34.0899105741098],[-118.589118211253,34.0899388039532],[-118.589081196172,34.0899572947708],[-118.589049727289,34.0899812588049],[-118.589024854735,34.090002778966],[-118.589000379237,34.090024082633],[-118.588975619871,34.0900465327166],[-118.588962912303,34.0900679182067],[-118.588960847975,34.090071392437],[-118.588909670953,34.0900934177147],[-118.58888428636,34.0901145643863],[-118.588883139211,34.090142060631],[-118.588848521733,34.0901621880848],[-118.588813940188,34.090190449834],[-118.58877136184,34.0902057208013],[-118.588739253357,34.0902260796069],[-118.588710818085,34.0902474323181],[-118.58866867003,34.0902630544171],[-118.58863109979,34.0902631169084],[-118.588587684212,34.0902642291059],[-118.588543270606,34.0902656768225],[-118.588501648066,34.0902687314599],[-118.588470634629,34.0902574339137],[-118.588425276894,34.0902588503847],[-118.588392340164,34.0902439491677],[-118.588355984446,34.0902470038058],[-118.588319408641,34.090243525119],[-118.588285247507,34.0902584843638],[-118.588251907434,34.0902626437595],[-118.588210880477,34.090258158516],[-118.588175635076,34.0902715041421],[-118.588133560683,34.0902732531561],[-118.588126150481,34.0902741726719],[-118.588017373483,34.0902441091158],[-118.58801312535,34.0902429344267],[-118.58798981317,34.09023614816],[-118.587856409757,34.0901973119867],[-118.587709824466,34.0901546385233],[-118.587627351038,34.0897943284463],[-118.587663363599,34.0897087288928],[-118.587706960637,34.0896051040752],[-118.58752709995,34.0893070821424],[-118.58741108343,34.0893011320043],[-118.587310999429,34.0892959994704],[-118.587144999748,34.08944099957],[-118.587013000401,34.0895560003446],[-118.586981869285,34.089613295715],[-118.587016670918,34.0897605516692],[-118.587046639614,34.0899029478992],[-118.586865982122,34.0899512628441],[-118.586700643601,34.0899954808444],[-118.586697999859,34.0900130000548],[-118.586753999935,34.090101999879],[-118.586716000301,34.0901040003505],[-118.586456999834,34.0901570005512],[-118.586245999947,34.0903449999006],[-118.586149999688,34.090414999805],[-118.586047000654,34.0905260005656],[-118.585776000492,34.0905310006031],[-118.585665999989,34.0906389994076],[-118.585618000309,34.0906509999275],[-118.585472999645,34.0907039997857],[-118.585414999919,34.0907090005567],[-118.5852229994,34.0906590002732],[-118.58511199997,34.090663999559],[-118.585062999566,34.0907809998716],[-118.585015999711,34.0907969997937],[-118.58487085891,34.0908401364078],[-118.584914821562,34.0909044834529],[-118.58472422511,34.0911050090497],[-118.584643607601,34.0911237131225],[-118.584573999845,34.0911949993934],[-118.584509000446,34.0912320005621],[-118.584378000026,34.0912769997701],[-118.584215535216,34.0913981615511],[-118.584302025011,34.0915258392746],[-118.584038268864,34.0917254543147],[-118.583292131782,34.0920746225331],[-118.583013817538,34.0921793713787],[-118.582826370579,34.0921831527646],[-118.5828190008,34.0921910004603],[-118.582724180029,34.0922542134773],[-118.582669001012,34.092290999932],[-118.582632413529,34.0922803476405],[-118.582551752003,34.0923061559556],[-118.582538783924,34.0922766146142],[-118.582503101942,34.0922709637435],[-118.582478400967,34.0922393512957],[-118.582447180019,34.0922065143311],[-118.58241477599,34.0921747932458],[-118.582394278232,34.0921471079596],[-118.582366743072,34.0921229414461],[-118.582330042401,34.092106312411],[-118.582297528778,34.0920962790449],[-118.58226133296,34.0920831650684],[-118.582231784675,34.0920690683597],[-118.582185874476,34.0920477384259],[-118.582153886367,34.0920351652784],[-118.582073939002,34.0919727443831],[-118.58193500017,34.0918389998327],[-118.581929557278,34.0917341575745],[-118.581923763144,34.0916138979211],[-118.581880797622,34.0916129680049],[-118.581847063189,34.0916276480329],[-118.581810401145,34.0916397845524],[-118.581772123931,34.0916656518335],[-118.581748095794,34.0916959700533],[-118.581712391354,34.0917123246582],[-118.581678581462,34.0917278393606],[-118.581639603562,34.0917323371731],[-118.581597622594,34.0917419755545],[-118.581559350769,34.0917444067237],[-118.581523365157,34.0917677453494],[-118.581486168616,34.0917877020563],[-118.581449398775,34.0917929281745],[-118.581413025989,34.0917974884738],[-118.581378617819,34.091800984951],[-118.581344683061,34.0918147432157],[-118.581306454356,34.0918185194103],[-118.581272435156,34.0918319220731],[-118.581240990528,34.0918409206626],[-118.581206263455,34.0918393628711],[-118.581169241188,34.0918505344819],[-118.581137387826,34.091868530168],[-118.581090945824,34.091879872135],[-118.581084681872,34.0918493761815],[-118.58104603006,34.0918627133734],[-118.581011142189,34.091856106524],[-118.580998750828,34.0918833604257],[-118.580967041197,34.0918729677146],[-118.580955814053,34.0918817565112],[-118.580945584038,34.0918897656678],[-118.580936124778,34.091897170752],[-118.580907772151,34.0918877206027],[-118.580885467881,34.0918850640267],[-118.580873435846,34.091888027846],[-118.580849212774,34.0918669269972],[-118.580849420285,34.091845408054],[-118.580849512812,34.0918357986977],[-118.580849581982,34.0918286249706],[-118.580824528867,34.0918217636941],[-118.580814408447,34.0918189918066],[-118.580781034238,34.0918303144381],[-118.580753005004,34.0918505887888],[-118.580762194769,34.0918190297471],[-118.580779525966,34.0917964834225],[-118.580783681573,34.0917910772732],[-118.580797717749,34.091764387242],[-118.580814445278,34.0917361952039],[-118.580844978116,34.0917150117408],[-118.580865037496,34.0916907558322],[-118.580862617435,34.0916673740372],[-118.580804271857,34.091668555402],[-118.580785403643,34.0916599116501],[-118.580767781392,34.0916518392375],[-118.580761447371,34.0916489371562],[-118.580762791251,34.0916474098625],[-118.580761276691,34.0916466384044],[-118.580768405721,34.0916383777755],[-118.58077154174,34.0916353946051],[-118.580782608086,34.091624865724],[-118.580784181036,34.0915987596279],[-118.580784613126,34.0915915821611],[-118.580759896879,34.0915717161677],[-118.580736211,34.0915414834557],[-118.580716183959,34.0915347404413],[-118.580699923554,34.0915292658334],[-118.580694249795,34.0915290709227],[-118.580687041713,34.0915288231928],[-118.580684501277,34.0915246541882],[-118.580652948851,34.0915264143354],[-118.58062606497,34.0915258660563],[-118.580623636823,34.091526339942],[-118.580619602489,34.0915282808651],[-118.580605496245,34.091535068516],[-118.580599326615,34.0915247925599],[-118.580581784314,34.0915238752896],[-118.580557020457,34.0915028427919],[-118.580541929658,34.0914655493755],[-118.580559127006,34.0914385386059],[-118.580589492758,34.0914126429859],[-118.580610672337,34.0913808903578],[-118.580583531538,34.0913475278418],[-118.580566786042,34.0913159448066],[-118.580536227153,34.0912912037374],[-118.580505061901,34.0912719848979],[-118.580486757829,34.0912410639378],[-118.580477986678,34.0912077638574],[-118.580456085752,34.091183346369],[-118.580427027947,34.0911571225948],[-118.580383880067,34.0911412454904],[-118.580343512473,34.0911326552481],[-118.58031787186,34.0911071277835],[-118.580332076022,34.0910718190186],[-118.580326421127,34.0910369722244],[-118.580302316633,34.0910086616579],[-118.580263743873,34.0910162639629],[-118.580234934902,34.0910330434876],[-118.580205901352,34.0910071135223],[-118.580170584985,34.0909906308239],[-118.58013512848,34.0909835745676],[-118.580134464625,34.0909865369306],[-118.58010941151,34.091006226004],[-118.580096093986,34.0910324200675],[-118.580062788049,34.0910185210714],[-118.580027669311,34.0909960124744],[-118.579990433244,34.0910139213014],[-118.579953678674,34.0909955088281],[-118.579916761509,34.0909836392902],[-118.579891111015,34.090963084267],[-118.579916775883,34.0909383014341],[-118.579894026048,34.0909142974982],[-118.579857377479,34.0909075336035],[-118.579846771969,34.0908805405105],[-118.579829442569,34.0908502324137],[-118.579860568295,34.0908353327886],[-118.579860588058,34.0907982005131],[-118.579825459439,34.0907753630359],[-118.57980095789,34.0907550936353],[-118.579767634884,34.0907619036664],[-118.579731672628,34.0907516253846],[-118.579714356703,34.0907248264103],[-118.579697853753,34.0906978697121],[-118.579673566901,34.0906781143562],[-118.579650778439,34.0906471306881],[-118.57962257044,34.0906298816597],[-118.579586968409,34.090629419672],[-118.579545023374,34.0906243742598],[-118.579521611481,34.0906030848788],[-118.579521546802,34.090567848066],[-118.579506506309,34.0905263033502],[-118.57949658801,34.0904971958502],[-118.579459852305,34.0904959222201],[-118.579455044521,34.0904652792113],[-118.579421673905,34.0904469045597],[-118.579408934896,34.0904296882241],[-118.579402296346,34.0904207170106],[-118.579385982941,34.0904045399588],[-118.579376885702,34.0903955188984],[-118.579345516532,34.0903799585712],[-118.579326613284,34.090352723528],[-118.5793339094,34.090324676089],[-118.579320116667,34.0902923918764],[-118.57932083532,34.0902599782051],[-118.579327513395,34.0902325511856],[-118.579326405773,34.0902003941525],[-118.579339937096,34.0901727119403],[-118.579312775635,34.0901545209799],[-118.579330175104,34.090127455484],[-118.579358679546,34.0901114167501],[-118.579381812063,34.0900917073821],[-118.579392749051,34.0900550070134],[-118.579390162802,34.0900306576357],[-118.579389039908,34.0900200794544],[-118.579357290751,34.0899881589159],[-118.579334354965,34.0900127761268],[-118.579333210511,34.0900125172332],[-118.579298882291,34.0900047362908],[-118.579265842255,34.08998891923],[-118.579236305648,34.0899727339123],[-118.579215260816,34.0899480869319],[-118.57922109717,34.0899341602317],[-118.57922909577,34.0899150749946],[-118.579227488684,34.0898915044904],[-118.579227173375,34.0898868815968],[-118.579236037052,34.0898571935972],[-118.57922071898,34.089831318324],[-118.579206611836,34.0898043992827],[-118.57919696393,34.0897772555601],[-118.57918070083,34.0897474752723],[-118.579174649779,34.0897154192322],[-118.57916394186,34.0896877904258],[-118.579164683869,34.0896564693858],[-118.579165539963,34.0896176188115],[-118.579146904413,34.0895927991312],[-118.579137616731,34.089576322109],[-118.579130297258,34.0895633371895],[-118.579129026142,34.0895508283968],[-118.579127505294,34.0895358630754],[-118.57909934311,34.0895108067945],[-118.579070675174,34.0894693709208],[-118.579064893617,34.089461612991],[-118.579054641145,34.0894478558319],[-118.57905196147,34.0894423215728],[-118.579051603941,34.0894415813405],[-118.579036600279,34.0894105875484],[-118.579016353151,34.0893863957033],[-118.578992056417,34.0893620691959],[-118.578971597287,34.0893331725783],[-118.578945428464,34.0893162238392],[-118.578927601397,34.0892892771078],[-118.578902886947,34.0892618378705],[-118.578876657938,34.0892596692456],[-118.578871692949,34.0892592585833],[-118.578868419488,34.0892589877841],[-118.578868021534,34.0892587735255],[-118.578844408419,34.0892460340621],[-118.57884012076,34.0892437218537],[-118.578832736608,34.0892293717279],[-118.57882682749,34.0892178887984],[-118.578811954084,34.0892136534681],[-118.578799174651,34.0892100147887],[-118.578790478061,34.0892075381655],[-118.57876067196,34.0891922729698],[-118.578748481821,34.0891832435967],[-118.578735691608,34.0891737708258],[-118.578727949029,34.0891680364251],[-118.578699520943,34.0891512051979],[-118.57868929542,34.0891471179111],[-118.578665713746,34.0891376845658],[-118.57865158684,34.0891294735371],[-118.57863521684,34.0891199576108],[-118.578601277591,34.0891056885551],[-118.578597016881,34.0891026353637],[-118.57858017347,34.0890905617167],[-118.578573511563,34.0890857855246],[-118.578535958391,34.0890703744917],[-118.578504203844,34.0890530291718],[-118.578501808936,34.0890500719487],[-118.578499723048,34.0890474978627],[-118.57848221129,34.0890258792567],[-118.578464041965,34.0890295893637],[-118.578449053574,34.0890326507412],[-118.578426165399,34.0890322742996],[-118.578409905892,34.0890320064756],[-118.578403306868,34.0890299992833],[-118.578356704966,34.089015820975],[-118.578326255671,34.0889898502182],[-118.578297541922,34.0889701554682],[-118.578291702872,34.0889702484628],[-118.578263184057,34.0889707037639],[-118.578257461789,34.0889707960145],[-118.578224085783,34.0889691526152],[-118.578220534742,34.088969173446],[-118.578195943361,34.0889693155417],[-118.57818348822,34.0889693869615],[-118.578161942128,34.0889694397824],[-118.578140815549,34.0889694933472],[-118.578139735774,34.0889694955791],[-118.578115453414,34.0889881681337],[-118.578086814224,34.0889989138339],[-118.578084994237,34.0889995967855],[-118.578062041383,34.0890073116082],[-118.578051266092,34.0890109331853],[-118.578048783148,34.0890117679037],[-118.578022510121,34.0890290953771],[-118.578006156291,34.0890318189988],[-118.577984691946,34.0890353922177],[-118.577955648514,34.0890474822396],[-118.577950122079,34.08904978255],[-118.577919331424,34.0890642636425],[-118.577897941639,34.0890873158404],[-118.577883376355,34.0891124295311],[-118.577834380443,34.0891105688998],[-118.577797879198,34.0891189302091],[-118.577772420943,34.0891386293883],[-118.577738168181,34.0891488066882],[-118.577704150778,34.0891593544762],[-118.577686550985,34.0891599347607],[-118.577659052655,34.0891608423852],[-118.577621116801,34.0891529423318],[-118.577578873525,34.089147119399],[-118.577545663707,34.0891706462172],[-118.577525188407,34.0891486556654],[-118.577510810871,34.0891214968534],[-118.577489937617,34.0890937250139],[-118.577464551227,34.0890752868285],[-118.577424151293,34.0890696818693],[-118.577389789835,34.0890507712669],[-118.577391198394,34.0890231162051],[-118.577414426132,34.08900245804],[-118.577419661514,34.088970991675],[-118.577420837408,34.0889639181393],[-118.577422214526,34.0889385685703],[-118.577422462461,34.088934007373],[-118.577387252993,34.0889257955806],[-118.577373278801,34.0888972864156],[-118.577346608718,34.0888754557435],[-118.577330715724,34.088846867702],[-118.577312822182,34.0888095924584],[-118.577301503409,34.0887760935288],[-118.577283370017,34.0887449365663],[-118.577265405508,34.0887213962385],[-118.577260895067,34.0887165374462],[-118.577260631861,34.0887157875361],[-118.577256485237,34.0887117887594],[-118.577253982531,34.0887093761021],[-118.577252971028,34.0887080034987],[-118.577240614701,34.088694695568],[-118.577219416257,34.0886734555469],[-118.577190584828,34.0886549696566],[-118.577154921711,34.088636507569],[-118.577122923721,34.0886188630886],[-118.577121657995,34.0886173967448],[-118.577102711627,34.0885954365516],[-118.577101595021,34.0885904907087],[-118.577100620349,34.0885893383154],[-118.577100774859,34.0885868490267],[-118.57709658871,34.0885682909535],[-118.577092643309,34.0885416393361],[-118.577088944047,34.0885394706928],[-118.577047925174,34.0885381271011],[-118.577018676029,34.0885194306405],[-118.577008408285,34.0884896127123],[-118.577029471982,34.0884877848015],[-118.577035537407,34.0884872580775],[-118.577042281059,34.0884866733246],[-118.577049545735,34.0884823546341],[-118.577054110075,34.0884777472867],[-118.577061040577,34.0884745110584],[-118.577088623348,34.0884683183306],[-118.577101009319,34.0884636737844],[-118.577103303617,34.0884633843837],[-118.577105100247,34.0884621397376],[-118.577125815398,34.088454372044],[-118.57714369816,34.0884439149314],[-118.577147051571,34.0884414970587],[-118.57714891288,34.0884408661799],[-118.577153812292,34.0884380004427],[-118.577184322672,34.0884189728973],[-118.577186180388,34.0884175125018],[-118.577209587789,34.0883991016957],[-118.577233827031,34.0883675599663],[-118.577253168657,34.0883422771753],[-118.577245111667,34.0883125395326],[-118.577215019004,34.088294849603],[-118.577191523567,34.0882746882269],[-118.577168522205,34.0882497811092],[-118.577140846009,34.0882265136781],[-118.577115277261,34.0882049737225],[-118.577103371889,34.0881908108992],[-118.577095721836,34.0881817122308],[-118.577091970471,34.0881772491959],[-118.577068457967,34.0881533940137],[-118.577058775026,34.0881250787631],[-118.577028174814,34.0881047038291],[-118.577000733977,34.0880849344767],[-118.576970452668,34.0880717804487],[-118.576949834535,34.0880678419027],[-118.576933867879,34.0880647931377],[-118.576904481291,34.088050525392],[-118.576900420906,34.0880285620759],[-118.57689810505,34.0880160433849],[-118.576913359341,34.088000130725],[-118.576920901597,34.0879922632978],[-118.576935600729,34.0879676417795],[-118.576952110866,34.0879427174604],[-118.576960358299,34.0879152889461],[-118.576960415791,34.0878786010254],[-118.576960917051,34.0878464557456],[-118.576960316976,34.0878434352433],[-118.576958269716,34.0878331290803],[-118.576957546572,34.0878294888537],[-118.576954009905,34.0878116872282],[-118.576968321864,34.0877731527372],[-118.576947664205,34.0877465380678],[-118.576945762472,34.0877046408149],[-118.576943292105,34.0876964638698],[-118.576937376699,34.0876768841339],[-118.576936399332,34.0876731256097],[-118.576929184962,34.0876453659424],[-118.576929001705,34.087644659917],[-118.576917601186,34.0876078208534],[-118.576917512253,34.0876070850688],[-118.576913471631,34.0875735759918],[-118.576906357872,34.087542411147],[-118.576900354431,34.0875307836588],[-118.576892041421,34.0875146789638],[-118.576890992189,34.0875126471844],[-118.576885907725,34.0874949600636],[-118.576881945256,34.0874811720821],[-118.576864316717,34.0874543780243],[-118.576830310093,34.0874477767826],[-118.576803868183,34.087452140164],[-118.576796819103,34.0874533037323],[-118.576792899753,34.0874539494979],[-118.576759153641,34.0874628615082],[-118.57671583598,34.0874588068747],[-118.576688405923,34.0874821481697],[-118.576646668398,34.0874816259033],[-118.57661395445,34.087474120741],[-118.576581218943,34.0874844790254],[-118.576542421604,34.0874822500935],[-118.57651036163,34.0874931388271],[-118.576470243768,34.0874816296231],[-118.576434740551,34.0874771360487],[-118.576414795257,34.0874515204373],[-118.576383892313,34.0874396786734],[-118.576410786076,34.0874119047941],[-118.57638380338,34.0873915110892],[-118.576377452291,34.0873560728116],[-118.57634637687,34.0873463892926],[-118.576314861275,34.0873318535965],[-118.576283736447,34.0873173878311],[-118.57627969852,34.0873124002513],[-118.576264015732,34.0872930339462],[-118.576226073589,34.0872849789726],[-118.576193851918,34.0872763124539],[-118.576158787079,34.0872852460582],[-118.576124618759,34.0872834419285],[-118.576112578639,34.0872937957725],[-118.576098707753,34.0873057253454],[-118.576057208282,34.0873307629356],[-118.576021598166,34.0873511023454],[-118.575984918156,34.0873617158268],[-118.575982204345,34.0873624999715],[-118.575940673433,34.0873759301226],[-118.575911750376,34.0873928286601],[-118.575890102774,34.0874153337513],[-118.575866008162,34.0874370487406],[-118.575818711862,34.0874532970366],[-118.575785761657,34.0874623511452],[-118.57574978952,34.0874632193575],[-118.575711975837,34.0874649974445],[-118.575673909726,34.087466346261],[-118.575639919273,34.087491716358],[-118.575601870231,34.0874917133821],[-118.575562210509,34.0875010732579],[-118.575516426074,34.0874987751373],[-118.575459757651,34.0874960477464],[-118.575415809372,34.0875084973252],[-118.575376061616,34.0874931418029],[-118.575342297538,34.0874849871564],[-118.575301262495,34.0874893669033],[-118.575263031994,34.0874799170059],[-118.575226249576,34.0874736051702],[-118.575187992125,34.0874632208454],[-118.575148578542,34.0874445665538],[-118.575133072721,34.0874172457538],[-118.575105078522,34.0874003353177],[-118.575088521673,34.0873750291747],[-118.575074742415,34.0873486777457],[-118.575047428241,34.0873201033242],[-118.575010544313,34.0873143107682],[-118.574991362587,34.0873392583355],[-118.574961945456,34.0873629210587],[-118.574942992801,34.0873880166617],[-118.574901607415,34.0873871722556],[-118.574860972124,34.0873953023605],[-118.574821722932,34.0873918920018],[-118.574773580419,34.0874013805955],[-118.574738413173,34.087392856187],[-118.574706000161,34.087387460916],[-118.574665911943,34.0873949311195],[-118.574662327665,34.0873669042757],[-118.574631722063,34.08738611805],[-118.574609464505,34.087363087708],[-118.574576636471,34.0873600515651],[-118.574537529214,34.0873456349066],[-118.574517026964,34.0873697871605],[-118.574558516554,34.0873768087515],[-118.574533698798,34.0873958975365],[-118.574522162633,34.08742807721],[-118.57452127869,34.0874618117674],[-118.574528343042,34.0874926039132],[-118.574529152424,34.0874961266072],[-118.574499226847,34.0875192350297],[-118.574480232868,34.0875457783495],[-118.574443472909,34.0875550422474],[-118.574410641282,34.0875697289308],[-118.574404938776,34.0876069466908],[-118.57437979583,34.0876302157801],[-118.574350701194,34.0876463368205],[-118.574340424468,34.087675804637],[-118.574313824454,34.0877076702498],[-118.574281483307,34.0876980738152],[-118.574278389509,34.0877046475106],[-118.57427915128,34.08772042408],[-118.574271008052,34.0877413600578],[-118.574248286065,34.0877507124663],[-118.574230261369,34.0877691048142],[-118.574209816612,34.0877770979926],[-118.574183434888,34.0877830608853],[-118.574157300202,34.087774250832],[-118.574145158573,34.0877818697947],[-118.574138730228,34.0877859050696],[-118.574136846461,34.0877879718088],[-118.574127876783,34.0877918649859],[-118.574123001626,34.0877939860344],[-118.574120065932,34.087795263425],[-118.574105581496,34.0878015737487],[-118.574092154378,34.0878041047226],[-118.574072784005,34.0878077568538],[-118.574036377083,34.0878043904057],[-118.574032517022,34.0878066557835],[-118.574009349471,34.0878202510247],[-118.574003241826,34.0878287694384],[-118.573989406872,34.0878480634562],[-118.573982967748,34.0878753245999],[-118.57397748533,34.0879137496815],[-118.573974023223,34.0879430157904],[-118.574016805488,34.0879357591534],[-118.573997124299,34.087966059366],[-118.573993610089,34.0879979598359],[-118.573960171201,34.0879952384129],[-118.573953591042,34.0880261873413],[-118.573930883428,34.0880511793367],[-118.573915572542,34.0880247009002],[-118.573888560202,34.0880451584336],[-118.573854973091,34.0880474208291],[-118.573852543149,34.0880778154851],[-118.573827383134,34.0880842857401],[-118.573827344506,34.088084742534],[-118.573826377919,34.0880845446396],[-118.573815788579,34.0880872668037],[-118.573783639671,34.0880983399624],[-118.573743144517,34.0881078991535],[-118.573733012419,34.088139616555],[-118.573714669719,34.0881438549149],[-118.57365920953,34.0881692129054],[-118.573639468153,34.0881917557323],[-118.57361936206,34.0881872703791],[-118.573593787024,34.0881692783742],[-118.573575969839,34.0881420865137],[-118.573579251385,34.0881028082093],[-118.573577104411,34.0880837404145],[-118.57359143254,34.0880588287769],[-118.573562460974,34.0880414095973],[-118.573529367937,34.088036884062],[-118.57351279941,34.0880428804148],[-118.573487588191,34.088031531982],[-118.573477472263,34.0880270071901],[-118.573472527936,34.0880247961277],[-118.573462130834,34.0880201463494],[-118.573460275813,34.0880193160849],[-118.573459949725,34.0880138323221],[-118.573452148755,34.0880141857053],[-118.573457647343,34.0880108661352],[-118.573448335407,34.0879994990989],[-118.573430719444,34.0879820985063],[-118.573408904756,34.08797744203],[-118.573386562756,34.0879687755822],[-118.573371830385,34.0879687882296],[-118.573359906148,34.0879687986451],[-118.573359184801,34.08796873764],[-118.573355860136,34.0879666604897],[-118.573338657399,34.0879670138731],[-118.57333393226,34.0879666180837],[-118.573333439085,34.087967121748],[-118.573321772665,34.0879673613048],[-118.573281097847,34.0879694734214],[-118.573238523092,34.0879861464191],[-118.573236553985,34.0879860973174],[-118.573197446728,34.0879851271872],[-118.573160147779,34.0879799588633],[-118.573125282366,34.0879754236531],[-118.573119101058,34.0879759622837],[-118.573100142114,34.0879844092612],[-118.573087831602,34.0879801589898],[-118.573063925635,34.0880007504476],[-118.573041326718,34.0880237330024],[-118.573004873982,34.0880246867649],[-118.572970186435,34.0880200332668],[-118.572956073004,34.088011563974],[-118.572955699305,34.0880118042746],[-118.572940974121,34.0880034413679],[-118.572907373536,34.0880142184397],[-118.572864864358,34.0880337571796],[-118.57286791324,34.0880431869281],[-118.572865650384,34.0880453526083],[-118.572866897246,34.0880637456362],[-118.572863959755,34.0880972775821],[-118.572838764706,34.0881207280638],[-118.572804292755,34.0881162315473],[-118.572763268493,34.0881115520155],[-118.572724273525,34.0881327661389],[-118.572697996904,34.0881407391959],[-118.572692237805,34.0881424867661],[-118.572665066463,34.0881624487915],[-118.572660646751,34.0881700260572],[-118.572648779108,34.0881903794007],[-118.572621746106,34.0882005300319],[-118.572607108059,34.08820602643],[-118.572569340189,34.0882229902706],[-118.572537353877,34.0882303108638],[-118.572517749943,34.0882531735783],[-118.572500441204,34.0882811331721],[-118.572497838784,34.0882976915382],[-118.572495726845,34.0883111185652],[-118.572482381473,34.0883187248322],[-118.572464603814,34.0883288568489],[-118.572464327133,34.0883290153128],[-118.572427426137,34.0883395066619],[-118.572406701105,34.0883632695403],[-118.572389728336,34.0883882316777],[-118.572376930937,34.0884182014097],[-118.572366586836,34.0884490542125],[-118.572350447704,34.0884744902275],[-118.572337834459,34.0885029712644],[-118.572333572851,34.0885324930918],[-118.572325964121,34.0885686480541],[-118.572320330786,34.088598567877],[-118.572327152592,34.088628218376],[-118.572325658694,34.0886613104186],[-118.572333085965,34.0886737628019],[-118.572340973173,34.0886869881565],[-118.572365897829,34.0887082705798],[-118.572404141805,34.0888448977031],[-118.572414993454,34.0888783050989],[-118.572432617501,34.0889329881526],[-118.572476401388,34.0890804550856],[-118.57247955178,34.0890910661183],[-118.572504559979,34.0890865242721],[-118.57252100903,34.0890800600453],[-118.572561340692,34.0890885441103],[-118.572595588064,34.089089594575],[-118.572640038501,34.0891019382778],[-118.572677863862,34.0891100830972],[-118.572708401192,34.0891339104834],[-118.572741301989,34.089141376069],[-118.572764377912,34.0891210966058],[-118.572797617374,34.0891054824796],[-118.572830532545,34.0891082410647],[-118.572867986902,34.0891197426079],[-118.572898234974,34.0891312344781],[-118.572915770987,34.0891568466054],[-118.57291917111,34.0891930890876],[-118.572931374724,34.0892256898998],[-118.572965688571,34.0892377851023],[-118.573009975514,34.0892376199445],[-118.573042800853,34.0892436444825],[-118.57307810644,34.0892349647732],[-118.573120352412,34.0892329092287],[-118.573152813933,34.0892265372634],[-118.573184176814,34.0892143163312],[-118.573204321534,34.0891834057788],[-118.573235060087,34.0891991895121],[-118.57326973865,34.0892233985217],[-118.57325114532,34.0892509530842],[-118.573223988351,34.0892328363212],[-118.573185582678,34.0892574693747],[-118.573156767418,34.0892825123394],[-118.573182861681,34.0893070918138],[-118.573225331332,34.0893167684129],[-118.573260505766,34.0893187525359],[-118.573236753411,34.0893432308223],[-118.573213737675,34.0893691955189],[-118.573188469863,34.0894005598145],[-118.573157293831,34.0894111693192],[-118.573128447131,34.0894254465069],[-118.573105417022,34.0894451657014],[-118.573071126531,34.0894557610654],[-118.57303981665,34.0894751878798],[-118.573023808671,34.0895012239554],[-118.573015550459,34.0895346504348],[-118.573047608637,34.0895476093204],[-118.573029230902,34.0895726611267],[-118.573057968907,34.0895906349785],[-118.573097166894,34.089597056761],[-118.573133215388,34.0895967212393],[-118.573167427726,34.0895977716976],[-118.57319896488,34.0896067891233],[-118.573209353897,34.089634554843],[-118.573171100039,34.0896398383783],[-118.573141316395,34.0896550610881],[-118.57311493557,34.0896753352158],[-118.573083586164,34.0896917579104],[-118.573051949296,34.0897034914867],[-118.573018850869,34.0897229160124],[-118.573005767806,34.0897500500811],[-118.572974828929,34.0897289263809],[-118.572964771391,34.0897365853409],[-118.572932234411,34.089761362574],[-118.572912914344,34.0897760756568],[-118.572876246013,34.0897880867143],[-118.572844720536,34.0898031397772],[-118.572810610607,34.0898052585435],[-118.572774017734,34.0898205452033],[-118.572742945906,34.0898328017576],[-118.572703761394,34.0898438821275],[-118.57267782254,34.0898632552885],[-118.572662832353,34.0898914494382],[-118.572656180328,34.0898573684251],[-118.572664409794,34.0898285166134],[-118.572676658323,34.0898003663357],[-118.57268343701,34.0897731266424],[-118.572686784133,34.089732828396],[-118.572686699691,34.0897039415763],[-118.57267441523,34.0896773379292],[-118.572665609943,34.0896425285025],[-118.572652675102,34.0896124714178],[-118.572632145902,34.0895830995011],[-118.572605568346,34.0895546448658],[-118.572589605284,34.08952748916],[-118.572569535124,34.0895040234449],[-118.572543248622,34.08947706487],[-118.572516000923,34.0894541950466],[-118.572491695206,34.0894321063667],[-118.572456813624,34.089426549044],[-118.572438087343,34.0894019621647],[-118.572410144348,34.0893797269125],[-118.572378165222,34.0893663223736],[-118.572362317144,34.0893391212263],[-118.572333719277,34.08931805322],[-118.572302197394,34.0892973415622],[-118.572283589691,34.0892742157701],[-118.572248477241,34.0892850916259],[-118.572215159626,34.0892889088508],[-118.572178361937,34.0892874841801],[-118.572160523192,34.0892528077609],[-118.572144814352,34.08928310899],[-118.572110915527,34.0892856317361],[-118.57207427684,34.0892818703075],[-118.572042754956,34.0892680275645],[-118.572006586986,34.0892637118897],[-118.572040961919,34.0892481454028],[-118.572053716199,34.0892178754072],[-118.572021657124,34.0892044879536],[-118.572001349808,34.0891790164481],[-118.57200770988,34.0891473388657],[-118.571988696139,34.0891221299591],[-118.571956605622,34.0891113002075],[-118.57192442707,34.0891028749172],[-118.571907121925,34.0891295464447],[-118.571859221059,34.089122295861],[-118.571823957692,34.0891345398691],[-118.571790023833,34.0891195633148],[-118.571789945679,34.0891486422742],[-118.571785660715,34.0891779444099],[-118.571752863224,34.0891676205545],[-118.571722691509,34.0891487226213],[-118.571691342102,34.0891356654726],[-118.571650744539,34.0891500855461],[-118.571603144609,34.0891636270069],[-118.571531999835,34.0891724272441],[-118.57149710927,34.0892222840786],[-118.571464671105,34.0892361989927],[-118.571419912546,34.0892328192102],[-118.57138279865,34.0892328638474],[-118.571347696082,34.0892159024411],[-118.571322412998,34.089201431046],[-118.571308657096,34.089155444251],[-118.571266520719,34.0891407124615],[-118.571224758042,34.0891153049169],[-118.57115954664,34.0891248312591],[-118.571164205303,34.089095859421],[-118.571149577137,34.0890686723219],[-118.57111205361,34.089057316587],[-118.571079063879,34.0890536392153],[-118.571033599244,34.0890716689739],[-118.571046605951,34.0890773587439],[-118.570974568252,34.0890644310325],[-118.570951456396,34.0890876156543],[-118.570951009035,34.0891177517846],[-118.570923244805,34.0890863040613],[-118.570756999883,34.0888980006142],[-118.570352999652,34.0885959997289],[-118.570086380574,34.0886231036564],[-118.570027805028,34.0886290583059],[-118.569780355998,34.0886888361498],[-118.56974726386,34.0886666252609],[-118.569711442639,34.0886607755122],[-118.569705957526,34.0886335793458],[-118.569668168097,34.0886234734041],[-118.569640749718,34.0886035137193],[-118.569605593251,34.0886094609307],[-118.569590652471,34.0886387178715],[-118.569563998559,34.0886154773299],[-118.569539455687,34.08859524461],[-118.569508179942,34.0886113974569],[-118.569501544087,34.0885706708806],[-118.569506311446,34.0885372894021],[-118.569552744465,34.0885416646307],[-118.569601696359,34.0885289630014],[-118.569571566865,34.0885156572745],[-118.569567687041,34.088487136812],[-118.569549046101,34.0884605059999],[-118.569552262968,34.088428857907],[-118.569550015383,34.0883976249327],[-118.569559199758,34.0883723495903]]],[[[-118.566198000409,34.0780440000255],[-118.565768000239,34.076952000409],[-118.565615999903,34.0763939998508],[-118.566011999738,34.0757270002195],[-118.564629000239,34.0745439999434],[-118.564478999553,34.0737309998606],[-118.563505000308,34.0726450001223],[-118.56329600007,34.072196000292],[-118.562697999671,34.0712949999317],[-118.561946000183,34.0705989998422],[-118.560920999986,34.0697520000386],[-118.560254999814,34.0687960001023],[-118.559695999773,34.0685480001594],[-118.559426000334,34.0686709997327],[-118.558996999989,34.0685190004457],[-118.558245000502,34.0685699997816],[-118.558246000326,34.0691009997538],[-118.55820299977,34.0700109998012],[-118.558113000257,34.0702349998019],[-118.557955000073,34.0702739999076],[-118.557872000233,34.0706100001319],[-118.557043999679,34.0709870004691],[-118.557147999436,34.071547999689],[-118.557832999875,34.0721770003495],[-118.558688000192,34.0723889997019],[-118.559099999921,34.0729909997865],[-118.559400000395,34.073664000475],[-118.559494000106,34.0740659997141],[-118.559488000258,34.0745009993794],[-118.560018998016,34.0747749986889],[-118.560578001651,34.0752190017659],[-118.560760000328,34.0755229998356],[-118.560568999634,34.0760790001206],[-118.560688999284,34.0763349998063],[-118.561213000064,34.0767189993722],[-118.561796999322,34.0774299999773],[-118.561446999518,34.0777900003152],[-118.562351000239,34.0779069998164],[-118.562850999831,34.0780590001164],[-118.562962999984,34.0779610002186],[-118.563393000155,34.0779169998935],[-118.563768000073,34.0781449998422],[-118.563958000044,34.0784540000658],[-118.563994999854,34.0786780000624],[-118.564103999634,34.0788990002226],[-118.564009000098,34.078946000024],[-118.563863000508,34.0788019998058],[-118.563727000066,34.0784849993566],[-118.563474000346,34.0784769993487],[-118.563472999622,34.0786210001195],[-118.563471000871,34.0790410002871],[-118.563474999272,34.0791320004705],[-118.563482000742,34.0792850000515],[-118.563406000574,34.079488999559],[-118.563308000664,34.0796380000339],[-118.563177000245,34.07971699974],[-118.563058999346,34.0796160003099],[-118.563042999452,34.0794559999127],[-118.563039999977,34.079308999844],[-118.563066999741,34.0792520003258],[-118.563055000046,34.0792420004063],[-118.563174999697,34.0786990000317],[-118.562891000014,34.078365999905],[-118.56225499998,34.0781539998864],[-118.56210700074,34.0782230001929],[-118.562311000056,34.0784200000145],[-118.562365000483,34.0785910001341],[-118.56234199912,34.0788219997475],[-118.562142999827,34.0788120005213],[-118.561992000214,34.0788150005124],[-118.561777000129,34.079003999743],[-118.561666000699,34.0790259996261],[-118.561520000211,34.0788860002729],[-118.561300000103,34.0789929997994],[-118.561249999874,34.0789929997994],[-118.560720000145,34.078730999975],[-118.560243999944,34.0785449993919],[-118.55999900062,34.0785919993898],[-118.562241999561,34.0795219999365],[-118.563074000312,34.0798920001544],[-118.563701999951,34.0800750000649],[-118.564448999416,34.0799109998545],[-118.564683000666,34.0798950001074],[-118.564757000286,34.0798450001339],[-118.56483000008,34.0798159998233],[-118.564825999882,34.0798039999997],[-118.565030999922,34.079698999983],[-118.565115000486,34.079655999804],[-118.565382999376,34.0795190007144],[-118.566280000425,34.0788620003605],[-118.566198000409,34.0780440000255]]],[[[-118.542958999929,34.0646029999089],[-118.543164999793,34.0645039999056],[-118.54322099987,34.0643940001798],[-118.543444000351,34.0640830004192],[-118.543396999597,34.0638119997953],[-118.543326999277,34.0635979994645],[-118.543192000456,34.0633670000103],[-118.543230999017,34.0630690003479],[-118.543362000335,34.0628150003879],[-118.543442999628,34.062526999934],[-118.543585999743,34.0623490002804],[-118.543842999661,34.062216999468],[-118.54386699995,34.0622220004328],[-118.544124000766,34.0622750002224],[-118.544150999632,34.0622809998876],[-118.544446000083,34.0622489996838],[-118.544692999956,34.0621729998957],[-118.54500599995,34.0621149998157],[-118.545305000599,34.0620260003472],[-118.545402000684,34.0618339998542],[-118.545664999551,34.0616300002491],[-118.546030000322,34.0616739993591],[-118.546326999525,34.0617099998317],[-118.546497000302,34.0615150002517],[-118.546624999451,34.0613029997373],[-118.546889999765,34.0611180005368],[-118.547111000596,34.0608990005467],[-118.547452000179,34.0606869999798],[-118.5475140019,34.0603830030017],[-118.547385999159,34.0600629977192],[-118.546674999679,34.0598550004099],[-118.546654000661,34.0599969996515],[-118.546540999785,34.0601250000743],[-118.546404999343,34.0602799994378],[-118.546314999829,34.0606059999638],[-118.546283000042,34.0604630000404],[-118.546241000209,34.0608430000132],[-118.545883999834,34.0609110000715],[-118.545371999648,34.0603280001099],[-118.545018000544,34.060127999983],[-118.54443399949,34.0600389999162],[-118.543624000276,34.0600659998627],[-118.543309999558,34.0595719999487],[-118.542777999281,34.0595779998052],[-118.542663000551,34.0593220000911],[-118.542799000095,34.0587179999106],[-118.542977000371,34.0581810004098],[-118.542792000423,34.0579500003306],[-118.541945999427,34.0577280003474],[-118.541247999469,34.0570900002903],[-118.540983000053,34.0569210004483],[-118.541198999963,34.056679000048],[-118.541486999843,34.0562189997874],[-118.541457000604,34.0561760003424],[-118.541360999446,34.0560000005351],[-118.541224999902,34.0559290002007],[-118.541116999947,34.0558359998614],[-118.54079700028,34.0557339999721],[-118.540462999471,34.0555519998501],[-118.54047400024,34.0553920001481],[-118.540721000112,34.0552389998389],[-118.54075800082,34.0550349999893],[-118.540895000189,34.0549269996951],[-118.541081999787,34.054798000073],[-118.541281999804,34.054854000135],[-118.541507000833,34.0549889998533],[-118.541780999571,34.0550129998303],[-118.542115999307,34.054812000278],[-118.542300000328,34.0541630004102],[-118.542749999692,34.0535420001268],[-118.542732000148,34.0532810000414],[-118.542674000422,34.0529930006828],[-118.542407999385,34.0527510002328],[-118.542253000472,34.0525210005487],[-118.542050999908,34.0523080003009],[-118.541754999632,34.0524180000834],[-118.541728999692,34.0519950002203],[-118.541568999859,34.0519310002209],[-118.541209000009,34.0518559996832],[-118.541026000609,34.0521670003981],[-118.540721999937,34.0520170004183],[-118.540690999975,34.0520110000266],[-118.540649999967,34.0520389998663],[-118.540617999282,34.0520459998248],[-118.540383000003,34.0522389997286],[-118.540448999227,34.0524350001182],[-118.540480999913,34.052460999946],[-118.541017000388,34.0527859997255],[-118.540940999322,34.0531229996307],[-118.540519000446,34.0529590000893],[-118.540247000459,34.0527319989072],[-118.54011400039,34.0526360000966],[-118.540002000237,34.0527460001977],[-118.53962100047,34.0527439995882],[-118.53909699969,34.0527210000181],[-118.53862800006,34.0529250002263],[-118.538316999716,34.0528369995984],[-118.538155000232,34.0527630001668],[-118.537955000216,34.0526669999027],[-118.537904000162,34.0524530004579],[-118.537891999568,34.0522370005956],[-118.537930000101,34.0519620002848],[-118.538122999547,34.0518079994233],[-118.538164000453,34.0515469999538],[-118.53805000065,34.0511979995842],[-118.537571999901,34.0509110001744],[-118.53711999999,34.0509659995012],[-118.536833999759,34.0513010000432],[-118.536847000178,34.0515760002653],[-118.536488000153,34.0514320004172],[-118.536607999803,34.0511229998867],[-118.536784999355,34.0508569996504],[-118.536882999265,34.0506030003079],[-118.53701100021,34.0503459999497],[-118.536956999783,34.049990000463],[-118.536490999628,34.0498159996557],[-118.536194999352,34.049956999747],[-118.535835999326,34.0502699999087],[-118.535767999554,34.0506890003639],[-118.535522000405,34.0509529997312],[-118.535327000412,34.0509489999161],[-118.535208999513,34.0507750003327],[-118.535362999498,34.0506349996985],[-118.535323000214,34.0502999995021],[-118.535167999505,34.0499370004346],[-118.535210999162,34.0496430003213],[-118.535560999865,34.0493800001966],[-118.535875999509,34.0492640003522],[-118.536294000882,34.049356999714],[-118.536623999697,34.0493049996352],[-118.536577999666,34.0492660002995],[-118.536584999339,34.0488729996945],[-118.53698699992,34.0487310004256],[-118.536882000338,34.0485010002562],[-118.536453999818,34.0483599999765],[-118.536278000091,34.04819899974],[-118.536165999938,34.0480240001069],[-118.53587399986,34.0478439997886],[-118.535795000217,34.0476790000915],[-118.535830999304,34.0474350001133],[-118.536092000318,34.0471810001955],[-118.536319000098,34.0470209995813],[-118.536482999232,34.046766000281],[-118.53637400035,34.0463729999979],[-118.536278999915,34.0461149998331],[-118.536346999688,34.0457249999287],[-118.536349000236,34.0454580002308],[-118.536343000388,34.045393999763],[-118.536295999634,34.0453770005494],[-118.535965000096,34.0451229996774],[-118.535970000119,34.0448509998165],[-118.536171000859,34.0447710006984],[-118.536381999848,34.0446600002712],[-118.536527000511,34.0446320002277],[-118.536550999902,34.0445259993942],[-118.536730000002,34.0443640004066],[-118.537054999692,34.0441360003697],[-118.537042999997,34.043744999885],[-118.53704800002,34.0435580002458],[-118.536661000405,34.0433179997502],[-118.536776999858,34.042926000284],[-118.536937999516,34.0425810003693],[-118.537161999822,34.0422739997032],[-118.537365000212,34.0422379999087],[-118.537494999908,34.0419569995609],[-118.537676999483,34.0415139998052],[-118.537648000069,34.0410780000883],[-118.537650999544,34.0408109999029],[-118.537475999642,34.0404770000517],[-118.537021000255,34.0406690005325],[-118.536730000901,34.0406120003304],[-118.536357999558,34.0408170003429],[-118.536151999694,34.0407960006621],[-118.53612499993,34.0408799993539],[-118.535983000538,34.0410019999288],[-118.535970000119,34.041009000054],[-118.535853999768,34.0410020006732],[-118.535755999859,34.040917999869],[-118.535609000444,34.040933000577],[-118.53538299959,34.040917999869],[-118.535158000357,34.0409439995065],[-118.535191999794,34.0411830003241],[-118.534990999953,34.0415049995913],[-118.534872999952,34.0417479998217],[-118.53495099977,34.0418959999823],[-118.535293999901,34.0421539995844],[-118.535247999871,34.0422730000192],[-118.534994000326,34.0424749999498],[-118.534750000827,34.0425680000582],[-118.53441000017,34.0428129995755],[-118.534197999559,34.042929000057],[-118.534127999239,34.0431850001477],[-118.534158000275,34.0437690000676],[-118.53402400038,34.0439260003811],[-118.533923000098,34.0442220002858],[-118.533755999693,34.0445040002299],[-118.533635999144,34.0446399997094],[-118.533622000697,34.0448079998161],[-118.533468000712,34.0448509998165],[-118.533358000208,34.0452189995513],[-118.533545999631,34.0453349997192],[-118.53348899973,34.0457460006219],[-118.533476000209,34.0459119999998],[-118.533430999105,34.0460409997448],[-118.533337000292,34.0464219999924],[-118.533359000033,34.0467759995675],[-118.533169000063,34.0468719998031],[-118.533220000116,34.0471260006465],[-118.533169000063,34.0473990002768],[-118.532954999802,34.0475410002877],[-118.532902999924,34.0477680004823],[-118.532969000046,34.0480300000365],[-118.533225999964,34.0481059998524],[-118.533262999774,34.0483089996434],[-118.533263999599,34.0484959999705],[-118.532986999589,34.0486970003558],[-118.532763000182,34.0489020001764],[-118.532556999419,34.0490240003754],[-118.532422999525,34.0492109998699],[-118.532127999972,34.04975299984],[-118.531974999811,34.0501549993844],[-118.531907999864,34.0504579999641],[-118.531767999224,34.0508380001333],[-118.532444000339,34.0513029999425],[-118.532714999603,34.0515080001608],[-118.533187000504,34.0515080001608],[-118.533936000517,34.0515209998457],[-118.534441999957,34.0513719997881],[-118.534836000142,34.0511139999483],[-118.535126999497,34.0510989995527],[-118.535291000427,34.0513010000432],[-118.535154999984,34.0516110002431],[-118.535228999604,34.0517420001381],[-118.535391999811,34.0517530006428],[-118.535506999438,34.0517750001593],[-118.535218999558,34.0517949997825],[-118.535108999953,34.0517970004144],[-118.535215000259,34.0518969999457],[-118.535504999789,34.0519529996911],[-118.535638999683,34.0518369996456],[-118.535767999554,34.0518339994435],[-118.535888999928,34.0518869997746],[-118.53605499961,34.0518430000497],[-118.536144000196,34.0519909997101],[-118.536200999199,34.0521440006715],[-118.536334000167,34.0521310003379],[-118.53641299981,34.0521789996705],[-118.536494000001,34.0522899999305],[-118.536535000009,34.0524230001378],[-118.53659399956,34.0524219998292],[-118.536715999758,34.0525759995753],[-118.536803000695,34.0526419996998],[-118.536899999882,34.0527290002253],[-118.537017000057,34.0526200004083],[-118.537124000188,34.0525839997961],[-118.537144000279,34.0526929996593],[-118.537056000415,34.05292099976],[-118.537221000272,34.0529520002062],[-118.537314000158,34.0529529997642],[-118.537327999504,34.0528940005145],[-118.537446999329,34.0527959997905],[-118.537560000206,34.0527579993882],[-118.537634000724,34.0528109998859],[-118.537792999834,34.0529069999869],[-118.537782999788,34.0529570002291],[-118.537699000123,34.0530620006416],[-118.537737000656,34.0531489999917],[-118.537951000018,34.0528680000753],[-118.538038999881,34.0530939998483],[-118.538402000105,34.0532410000029],[-118.538394999534,34.0534700004145],[-118.538620999489,34.0534649996776],[-118.538807999985,34.053407000337],[-118.538936999857,34.0533439994683],[-118.539217000239,34.0532080005524],[-118.539435999624,34.0534199997307],[-118.539717999656,34.0534109992918],[-118.539946999985,34.0534340001633],[-118.54023400004,34.0534880005343],[-118.540393000049,34.053605000104],[-118.540623000203,34.0538699996137],[-118.540557000081,34.054074000034],[-118.540436999532,34.0542659994995],[-118.540347000018,34.0544310005187],[-118.540285000094,34.0548279995526],[-118.540121000063,34.0552039998704],[-118.539932000815,34.0554569992959],[-118.539708999436,34.0556999997336],[-118.539662000478,34.0559279999335],[-118.539886999711,34.0561030003694],[-118.540089000276,34.0561939998878],[-118.540207000276,34.0563340002726],[-118.540253000307,34.0564740004263],[-118.540220999622,34.0566269999949],[-118.540169000641,34.0567439996975],[-118.540239000063,34.0569320002809],[-118.54025999998,34.0570549995976],[-118.540213999949,34.0571640004102],[-118.540141000154,34.0572850003764],[-118.540220999622,34.0573859996379],[-118.540270000924,34.0575619995443],[-118.540320000254,34.057751999549],[-118.540401000445,34.0579209999669],[-118.540484000286,34.0580640004581],[-118.540600999563,34.0582179996295],[-118.540661999663,34.0583480002393],[-118.540648000317,34.0584869998064],[-118.540584000743,34.0586379997364],[-118.540587000218,34.0587719998925],[-118.540731000158,34.0588369994253],[-118.540989000799,34.0589450006915],[-118.541165999453,34.0590479999241],[-118.541220999704,34.0591709998913],[-118.54121600058,34.0592269992969],[-118.541450000033,34.0593610000103],[-118.541554000689,34.059424000128],[-118.541624000111,34.059508999941],[-118.541694000431,34.0596060001224],[-118.541747999959,34.059743000159],[-118.541857999564,34.0600130001801],[-118.541938999755,34.060267000352],[-118.542249000274,34.0604990002832],[-118.542555000596,34.0606240000567],[-118.542861999845,34.0607569998395],[-118.543030999899,34.0608970001296],[-118.543127999983,34.0610580000656],[-118.542993000264,34.0610560003965],[-118.542834000255,34.0609790000752],[-118.54258200036,34.0609079994462],[-118.542351000382,34.0608449996874],[-118.542134000647,34.0608409995948],[-118.541849000241,34.060925999475],[-118.541751000332,34.0608499999889],[-118.541547999943,34.0607090001546],[-118.541240999796,34.0605919999715],[-118.54105,34.0604350000064],[-118.540805999603,34.060291000323],[-118.540716999914,34.0601879996241],[-118.540648000317,34.0600450004839],[-118.540647000492,34.0598990004414],[-118.540553000781,34.0598100001342],[-118.540526000119,34.0597090000401],[-118.540419999813,34.0595480005183],[-118.540382000178,34.0593309999023],[-118.540306999835,34.0591860003471],[-118.540182000162,34.0590780001322],[-118.540039000047,34.058927000242],[-118.540012000283,34.058751000193],[-118.540085000078,34.0585769995062],[-118.539976000298,34.0584880000434],[-118.539867999444,34.05840899989],[-118.539775999383,34.0583179997728],[-118.539634999816,34.0581640000388],[-118.539617999199,34.0580159999922],[-118.539650999709,34.0578740004085],[-118.539717999656,34.057757000033],[-118.539722999679,34.0576460002335],[-118.539408000035,34.0576869999282],[-118.539129000376,34.0574990002752],[-118.539033999941,34.0572149998819],[-118.539046000535,34.0569030003131],[-118.539106999736,34.0565190002405],[-118.539136999873,34.0562240003618],[-118.53915600014,34.0559409996848],[-118.539100999888,34.0556170003638],[-118.538995999408,34.0551930005578],[-118.538947000801,34.0549690002393],[-118.538988000809,34.0546079994009],[-118.539005999454,34.0545639995997],[-118.538833999925,34.0544800003219],[-118.538740000213,34.0544750003888],[-118.53851000006,34.054488000363],[-118.538240999548,34.0545370001333],[-118.538126999745,34.0546950001414],[-118.538109000202,34.054860999861],[-118.538136999791,34.0550099997405],[-118.538377999815,34.0550669999398],[-118.53852299958,34.0552300003374],[-118.53854300057,34.0554579995687],[-118.538602999946,34.0557410003697],[-118.538561999938,34.0560310005996],[-118.538615999466,34.0564280003269],[-118.538495999816,34.0569800013606],[-118.538030999485,34.0569970004806],[-118.537509000152,34.0569550001969],[-118.53737100006,34.0564949999456],[-118.537284999846,34.0562469997257],[-118.537231000318,34.0560719995871],[-118.536834999584,34.0559609998137],[-118.536553999377,34.0559249998761],[-118.536376,34.0558150001788],[-118.53608600047,34.0556520001618],[-118.535881999357,34.0554719996647],[-118.535543999248,34.0554480005619],[-118.535275000533,34.0554939997046],[-118.535307999247,34.0558430002506],[-118.535491000443,34.0560140005416],[-118.535822000879,34.0560719995871],[-118.536110999686,34.0561739998139],[-118.536355000083,34.0563209998373],[-118.536444999597,34.056523000537],[-118.536684999796,34.0568259999399],[-118.536656000382,34.0569900001867],[-118.53647900083,34.0571630001576],[-118.536360999931,34.0573029996862],[-118.536390000244,34.0575829995383],[-118.536703000238,34.0578440005185],[-118.537099999898,34.05791799998],[-118.537263000105,34.057686000426],[-118.537496000631,34.0576489994857],[-118.5378730002,34.0575390005372],[-118.538229999677,34.057520999789],[-118.538575000357,34.0576039995272],[-118.538849999818,34.057779000224],[-118.53890699972,34.0579319996697],[-118.538984000611,34.0581619995572],[-118.538782999871,34.0582170001335],[-118.538524000303,34.0581689997543],[-118.538259999814,34.0581740002137],[-118.538048999927,34.058172999973],[-118.537882000421,34.0582459996517],[-118.538099000156,34.0584260002119],[-118.538492000516,34.0584199995295],[-118.538824999704,34.0584830003468],[-118.539009000725,34.0588210001632],[-118.539365000377,34.0589820003218],[-118.539644999862,34.0592969996182],[-118.539708999436,34.0594610002935],[-118.539814999741,34.059574999877],[-118.539869000167,34.059696999601],[-118.539952000008,34.0598020005953],[-118.540048000268,34.0599180001605],[-118.540110000192,34.0600380004417],[-118.540338999622,34.0601799993767],[-118.540443000278,34.0603280001099],[-118.540573999799,34.0604440004436],[-118.540803000128,34.0605960000759],[-118.541014000015,34.0606840000909],[-118.541223999179,34.0607999999372],[-118.541436999614,34.060906999982],[-118.541503000635,34.0611059995529],[-118.541479000346,34.0613790003057],[-118.541468000475,34.0616140000259],[-118.541511999958,34.061804999331],[-118.541368000916,34.0619089997497],[-118.541285000177,34.0620990004283],[-118.541401999454,34.062307999864],[-118.541327999834,34.0624939996334],[-118.541196999415,34.062530999947],[-118.541075000115,34.0626679997203],[-118.541046000701,34.0628660001802],[-118.541122999795,34.063133999562],[-118.541378000063,34.0633350002166],[-118.541499999364,34.0635539983768],[-118.541834999998,34.0637059998729],[-118.542034000189,34.0638439994088],[-118.542132000099,34.0641229998063],[-118.54225700067,34.0642369998164],[-118.542418999256,34.0644949998996],[-118.542646000833,34.0645690002516],[-118.542958999929,34.0646029999089]]]]},"properties":{"FIRE_NAME":"PALISADES","GIS_ACRES":23448.88,"ALARM_DATE":1736208000000,"CONT_DATE":1738281600000}}]}