{"type": "FeatureCollection", "features": [{"type": "Feature", "geometry": {"type": "Point", "coordinates": [-121.05384, 39.14156]}, "properties": {"name": "Alta Sierra", "population": 6911}}, {"type": "Feature", "geometry": {"type": "Point", "coordinates": [-121.07689, 38.89657]}, "properties": {"name": "Auburn", "population": 13776}}, {"type": "Feature", "geometry": {"type": "Point", "coordinates": [-120.98716, 38.66879]}, "properties": {"name": "Cameron Park", "population": 18228}}, {"type": "Feature", "geometry": {"type": "Point", "coordinates": [-116.46891, 32.60645]}, "properties": {"name": "Campo", "population": 2684}}, {"type": "Feature", "geometry": {"type": "Point", "coordinates": [-119.8332, 36.54273]}, "properties": {"name": "Caruthers", "population": 2497}}, {"type": "Feature", "geometry": {"type": "Point", "coordinates": [-118.94343, 34.18362]}, "properties": {"name": "Casa Conejo", "population": 3249}}, {"type": "Feature", "geometry": {"type": "Point", "coordinates": [-122.26802, 37.46466]}, "properties": {"name": "Emerald Lake Hills", "population": 4278}}, {"type": "Feature", "geometry": {"type": "Point", "coordinates": [-117.25115, 33.37642]}, "properties": {"name": "Fallbrook", "population": 30534}}, {"type": "Feature", "geometry": {"type": "Point", "coordinates": [-121.22939, 37.96381]}, "properties": {"name": "Garden Acres", "population": 10648}}, {"type": "Feature", "geometry": {"type": "Point", "coordinates": [-121.06106, 39.21906]}, "properties": {"name": "Grass Valley", "population": 12944}}, {"type": "Feature", "geometry": {"type": "Point", "coordinates": [-122.16219, 38.25297]}, "properties": {"name": "Green Valley", "population": 1625}}, {"type": "Feature", "geometry": {"type": "Point", "coordinates": [-117.33338, 34.01585]}, "properties": {"name": "Highgrove", "population": 3988}}, {"type": "Feature", "geometry": {"type": "Point", "coordinates": [-116.34311, 33.71791]}, "properties": {"name": "Indian Wells", "population": 5289}}, {"type": "Feature", "geometry": {"type": "Point", "coordinates": [-118.13396, 33.85363]}, "properties": {"name": "Lakewood", "population": 81611}}, {"type": "Feature", "geometry": {"type": "Point", "coordinates": [-118.18923, 33.76696]}, "properties": {"name": "Long Beach", "population": 474140}}, {"type": "Feature", "geometry": {"type": "Point", "coordinates": [-120.06072, 36.96134]}, "properties": {"name": "Madera", "population": 64208}}, {"type": "Feature", "geometry": {"type": "Point", "coordinates": [-120.48297, 37.30216]}, "properties": {"name": "Merced", "population": 82436}}, {"type": "Feature", "geometry": {"type": "Point", "coordinates": [-117.14392, 32.9156]}, "properties": {"name": "Mira Mesa", "population": 70000}}, {"type": "Feature", "geometry": {"type": "Point", "coordinates": [-122.41914, 37.75993]}, "properties": {"name": "Mission District", "population": 47234}}, {"type": "Feature", "geometry": {"type": "Point", "coordinates": [-117.34894, 34.49666]}, "properties": {"name": "Mountain View Acres", "population": 3130}}, {"type": "Feature", "geometry": {"type": "Point", "coordinates": [-117.21392, 33.55391]}, "properties": {"name": "Murrieta", "population": 109830}}, {"type": "Feature", "geometry": {"type": "Point", "coordinates": [-114.61413, 34.84806]}, "properties": {"name": "Needles", "population": 4984}}, {"type": "Feature", "geometry": {"type": "Point", "coordinates": [-120.31852, 37.29077]}, "properties": {"name": "Planada", "population": 4584}}, {"type": "Feature", "geometry": {"type": "Point", "coordinates": [-123.20445, 39.26544]}, "properties": {"name": "Redwood Valley", "population": 1729}}, {"type": "Feature", "geometry": {"type": "Point", "coordinates": [-118.53647, 34.20112]}, "properties": {"name": "Reseda", "population": 65000}}, {"type": "Feature", "geometry": {"type": "Point", "coordinates": [-122.01468, 37.05106]}, "properties": {"name": "Scotts Valley", "population": 11945}}, {"type": "Feature", "geometry": {"type": "Point", "coordinates": [-119.98435, 38.93324]}, "properties": {"name": "South Lake Tahoe", "population": 21706}}, {"type": "Feature", "geometry": {"type": "Point", "coordinates": [-119.77265, 37.19106]}, "properties": {"name": "Yosemite Lakes", "population": 4952}}, {"type": "Feature", "geometry": {"type": "Point", "coordinates": [-118.90454, 36.43884]}, "properties": {"name": "Three Rivers", "population": 2182}}, {"type": "Feature", "geometry": {"type": "Point", "coordinates": [-124.10062, 40.94652]}, "properties": {"name": "McKinleyville", "population": 15177}}, {"type": "Feature", "geometry": {"type": "Point", "coordinates": [-121.00579, 40.306]}, "properties": {"name": "Westwood", "population": 1647}}, {"type": "Feature", "geometry": {"type": "Point", "coordinates": [-117.82588, 33.70006]}, "properties": {"name": "Tustin Legacy", "population": 21428}}, {"type": "Feature", "geometry": {"type": "Point", "coordinates": [-118.77453, 34.13639]}, "properties": {"name": "Agoura Hills", "population": 20915}}, {"type": "Feature", "geometry": {"type": "Point", "coordinates": [-117.72712, 33.56504]}, "properties": {"name": "Aliso Viejo", "population": 50195}}, {"type": "Feature", "geometry": {"type": "Point", "coordinates": [-120.12903, 36.00412]}, "properties": {"name": "Avenal", "population": 13301}}, {"type": "Feature", "geometry": {"type": "Point", "coordinates": [-122.15052, 37.04162]}, "properties": {"name": "Bonny Doon", "population": 2678}}, {"type": "Feature", "geometry": {"type": "Point", "coordinates": [-120.89213, 35.44275]}, "properties": {"name": "Cayucos", "population": 2592}}, {"type": "Feature", "geometry": {"type": "Point", "coordinates": [-118.41786, 34.05557]}, "properties": {"name": "Century City", "population": 5513}}, {"type": "Feature", "geometry": {"type": "Point", "coordinates": [-117.68894, 34.01223]}, "properties": {"name": "Chino", "population": 85595}}, {"type": "Feature", "geometry": {"type": "Point", "coordinates": [-117.31365, 34.0739]}, "properties": {"name": "Colton", "population": 54621}}, {"type": "Feature", "geometry": {"type": "Point", "coordinates": [-117.97729, 34.13945]}, "properties": {"name": "Duarte", "population": 21990}}, {"type": "Feature", "geometry": {"type": "Point", "coordinates": [-118.97566, 36.05745]}, "properties": {"name": "East Porterville", "population": 6767}}, {"type": "Feature", "geometry": {"type": "Point", "coordinates": [-118.09118, 34.09168]}, "properties": {"name": "East San Gabriel", "population": 14874}}, {"type": "Feature", "geometry": {"type": "Point", "coordinates": [-121.08217, 38.68574]}, "properties": {"name": "El Dorado Hills", "population": 42108}}, {"type": "Feature", "geometry": {"type": "Point", "coordinates": [-122.58887, 37.98715]}, "properties": {"name": "Fairfax", "population": 7626}}, {"type": "Feature", "geometry": {"type": "Point", "coordinates": [-119.20678, 36.29773]}, "properties": {"name": "Farmersville", "population": 10774}}, {"type": "Feature", "geometry": {"type": "Point", "coordinates": [-117.26698, 33.76474]}, "properties": {"name": "Good Hope", "population": 9192}}, {"type": "Feature", "geometry": {"type": "Point", "coordinates": [-119.21789, 36.38717]}, "properties": {"name": "Ivanhoe", "population": 4495}}, {"type": "Feature", "geometry": {"type": "Point", "coordinates": [-116.87613, 32.717]}, "properties": {"name": "Jamul", "population": 6163}}, {"type": "Feature", "geometry": {"type": "Point", "coordinates": [-121.25272, 37.92992]}, "properties": {"name": "Kennedy", "population": 3254}}, {"type": "Feature", "geometry": {"type": "Point", "coordinates": [-117.10393, 34.87665]}, "properties": {"name": "Lenwood", "population": 3543}}, {"type": "Feature", "geometry": {"type": "Point", "coordinates": [-118.06462, 36.60626]}, "properties": {"name": "Lone Pine", "population": 2035}}, {"type": "Feature", "geometry": {"type": "Point", "coordinates": [-121.193, 38.82129]}, "properties": {"name": "Loomis", "population": 6836}}, {"type": "Feature", "geometry": {"type": "Point", "coordinates": [-121.57831, 39.81211]}, "properties": {"name": "Magalia", "population": 11310}}, {"type": "Feature", "geometry": {"type": "Point", "coordinates": [-122.84833, 39.12323]}, "properties": {"name": "Nice", "population": 2731}}, {"type": "Feature", "geometry": {"type": "Point", "coordinates": [-120.691, 35.62664]}, "properties": {"name": "Paso Robles", "population": 27157}}, {"type": "Feature", "geometry": {"type": "Point", "coordinates": [-118.16341, 34.86414]}, "properties": {"name": "Rosamond", "population": 18150}}, {"type": "Feature", "geometry": {"type": "Point", "coordinates": [-121.61022, 37.08495]}, "properties": {"name": "San Martin", "population": 7027}}, {"type": "Feature", "geometry": {"type": "Point", "coordinates": [-120.43572, 34.95303]}, "properties": {"name": "Santa Maria", "population": 105093}}, {"type": "Feature", "geometry": {"type": "Point", "coordinates": [-119.24679, 36.74023]}, "properties": {"name": "Yokuts Valley", "population": 3162}}, {"type": "Feature", "geometry": {"type": "Point", "coordinates": [-119.45651, 35.14247]}, "properties": {"name": "Taft", "population": 9495}}, {"type": "Feature", "geometry": {"type": "Point", "coordinates": [-120.8291, 38.19159]}, "properties": {"name": "Valley Springs", "population": 3553}}, {"type": "Feature", "geometry": {"type": "Point", "coordinates": [-117.86534, 34.02029]}, "properties": {"name": "Walnut", "population": 30237}}, {"type": "Feature", "geometry": {"type": "Point", "coordinates": [-118.60592, 34.16834]}, "properties": {"name": "Woodland Hills", "population": 70000}}, {"type": "Feature", "geometry": {"type": "Point", "coordinates": [-119.34095, 35.59412]}, "properties": {"name": "Wasco", "population": 26279}}, {"type": "Feature", "geometry": {"type": "Point", "coordinates": [-122.27195, 41.20821]}, "properties": {"name": "Dunsmuir", "population": 1582}}, {"type": "Feature", "geometry": {"type": "Point", "coordinates": [-122.23583, 40.17849]}, "properties": {"name": "Red Bluff", "population": 14131}}, {"type": "Feature", "geometry": {"type": "Point", "coordinates": [-119.80515, 36.79885]}, "properties": {"name": "Old Fig Garden", "population": 5365}}, {"type": "Feature", "geometry": {"type": "Point", "coordinates": [-117.80953, 33.66246]}, "properties": {"name": "University Park", "population": 7885}}, {"type": "Feature", "geometry": {"type": "Point", "coordinates": [-120.53965, 38.06826]}, "properties": {"name": "Angels Camp", "population": 2677}}, {"type": "Feature", "geometry": {"type": "Point", "coordinates": [-118.40036, 34.07362]}, "properties": {"name": "Beverly Hills", "population": 34869}}, {"type": "Feature", "geometry": {"type": "Point", "coordinates": [-117.64978, 34.99942]}, "properties": {"name": "Boron", "population": 2253}}, {"type": "Feature", "geometry": {"type": "Point", "coordinates": [-115.53027, 32.97866]}, "properties": {"name": "Brawley", "population": 25897}}, {"type": "Feature", "geometry": {"type": "Point", "coordinates": [-121.08075, 35.56414]}, "properties": {"name": "Cambria", "population": 6032}}, {"type": "Feature", "geometry": {"type": "Point", "coordinates": [-119.70292, 36.82523]}, "properties": {"name": "Clovis", "population": 104180}}, {"type": "Feature", "geometry": {"type": "Point", "coordinates": [-119.70098, 37.26217]}, "properties": {"name": "Coarsegold", "population": 1840}}, {"type": "Feature", "geometry": {"type": "Point", "coordinates": [-117.91867, 33.64113]}, "properties": {"name": "Costa Mesa", "population": 113204}}, {"type": "Feature", "geometry": {"type": "Point", "coordinates": [-119.28678, 36.52328]}, "properties": {"name": "Cutler", "population": 5000}}, {"type": "Feature", "geometry": {"type": "Point", "coordinates": [-122.4697, 38.53269]}, "properties": {"name": "Deer Park", "population": 1267}}, {"type": "Feature", "geometry": {"type": "Point", "coordinates": [-117.43505, 34.09223]}, "properties": {"name": "Fontana", "population": 212704}}, {"type": "Feature", "geometry": {"type": "Point", "coordinates": [-117.11253, 33.22531]}, "properties": {"name": "Hidden Meadows", "population": 3485}}, {"type": "Feature", "geometry": {"type": "Point", "coordinates": [-116.31307, 34.13473]}, "properties": {"name": "Joshua Tree", "population": 7414}}, {"type": "Feature", "geometry": {"type": "Point", "coordinates": [-117.72533, 33.6103]}, "properties": {"name": "Laguna Woods", "population": 16406}}, {"type": "Feature", "geometry": {"type": "Point", "coordinates": [-121.73495, 36.86523]}, "properties": {"name": "Las Lomas", "population": 3024}}, {"type": "Feature", "geometry": {"type": "Point", "coordinates": [-122.05274, 37.1055]}, "properties": {"name": "Lompico", "population": 1137}}, {"type": "Feature", "geometry": {"type": "Point", "coordinates": [-117.14587, 33.80141]}, "properties": {"name": "Nuevo", "population": 6447}}, {"type": "Feature", "geometry": {"type": "Point", "coordinates": [-118.14452, 34.14778]}, "properties": {"name": "Pasadena", "population": 142250}}, {"type": "Feature", "geometry": {"type": "Point", "coordinates": [-121.87468, 37.66243]}, "properties": {"name": "Pleasanton", "population": 79510}}, {"type": "Feature", "geometry": {"type": "Point", "coordinates": [-120.58611, 38.76158]}, "properties": {"name": "Pollock Pines", "population": 6871}}, {"type": "Feature", "geometry": {"type": "Point", "coordinates": [-116.86808, 33.04171]}, "properties": {"name": "Ramona", "population": 20292}}, {"type": "Feature", "geometry": {"type": "Point", "coordinates": [-120.93549, 37.73604]}, "properties": {"name": "Riverbank", "population": 24122}}, {"type": "Feature", "geometry": {"type": "Point", "coordinates": [-121.05188, 37.60938]}, "properties": {"name": "Riverdale Park", "population": 1128}}, {"type": "Feature", "geometry": {"type": "Point", "coordinates": [-117.39616, 33.95335]}, "properties": {"name": "Riverside", "population": 317261}}, {"type": "Feature", "geometry": {"type": "Point", "coordinates": [-121.28801, 38.75212]}, "properties": {"name": "Roseville", "population": 130269}}, {"type": "Feature", "geometry": {"type": "Point", "coordinates": [-117.4056, 33.99613]}, "properties": {"name": "Rubidoux", "population": 34280}}, {"type": "Feature", "geometry": {"type": "Point", "coordinates": [-117.28977, 34.10834]}, "properties": {"name": "San Bernardino", "population": 216108}}, {"type": "Feature", "geometry": {"type": "Point", "coordinates": [-117.16614, 33.14337]}, "properties": {"name": "San Marcos", "population": 92931}}, {"type": "Feature", "geometry": {"type": "Point", "coordinates": [-122.48525, 37.85909]}, "properties": {"name": "Sausalito", "population": 7156}}, {"type": "Feature", "geometry": {"type": "Point", "coordinates": [-119.06066, 36.14551]}, "properties": {"name": "Strathmore", "population": 2819}}, {"type": "Feature", "geometry": {"type": "Point", "coordinates": [-121.42618, 37.73987]}, "properties": {"name": "Tracy", "population": 87075}}, {"type": "Feature", "geometry": {"type": "Point", "coordinates": [-117.94367, 34.04529]}, "properties": {"name": "Valinda", "population": 22822}}, {"type": "Feature", "geometry": {"type": "Point", "coordinates": [-118.46008, 33.99084]}, "properties": {"name": "Venice", "population": 40885}}, {"type": "Feature", "geometry": {"type": "Point", "coordinates": [-118.11646, 34.50055]}, "properties": {"name": "Vincent", "population": 15922}}, {"type": "Feature", "geometry": {"type": "Point", "coordinates": [-118.30341, 33.92335]}, "properties": {"name": "West Athens", "population": 8729}}, {"type": "Feature", "geometry": {"type": "Point", "coordinates": [-120.65301, 40.41628]}, "properties": {"name": "Susanville", "population": 15247}}, {"type": "Feature", "geometry": {"type": "Point", "coordinates": [-124.15875, 41.7525]}, "properties": {"name": "Bertsch-Oceanview", "population": 2436}}, {"type": "Feature", "geometry": {"type": "Point", "coordinates": [-116.96877, 32.76397]}, "properties": {"name": "Casa de Oro-Mount Helix", "population": 18762}}, {"type": "Feature", "geometry": {"type": "Point", "coordinates": [-116.72587, 33.74429]}, "properties": {"name": "Idyllwild-Pine Cove", "population": 3874}}, {"type": "Feature", "geometry": {"type": "Point", "coordinates": [-117.26832, 34.49364]}, "properties": {"name": "Spring Valley Lake", "population": 8220}}, {"type": "Feature", "geometry": {"type": "Point", "coordinates": [-119.70846, 36.31578]}, "properties": {"name": "Armona", "population": 4156}}, {"type": "Feature", "geometry": {"type": "Point", "coordinates": [-121.96163, 38.02909]}, "properties": {"name": "Bay Point", "population": 21534}}, {"type": "Feature", "geometry": {"type": "Point", "coordinates": [-116.84503, 34.26112]}, "properties": {"name": "Big Bear City", "population": 12304}}, {"type": "Feature", "geometry": {"type": "Point", "coordinates": [-118.39511, 37.36354]}, "properties": {"name": "Bishop", "population": 3806}}, {"type": "Feature", "geometry": {"type": "Point", "coordinates": [-117.22559, 33.28892]}, "properties": {"name": "Bonsall", "population": 3982}}, {"type": "Feature", "geometry": {"type": "Point", "coordinates": [-121.91662, 37.32133]}, "properties": {"name": "Buena Vista", "population": 1704}}, {"type": "Feature", "geometry": {"type": "Point", "coordinates": [-118.30897, 34.18084]}, "properties": {"name": "Burbank", "population": 105319}}, {"type": "Feature", "geometry": {"type": "Point", "coordinates": [-120.59628, 35.05303]}, "properties": {"name": "Callender", "population": 1262}}, {"type": "Feature", "geometry": {"type": "Point", "coordinates": [-120.82327, 38.68185]}, "properties": {"name": "Deer Park", "population": 1384}}, {"type": "Feature", "geometry": {"type": "Point", "coordinates": [-117.81034, 34.02862]}, "properties": {"name": "Diamond Bar", "population": 56897}}, {"type": "Feature", "geometry": {"type": "Point", "coordinates": [-121.81745, 37.38105]}, "properties": {"name": "East Foothills", "population": 8269}}, {"type": "Feature", "geometry": {"type": "Point", "coordinates": [-122.29525, 37.97715]}, "properties": {"name": "El Sobrante", "population": 12669}}, {"type": "Feature", "geometry": {"type": "Point", "coordinates": [-122.01719, 38.69213]}, "properties": {"name": "Esparto", "population": 3108}}, {"type": "Feature", "geometry": {"type": "Point", "coordinates": [-117.96868, 33.99307]}, "properties": {"name": "Hacienda Heights", "population": 54038}}, {"type": "Feature", "geometry": {"type": "Point", "coordinates": [-116.21677, 33.7207]}, "properties": {"name": "Indio", "population": 87533}}, {"type": "Feature", "geometry": {"type": "Point", "coordinates": [-120.91549, 37.5566]}, "properties": {"name": "Keyes", "population": 5601}}, {"type": "Feature", "geometry": {"type": "Point", "coordinates": [-118.91427, 35.25968]}, "properties": {"name": "Lamont", "population": 15120}}, {"type": "Feature", "geometry": {"type": "Point", "coordinates": [-121.41774, 39.31183]}, "properties": {"name": "Loma Rica", "population": 2368}}, {"type": "Feature", "geometry": {"type": "Point", "coordinates": [-118.24368, 34.05223]}, "properties": {"name": "Los Angeles", "population": 3820914}}, {"type": "Feature", "geometry": {"type": "Point", "coordinates": [-119.96628, 37.48494]}, "properties": {"name": "Mariposa", "population": 2173}}, {"type": "Feature", "geometry": {"type": "Point", "coordinates": [-118.12285, 34.06251]}, "properties": {"name": "Monterey Park", "population": 61468}}, {"type": "Feature", "geometry": {"type": "Point", "coordinates": [-119.30011, 34.4]}, "properties": {"name": "Oak View", "population": 4066}}, {"type": "Feature", "geometry": {"type": "Point", "coordinates": [-121.19107, 39.196]}, "properties": {"name": "Penn Valley", "population": 1621}}, {"type": "Feature", "geometry": {"type": "Point", "coordinates": [-117.22865, 33.78252]}, "properties": {"name": "Perris", "population": 74971}}, {"type": "Feature", "geometry": {"type": "Point", "coordinates": [-120.94647, 39.93682]}, "properties": {"name": "Quincy", "population": 1728}}, {"type": "Feature", "geometry": {"type": "Point", "coordinates": [-119.55597, 36.70801]}, "properties": {"name": "Sanger", "population": 24950}}, {"type": "Feature", "geometry": {"type": "Point", "coordinates": [-121.85162, 36.61107]}, "properties": {"name": "Seaside", "population": 33025}}, {"type": "Feature", "geometry": {"type": "Point", "coordinates": [-118.44925, 34.15112]}, "properties": {"name": "Sherman Oaks", "population": 52677}}, {"type": "Feature", "geometry": {"type": "Point", "coordinates": [-118.05285, 34.16167]}, "properties": {"name": "Sierra Madre", "population": 11163}}, {"type": "Feature", "geometry": {"type": "Point", "coordinates": [-119.47262, 35.13469]}, "properties": {"name": "Taft Heights", "population": 1949}}, {"type": "Feature", "geometry": {"type": "Point", "coordinates": [-120.05102, 39.23991]}, "properties": {"name": "Tahoe Vista", "population": 1433}}, {"type": "Feature", "geometry": {"type": "Point", "coordinates": [-124.15728, 40.59819]}, "properties": {"name": "Fortuna", "population": 12000}}, {"type": "Feature", "geometry": {"type": "Point", "coordinates": [-122.39168, 40.58654]}, "properties": {"name": "Redding", "population": 91582}}, {"type": "Feature", "geometry": {"type": "Point", "coordinates": [-119.90476, 36.26326]}, "properties": {"name": "Lemoore Station", "population": 7438}}, {"type": "Feature", "geometry": {"type": "Point", "coordinates": [-119.14919, 36.05635]}, "properties": {"name": "Poplar-Cotton Center", "population": 2470}}, {"type": "Feature", "geometry": {"type": "Point", "coordinates": [-121.87566, 38.66429]}, "properties": {"name": "Monument Hills", "population": 1542}}, {"type": "Feature", "geometry": {"type": "Point", "coordinates": [-119.27831, 35.92894]}, "properties": {"name": "Teviston", "population": 1214}}, {"type": "Feature", "geometry": {"type": "Point", "coordinates": [-117.81015, 33.64335]}, "properties": {"name": "Turtle Rock", "population": 12288}}, {"type": "Feature", "geometry": {"type": "Point", "coordinates": [-117.77123, 33.67398]}, "properties": {"name": "Oak Creek", "population": 10018}}, {"type": "Feature", "geometry": {"type": "Point", "coordinates": [-122.2758, 37.52021]}, "properties": {"name": "Belmont", "population": 27218}}, {"type": "Feature", "geometry": {"type": "Point", "coordinates": [-118.16924, 34.04057]}, "properties": {"name": "Belvedere", "population": 2072}}, {"type": "Feature", "geometry": {"type": "Point", "coordinates": [-121.67495, 36.69885]}, "properties": {"name": "Boronda", "population": 1710}}, {"type": "Feature", "geometry": {"type": "Point", "coordinates": [-122.57971, 38.5788]}, "properties": {"name": "Calistoga", "population": 5330}}, {"type": "Feature", "geometry": {"type": "Point", "coordinates": [-118.62287, 34.48888]}, "properties": {"name": "Castaic", "population": 19015}}, {"type": "Feature", "geometry": {"type": "Point", "coordinates": [-120.27686, 38.06576]}, "properties": {"name": "Cedar Ridge", "population": 1132}}, {"type": "Feature", "geometry": {"type": "Point", "coordinates": [-120.26018, 37.123]}, "properties": {"name": "Chowchilla", "population": 18510}}, {"type": "Feature", "geometry": {"type": "Point", "coordinates": [-116.17389, 33.6803]}, "properties": {"name": "Coachella", "population": 44635}}, {"type": "Feature", "geometry": {"type": "Point", "coordinates": [-121.67275, 39.88211]}, "properties": {"name": "Forest Ranch", "population": 1184}}, {"type": "Feature", "geometry": {"type": "Point", "coordinates": [-121.29995, 38.25464]}, "properties": {"name": "Galt", "population": 25303}}, {"type": "Feature", "geometry": {"type": "Point", "coordinates": [-116.477, 33.927]}, "properties": {"name": "Garnet", "population": 7543}}, {"type": "Feature", "geometry": {"type": "Point", "coordinates": [-117.93534, 34.10695]}, "properties": {"name": "Irwindale", "population": 1437}}, {"type": "Feature", "geometry": {"type": "Point", "coordinates": [-117.94951, 34.02001]}, "properties": {"name": "La Puente", "population": 40745}}, {"type": "Feature", "geometry": {"type": "Point", "coordinates": [-116.31001, 33.66336]}, "properties": {"name": "La Quinta", "population": 40476}}, {"type": "Feature", "geometry": {"type": "Point", "coordinates": [-117.70755, 33.52253]}, "properties": {"name": "Laguna Niguel", "population": 65806}}, {"type": "Feature", "geometry": {"type": "Point", "coordinates": [-116.92225, 32.85727]}, "properties": {"name": "Lakeside", "population": 20648}}, {"type": "Feature", "geometry": {"type": "Point", "coordinates": [-121.97301, 37.16467]}, "properties": {"name": "Lexington Hills", "population": 2421}}, {"type": "Feature", "geometry": {"type": "Point", "coordinates": [-118.21146, 33.93029]}, "properties": {"name": "Lynwood", "population": 71989}}, {"type": "Feature", "geometry": {"type": "Point", "coordinates": [-118.41091, 33.88474]}, "properties": {"name": "Manhattan Beach", "population": 35818}}, {"type": "Feature", "geometry": {"type": "Point", "coordinates": [-122.66665, 38.29964]}, "properties": {"name": "Penngrove", "population": 2522}}, {"type": "Feature", "geometry": {"type": "Point", "coordinates": [-120.64128, 35.14275]}, "properties": {"name": "Pismo Beach", "population": 8162}}, {"type": "Feature", "geometry": {"type": "Point", "coordinates": [-118.38841, 33.84918]}, "properties": {"name": "Redondo Beach", "population": 68166}}, {"type": "Feature", "geometry": {"type": "Point", "coordinates": [-117.37032, 34.1064]}, "properties": {"name": "Rialto", "population": 103132}}, {"type": "Feature", "geometry": {"type": "Point", "coordinates": [-117.6709, 35.62246]}, "properties": {"name": "Ridgecrest", "population": 28780}}, {"type": "Feature", "geometry": {"type": "Point", "coordinates": [-119.85958, 36.43106]}, "properties": {"name": "Riverdale", "population": 3153}}, {"type": "Feature", "geometry": {"type": "Point", "coordinates": [-117.17503, 33.74585]}, "properties": {"name": "Romoland", "population": 1684}}, {"type": "Feature", "geometry": {"type": "Point", "coordinates": [-117.66255, 33.50169]}, "properties": {"name": "San Juan Capistrano", "population": 36454}}, {"type": "Feature", "geometry": {"type": "Point", "coordinates": [-116.95392, 33.09171]}, "properties": {"name": "San Pasqual", "population": 2041}}, {"type": "Feature", "geometry": {"type": "Point", "coordinates": [-119.27178, 35.50051]}, "properties": {"name": "Shafter", "population": 18336}}, {"type": "Feature", "geometry": {"type": "Point", "coordinates": [-117.27115, 32.99115]}, "properties": {"name": "Solana Beach", "population": 13449}}, {"type": "Feature", "geometry": {"type": "Point", "coordinates": [-120.38214, 37.98409]}, "properties": {"name": "Sonora", "population": 4818}}, {"type": "Feature", "geometry": {"type": "Point", "coordinates": [-118.3023, 34.26695]}, "properties": {"name": "Sunland", "population": 15316}}, {"type": "Feature", "geometry": {"type": "Point", "coordinates": [-122.31636, 37.99353]}, "properties": {"name": "Tara Hills", "population": 5126}}, {"type": "Feature", "geometry": {"type": "Point", "coordinates": [-118.29257, 33.82168]}, "properties": {"name": "West Carson", "population": 21699}}, {"type": "Feature", "geometry": {"type": "Point", "coordinates": [-122.29778, 40.44821]}, "properties": {"name": "Anderson", "population": 10217}}, {"type": "Feature", "geometry": {"type": "Point", "coordinates": [-117.31603, 33.31465]}, "properties": {"name": "Camp Pendleton North", "population": 5200}}, {"type": "Feature", "geometry": {"type": "Point", "coordinates": [-118.91815, 34.39916]}, "properties": {"name": "Fillmore", "population": 15548}}, {"type": "Feature", "geometry": {"type": "Point", "coordinates": [-120.35103, 38.25547]}, "properties": {"name": "Arnold", "population": 3843}}, {"type": "Feature", "geometry": {"type": "Point", "coordinates": [-122.19774, 37.46133]}, "properties": {"name": "Atherton", "population": 7167}}, {"type": "Feature", "geometry": {"type": "Point", "coordinates": [-116.37501, 33.25587]}, "properties": {"name": "Borrego Springs", "population": 3429}}, {"type": "Feature", "geometry": {"type": "Point", "coordinates": [-122.40858, 37.7966]}, "properties": {"name": "Chinatown", "population": 100574}}, {"type": "Feature", "geometry": {"type": "Point", "coordinates": [-117.71978, 34.09668]}, "properties": {"name": "Claremont", "population": 36283}}, {"type": "Feature", "geometry": {"type": "Point", "coordinates": [-119.24705, 35.76884]}, "properties": {"name": "Delano", "population": 52733}}, {"type": "Feature", "geometry": {"type": "Point", "coordinates": [-121.35114, 38.67877]}, "properties": {"name": "Foothill Farms", "population": 33121}}, {"type": "Feature", "geometry": {"type": "Point", "coordinates": [-117.95367, 33.70918]}, "properties": {"name": "Fountain Valley", "population": 56987}}, {"type": "Feature", "geometry": {"type": "Point", "coordinates": [-118.32674, 34.09834]}, "properties": {"name": "Hollywood", "population": 167664}}, {"type": "Feature", "geometry": {"type": "Point", "coordinates": [-117.81257, 35.6469]}, "properties": {"name": "Inyokern", "population": 1099}}, {"type": "Feature", "geometry": {"type": "Point", "coordinates": [-122.10052, 37.35133]}, "properties": {"name": "Loyola", "population": 3261}}, {"type": "Feature", "geometry": {"type": "Point", "coordinates": [-122.50914, 37.86854]}, "properties": {"name": "Marin City", "population": 2666}}, {"type": "Feature", "geometry": {"type": "Point", "coordinates": [-122.04024, 37.52966]}, "properties": {"name": "Newark", "population": 45336}}, {"type": "Feature", "geometry": {"type": "Point", "coordinates": [-121.37217, 38.68574]}, "properties": {"name": "North Highlands", "population": 42694}}, {"type": "Feature", "geometry": {"type": "Point", "coordinates": [-122.94833, 38.40741]}, "properties": {"name": "Occidental", "population": 1115}}, {"type": "Feature", "geometry": {"type": "Point", "coordinates": [-122.17969, 37.87715]}, "properties": {"name": "Orinda", "population": 19279}}, {"type": "Feature", "geometry": {"type": "Point", "coordinates": [-121.74856, 36.90412]}, "properties": {"name": "Pajaro", "population": 3070}}, {"type": "Feature", "geometry": {"type": "Point", "coordinates": [-116.37697, 33.72255]}, "properties": {"name": "Palm Desert", "population": 51869}}, {"type": "Feature", "geometry": {"type": "Point", "coordinates": [-116.52918, 32.82144]}, "properties": {"name": "Pine Valley", "population": 1510}}, {"type": "Feature", "geometry": {"type": "Point", "coordinates": [-118.21813, 34.64526]}, "properties": {"name": "Quartz Hill", "population": 10912}}, {"type": "Feature", "geometry": {"type": "Point", "coordinates": [-121.30273, 38.58907]}, "properties": {"name": "Rancho Cordova", "population": 71017}}, {"type": "Feature", "geometry": {"type": "Point", "coordinates": [-121.36577, 36.81246]}, "properties": {"name": "Ridgemark", "population": 3016}}, {"type": "Feature", "geometry": {"type": "Point", "coordinates": [-117.1092, 34.20779]}, "properties": {"name": "Running Springs", "population": 4862}}, {"type": "Feature", "geometry": {"type": "Point", "coordinates": [-121.97802, 37.77993]}, "properties": {"name": "San Ramon", "population": 76134}}, {"type": "Feature", "geometry": {"type": "Point", "coordinates": [-118.16785, 33.80446]}, "properties": {"name": "Signal Hill", "population": 11565}}, {"type": "Feature", "geometry": {"type": "Point", "coordinates": [-116.35251, 33.89001]}, "properties": {"name": "Sky Valley", "population": 2406}}, {"type": "Feature", "geometry": {"type": "Point", "coordinates": [-122.40775, 37.65466]}, "properties": {"name": "South San Francisco", "population": 67271}}, {"type": "Feature", "geometry": {"type": "Point", "coordinates": [-122.50886, 37.89687]}, "properties": {"name": "Strawberry", "population": 5393}}, {"type": "Feature", "geometry": {"type": "Point", "coordinates": [-118.44925, 34.30778]}, "properties": {"name": "Sylmar", "population": 79614}}, {"type": "Feature", "geometry": {"type": "Point", "coordinates": [-119.70097, 36.79301]}, "properties": {"name": "Tarpey Village", "population": 3888}}, {"type": "Feature", "geometry": {"type": "Point", "coordinates": [-118.25507, 33.91696]}, "properties": {"name": "Willowbrook", "population": 35983}}, {"type": "Feature", "geometry": {"type": "Point", "coordinates": [-122.25386, 37.42994]}, "properties": {"name": "Woodside", "population": 5561}}, {"type": "Feature", "geometry": {"type": "Point", "coordinates": [-119.199, 36.09356]}, "properties": {"name": "Woodville", "population": 1740}}, {"type": "Feature", "geometry": {"type": "Point", "coordinates": [-122.31225, 41.31024]}, "properties": {"name": "Mount Shasta", "population": 3296}}, {"type": "Feature", "geometry": {"type": "Point", "coordinates": [-117.92383, 34.09836]}, "properties": {"name": "Vincent", "population": 15922}}, {"type": "Feature", "geometry": {"type": "Point", "coordinates": [-122.07857, 37.90472]}, "properties": {"name": "Acalanes Ridge", "population": 1137}}, {"type": "Feature", "geometry": {"type": "Point", "coordinates": [-118.26066, 34.07808]}, "properties": {"name": "Echo Park", "population": 43832}}, {"type": "Feature", "geometry": {"type": "Point", "coordinates": [-118.29896, 34.00204]}, "properties": {"name": "Vermont Square", "population": 47555}}, {"type": "Feature", "geometry": {"type": "Point", "coordinates": [-122.61499, 38.7524]}, "properties": {"name": "Middletown", "population": 1323}}, {"type": "Feature", "geometry": {"type": "Point", "coordinates": [-121.90774, 37.82076]}, "properties": {"name": "Blackhawk", "population": 9354}}, {"type": "Feature", "geometry": {"type": "Point", "coordinates": [-117.99812, 33.86751]}, "properties": {"name": "Buena Park", "population": 83270}}, {"type": "Feature", "geometry": {"type": "Point", "coordinates": [-121.93162, 37.32328]}, "properties": {"name": "Burbank", "population": 4926}}, {"type": "Feature", "geometry": {"type": "Point", "coordinates": [-121.63801, 37.86715]}, "properties": {"name": "Byron", "population": 1277}}, {"type": "Feature", "geometry": {"type": "Point", "coordinates": [-115.49888, 32.67895]}, "properties": {"name": "Calexico", "population": 40053}}, {"type": "Feature", "geometry": {"type": "Point", "coordinates": [-118.28202, 33.83141]}, "properties": {"name": "Carson", "population": 93281}}, {"type": "Feature", "geometry": {"type": "Point", "coordinates": [-122.62637, 38.95823]}, "properties": {"name": "Clearlake", "population": 15182}}, {"type": "Feature", "geometry": {"type": "Point", "coordinates": [-119.38707, 36.54328]}, "properties": {"name": "Dinuba", "population": 23702}}, {"type": "Feature", "geometry": {"type": "Point", "coordinates": [-120.40659, 38.16851]}, "properties": {"name": "Forest Meadows", "population": 1249}}, {"type": "Feature", "geometry": {"type": "Point", "coordinates": [-121.24381, 36.3208]}, "properties": {"name": "Greenfield", "population": 17184}}, {"type": "Feature", "geometry": {"type": "Point", "coordinates": [-122.42859, 37.46355]}, "properties": {"name": "Half Moon Bay", "population": 12657}}, {"type": "Feature", "geometry": {"type": "Point", "coordinates": [-122.37942, 37.5741]}, "properties": {"name": "Hillsborough", "population": 11451}}, {"type": "Feature", "geometry": {"type": "Point", "coordinates": [-116.71891, 33.74002]}, "properties": {"name": "Idyllwild", "population": 3583}}, {"type": "Feature", "geometry": {"type": "Point", "coordinates": [-119.22927, 35.67801]}, "properties": {"name": "McFarland", "population": 13985}}, {"type": "Feature", "geometry": {"type": "Point", "coordinates": [-116.0782, 33.57219]}, "properties": {"name": "Mecca", "population": 8577}}, {"type": "Feature", "geometry": {"type": "Point", "coordinates": [-119.31373, 36.62439]}, "properties": {"name": "Orange Cove", "population": 9598}}, {"type": "Feature", "geometry": {"type": "Point", "coordinates": [-120.79855, 38.72963]}, "properties": {"name": "Placerville", "population": 10650}}, {"type": "Feature", "geometry": {"type": "Point", "coordinates": [-122.0608, 37.94798]}, "properties": {"name": "Pleasant Hill", "population": 34810}}, {"type": "Feature", "geometry": {"type": "Point", "coordinates": [-117.03586, 32.96282]}, "properties": {"name": "Poway", "population": 50157}}, {"type": "Feature", "geometry": {"type": "Point", "coordinates": [-121.44857, 38.69101]}, "properties": {"name": "Rio Linda", "population": 15106}}, {"type": "Feature", "geometry": {"type": "Point", "coordinates": [-122.56164, 37.97465]}, "properties": {"name": "San Anselmo", "population": 12653}}, {"type": "Feature", "geometry": {"type": "Point", "coordinates": [-118.669, 34.257]}, "properties": {"name": "Santa Susana", "population": 1037}}, {"type": "Feature", "geometry": {"type": "Point", "coordinates": [-122.78916, 39.00101]}, "properties": {"name": "Soda Bay", "population": 1016}}, {"type": "Feature", "geometry": {"type": "Point", "coordinates": [-121.536, 39.481]}, "properties": {"name": "South Oroville", "population": 5742}}, {"type": "Feature", "geometry": {"type": "Point", "coordinates": [-122.16608, 37.42411]}, "properties": {"name": "Stanford", "population": 13809}}, {"type": "Feature", "geometry": {"type": "Point", "coordinates": [-116.13945, 33.6403]}, "properties": {"name": "Thermal", "population": 2865}}, {"type": "Feature", "geometry": {"type": "Point", "coordinates": [-117.81311, 33.81446]}, "properties": {"name": "Villa Park", "population": 5964}}, {"type": "Feature", "geometry": {"type": "Point", "coordinates": [-115.62138, 33.03727]}, "properties": {"name": "Westmorland", "population": 2267}}, {"type": "Feature", "geometry": {"type": "Point", "coordinates": [-123.35557, 39.40961]}, "properties": {"name": "Willits", "population": 4861}}, {"type": "Feature", "geometry": {"type": "Point", "coordinates": [-121.27217, 38.41186]}, "properties": {"name": "Wilton", "population": 5363}}, {"type": "Feature", "geometry": {"type": "Point", "coordinates": [-124.20175, 41.75595]}, "properties": {"name": "Crescent City", "population": 6774}}, {"type": "Feature", "geometry": {"type": "Point", "coordinates": [-124.15228, 40.73318]}, "properties": {"name": "Pine Hills", "population": 3131}}, {"type": "Feature", "geometry": {"type": "Point", "coordinates": [-122.38613, 41.42265]}, "properties": {"name": "Weed", "population": 2556}}, {"type": "Feature", "geometry": {"type": "Point", "coordinates": [-120.51817, 34.7483]}, "properties": {"name": "Vandenberg Space Force Base", "population": 3338}}, {"type": "Feature", "geometry": {"type": "Point", "coordinates": [-120.60552, 38.41165]}, "properties": {"name": "Red Corral", "population": 1413}}, {"type": "Feature", "geometry": {"type": "Point", "coordinates": [-118.64398, 34.19731]}, "properties": {"name": "West Hills", "population": 41426}}, {"type": "Feature", "geometry": {"type": "Point", "coordinates": [-122.4863, 37.74197]}, "properties": {"name": "Parkside", "population": 16874}}, {"type": "Feature", "geometry": {"type": "Point", "coordinates": [-116.81133, 36.23962]}, "properties": {"name": "Death Valley", "population": 1124}}, {"type": "Feature", "geometry": {"type": "Point", "coordinates": [-122.2608, 38.17492]}, "properties": {"name": "American Canyon", "population": 20554}}, {"type": "Feature", "geometry": {"type": "Point", "coordinates": [-120.95244, 38.91434]}, "properties": {"name": "Auburn Lake Trails", "population": 3426}}, {"type": "Feature", "geometry": {"type": "Point", "coordinates": [-115.51415, 33.1256]}, "properties": {"name": "Calipatria", "population": 7424}}, {"type": "Feature", "geometry": {"type": "Point", "coordinates": [-122.08635, 37.6941]}, "properties": {"name": "Castro Valley", "population": 61388}}, {"type": "Feature", "geometry": {"type": "Point", "coordinates": [-122.27025, 37.79993]}, "properties": {"name": "Chinatown", "population": 3425}}, {"type": "Feature", "geometry": {"type": "Point", "coordinates": [-121.26884, 38.21464]}, "properties": {"name": "Collierville", "population": 1934}}, {"type": "Feature", "geometry": {"type": "Point", "coordinates": [-116.50353, 33.96173]}, "properties": {"name": "Desert Hot Springs", "population": 28335}}, {"type": "Feature", "geometry": {"type": "Point", "coordinates": [-120.99792, 37.79781]}, "properties": {"name": "Escalon", "population": 7523}}, {"type": "Feature", "geometry": {"type": "Point", "coordinates": [-116.94669, 32.87977]}, "properties": {"name": "Eucalyptus Hills", "population": 5313}}, {"type": "Feature", "geometry": {"type": "Point", "coordinates": [-121.77301, 36.93523]}, "properties": {"name": "Freedom", "population": 3070}}, {"type": "Feature", "geometry": {"type": "Point", "coordinates": [-121.56828, 37.00578]}, "properties": {"name": "Gilroy", "population": 53231}}, {"type": "Feature", "geometry": {"type": "Point", "coordinates": [-121.16384, 38.76323]}, "properties": {"name": "Granite Bay", "population": 20402}}, {"type": "Feature", "geometry": {"type": "Point", "coordinates": [-116.90475, 32.80311]}, "properties": {"name": "Granite Hills", "population": 3035}}, {"type": "Feature", "geometry": {"type": "Point", "coordinates": [-120.62128, 35.12164]}, "properties": {"name": "Grover Beach", "population": 13600}}, {"type": "Feature", "geometry": {"type": "Point", "coordinates": [-118.28813, 34.61832]}, "properties": {"name": "Leona Valley", "population": 1607}}, {"type": "Feature", "geometry": {"type": "Point", "coordinates": [-121.97468, 37.22661]}, "properties": {"name": "Los Gatos", "population": 30705}}, {"type": "Feature", "geometry": {"type": "Point", "coordinates": [-120.99688, 37.6391]}, "properties": {"name": "Modesto", "population": 211266}}, {"type": "Feature", "geometry": {"type": "Point", "coordinates": [-116.58085, 34.04695]}, "properties": {"name": "Morongo Valley", "population": 3552}}, {"type": "Feature", "geometry": {"type": "Point", "coordinates": [-117.83284, 35.01664]}, "properties": {"name": "North Edwards", "population": 1058}}, {"type": "Feature", "geometry": {"type": "Point", "coordinates": [-122.19663, 37.47438]}, "properties": {"name": "North Fair Oaks", "population": 14687}}, {"type": "Feature", "geometry": {"type": "Point", "coordinates": [-117.37948, 33.19587]}, "properties": {"name": "Oceanside", "population": 175691}}, {"type": "Feature", "geometry": {"type": "Point", "coordinates": [-121.22578, 38.67851]}, "properties": {"name": "Orangevale", "population": 33960}}, {"type": "Feature", "geometry": {"type": "Point", "coordinates": [-119.17705, 34.1975]}, "properties": {"name": "Oxnard", "population": 207254}}, {"type": "Feature", "geometry": {"type": "Point", "coordinates": [-121.91662, 36.61774]}, "properties": {"name": "Pacific Grove", "population": 15674}}, {"type": "Feature", "geometry": {"type": "Point", "coordinates": [-116.54529, 33.8303]}, "properties": {"name": "Palm Springs", "population": 47371}}, {"type": "Feature", "geometry": {"type": "Point", "coordinates": [-117.87034, 33.87224]}, "properties": {"name": "Placentia", "population": 52495}}, {"type": "Feature", "geometry": {"type": "Point", "coordinates": [-118.38702, 33.74446]}, "properties": {"name": "Rancho Palos Verdes", "population": 42732}}, {"type": "Feature", "geometry": {"type": "Point", "coordinates": [-117.6031, 33.64086]}, "properties": {"name": "Rancho Santa Margarita", "population": 49324}}, {"type": "Feature", "geometry": {"type": "Point", "coordinates": [-118.08506, 33.78557]}, "properties": {"name": "Rossmoor", "population": 10244}}, {"type": "Feature", "geometry": {"type": "Point", "coordinates": [-121.91579, 36.97412]}, "properties": {"name": "Seacliff", "population": 3267}}, {"type": "Feature", "geometry": {"type": "Point", "coordinates": [-122.45664, 37.87354]}, "properties": {"name": "Tiburon", "population": 9214}}, {"type": "Feature", "geometry": {"type": "Point", "coordinates": [-117.93895, 34.06862]}, "properties": {"name": "West Covina", "population": 108484}}, {"type": "Feature", "geometry": {"type": "Point", "coordinates": [-118.80565, 34.14584]}, "properties": {"name": "Westlake Village", "population": 8507}}, {"type": "Feature", "geometry": {"type": "Point", "coordinates": [-122.19359, 39.52433]}, "properties": {"name": "Willows", "population": 6069}}, {"type": "Feature", "geometry": {"type": "Point", "coordinates": [-122.2325, 40.64071]}, "properties": {"name": "Bella Vista", "population": 2781}}, {"type": "Feature", "geometry": {"type": "Point", "coordinates": [-124.09727, 40.54763]}, "properties": {"name": "Hydesville", "population": 1237}}, {"type": "Feature", "geometry": {"type": "Point", "coordinates": [-118.23529, 34.23216]}, "properties": {"name": "La Crescenta-Montrose", "population": 19653}}, {"type": "Feature", "geometry": {"type": "Point", "coordinates": [-121.47519, 39.51126]}, "properties": {"name": "Oroville East", "population": 8280}}, {"type": "Feature", "geometry": {"type": "Point", "coordinates": [-120.30702, 38.00594]}, "properties": {"name": "Phoenix Lake", "population": 4269}}, {"type": "Feature", "geometry": {"type": "Point", "coordinates": [-117.81371, 33.68527]}, "properties": {"name": "Westpark", "population": 22993}}, {"type": "Feature", "geometry": {"type": "Point", "coordinates": [-121.77912, 36.96356]}, "properties": {"name": "Amesti", "population": 3478}}, {"type": "Feature", "geometry": {"type": "Point", "coordinates": [-116.97725, 33.92946]}, "properties": {"name": "Beaumont", "population": 43811}}, {"type": "Feature", "geometry": {"type": "Point", "coordinates": [-123.04806, 38.33325]}, "properties": {"name": "Bodega Bay", "population": 1077}}, {"type": "Feature", "geometry": {"type": "Point", "coordinates": [-122.12219, 37.12606]}, "properties": {"name": "Boulder Creek", "population": 4923}}, {"type": "Feature", "geometry": {"type": "Point", "coordinates": [-122.39997, 37.68077]}, "properties": {"name": "Brisbane", "population": 4717}}, {"type": "Feature", "geometry": {"type": "Point", "coordinates": [-117.35059, 33.15809]}, "properties": {"name": "Carlsbad", "population": 114746}}, {"type": "Feature", "geometry": {"type": "Point", "coordinates": [-122.17916, 39.92766]}, "properties": {"name": "Corning", "population": 7548}}, {"type": "Feature", "geometry": {"type": "Point", "coordinates": [-117.56644, 33.87529]}, "properties": {"name": "Corona", "population": 164226}}, {"type": "Feature", "geometry": {"type": "Point", "coordinates": [-120.80382, 37.78798]}, "properties": {"name": "East Oakdale", "population": 2762}}, {"type": "Feature", "geometry": {"type": "Point", "coordinates": [-122.28525, 37.83132]}, "properties": {"name": "Emeryville", "population": 11694}}, {"type": "Feature", "geometry": {"type": "Point", "coordinates": [-117.18726, 32.99393]}, "properties": {"name": "Fairbanks Ranch", "population": 3148}}, {"type": "Feature", "geometry": {"type": "Point", "coordinates": [-122.0458, 37.67854]}, "properties": {"name": "Fairview", "population": 10003}}, {"type": "Feature", "geometry": {"type": "Point", "coordinates": [-120.81799, 39.02018]}, "properties": {"name": "Foresthill", "population": 1483}}, {"type": "Feature", "geometry": {"type": "Point", "coordinates": [-118.94482, 34.82276]}, "properties": {"name": "Frazier Park", "population": 2691}}, {"type": "Feature", "geometry": {"type": "Point", "coordinates": [-121.27106, 37.88409]}, "properties": {"name": "French Camp", "population": 3376}}, {"type": "Feature", "geometry": {"type": "Point", "coordinates": [-118.35257, 33.9164]}, "properties": {"name": "Hawthorne", "population": 88451}}, {"type": "Feature", "geometry": {"type": "Point", "coordinates": [-121.4016, 36.85245]}, "properties": {"name": "Hollister", "population": 37462}}, {"type": "Feature", "geometry": {"type": "Point", "coordinates": [-120.86604, 37.59688]}, "properties": {"name": "Hughson", "population": 7384}}, {"type": "Feature", "geometry": {"type": "Point", "coordinates": [-117.99923, 33.6603]}, "properties": {"name": "Huntington Beach", "population": 201899}}, {"type": "Feature", "geometry": {"type": "Point", "coordinates": [-120.87963, 35.7283]}, "properties": {"name": "Lake Nacimiento", "population": 2411}}, {"type": "Feature", "geometry": {"type": "Point", "coordinates": [-118.63592, 34.03723]}, "properties": {"name": "Las Flores", "population": 6037}}, {"type": "Feature", "geometry": {"type": "Point", "coordinates": [-121.08383, 38.02131]}, "properties": {"name": "Linden", "population": 1784}}, {"type": "Feature", "geometry": {"type": "Point", "coordinates": [-120.72353, 37.38688]}, "properties": {"name": "Livingston", "population": 13902}}, {"type": "Feature", "geometry": {"type": "Point", "coordinates": [-120.43683, 34.68609]}, "properties": {"name": "Mission Hills", "population": 3576}}, {"type": "Feature", "geometry": {"type": "Point", "coordinates": [-118.88204, 34.28556]}, "properties": {"name": "Moorpark", "population": 36104}}, {"type": "Feature", "geometry": {"type": "Point", "coordinates": [-121.53802, 39.43544]}, "properties": {"name": "Palermo", "population": 5382}}, {"type": "Feature", "geometry": {"type": "Point", "coordinates": [-120.57187, 38.43186]}, "properties": {"name": "Pioneer", "population": 1094}}, {"type": "Feature", "geometry": {"type": "Point", "coordinates": [-117.24504, 33.70697]}, "properties": {"name": "Quail Valley", "population": 1538}}, {"type": "Feature", "geometry": {"type": "Point", "coordinates": [-119.10788, 35.79662]}, "properties": {"name": "Richgrove", "population": 2882}}, {"type": "Feature", "geometry": {"type": "Point", "coordinates": [-122.07607, 37.88492]}, "properties": {"name": "Saranap", "population": 5202}}, {"type": "Feature", "geometry": {"type": "Point", "coordinates": [-121.83856, 37.28605]}, "properties": {"name": "Seven Trees", "population": 1788}}, {"type": "Feature", "geometry": {"type": "Point", "coordinates": [-121.29078, 37.9577]}, "properties": {"name": "Stockton", "population": 305658}}, {"type": "Feature", "geometry": {"type": "Point", "coordinates": [-122.04024, 38.23825]}, "properties": {"name": "Suisun", "population": 28111}}, {"type": "Feature", "geometry": {"type": "Point", "coordinates": [-116.39029, 33.82002]}, "properties": {"name": "Thousand Palms", "population": 7715}}, {"type": "Feature", "geometry": {"type": "Point", "coordinates": [-123.20778, 39.15017]}, "properties": {"name": "Ukiah", "population": 15917}}, {"type": "Feature", "geometry": {"type": "Point", "coordinates": [-119.29206, 36.33023]}, "properties": {"name": "Visalia", "population": 130104}}, {"type": "Feature", "geometry": {"type": "Point", "coordinates": [-121.75689, 36.91023]}, "properties": {"name": "Watsonville", "population": 53628}}, {"type": "Feature", "geometry": {"type": "Point", "coordinates": [-119.85126, 36.71023]}, "properties": {"name": "West Park", "population": 1157}}, {"type": "Feature", "geometry": {"type": "Point", "coordinates": [-121.61691, 39.14045]}, "properties": {"name": "Yuba City", "population": 66941}}, {"type": "Feature", "geometry": {"type": "Point", "coordinates": [-122.44998, 38.57574]}, "properties": {"name": "Angwin", "population": 3051}}, {"type": "Feature", "geometry": {"type": "Point", "coordinates": [-117.05615, 34.86971]}, "properties": {"name": "Barstow Heights", "population": 24202}}, {"type": "Feature", "geometry": {"type": "Point", "coordinates": [-117.39588, 34.07029]}, "properties": {"name": "Bloomington", "population": 23851}}, {"type": "Feature", "geometry": {"type": "Point", "coordinates": [-122.68637, 37.90937]}, "properties": {"name": "Bolinas", "population": 1620}}, {"type": "Feature", "geometry": {"type": "Point", "coordinates": [-123.36612, 39.00907]}, "properties": {"name": "Boonville", "population": 1035}}, {"type": "Feature", "geometry": {"type": "Point", "coordinates": [-118.47397, 34.05195]}, "properties": {"name": "Brentwood", "population": 33312}}, {"type": "Feature", "geometry": {"type": "Point", "coordinates": [-118.47203, 34.42333]}, "properties": {"name": "Canyon Country", "population": 59530}}, {"type": "Feature", "geometry": {"type": "Point", "coordinates": [-117.89173, 34.11501]}, "properties": {"name": "Citrus", "population": 10866}}, {"type": "Feature", "geometry": {"type": "Point", "coordinates": [-121.28106, 38.70712]}, "properties": {"name": "Citrus Heights", "population": 87056}}, {"type": "Feature", "geometry": {"type": "Point", "coordinates": [-119.5604, 36.09801]}, "properties": {"name": "Corcoran", "population": 22477}}, {"type": "Feature", "geometry": {"type": "Point", "coordinates": [-121.8233, 38.44546]}, "properties": {"name": "Dixon", "population": 19390}}, {"type": "Feature", "geometry": {"type": "Point", "coordinates": [-122.0808, 37.66882]}, "properties": {"name": "Hayward", "population": 158289}}, {"type": "Feature", "geometry": {"type": "Point", "coordinates": [-120.10292, 36.20273]}, "properties": {"name": "Huron", "population": 6836}}, {"type": "Feature", "geometry": {"type": "Point", "coordinates": [-117.94617, 33.93196]}, "properties": {"name": "La Habra", "population": 62131}}, {"type": "Feature", "geometry": {"type": "Point", "coordinates": [-117.02308, 32.76783]}, "properties": {"name": "La Mesa", "population": 60089}}, {"type": "Feature", "geometry": {"type": "Point", "coordinates": [-122.53525, 37.93409]}, "properties": {"name": "Larkspur", "population": 12417}}, {"type": "Feature", "geometry": {"type": "Point", "coordinates": [-121.27661, 37.8227]}, "properties": {"name": "Lathrop", "population": 20866}}, {"type": "Feature", "geometry": {"type": "Point", "coordinates": [-121.32828, 38.0052]}, "properties": {"name": "Lincoln Village", "population": 4381}}, {"type": "Feature", "geometry": {"type": "Point", "coordinates": [-121.65997, 39.27572]}, "properties": {"name": "Live Oak", "population": 8531}}, {"type": "Feature", "geometry": {"type": "Point", "coordinates": [-120.06683, 37.01911]}, "properties": {"name": "Madera Acres", "population": 9163}}, {"type": "Feature", "geometry": {"type": "Point", "coordinates": [-122.19137, 39.27628]}, "properties": {"name": "Maxwell", "population": 1103}}, {"type": "Feature", "geometry": {"type": "Point", "coordinates": [-120.54076, 38.22825]}, "properties": {"name": "Mountain Ranch", "population": 1628}}, {"type": "Feature", "geometry": {"type": "Point", "coordinates": [-121.08189, 38.93129]}, "properties": {"name": "North Auburn", "population": 13022}}, {"type": "Feature", "geometry": {"type": "Point", "coordinates": [-119.28734, 36.54495]}, "properties": {"name": "Orosi", "population": 8770}}, {"type": "Feature", "geometry": {"type": "Point", "coordinates": [-121.12966, 37.4716]}, "properties": {"name": "Patterson", "population": 21498}}, {"type": "Feature", "geometry": {"type": "Point", "coordinates": [-117.57228, 34.42611]}, "properties": {"name": "Phelan", "population": 14304}}, {"type": "Feature", "geometry": {"type": "Point", "coordinates": [-117.80673, 34.10668]}, "properties": {"name": "San Dimas", "population": 34630}}, {"type": "Feature", "geometry": {"type": "Point", "coordinates": [-121.89496, 37.33939]}, "properties": {"name": "San Jose", "population": 997368}}, {"type": "Feature", "geometry": {"type": "Point", "coordinates": [-122.52525, 37.99853]}, "properties": {"name": "Santa Venetia", "population": 4292}}, {"type": "Feature", "geometry": {"type": "Point", "coordinates": [-122.58442, 38.01048]}, "properties": {"name": "Sleepy Hollow", "population": 2384}}, {"type": "Feature", "geometry": {"type": "Point", "coordinates": [-118.26257, 33.78002]}, "properties": {"name": "Wilmington", "population": 52000}}, {"type": "Feature", "geometry": {"type": "Point", "coordinates": [-117.08447, 33.70697]}, "properties": {"name": "Winchester", "population": 2534}}, {"type": "Feature", "geometry": {"type": "Point", "coordinates": [-122.36081, 38.40158]}, "properties": {"name": "Yountville", "population": 3017}}, {"type": "Feature", "geometry": {"type": "Point", "coordinates": [-124.08284, 40.86652]}, "properties": {"name": "Arcata", "population": 17843}}, {"type": "Feature", "geometry": {"type": "Point", "coordinates": [-124.18978, 40.72596]}, "properties": {"name": "Humboldt Hill", "population": 3414}}, {"type": "Feature", "geometry": {"type": "Point", "coordinates": [-122.23889, 40.56376]}, "properties": {"name": "Palo Cedro", "population": 1269}}, {"type": "Feature", "geometry": {"type": "Point", "coordinates": [-123.63144, 40.93958]}, "properties": {"name": "Willow Creek", "population": 1710}}, {"type": "Feature", "geometry": {"type": "Point", "coordinates": [-122.40433, 37.71715]}, "properties": {"name": "Visitacion Valley", "population": 22534}}, {"type": "Feature", "geometry": {"type": "Point", "coordinates": [-118.03534, 34.13973]}, "properties": {"name": "Arcadia", "population": 58408}}, {"type": "Feature", "geometry": {"type": "Point", "coordinates": [-114.59635, 33.6103]}, "properties": {"name": "Blythe", "population": 19208}}, {"type": "Feature", "geometry": {"type": "Point", "coordinates": [-119.46956, 35.40052]}, "properties": {"name": "Buttonwillow", "population": 1508}}, {"type": "Feature", "geometry": {"type": "Point", "coordinates": [-121.76594, 36.50605]}, "properties": {"name": "Carmel Valley Village", "population": 4407}}, {"type": "Feature", "geometry": {"type": "Point", "coordinates": [-120.95771, 37.59493]}, "properties": {"name": "Ceres", "population": 47963}}, {"type": "Feature", "geometry": {"type": "Point", "coordinates": [-120.82689, 39.55934]}, "properties": {"name": "Downieville", "population": 282}}, {"type": "Feature", "geometry": {"type": "Point", "coordinates": [-122.31358, 37.94492]}, "properties": {"name": "East Richmond Heights", "population": 3280}}, {"type": "Feature", "geometry": {"type": "Point", "coordinates": [-118.50119, 34.15917]}, "properties": {"name": "Encino", "population": 44581}}, {"type": "Feature", "geometry": {"type": "Point", "coordinates": [-117.94145, 33.77391]}, "properties": {"name": "Garden Grove", "population": 175393}}, {"type": "Feature", "geometry": {"type": "Point", "coordinates": [-121.12603, 36.21274]}, "properties": {"name": "King City", "population": 13902}}, {"type": "Feature", "geometry": {"type": "Point", "coordinates": [-118.30091, 34.05779]}, "properties": {"name": "Koreatown", "population": 124281}}, {"type": "Feature", "geometry": {"type": "Point", "coordinates": [-121.42384, 38.42102]}, "properties": {"name": "Laguna", "population": 46621}}, {"type": "Feature", "geometry": {"type": "Point", "coordinates": [-122.33275, 37.99548]}, "properties": {"name": "Montalvin", "population": 2876}}, {"type": "Feature", "geometry": {"type": "Point", "coordinates": [-122.05857, 37.05106]}, "properties": {"name": "Mount Hermon", "population": 1037}}, {"type": "Feature", "geometry": {"type": "Point", "coordinates": [-121.01779, 39.26173]}, "properties": {"name": "Nevada City", "population": 3152}}, {"type": "Feature", "geometry": {"type": "Point", "coordinates": [-117.92895, 33.61891]}, "properties": {"name": "Newport Beach", "population": 87127}}, {"type": "Feature", "geometry": {"type": "Point", "coordinates": [-118.76287, 34.17917]}, "properties": {"name": "Oak Park", "population": 13811}}, {"type": "Feature", "geometry": {"type": "Point", "coordinates": [-120.02294, 36.94717]}, "properties": {"name": "Parksdale", "population": 2621}}, {"type": "Feature", "geometry": {"type": "Point", "coordinates": [-117.64672, 34.43333]}, "properties": {"name": "Pi\u00f1on Hills", "population": 7272}}, {"type": "Feature", "geometry": {"type": "Point", "coordinates": [-117.18254, 34.05557]}, "properties": {"name": "Redlands", "population": 71035}}, {"type": "Feature", "geometry": {"type": "Point", "coordinates": [-122.34775, 37.93576]}, "properties": {"name": "Richmond", "population": 109708}}, {"type": "Feature", "geometry": {"type": "Point", "coordinates": [-121.12438, 37.74159]}, "properties": {"name": "Ripon", "population": 15151}}, {"type": "Feature", "geometry": {"type": "Point", "coordinates": [-119.69819, 34.42083]}, "properties": {"name": "Santa Barbara", "population": 91842}}, {"type": "Feature", "geometry": {"type": "Point", "coordinates": [-118.44949, 34.0363]}, "properties": {"name": "Sawtelle", "population": 39757}}, {"type": "Feature", "geometry": {"type": "Point", "coordinates": [-120.65324, 36.96439]}, "properties": {"name": "South Dos Palos", "population": 1620}}, {"type": "Feature", "geometry": {"type": "Point", "coordinates": [-118.04673, 34.05195]}, "properties": {"name": "South El Monte", "population": 20878}}, {"type": "Feature", "geometry": {"type": "Point", "coordinates": [-121.42467, 38.22603]}, "properties": {"name": "Thornton", "population": 1131}}, {"type": "Feature", "geometry": {"type": "Point", "coordinates": [-118.60953, 34.44361]}, "properties": {"name": "Valencia", "population": 148456}}, {"type": "Feature", "geometry": {"type": "Point", "coordinates": [-116.89336, 33.7478]}, "properties": {"name": "Valle Vista", "population": 14578}}, {"type": "Feature", "geometry": {"type": "Point", "coordinates": [-121.30134, 38.15408]}, "properties": {"name": "Woodbridge", "population": 3984}}, {"type": "Feature", "geometry": {"type": "Point", "coordinates": [-118.45511, 37.36104]}, "properties": {"name": "West Bishop", "population": 2607}}, {"type": "Feature", "geometry": {"type": "Point", "coordinates": [-124.14284, 40.76985]}, "properties": {"name": "Cutten", "population": 3108}}, {"type": "Feature", "geometry": {"type": "Point", "coordinates": [-122.10027, 40.02127]}, "properties": {"name": "Los Molinos", "population": 2037}}, {"type": "Feature", "geometry": {"type": "Point", "coordinates": [-117.2631, 33.89209]}, "properties": {"name": "March Air Force Base", "population": 1159}}, {"type": "Feature", "geometry": {"type": "Point", "coordinates": [-122.53625, 37.87834]}, "properties": {"name": "Tamalpais-Homestead Valley", "population": 10735}}, {"type": "Feature", "geometry": {"type": "Point", "coordinates": [-117.79442, 33.67724]}, "properties": {"name": "Woodbridge", "population": 24966}}, {"type": "Feature", "geometry": {"type": "Point", "coordinates": [-117.84164, 33.63967]}, "properties": {"name": "UC Irvine", "population": 15807}}, {"type": "Feature", "geometry": {"type": "Point", "coordinates": [-117.74009, 33.70534]}, "properties": {"name": "Stonegate", "population": 18938}}, {"type": "Feature", "geometry": {"type": "Point", "coordinates": [-122.10926, 37.65934]}, "properties": {"name": "Longwood - Winton Grove", "population": 6700}}, {"type": "Feature", "geometry": {"type": "Point", "coordinates": [-116.67363, 33.55503]}, "properties": {"name": "Anza", "population": 3014}}, {"type": "Feature", "geometry": {"type": "Point", "coordinates": [-121.8994, 36.97717]}, "properties": {"name": "Aptos", "population": 6220}}, {"type": "Feature", "geometry": {"type": "Point", "coordinates": [-118.18702, 33.97751]}, "properties": {"name": "Bell", "population": 36205}}, {"type": "Feature", "geometry": {"type": "Point", "coordinates": [-119.51846, 34.39888]}, "properties": {"name": "Carpinteria", "population": 13727}}, {"type": "Feature", "geometry": {"type": "Point", "coordinates": [-121.758, 36.76579]}, "properties": {"name": "Castroville", "population": 6481}}, {"type": "Feature", "geometry": {"type": "Point", "coordinates": [-122.72305, 38.82213]}, "properties": {"name": "Cobb", "population": 1778}}, {"type": "Feature", "geometry": {"type": "Point", "coordinates": [-118.22007, 33.89585]}, "properties": {"name": "Compton", "population": 98462}}, {"type": "Feature", "geometry": {"type": "Point", "coordinates": [-120.64187, 37.98104]}, "properties": {"name": "Copperopolis", "population": 3671}}, {"type": "Feature", "geometry": {"type": "Point", "coordinates": [-121.97108, 38.65824]}, "properties": {"name": "Cottonwood", "population": 3850}}, {"type": "Feature", "geometry": {"type": "Point", "coordinates": [-121.74052, 38.54491]}, "properties": {"name": "Davis", "population": 67666}}, {"type": "Feature", "geometry": {"type": "Point", "coordinates": [-118.13257, 33.94001]}, "properties": {"name": "Downey", "population": 114219}}, {"type": "Feature", "geometry": {"type": "Point", "coordinates": [-121.93579, 37.70215]}, "properties": {"name": "Dublin", "population": 57721}}, {"type": "Feature", "geometry": {"type": "Point", "coordinates": [-122.85694, 38.10103]}, "properties": {"name": "Inverness", "population": 1304}}, {"type": "Feature", "geometry": {"type": "Point", "coordinates": [-120.93272, 38.35269]}, "properties": {"name": "Ione", "population": 7000}}, {"type": "Feature", "geometry": {"type": "Point", "coordinates": [-119.9618, 36.00829]}, "properties": {"name": "Kettleman City", "population": 1439}}, {"type": "Feature", "geometry": {"type": "Point", "coordinates": [-119.55402, 36.51384]}, "properties": {"name": "Kingsburg", "population": 11824}}, {"type": "Feature", "geometry": {"type": "Point", "coordinates": [-118.04673, 33.8464]}, "properties": {"name": "La Palma", "population": 15904}}, {"type": "Feature", "geometry": {"type": "Point", "coordinates": [-121.27245, 38.1302]}, "properties": {"name": "Lodi", "population": 64596}}, {"type": "Feature", "geometry": {"type": "Point", "coordinates": [-118.7804, 34.02577]}, "properties": {"name": "Malibu", "population": 12965}}, {"type": "Feature", "geometry": {"type": "Point", "coordinates": [-121.21605, 37.79743]}, "properties": {"name": "Manteca", "population": 75448}}, {"type": "Feature", "geometry": {"type": "Point", "coordinates": [-119.28511, 34.43361]}, "properties": {"name": "Mira Monte", "population": 6854}}, {"type": "Feature", "geometry": {"type": "Point", "coordinates": [-117.99895, 34.14806]}, "properties": {"name": "Monrovia", "population": 37463}}, {"type": "Feature", "geometry": {"type": "Point", "coordinates": [-122.12969, 37.83493]}, "properties": {"name": "Moraga", "population": 17256}}, {"type": "Feature", "geometry": {"type": "Point", "coordinates": [-121.65439, 37.1305]}, "properties": {"name": "Morgan Hill", "population": 42948}}, {"type": "Feature", "geometry": {"type": "Point", "coordinates": [-118.53675, 34.22834]}, "properties": {"name": "Northridge", "population": 68469}}, {"type": "Feature", "geometry": {"type": "Point", "coordinates": [-122.2708, 37.80437]}, "properties": {"name": "Oakland", "population": 419267}}, {"type": "Feature", "geometry": {"type": "Point", "coordinates": [-120.04461, 36.92689]}, "properties": {"name": "Parkwood", "population": 2268}}, {"type": "Feature", "geometry": {"type": "Point", "coordinates": [-122.23163, 37.82437]}, "properties": {"name": "Piedmont", "population": 11376}}, {"type": "Feature", "geometry": {"type": "Point", "coordinates": [-120.4691, 39.81046]}, "properties": {"name": "Portola", "population": 1903}}, {"type": "Feature", "geometry": {"type": "Point", "coordinates": [-122.26691, 38.03298]}, "properties": {"name": "Rodeo", "population": 8679}}, {"type": "Feature", "geometry": {"type": "Point", "coordinates": [-118.49138, 34.01949]}, "properties": {"name": "Santa Monica", "population": 93220}}, {"type": "Feature", "geometry": {"type": "Point", "coordinates": [-118.15035, 34.11612]}, "properties": {"name": "South Pasadena", "population": 26151}}, {"type": "Feature", "geometry": {"type": "Point", "coordinates": [-118.64259, 35.08886]}, "properties": {"name": "Stallion Springs", "population": 2488}}, {"type": "Feature", "geometry": {"type": "Point", "coordinates": [-119.59652, 34.42138]}, "properties": {"name": "Summerland", "population": 1448}}, {"type": "Feature", "geometry": {"type": "Point", "coordinates": [-120.2413, 37.9627]}, "properties": {"name": "Tuolumne City", "population": 1779}}, {"type": "Feature", "geometry": {"type": "Point", "coordinates": [-120.23269, 38.03965]}, "properties": {"name": "Twain Harte", "population": 2226}}, {"type": "Feature", "geometry": {"type": "Point", "coordinates": [-118.00673, 33.75918]}, "properties": {"name": "Westminster", "population": 92114}}, {"type": "Feature", "geometry": {"type": "Point", "coordinates": [-118.43063, 34.05612]}, "properties": {"name": "Westwood", "population": 2019}}, {"type": "Feature", "geometry": {"type": "Point", "coordinates": [-122.40072, 40.01569]}, "properties": {"name": "Rancho Tehama Reserve", "population": 1485}}, {"type": "Feature", "geometry": {"type": "Point", "coordinates": [-122.51318, 38.11547]}, "properties": {"name": "Black Point-Green Point", "population": 1306}}, {"type": "Feature", "geometry": {"type": "Point", "coordinates": [-119.57788, 37.74075]}, "properties": {"name": "Yosemite Valley", "population": 1035}}, {"type": "Feature", "geometry": {"type": "Point", "coordinates": [-117.34098, 34.74558]}, "properties": {"name": "Silver Lakes", "population": 5623}}, {"type": "Feature", "geometry": {"type": "Point", "coordinates": [-117.76091, 33.71372]}, "properties": {"name": "Northwood", "population": 22218}}, {"type": "Feature", "geometry": {"type": "Point", "coordinates": [-116.86502, 33.44281]}, "properties": {"name": "Aguanga", "population": 1128}}, {"type": "Feature", "geometry": {"type": "Point", "coordinates": [-121.4033, 39.64516]}, "properties": {"name": "Berry Creek", "population": 1424}}, {"type": "Feature", "geometry": {"type": "Point", "coordinates": [-114.36134, 34.14002]}, "properties": {"name": "Big River", "population": 1327}}, {"type": "Feature", "geometry": {"type": "Point", "coordinates": [-117.90006, 33.91668]}, "properties": {"name": "Brea", "population": 41944}}, {"type": "Feature", "geometry": {"type": "Point", "coordinates": [-116.78724, 33.91752]}, "properties": {"name": "Cabazon", "population": 2535}}, {"type": "Feature", "geometry": {"type": "Point", "coordinates": [-117.06198, 34.0039]}, "properties": {"name": "Calimesa", "population": 8542}}, {"type": "Feature", "geometry": {"type": "Point", "coordinates": [-117.76395, 35.64051]}, "properties": {"name": "China Lake Acres", "population": 1876}}, {"type": "Feature", "geometry": {"type": "Point", "coordinates": [-121.15939, 38.33602]}, "properties": {"name": "Clay", "population": 1195}}, {"type": "Feature", "geometry": {"type": "Point", "coordinates": [-117.18309, 32.68589]}, "properties": {"name": "Coronado", "population": 24812}}, {"type": "Feature", "geometry": {"type": "Point", "coordinates": [-117.26531, 32.95949]}, "properties": {"name": "Del Mar", "population": 4351}}, {"type": "Feature", "geometry": {"type": "Point", "coordinates": [-119.59374, 36.65912]}, "properties": {"name": "Del Rey", "population": 1639}}, {"type": "Feature", "geometry": {"type": "Point", "coordinates": [-121.95801, 37.83493]}, "properties": {"name": "Diablo", "population": 1158}}, {"type": "Feature", "geometry": {"type": "Point", "coordinates": [-120.90215, 37.63826]}, "properties": {"name": "Empire", "population": 4189}}, {"type": "Feature", "geometry": {"type": "Point", "coordinates": [-119.14205, 36.29606]}, "properties": {"name": "Exeter", "population": 10548}}, {"type": "Feature", "geometry": {"type": "Point", "coordinates": [-119.45623, 35.15441]}, "properties": {"name": "Ford City", "population": 4278}}, {"type": "Feature", "geometry": {"type": "Point", "coordinates": [-117.92534, 33.87029]}, "properties": {"name": "Fullerton", "population": 140847}}, {"type": "Feature", "geometry": {"type": "Point", "coordinates": [-120.83855, 38.90684]}, "properties": {"name": "Georgetown", "population": 2367}}, {"type": "Feature", "geometry": {"type": "Point", "coordinates": [-117.48477, 34.01168]}, "properties": {"name": "Glen Avon", "population": 20199}}, {"type": "Feature", "geometry": {"type": "Point", "coordinates": [-118.25508, 34.14251]}, "properties": {"name": "Glendale", "population": 201020}}, {"type": "Feature", "geometry": {"type": "Point", "coordinates": [-122.86972, 38.4363]}, "properties": {"name": "Graton", "population": 1707}}, {"type": "Feature", "geometry": {"type": "Point", "coordinates": [-120.57184, 34.97164]}, "properties": {"name": "Guadalupe", "population": 7318}}, {"type": "Feature", "geometry": {"type": "Point", "coordinates": [-122.01359, 39.74266]}, "properties": {"name": "Hamilton City", "population": 1759}}, {"type": "Feature", "geometry": {"type": "Point", "coordinates": [-119.64568, 36.32745]}, "properties": {"name": "Hanford", "population": 55659}}, {"type": "Feature", "geometry": {"type": "Point", "coordinates": [-118.22507, 33.98168]}, "properties": {"name": "Huntington Park", "population": 59430}}, {"type": "Feature", "geometry": {"type": "Point", "coordinates": [-118.13674, 34.69804]}, "properties": {"name": "Lancaster", "population": 161103}}, {"type": "Feature", "geometry": {"type": "Point", "coordinates": [-118.35258, 33.93807]}, "properties": {"name": "Lennox", "population": 22753}}, {"type": "Feature", "geometry": {"type": "Point", "coordinates": [-121.14994, 38.16353]}, "properties": {"name": "Lockeford", "population": 3233}}, {"type": "Feature", "geometry": {"type": "Point", "coordinates": [-120.27821, 34.74443]}, "properties": {"name": "Los Alamos", "population": 1890}}, {"type": "Feature", "geometry": {"type": "Point", "coordinates": [-120.84992, 37.05828]}, "properties": {"name": "Los Banos", "population": 37457}}, {"type": "Feature", "geometry": {"type": "Point", "coordinates": [-122.61026, 38.91045]}, "properties": {"name": "Lower Lake", "population": 1294}}, {"type": "Feature", "geometry": {"type": "Point", "coordinates": [-118.37897, 34.17223]}, "properties": {"name": "North Hollywood", "population": 64587}}, {"type": "Feature", "geometry": {"type": "Point", "coordinates": [-119.52707, 36.61162]}, "properties": {"name": "Parlier", "population": 15138}}, {"type": "Feature", "geometry": {"type": "Point", "coordinates": [-119.29178, 35.96856]}, "properties": {"name": "Pixley", "population": 3310}}, {"type": "Feature", "geometry": {"type": "Point", "coordinates": [-120.69628, 35.75247]}, "properties": {"name": "San Miguel", "population": 2336}}, {"type": "Feature", "geometry": {"type": "Point", "coordinates": [-120.07987, 34.61443]}, "properties": {"name": "Santa Ynez", "population": 4418}}, {"type": "Feature", "geometry": {"type": "Point", "coordinates": [-116.97392, 32.83838]}, "properties": {"name": "Santee", "population": 57787}}, {"type": "Feature", "geometry": {"type": "Point", "coordinates": [-123.45445, 38.71519]}, "properties": {"name": "Sea Ranch", "population": 1305}}, {"type": "Feature", "geometry": {"type": "Point", "coordinates": [-120.2638, 37.98465]}, "properties": {"name": "Soulsbyville", "population": 2215}}, {"type": "Feature", "geometry": {"type": "Point", "coordinates": [-117.99312, 33.80252]}, "properties": {"name": "Stanton", "population": 38872}}, {"type": "Feature", "geometry": {"type": "Point", "coordinates": [-120.706, 35.54969]}, "properties": {"name": "Templeton", "population": 7674}}, {"type": "Feature", "geometry": {"type": "Point", "coordinates": [-118.34063, 33.83585]}, "properties": {"name": "Torrance", "population": 143592}}, {"type": "Feature", "geometry": {"type": "Point", "coordinates": [-121.42301, 39.00989]}, "properties": {"name": "Wheatland", "population": 3725}}, {"type": "Feature", "geometry": {"type": "Point", "coordinates": [-122.14942, 39.15461]}, "properties": {"name": "Williams", "population": 5196}}, {"type": "Feature", "geometry": {"type": "Point", "coordinates": [-121.37551, 38.97962]}, "properties": {"name": "Sheridan", "population": 1238}}, {"type": "Feature", "geometry": {"type": "Point", "coordinates": [-122.37112, 40.68043]}, "properties": {"name": "Central Valley (historical)", "population": 4340}}, {"type": "Feature", "geometry": {"type": "Point", "coordinates": [-117.75916, 33.68787]}, "properties": {"name": "Cypress Village", "population": 9610}}, {"type": "Feature", "geometry": {"type": "Point", "coordinates": [-122.26087, 37.77099]}, "properties": {"name": "Alameda", "population": 78630}}, {"type": "Feature", "geometry": {"type": "Point", "coordinates": [-118.5539, 35.73126]}, "properties": {"name": "Alta Sierra", "population": 7047}}, {"type": "Feature", "geometry": {"type": "Point", "coordinates": [-121.643, 36.88856]}, "properties": {"name": "Aromas", "population": 2650}}, {"type": "Feature", "geometry": {"type": "Point", "coordinates": [-120.59073, 35.11859]}, "properties": {"name": "Arroyo Grande", "population": 18108}}, {"type": "Feature", "geometry": {"type": "Point", "coordinates": [-118.25646, 34.1164]}, "properties": {"name": "Atwater Village", "population": 15455}}, {"type": "Feature", "geometry": {"type": "Point", "coordinates": [-121.92329, 36.55524]}, "properties": {"name": "Carmel-by-the-Sea", "population": 3897}}, {"type": "Feature", "geometry": {"type": "Point", "coordinates": [-122.67193, 39.02628]}, "properties": {"name": "Clearlake Oaks", "population": 2359}}, {"type": "Feature", "geometry": {"type": "Point", "coordinates": [-121.86246, 37.03578]}, "properties": {"name": "Day Valley", "population": 3409}}, {"type": "Feature", "geometry": {"type": "Point", "coordinates": [-118.15257, 34.59082]}, "properties": {"name": "Desert View Highlands", "population": 2360}}, {"type": "Feature", "geometry": {"type": "Point", "coordinates": [-122.51081, 38.3488]}, "properties": {"name": "Eldridge", "population": 1233}}, {"type": "Feature", "geometry": {"type": "Point", "coordinates": [-117.11308, 32.58394]}, "properties": {"name": "Imperial Beach", "population": 27408}}, {"type": "Feature", "geometry": {"type": "Point", "coordinates": [-117.82311, 33.66946]}, "properties": {"name": "Irvine", "population": 256927}}, {"type": "Feature", "geometry": {"type": "Point", "coordinates": [-119.86097, 34.41333]}, "properties": {"name": "Isla Vista", "population": 23096}}, {"type": "Feature", "geometry": {"type": "Point", "coordinates": [-116.96781, 34.44389]}, "properties": {"name": "Lucerne Valley", "population": 5811}}, {"type": "Feature", "geometry": {"type": "Point", "coordinates": [-119.40095, 35.05886]}, "properties": {"name": "Maricopa", "population": 1192}}, {"type": "Feature", "geometry": {"type": "Point", "coordinates": [-118.45371, 33.98162]}, "properties": {"name": "Marina del Rey", "population": 8866}}, {"type": "Feature", "geometry": {"type": "Point", "coordinates": [-118.00979, 34.11501]}, "properties": {"name": "Mayflower Village", "population": 5515}}, {"type": "Feature", "geometry": {"type": "Point", "coordinates": [-119.92045, 37.54438]}, "properties": {"name": "Midpines", "population": 1204}}, {"type": "Feature", "geometry": {"type": "Point", "coordinates": [-117.51644, 33.99251]}, "properties": {"name": "Jurupa Valley", "population": 21930}}, {"type": "Feature", "geometry": {"type": "Point", "coordinates": [-118.17396, 35.05247]}, "properties": {"name": "Mojave", "population": 4238}}, {"type": "Feature", "geometry": {"type": "Point", "coordinates": [-121.24578, 38.03853]}, "properties": {"name": "Morada", "population": 3828}}, {"type": "Feature", "geometry": {"type": "Point", "coordinates": [-117.15809, 33.56058]}, "properties": {"name": "Murrieta Hot Springs", "population": 3644}}, {"type": "Feature", "geometry": {"type": "Point", "coordinates": [-117.54866, 33.93113]}, "properties": {"name": "Norco", "population": 26289}}, {"type": "Feature", "geometry": {"type": "Point", "coordinates": [-122.48692, 37.61383]}, "properties": {"name": "Pacifica", "population": 39260}}, {"type": "Feature", "geometry": {"type": "Point", "coordinates": [-122.63665, 38.23242]}, "properties": {"name": "Petaluma", "population": 60438}}, {"type": "Feature", "geometry": {"type": "Point", "coordinates": [-120.85827, 38.12742]}, "properties": {"name": "Rancho Calaveras", "population": 4489}}, {"type": "Feature", "geometry": {"type": "Point", "coordinates": [-116.41279, 33.73974]}, "properties": {"name": "Rancho Mirage", "population": 18083}}, {"type": "Feature", "geometry": {"type": "Point", "coordinates": [-119.14538, 35.38357]}, "properties": {"name": "Rosedale", "population": 14058}}, {"type": "Feature", "geometry": {"type": "Point", "coordinates": [-117.16472, 32.71571]}, "properties": {"name": "San Diego", "population": 1404452}}, {"type": "Feature", "geometry": {"type": "Point", "coordinates": [-118.10646, 34.1214]}, "properties": {"name": "San Marino", "population": 13464}}, {"type": "Feature", "geometry": {"type": "Point", "coordinates": [-119.34734, 36.20773]}, "properties": {"name": "Tulare", "population": 62315}}, {"type": "Feature", "geometry": {"type": "Point", "coordinates": [-121.99802, 36.96745]}, "properties": {"name": "Twin Lakes", "population": 4917}}, {"type": "Feature", "geometry": {"type": "Point", "coordinates": [-122.01913, 37.59577]}, "properties": {"name": "Union City", "population": 74494}}, {"type": "Feature", "geometry": {"type": "Point", "coordinates": [-121.98774, 38.35658]}, "properties": {"name": "Vacaville", "population": 96803}}, {"type": "Feature", "geometry": {"type": "Point", "coordinates": [-122.25664, 38.10409]}, "properties": {"name": "Vallejo", "population": 121692}}, {"type": "Feature", "geometry": {"type": "Point", "coordinates": [-118.9151, 35.23802]}, "properties": {"name": "Weedpatch", "population": 2658}}, {"type": "Feature", "geometry": {"type": "Point", "coordinates": [-117.81311, 33.88863]}, "properties": {"name": "Yorba Linda", "population": 67973}}, {"type": "Feature", "geometry": {"type": "Point", "coordinates": [-117.04309, 34.03363]}, "properties": {"name": "Yucaipa", "population": 53328}}, {"type": "Feature", "geometry": {"type": "Point", "coordinates": [-121.23191, 40.30627]}, "properties": {"name": "Chester", "population": 2144}}, {"type": "Feature", "geometry": {"type": "Point", "coordinates": [-123.3808, 41.79275]}, "properties": {"name": "Happy Camp", "population": 1190}}, {"type": "Feature", "geometry": {"type": "Point", "coordinates": [-122.80752, 40.70737]}, "properties": {"name": "Lewiston", "population": 1193}}, {"type": "Feature", "geometry": {"type": "Point", "coordinates": [-118.06909, 33.976]}, "properties": {"name": "West Whittier-Los Nietos", "population": 25540}}, {"type": "Feature", "geometry": {"type": "Point", "coordinates": [-119.2956, 36.37952]}, "properties": {"name": "Patterson Tract", "population": 1752}}, {"type": "Feature", "geometry": {"type": "Point", "coordinates": [-122.09608, 38.00853]}, "properties": {"name": "Vine Hill", "population": 3761}}, {"type": "Feature", "geometry": {"type": "Point", "coordinates": [-121.94302, 38.44463]}, "properties": {"name": "Allendale", "population": 1506}}, {"type": "Feature", "geometry": {"type": "Point", "coordinates": [-118.32785, 33.34281]}, "properties": {"name": "Avalon", "population": 3799}}, {"type": "Feature", "geometry": {"type": "Point", "coordinates": [-117.99118, 34.03612]}, "properties": {"name": "Avocado Heights", "population": 15411}}, {"type": "Feature", "geometry": {"type": "Point", "coordinates": [-119.23127, 38.25575]}, "properties": {"name": "Bridgeport", "population": 575}}, {"type": "Feature", "geometry": {"type": "Point", "coordinates": [-122.10608, 37.10634]}, "properties": {"name": "Brookdale", "population": 1991}}, {"type": "Feature", "geometry": {"type": "Point", "coordinates": [-118.6012, 34.25723]}, "properties": {"name": "Chatsworth", "population": 41255}}, {"type": "Feature", "geometry": {"type": "Point", "coordinates": [-123.01722, 38.80546]}, "properties": {"name": "Cloverdale", "population": 8811}}, {"type": "Feature", "geometry": {"type": "Point", "coordinates": [-118.17202, 34.0239]}, "properties": {"name": "East Los Angeles", "population": 126496}}, {"type": "Feature", "geometry": {"type": "Point", "coordinates": [-122.14108, 37.46883]}, "properties": {"name": "East Palo Alto", "population": 29662}}, {"type": "Feature", "geometry": {"type": "Point", "coordinates": [-119.7907, 36.65023]}, "properties": {"name": "Easton", "population": 2083}}, {"type": "Feature", "geometry": {"type": "Point", "coordinates": [-117.29198, 33.03699]}, "properties": {"name": "Encinitas", "population": 62930}}, {"type": "Feature", "geometry": {"type": "Point", "coordinates": [-122.0733, 37.05134]}, "properties": {"name": "Felton", "population": 4057}}, {"type": "Feature", "geometry": {"type": "Point", "coordinates": [-121.17606, 38.67796]}, "properties": {"name": "Folsom", "population": 76375}}, {"type": "Feature", "geometry": {"type": "Point", "coordinates": [-123.80529, 39.44572]}, "properties": {"name": "Fort Bragg", "population": 7289}}, {"type": "Feature", "geometry": {"type": "Point", "coordinates": [-117.86534, 34.13612]}, "properties": {"name": "Glendora", "population": 52009}}, {"type": "Feature", "geometry": {"type": "Point", "coordinates": [-119.82764, 34.43583]}, "properties": {"name": "Goleta", "population": 30944}}, {"type": "Feature", "geometry": {"type": "Point", "coordinates": [-116.83002, 32.82033]}, "properties": {"name": "Harbison Canyon", "population": 3841}}, {"type": "Feature", "geometry": {"type": "Point", "coordinates": [-116.99725, 32.70811]}, "properties": {"name": "La Presa", "population": 34169}}, {"type": "Feature", "geometry": {"type": "Point", "coordinates": [-117.34393, 33.63863]}, "properties": {"name": "Lakeland Village", "population": 11541}}, {"type": "Feature", "geometry": {"type": "Point", "coordinates": [-117.70811, 33.97279]}, "properties": {"name": "Los Serranos", "population": 7099}}, {"type": "Feature", "geometry": {"type": "Point", "coordinates": [-118.97208, 37.64855]}, "properties": {"name": "Mammoth Lakes", "population": 7946}}, {"type": "Feature", "geometry": {"type": "Point", "coordinates": [-117.13448, 34.07001]}, "properties": {"name": "Mentone", "population": 8720}}, {"type": "Feature", "geometry": {"type": "Point", "coordinates": [-121.54273, 37.78326]}, "properties": {"name": "Mountain House", "population": 9675}}, {"type": "Feature", "geometry": {"type": "Point", "coordinates": [-122.08385, 37.38605]}, "properties": {"name": "Mountain View", "population": 80435}}, {"type": "Feature", "geometry": {"type": "Point", "coordinates": [-119.01955, 35.41968]}, "properties": {"name": "Oildale", "population": 32684}}, {"type": "Feature", "geometry": {"type": "Point", "coordinates": [-120.436, 34.86526]}, "properties": {"name": "Orcutt", "population": 28905}}, {"type": "Feature", "geometry": {"type": "Point", "coordinates": [-122.72804, 38.42213]}, "properties": {"name": "Roseland", "population": 6325}}, {"type": "Feature", "geometry": {"type": "Point", "coordinates": [-118.29229, 33.73585]}, "properties": {"name": "San Pedro", "population": 83556}}, {"type": "Feature", "geometry": {"type": "Point", "coordinates": [-119.14983, 34.28306]}, "properties": {"name": "Saticoy", "population": 1029}}, {"type": "Feature", "geometry": {"type": "Point", "coordinates": [-119.61208, 36.57078]}, "properties": {"name": "Selma", "population": 24414}}, {"type": "Feature", "geometry": {"type": "Point", "coordinates": [-118.39647, 34.14862]}, "properties": {"name": "Studio City", "population": 34034}}, {"type": "Feature", "geometry": {"type": "Point", "coordinates": [-119.56707, 34.42]}, "properties": {"name": "Toro Canyon", "population": 1508}}, {"type": "Feature", "geometry": {"type": "Point", "coordinates": [-122.5278, 41.7282]}, "properties": {"name": "Montague", "population": 1399}}, {"type": "Feature", "geometry": {"type": "Point", "coordinates": [-122.31878, 38.00702]}, "properties": {"name": "Bayview", "population": 1754}}, {"type": "Feature", "geometry": {"type": "Point", "coordinates": [-122.34506, 37.52272]}, "properties": {"name": "Highlands-Baywood Park", "population": 4027}}, {"type": "Feature", "geometry": {"type": "Point", "coordinates": [-118.42032, 34.18568]}, "properties": {"name": "Valley Glen", "population": 60000}}, {"type": "Feature", "geometry": {"type": "Point", "coordinates": [-120.67073, 35.48942]}, "properties": {"name": "Atascadero", "population": 29819}}, {"type": "Feature", "geometry": {"type": "Point", "coordinates": [-118.63842, 34.15778]}, "properties": {"name": "Calabasas", "population": 23058}}, {"type": "Feature", "geometry": {"type": "Point", "coordinates": [-119.0376, 34.21639]}, "properties": {"name": "Camarillo", "population": 67608}}, {"type": "Feature", "geometry": {"type": "Point", "coordinates": [-121.94996, 37.28717]}, "properties": {"name": "Campbell", "population": 41117}}, {"type": "Feature", "geometry": {"type": "Point", "coordinates": [-123.24922, 39.79327]}, "properties": {"name": "Covelo", "population": 1255}}, {"type": "Feature", "geometry": {"type": "Point", "coordinates": [-121.01188, 37.74354]}, "properties": {"name": "Del Rio", "population": 1270}}, {"type": "Feature", "geometry": {"type": "Point", "coordinates": [-118.19535, 33.89807]}, "properties": {"name": "East Rancho Dominguez", "population": 15135}}, {"type": "Feature", "geometry": {"type": "Point", "coordinates": [-120.45601, 36.85884]}, "properties": {"name": "Firebaugh", "population": 8330}}, {"type": "Feature", "geometry": {"type": "Point", "coordinates": [-121.40884, 38.49602]}, "properties": {"name": "Florin", "population": 47513}}, {"type": "Feature", "geometry": {"type": "Point", "coordinates": [-122.27108, 37.55855]}, "properties": {"name": "Foster City", "population": 33477}}, {"type": "Feature", "geometry": {"type": "Point", "coordinates": [-117.07642, 33.73808]}, "properties": {"name": "Green Acres", "population": 1805}}, {"type": "Feature", "geometry": {"type": "Point", "coordinates": [-117.20865, 34.12834]}, "properties": {"name": "Highland", "population": 54854}}, {"type": "Feature", "geometry": {"type": "Point", "coordinates": [-117.52088, 33.87807]}, "properties": {"name": "Home Gardens", "population": 11570}}, {"type": "Feature", "geometry": {"type": "Point", "coordinates": [-116.60196, 33.07866]}, "properties": {"name": "Julian", "population": 1502}}, {"type": "Feature", "geometry": {"type": "Point", "coordinates": [-117.18921, 34.24834]}, "properties": {"name": "Lake Arrowhead", "population": 12424}}, {"type": "Feature", "geometry": {"type": "Point", "coordinates": [-121.20051, 39.23295]}, "properties": {"name": "Lake Wildwood", "population": 4991}}, {"type": "Feature", "geometry": {"type": "Point", "coordinates": [-117.03142, 32.74255]}, "properties": {"name": "Lemon Grove", "population": 26709}}, {"type": "Feature", "geometry": {"type": "Point", "coordinates": [-121.80217, 36.6844]}, "properties": {"name": "Marina", "population": 21229}}, {"type": "Feature", "geometry": {"type": "Point", "coordinates": [-122.13413, 38.01937]}, "properties": {"name": "Martinez", "population": 38137}}, {"type": "Feature", "geometry": {"type": "Point", "coordinates": [-121.59135, 39.14573]}, "properties": {"name": "Marysville", "population": 12216}}, {"type": "Feature", "geometry": {"type": "Point", "coordinates": [-122.38719, 37.59855]}, "properties": {"name": "Millbrae", "population": 22795}}, {"type": "Feature", "geometry": {"type": "Point", "coordinates": [-119.63208, 34.43666]}, "properties": {"name": "Montecito", "population": 8965}}, {"type": "Feature", "geometry": {"type": "Point", "coordinates": [-115.51888, 33.24004]}, "properties": {"name": "Niland", "population": 1006}}, {"type": "Feature", "geometry": {"type": "Point", "coordinates": [-121.08494, 37.70576]}, "properties": {"name": "Salida", "population": 13722}}, {"type": "Feature", "geometry": {"type": "Point", "coordinates": [-122.41108, 37.63049]}, "properties": {"name": "San Bruno", "population": 43185}}, {"type": "Feature", "geometry": {"type": "Point", "coordinates": [-117.83672, 33.61169]}, "properties": {"name": "San Joaquin Hills", "population": 3176}}, {"type": "Feature", "geometry": {"type": "Point", "coordinates": [-122.13321, 37.67412]}, "properties": {"name": "San Lorenzo", "population": 23452}}, {"type": "Feature", "geometry": {"type": "Point", "coordinates": [-118.08535, 33.94724]}, "properties": {"name": "Santa Fe Springs", "population": 18026}}, {"type": "Feature", "geometry": {"type": "Point", "coordinates": [-122.02301, 37.26383]}, "properties": {"name": "Saratoga", "population": 30968}}, {"type": "Feature", "geometry": {"type": "Point", "coordinates": [-118.10479, 33.74141]}, "properties": {"name": "Seal Beach", "population": 24619}}, {"type": "Feature", "geometry": {"type": "Point", "coordinates": [-118.48472, 34.23639]}, "properties": {"name": "North Hills", "population": 56946}}, {"type": "Feature", "geometry": {"type": "Point", "coordinates": [-118.44897, 35.13219]}, "properties": {"name": "Tehachapi", "population": 13021}}, {"type": "Feature", "geometry": {"type": "Point", "coordinates": [-117.82617, 33.74585]}, "properties": {"name": "Tustin", "population": 80583}}, {"type": "Feature", "geometry": {"type": "Point", "coordinates": [-118.3023, 33.9414]}, "properties": {"name": "Westmont", "population": 31853}}, {"type": "Feature", "geometry": {"type": "Point", "coordinates": [-124.18395, 40.77263]}, "properties": {"name": "Bayview", "population": 2510}}, {"type": "Feature", "geometry": {"type": "Point", "coordinates": [-124.14897, 41.86789]}, "properties": {"name": "Fort Dick", "population": 1405}}, {"type": "Feature", "geometry": {"type": "Point", "coordinates": [-122.37084, 40.68043]}, "properties": {"name": "Shasta Lake", "population": 10159}}, {"type": "Feature", "geometry": {"type": "Point", "coordinates": [-122.94197, 40.73098]}, "properties": {"name": "Weaverville", "population": 3600}}, {"type": "Feature", "geometry": {"type": "Point", "coordinates": [-121.37854, 38.6025]}, "properties": {"name": "Arden-Arcade", "population": 92186}}, {"type": "Feature", "geometry": {"type": "Point", "coordinates": [-118.24438, 33.96772]}, "properties": {"name": "Florence-Graham", "population": 63387}}, {"type": "Feature", "geometry": {"type": "Point", "coordinates": [-122.69124, 38.01793]}, "properties": {"name": "Lagunitas-Forest Knolls", "population": 1819}}, {"type": "Feature", "geometry": {"type": "Point", "coordinates": [-117.56418, 33.96358]}, "properties": {"name": "Eastvale", "population": 59039}}, {"type": "Feature", "geometry": {"type": "Point", "coordinates": [-118.27023, 34.08668]}, "properties": {"name": "Silver Lake", "population": 32890}}, {"type": "Feature", "geometry": {"type": "Point", "coordinates": [-117.83427, 33.65157]}, "properties": {"name": "University Town Center", "population": 6455}}, {"type": "Feature", "geometry": {"type": "Point", "coordinates": [-117.77551, 33.65114]}, "properties": {"name": "Quail Hill", "population": 7651}}, {"type": "Feature", "geometry": {"type": "Point", "coordinates": [-122.15858, 38.04937]}, "properties": {"name": "Benicia", "population": 28167}}, {"type": "Feature", "geometry": {"type": "Point", "coordinates": [-116.28918, 33.7428]}, "properties": {"name": "Bermuda Dunes", "population": 7282}}, {"type": "Feature", "geometry": {"type": "Point", "coordinates": [-122.48275, 37.6866]}, "properties": {"name": "Broadmoor", "population": 4176}}, {"type": "Feature", "geometry": {"type": "Point", "coordinates": [-116.97725, 33.97252]}, "properties": {"name": "Cherry Valley", "population": 6362}}, {"type": "Feature", "geometry": {"type": "Point", "coordinates": [-122.45969, 37.67688]}, "properties": {"name": "Colma", "population": 1520}}, {"type": "Feature", "geometry": {"type": "Point", "coordinates": [-118.03729, 33.81696]}, "properties": {"name": "Cypress", "population": 49290}}, {"type": "Feature", "geometry": {"type": "Point", "coordinates": [-120.77854, 37.43216]}, "properties": {"name": "Delhi", "population": 10755}}, {"type": "Feature", "geometry": {"type": "Point", "coordinates": [-120.09991, 39.18796]}, "properties": {"name": "Dollar Point", "population": 1215}}, {"type": "Feature", "geometry": {"type": "Point", "coordinates": [-119.27233, 35.88412]}, "properties": {"name": "Earlimart", "population": 8537}}, {"type": "Feature", "geometry": {"type": "Point", "coordinates": [-117.98895, 33.92446]}, "properties": {"name": "East La Mirada", "population": 9757}}, {"type": "Feature", "geometry": {"type": "Point", "coordinates": [-118.41647, 33.91918]}, "properties": {"name": "El Segundo", "population": 17037}}, {"type": "Feature", "geometry": {"type": "Point", "coordinates": [-121.69358, 39.36378]}, "properties": {"name": "Gridley", "population": 6582}}, {"type": "Feature", "geometry": {"type": "Point", "coordinates": [-120.05988, 36.72356]}, "properties": {"name": "Kerman", "population": 14475}}, {"type": "Feature", "geometry": {"type": "Point", "coordinates": [-117.78311, 33.54225]}, "properties": {"name": "Laguna Beach", "population": 23365}}, {"type": "Feature", "geometry": {"type": "Point", "coordinates": [-118.35257, 33.88724]}, "properties": {"name": "Lawndale", "population": 33430}}, {"type": "Feature", "geometry": {"type": "Point", "coordinates": [-121.02189, 39.00101]}, "properties": {"name": "Meadow Vista", "population": 3217}}, {"type": "Feature", "geometry": {"type": "Point", "coordinates": [-117.0992, 32.67811]}, "properties": {"name": "National City", "population": 61060}}, {"type": "Feature", "geometry": {"type": "Point", "coordinates": [-120.61239, 35.09886]}, "properties": {"name": "Oceano", "population": 7286}}, {"type": "Feature", "geometry": {"type": "Point", "coordinates": [-119.24289, 34.44805]}, "properties": {"name": "Ojai", "population": 7627}}, {"type": "Feature", "geometry": {"type": "Point", "coordinates": [-118.15979, 33.88946]}, "properties": {"name": "Paramount", "population": 55412}}, {"type": "Feature", "geometry": {"type": "Point", "coordinates": [-117.47588, 33.97529]}, "properties": {"name": "Pedley", "population": 12672}}, {"type": "Feature", "geometry": {"type": "Point", "coordinates": [-122.29886, 38.00437]}, "properties": {"name": "Pinole", "population": 19269}}, {"type": "Feature", "geometry": {"type": "Point", "coordinates": [-122.23524, 37.38411]}, "properties": {"name": "Portola Valley", "population": 4594}}, {"type": "Feature", "geometry": {"type": "Point", "coordinates": [-121.36467, 38.55185]}, "properties": {"name": "Rosemont", "population": 22681}}, {"type": "Feature", "geometry": {"type": "Point", "coordinates": [-122.26052, 37.50716]}, "properties": {"name": "San Carlos", "population": 29931}}, {"type": "Feature", "geometry": {"type": "Point", "coordinates": [-119.05927, 34.35417]}, "properties": {"name": "Santa Paula", "population": 30546}}, {"type": "Feature", "geometry": {"type": "Point", "coordinates": [-120.92605, 38.66574]}, "properties": {"name": "Shingle Springs", "population": 4432}}, {"type": "Feature", "geometry": {"type": "Point", "coordinates": [-117.19451, 32.89991]}, "properties": {"name": "Sorrento Valley", "population": 5000}}, {"type": "Feature", "geometry": {"type": "Point", "coordinates": [-117.90478, 34.01279]}, "properties": {"name": "South San Jose Hills", "population": 20551}}, {"type": "Feature", "geometry": {"type": "Point", "coordinates": [-118.03917, 33.95015]}, "properties": {"name": "South Whittier", "population": 57156}}, {"type": "Feature", "geometry": {"type": "Point", "coordinates": [-119.82319, 36.1894]}, "properties": {"name": "Stratford", "population": 1277}}, {"type": "Feature", "geometry": {"type": "Point", "coordinates": [-120.80244, 38.39297]}, "properties": {"name": "Sutter Creek", "population": 2488}}, {"type": "Feature", "geometry": {"type": "Point", "coordinates": [-122.54581, 37.87965]}, "properties": {"name": "Tamalpais Valley", "population": 7000}}, {"type": "Feature", "geometry": {"type": "Point", "coordinates": [-120.18325, 39.32796]}, "properties": {"name": "Truckee", "population": 16299}}, {"type": "Feature", "geometry": {"type": "Point", "coordinates": [-120.46766, 34.70832]}, "properties": {"name": "Vandenberg Village", "population": 6497}}, {"type": "Feature", "geometry": {"type": "Point", "coordinates": [-119.29317, 34.27834]}, "properties": {"name": "Ventura", "population": 96769}}, {"type": "Feature", "geometry": {"type": "Point", "coordinates": [-116.21806, 33.6278]}, "properties": {"name": "Vista Santa Rosa", "population": 2926}}, {"type": "Feature", "geometry": {"type": "Point", "coordinates": [-120.76048, 37.64132]}, "properties": {"name": "Waterford", "population": 8824}}, {"type": "Feature", "geometry": {"type": "Point", "coordinates": [-122.64526, 38.0127]}, "properties": {"name": "Woodacre", "population": 1348}}, {"type": "Feature", "geometry": {"type": "Point", "coordinates": [-117.63339, 34.36083]}, "properties": {"name": "Wrightwood", "population": 4525}}, {"type": "Feature", "geometry": {"type": "Point", "coordinates": [-120.52411, 40.29656]}, "properties": {"name": "Janesville", "population": 1408}}, {"type": "Feature", "geometry": {"type": "Point", "coordinates": [-124.13034, 40.78874]}, "properties": {"name": "Myrtletown", "population": 4675}}, {"type": "Feature", "geometry": {"type": "Point", "coordinates": [-124.10644, 40.4993]}, "properties": {"name": "Rio Dell", "population": 3387}}, {"type": "Feature", "geometry": {"type": "Point", "coordinates": [-122.48682, 38.3214]}, "properties": {"name": "Fetters Hot Springs-Agua Caliente", "population": 4144}}, {"type": "Feature", "geometry": {"type": "Point", "coordinates": [-120.1612, 39.15023]}, "properties": {"name": "Sunnyside-Tahoe City", "population": 1557}}, {"type": "Feature", "geometry": {"type": "Point", "coordinates": [-121.82718, 37.36605]}, "properties": {"name": "Alum Rock", "population": 15536}}, {"type": "Feature", "geometry": {"type": "Point", "coordinates": [-121.64051, 38.01492]}, "properties": {"name": "Bethel Island", "population": 2137}}, {"type": "Feature", "geometry": {"type": "Point", "coordinates": [-123.38529, 39.44377]}, "properties": {"name": "Brooktrails", "population": 3235}}, {"type": "Feature", "geometry": {"type": "Point", "coordinates": [-120.19265, 34.6136]}, "properties": {"name": "Buellton", "population": 5082}}, {"type": "Feature", "geometry": {"type": "Point", "coordinates": [-117.58699, 33.60419]}, "properties": {"name": "Coto De Caza", "population": 14866}}, {"type": "Feature", "geometry": {"type": "Point", "coordinates": [-122.46942, 37.50272]}, "properties": {"name": "El Granada", "population": 5467}}, {"type": "Feature", "geometry": {"type": "Point", "coordinates": [-117.08642, 33.11921]}, "properties": {"name": "Escondido", "population": 151038}}, {"type": "Feature", "geometry": {"type": "Point", "coordinates": [-117.66088, 33.68641]}, "properties": {"name": "Foothill Ranch", "population": 11698}}, {"type": "Feature", "geometry": {"type": "Point", "coordinates": [-119.42012, 36.35106]}, "properties": {"name": "Goshen", "population": 3006}}, {"type": "Feature", "geometry": {"type": "Point", "coordinates": [-115.38026, 32.81116]}, "properties": {"name": "Holtville", "population": 6404}}, {"type": "Feature", "geometry": {"type": "Point", "coordinates": [-119.63624, 36.30328]}, "properties": {"name": "Home Garden", "population": 1761}}, {"type": "Feature", "geometry": {"type": "Point", "coordinates": [-121.3569, 38.56685]}, "properties": {"name": "La Riviera", "population": 10802}}, {"type": "Feature", "geometry": {"type": "Point", "coordinates": [-121.86468, 36.93662]}, "properties": {"name": "La Selva Beach", "population": 2843}}, {"type": "Feature", "geometry": {"type": "Point", "coordinates": [-122.91583, 39.04295]}, "properties": {"name": "Lakeport", "population": 4807}}, {"type": "Feature", "geometry": {"type": "Point", "coordinates": [-121.76801, 37.68187]}, "properties": {"name": "Livermore", "population": 88126}}, {"type": "Feature", "geometry": {"type": "Point", "coordinates": [-119.45818, 36.72384]}, "properties": {"name": "Minkler", "population": 1003}}, {"type": "Feature", "geometry": {"type": "Point", "coordinates": [-122.51331, 37.52744]}, "properties": {"name": "Moss Beach", "population": 3103}}, {"type": "Feature", "geometry": {"type": "Point", "coordinates": [-122.5697, 38.10742]}, "properties": {"name": "Novato", "population": 55530}}, {"type": "Feature", "geometry": {"type": "Point", "coordinates": [-118.11646, 34.57943]}, "properties": {"name": "Palmdale", "population": 158351}}, {"type": "Feature", "geometry": {"type": "Point", "coordinates": [-117.59311, 34.1064]}, "properties": {"name": "Rancho Cucamonga", "population": 175236}}, {"type": "Feature", "geometry": {"type": "Point", "coordinates": [-122.7011, 38.33964]}, "properties": {"name": "Rohnert Park", "population": 42407}}, {"type": "Feature", "geometry": {"type": "Point", "coordinates": [-118.35752, 33.75739]}, "properties": {"name": "Rolling Hills", "population": 1893}}, {"type": "Feature", "geometry": {"type": "Point", "coordinates": [-122.55498, 37.96242]}, "properties": {"name": "Ross", "population": 2479}}, {"type": "Feature", "geometry": {"type": "Point", "coordinates": [-118.43897, 34.28195]}, "properties": {"name": "San Fernando", "population": 24931}}, {"type": "Feature", "geometry": {"type": "Point", "coordinates": [-122.41942, 37.77493]}, "properties": {"name": "San Francisco", "population": 827526}}, {"type": "Feature", "geometry": {"type": "Point", "coordinates": [-118.10583, 34.09611]}, "properties": {"name": "San Gabriel", "population": 40424}}, {"type": "Feature", "geometry": {"type": "Point", "coordinates": [-119.695, 36.731]}, "properties": {"name": "Sunnyside", "population": 4235}}, {"type": "Feature", "geometry": {"type": "Point", "coordinates": [-122.13945, 41.25571]}, "properties": {"name": "McCloud", "population": 1101}}, {"type": "Feature", "geometry": {"type": "Point", "coordinates": [-118.31758, 34.07974]}, "properties": {"name": "Larchmont", "population": 9195}}, {"type": "Feature", "geometry": {"type": "Point", "coordinates": [-118.41527, 37.38639]}, "properties": {"name": "Dixon Lane-Meadow Creek", "population": 2645}}, {"type": "Feature", "geometry": {"type": "Point", "coordinates": [-118.19674, 34.46999]}, "properties": {"name": "Acton", "population": 7596}}, {"type": "Feature", "geometry": {"type": "Point", "coordinates": [-119.01871, 35.37329]}, "properties": {"name": "Bakersfield", "population": 373640}}, {"type": "Feature", "geometry": {"type": "Point", "coordinates": [-116.93642, 32.80755]}, "properties": {"name": "Bostonia", "population": 15379}}, {"type": "Feature", "geometry": {"type": "Point", "coordinates": [-120.67493, 38.73824]}, "properties": {"name": "Camino", "population": 1750}}, {"type": "Feature", "geometry": {"type": "Point", "coordinates": [-118.06479, 33.85835]}, "properties": {"name": "Cerritos", "population": 49975}}, {"type": "Feature", "geometry": {"type": "Point", "coordinates": [-117.89034, 34.09001]}, "properties": {"name": "Covina", "population": 48984}}, {"type": "Feature", "geometry": {"type": "Point", "coordinates": [-122.31164, 37.91576]}, "properties": {"name": "El Cerrito", "population": 23549}}, {"type": "Feature", "geometry": {"type": "Point", "coordinates": [-119.67847, 36.63051]}, "properties": {"name": "Fowler", "population": 6266}}, {"type": "Feature", "geometry": {"type": "Point", "coordinates": [-119.77237, 36.74773]}, "properties": {"name": "Fresno", "population": 542107}}, {"type": "Feature", "geometry": {"type": "Point", "coordinates": [-120.99882, 37.25772]}, "properties": {"name": "Gustine", "population": 5756}}, {"type": "Feature", "geometry": {"type": "Point", "coordinates": [-117.30088, 34.42639]}, "properties": {"name": "Hesperia", "population": 93295}}, {"type": "Feature", "geometry": {"type": "Point", "coordinates": [-117.2742, 32.84727]}, "properties": {"name": "La Jolla", "population": 42808}}, {"type": "Feature", "geometry": {"type": "Point", "coordinates": [-117.20837, 33.12615]}, "properties": {"name": "Lake San Marcos", "population": 4437}}, {"type": "Feature", "geometry": {"type": "Point", "coordinates": [-122.79638, 39.09017]}, "properties": {"name": "Lucerne", "population": 3067}}, {"type": "Feature", "geometry": {"type": "Point", "coordinates": [-117.14642, 33.72835]}, "properties": {"name": "Menifee", "population": 87174}}, {"type": "Feature", "geometry": {"type": "Point", "coordinates": [-120.8499, 35.36581]}, "properties": {"name": "Morro Bay", "population": 10639}}, {"type": "Feature", "geometry": {"type": "Point", "coordinates": [-120.46105, 38.13762]}, "properties": {"name": "Murphys", "population": 2213}}, {"type": "Feature", "geometry": {"type": "Point", "coordinates": [-117.34421, 34.15418]}, "properties": {"name": "Muscoy", "population": 10644}}, {"type": "Feature", "geometry": {"type": "Point", "coordinates": [-121.13328, 38.87407]}, "properties": {"name": "Newcastle", "population": 1224}}, {"type": "Feature", "geometry": {"type": "Point", "coordinates": [-121.02076, 37.31383]}, "properties": {"name": "Newman", "population": 10899}}, {"type": "Feature", "geometry": {"type": "Point", "coordinates": [-118.02423, 34.10279]}, "properties": {"name": "North El Monte", "population": 3723}}, {"type": "Feature", "geometry": {"type": "Point", "coordinates": [-118.08173, 33.90224]}, "properties": {"name": "Norwalk", "population": 107140}}, {"type": "Feature", "geometry": {"type": "Point", "coordinates": [-117.85311, 33.78779]}, "properties": {"name": "Orange", "population": 140992}}, {"type": "Feature", "geometry": {"type": "Point", "coordinates": [-121.6555, 36.67774]}, "properties": {"name": "Salinas", "population": 157380}}, {"type": "Feature", "geometry": {"type": "Point", "coordinates": [-120.18904, 36.60662]}, "properties": {"name": "San Joaquin", "population": 4022}}, {"type": "Feature", "geometry": {"type": "Point", "coordinates": [-122.71443, 38.44047]}, "properties": {"name": "Santa Rosa", "population": 178127}}, {"type": "Feature", "geometry": {"type": "Point", "coordinates": [-120.13765, 34.59582]}, "properties": {"name": "Solvang", "population": 5741}}, {"type": "Feature", "geometry": {"type": "Point", "coordinates": [-120.84659, 37.49466]}, "properties": {"name": "Turlock", "population": 72292}}, {"type": "Feature", "geometry": {"type": "Point", "coordinates": [-117.79394, 33.76446]}, "properties": {"name": "North Tustin", "population": 24917}}, {"type": "Feature", "geometry": {"type": "Point", "coordinates": [-118.35341, 34.1389]}, "properties": {"name": "Universal City", "population": 105000}}, {"type": "Feature", "geometry": {"type": "Point", "coordinates": [-118.4562, 35.7069]}, "properties": {"name": "Wofford Heights", "population": 2200}}, {"type": "Feature", "geometry": {"type": "Point", "coordinates": [-121.83404, 36.96064]}, "properties": {"name": "Aptos Hills-Larkin Valley", "population": 2381}}, {"type": "Feature", "geometry": {"type": "Point", "coordinates": [-122.48804, 38.32408]}, "properties": {"name": "Agua Caliente", "population": 27090}}, {"type": "Feature", "geometry": {"type": "Point", "coordinates": [-118.12701, 34.09529]}, "properties": {"name": "Alhambra", "population": 85551}}, {"type": "Feature", "geometry": {"type": "Point", "coordinates": [-118.13118, 34.18973]}, "properties": {"name": "Altadena", "population": 42777}}, {"type": "Feature", "geometry": {"type": "Point", "coordinates": [-117.9145, 33.83529]}, "properties": {"name": "Anaheim", "population": 350742}}, {"type": "Feature", "geometry": {"type": "Point", "coordinates": [-120.98577, 37.62076]}, "properties": {"name": "Bystrom", "population": 4008}}, {"type": "Feature", "geometry": {"type": "Point", "coordinates": [-120.36015, 36.13968]}, "properties": {"name": "Coalinga", "population": 16564}}, {"type": "Feature", "geometry": {"type": "Point", "coordinates": [-122.70721, 38.32686]}, "properties": {"name": "Cotati", "population": 7445}}, {"type": "Feature", "geometry": {"type": "Point", "coordinates": [-118.39647, 34.02112]}, "properties": {"name": "Culver City", "population": 39717}}, {"type": "Feature", "geometry": {"type": "Point", "coordinates": [-121.60023, 37.90854]}, "properties": {"name": "Discovery Bay", "population": 13352}}, {"type": "Feature", "geometry": {"type": "Point", "coordinates": [-121.7405, 36.8244]}, "properties": {"name": "Elkhorn", "population": 1565}}, {"type": "Feature", "geometry": {"type": "Point", "coordinates": [-122.89027, 38.47352]}, "properties": {"name": "Forestville", "population": 3293}}, {"type": "Feature", "geometry": {"type": "Point", "coordinates": [-117.31365, 34.0339]}, "properties": {"name": "Grand Terrace", "population": 12464}}, {"type": "Feature", "geometry": {"type": "Point", "coordinates": [-118.41397, 34.62165]}, "properties": {"name": "Green Valley", "population": 1027}}, {"type": "Feature", "geometry": {"type": "Point", "coordinates": [-118.07284, 33.8314]}, "properties": {"name": "Hawaiian Gardens", "population": 14592}}, {"type": "Feature", "geometry": {"type": "Point", "coordinates": [-122.86916, 38.61047]}, "properties": {"name": "Healdsburg", "population": 11742}}, {"type": "Feature", "geometry": {"type": "Point", "coordinates": [-118.65231, 34.16028]}, "properties": {"name": "Hidden Hills", "population": 1924}}, {"type": "Feature", "geometry": {"type": "Point", "coordinates": [-120.02658, 39.23768]}, "properties": {"name": "Kings Beach", "population": 3796}}, {"type": "Feature", "geometry": {"type": "Point", "coordinates": [-121.66801, 37.96881]}, "properties": {"name": "Knightsen", "population": 1568}}, {"type": "Feature", "geometry": {"type": "Point", "coordinates": [-117.68922, 33.64697]}, "properties": {"name": "Lake Forest", "population": 82492}}, {"type": "Feature", "geometry": {"type": "Point", "coordinates": [-119.6868, 36.43328]}, "properties": {"name": "Laton", "population": 1824}}, {"type": "Feature", "geometry": {"type": "Point", "coordinates": [-118.86482, 34.84164]}, "properties": {"name": "Lebec", "population": 1468}}, {"type": "Feature", "geometry": {"type": "Point", "coordinates": [-119.6643, 36.38078]}, "properties": {"name": "Lucerne", "population": 3443}}, {"type": "Feature", "geometry": {"type": "Point", "coordinates": [-122.54498, 37.90604]}, "properties": {"name": "Mill Valley", "population": 14394}}, {"type": "Feature", "geometry": {"type": "Point", "coordinates": [-118.09673, 33.98307]}, "properties": {"name": "Pico Rivera", "population": 64218}}, {"type": "Feature", "geometry": {"type": "Point", "coordinates": [-121.66967, 36.77579]}, "properties": {"name": "Prunedale", "population": 17560}}, {"type": "Feature", "geometry": {"type": "Point", "coordinates": [-118.07285, 34.08057]}, "properties": {"name": "Rosemead", "population": 54908}}, {"type": "Feature", "geometry": {"type": "Point", "coordinates": [-123.16778, 39.13323]}, "properties": {"name": "Talmage", "population": 1130}}, {"type": "Feature", "geometry": {"type": "Point", "coordinates": [-117.59033, 33.66252]}, "properties": {"name": "Trabuco Canyon", "population": 3000}}, {"type": "Feature", "geometry": {"type": "Point", "coordinates": [-122.91055, 39.16461]}, "properties": {"name": "Upper Lake", "population": 1052}}, {"type": "Feature", "geometry": {"type": "Point", "coordinates": [-118.22507, 33.96807]}, "properties": {"name": "Walnut Park", "population": 15966}}, {"type": "Feature", "geometry": {"type": "Point", "coordinates": [-117.35727, 33.88224]}, "properties": {"name": "Woodcrest", "population": 14347}}, {"type": "Feature", "geometry": {"type": "Point", "coordinates": [-121.88916, 40.49238]}, "properties": {"name": "Shingletown", "population": 2283}}, {"type": "Feature", "geometry": {"type": "Point", "coordinates": [-122.5755, 38.04011]}, "properties": {"name": "Lucas Valley-Marinwood", "population": 6094}}, {"type": "Feature", "geometry": {"type": "Point", "coordinates": [-122.75094, 38.51342]}, "properties": {"name": "Larkfield-Wikiup", "population": 8884}}, {"type": "Feature", "geometry": {"type": "Point", "coordinates": [-117.28509, 33.72578]}, "properties": {"name": "Meadowbrook", "population": 3185}}, {"type": "Feature", "geometry": {"type": "Point", "coordinates": [-119.45623, 35.13469]}, "properties": {"name": "South Taft", "population": 2169}}, {"type": "Feature", "geometry": {"type": "Point", "coordinates": [-118.32563, 34.49638]}, "properties": {"name": "Agua Dulce", "population": 3342}}, {"type": "Feature", "geometry": {"type": "Point", "coordinates": [-119.48734, 35.88773]}, "properties": {"name": "Alpaugh", "population": 1026}}, {"type": "Feature", "geometry": {"type": "Point", "coordinates": [-121.80579, 38.00492]}, "properties": {"name": "Antioch", "population": 110542}}, {"type": "Feature", "geometry": {"type": "Point", "coordinates": [-122.95944, 38.42519]}, "properties": {"name": "Camp Meeker", "population": 2461}}, {"type": "Feature", "geometry": {"type": "Point", "coordinates": [-121.80634, 36.98856]}, "properties": {"name": "Corralitos", "population": 2326}}, {"type": "Feature", "geometry": {"type": "Point", "coordinates": [-122.52748, 37.92548]}, "properties": {"name": "Corte Madera", "population": 9901}}, {"type": "Feature", "geometry": {"type": "Point", "coordinates": [-122.21302, 38.05242]}, "properties": {"name": "Crockett", "population": 3094}}, {"type": "Feature", "geometry": {"type": "Point", "coordinates": [-116.68475, 35.26275]}, "properties": {"name": "Fort Irwin", "population": 8845}}, {"type": "Feature", "geometry": {"type": "Point", "coordinates": [-122.55832, 38.80796]}, "properties": {"name": "Hidden Valley Lake", "population": 5579}}, {"type": "Feature", "geometry": {"type": "Point", "coordinates": [-121.73384, 36.95134]}, "properties": {"name": "Interlaken", "population": 7321}}, {"type": "Feature", "geometry": {"type": "Point", "coordinates": [-122.5572, 37.95215]}, "properties": {"name": "Kentfield", "population": 6485}}, {"type": "Feature", "geometry": {"type": "Point", "coordinates": [-119.08816, 36.20301]}, "properties": {"name": "Lindsay", "population": 13217}}, {"type": "Feature", "geometry": {"type": "Point", "coordinates": [-118.31507, 33.79224]}, "properties": {"name": "Lomita", "population": 20785}}, {"type": "Feature", "geometry": {"type": "Point", "coordinates": [-122.11413, 37.38522]}, "properties": {"name": "Los Altos", "population": 30671}}, {"type": "Feature", "geometry": {"type": "Point", "coordinates": [-119.27928, 34.44694]}, "properties": {"name": "Meiners Oaks", "population": 3571}}, {"type": "Feature", "geometry": {"type": "Point", "coordinates": [-117.98923, 33.74474]}, "properties": {"name": "Midway City", "population": 8485}}, {"type": "Feature", "geometry": {"type": "Point", "coordinates": [-122.51609, 37.54216]}, "properties": {"name": "Montara", "population": 2909}}, {"type": "Feature", "geometry": {"type": "Point", "coordinates": [-117.14781, 33.41031]}, "properties": {"name": "Rainbow", "population": 1832}}, {"type": "Feature", "geometry": {"type": "Point", "coordinates": [-117.90534, 33.97612]}, "properties": {"name": "Rowland Heights", "population": 48993}}, {"type": "Feature", "geometry": {"type": "Point", "coordinates": [-122.47026, 38.50519]}, "properties": {"name": "Saint Helena", "population": 5814}}, {"type": "Feature", "geometry": {"type": "Point", "coordinates": [-115.95611, 33.29865]}, "properties": {"name": "Salton City", "population": 3763}}, {"type": "Feature", "geometry": {"type": "Point", "coordinates": [-122.34553, 37.96215]}, "properties": {"name": "San Pablo", "population": 30407}}, {"type": "Feature", "geometry": {"type": "Point", "coordinates": [-118.78148, 34.26945]}, "properties": {"name": "Simi Valley", "population": 126788}}, {"type": "Feature", "geometry": {"type": "Point", "coordinates": [-121.58692, 39.51128]}, "properties": {"name": "Thermalito", "population": 6646}}, {"type": "Feature", "geometry": {"type": "Point", "coordinates": [-116.05417, 34.13556]}, "properties": {"name": "Twentynine Palms", "population": 26025}}, {"type": "Feature", "geometry": {"type": "Point", "coordinates": [-117.24254, 33.20004]}, "properties": {"name": "Vista", "population": 100890}}, {"type": "Feature", "geometry": {"type": "Point", "coordinates": [-122.20302, 37.43355]}, "properties": {"name": "West Menlo Park", "population": 3659}}, {"type": "Feature", "geometry": {"type": "Point", "coordinates": [-120.61325, 37.38938]}, "properties": {"name": "Winton", "population": 10613}}, {"type": "Feature", "geometry": {"type": "Point", "coordinates": [-124.06367, 40.84235]}, "properties": {"name": "Bayside", "population": 17132}}, {"type": "Feature", "geometry": {"type": "Point", "coordinates": [-124.16367, 40.80207]}, "properties": {"name": "Eureka", "population": 27017}}, {"type": "Feature", "geometry": {"type": "Point", "coordinates": [-123.18308, 40.55431]}, "properties": {"name": "Hayfork", "population": 2368}}, {"type": "Feature", "geometry": {"type": "Point", "coordinates": [-122.05786, 37.92752]}, "properties": {"name": "Contra Costa Centre", "population": 5364}}, {"type": "Feature", "geometry": {"type": "Point", "coordinates": [-122.43369, 37.75018]}, "properties": {"name": "Noe Valley", "population": 22893}}, {"type": "Feature", "geometry": {"type": "Point", "coordinates": [-117.76525, 33.65803]}, "properties": {"name": "Irvine Health and Science Complex", "population": 8644}}, {"type": "Feature", "geometry": {"type": "Point", "coordinates": [-117.77668, 33.69662]}, "properties": {"name": "El Camino Real", "population": 15999}}, {"type": "Feature", "geometry": {"type": "Point", "coordinates": [-121.93079, 37.25689]}, "properties": {"name": "Cambrian Park", "population": 3282}}, {"type": "Feature", "geometry": {"type": "Point", "coordinates": [-118.59814, 34.20112]}, "properties": {"name": "Canoga Park", "population": 60578}}, {"type": "Feature", "geometry": {"type": "Point", "coordinates": [-119.22316, 34.15806]}, "properties": {"name": "Channel Islands Beach", "population": 3103}}, {"type": "Feature", "geometry": {"type": "Point", "coordinates": [-122.1033, 37.67938]}, "properties": {"name": "Cherryland", "population": 14728}}, {"type": "Feature", "geometry": {"type": "Point", "coordinates": [-121.51855, 36.57052]}, "properties": {"name": "Chualar", "population": 1190}}, {"type": "Feature", "geometry": {"type": "Point", "coordinates": [-117.0842, 32.64005]}, "properties": {"name": "Chula Vista", "population": 265757}}, {"type": "Feature", "geometry": {"type": "Point", "coordinates": [-120.95328, 39.10073]}, "properties": {"name": "Colfax", "population": 1995}}, {"type": "Feature", "geometry": {"type": "Point", "coordinates": [-116.86808, 32.80727]}, "properties": {"name": "Crest", "population": 2593}}, {"type": "Feature", "geometry": {"type": "Point", "coordinates": [-116.97307, 33.74761]}, "properties": {"name": "Hemet", "population": 83861}}, {"type": "Feature", "geometry": {"type": "Point", "coordinates": [-120.4227, 37.95326]}, "properties": {"name": "Jamestown", "population": 3433}}, {"type": "Feature", "geometry": {"type": "Point", "coordinates": [-118.42536, 35.75467]}, "properties": {"name": "Kernville", "population": 1395}}, {"type": "Feature", "geometry": {"type": "Point", "coordinates": [-118.47314, 35.61801]}, "properties": {"name": "Lake Isabella", "population": 3466}}, {"type": "Feature", "geometry": {"type": "Point", "coordinates": [-121.5508, 39.12767]}, "properties": {"name": "Linda", "population": 17773}}, {"type": "Feature", "geometry": {"type": "Point", "coordinates": [-114.73107, 33.60586]}, "properties": {"name": "Mesa Verde", "population": 1023}}, {"type": "Feature", "geometry": {"type": "Point", "coordinates": [-121.99246, 37.23633]}, "properties": {"name": "Monte Sereno", "population": 3556}}, {"type": "Feature", "geometry": {"type": "Point", "coordinates": [-121.71245, 37.99742]}, "properties": {"name": "Oakley", "population": 39813}}, {"type": "Feature", "geometry": {"type": "Point", "coordinates": [-122.14302, 37.44188]}, "properties": {"name": "Palo Alto", "population": 66853}}, {"type": "Feature", "geometry": {"type": "Point", "coordinates": [-121.45884, 38.49602]}, "properties": {"name": "Parkway", "population": 14670}}, {"type": "Feature", "geometry": {"type": "Point", "coordinates": [-117.86783, 33.74557]}, "properties": {"name": "Santa Ana", "population": 310227}}, {"type": "Feature", "geometry": {"type": "Point", "coordinates": [-118.54259, 34.39166]}, "properties": {"name": "Santa Clarita", "population": 182371}}, {"type": "Feature", "geometry": {"type": "Point", "coordinates": [-118.09462, 34.04915]}, "properties": {"name": "South San Gabriel", "population": 8070}}, {"type": "Feature", "geometry": {"type": "Point", "coordinates": [-117.19726, 33.70919]}, "properties": {"name": "Sun City", "population": 19579}}, {"type": "Feature", "geometry": {"type": "Point", "coordinates": [-117.43338, 34.01196]}, "properties": {"name": "Sunnyslope", "population": 5153}}, {"type": "Feature", "geometry": {"type": "Point", "coordinates": [-119.04427, 35.96245]}, "properties": {"name": "Terra Bella", "population": 3310}}, {"type": "Feature", "geometry": {"type": "Point", "coordinates": [-119.31206, 36.0594]}, "properties": {"name": "Tipton", "population": 2543}}, {"type": "Feature", "geometry": {"type": "Point", "coordinates": [-118.44897, 34.18667]}, "properties": {"name": "Van Nuys", "population": 136443}}, {"type": "Feature", "geometry": {"type": "Point", "coordinates": [-119.09872, 36.41356]}, "properties": {"name": "Woodlake", "population": 7654}}, {"type": "Feature", "geometry": {"type": "Point", "coordinates": [-119.87463, 36.98467]}, "properties": {"name": "Bonadelle Ranchos-Madera Ranchos", "population": 8569}}, {"type": "Feature", "geometry": {"type": "Point", "coordinates": [-117.37929, 33.22844]}, "properties": {"name": "Camp Pendleton South", "population": 10616}}, {"type": "Feature", "geometry": {"type": "Point", "coordinates": [-122.90538, 39.08831]}, "properties": {"name": "North Lakeport", "population": 3314}}, {"type": "Feature", "geometry": {"type": "Point", "coordinates": [-121.8551, 37.289]}, "properties": {"name": "Communications Hill", "population": 11267}}, {"type": "Feature", "geometry": {"type": "Point", "coordinates": [-118.73787, 34.14306]}, "properties": {"name": "Agoura", "population": 20537}}, {"type": "Feature", "geometry": {"type": "Point", "coordinates": [-122.29775, 37.88687]}, "properties": {"name": "Albany", "population": 19735}}, {"type": "Feature", "geometry": {"type": "Point", "coordinates": [-117.18588, 34.50083]}, "properties": {"name": "Apple Valley", "population": 72174}}, {"type": "Feature", "geometry": {"type": "Point", "coordinates": [-122.11385, 37.69465]}, "properties": {"name": "Ashland", "population": 21925}}, {"type": "Feature", "geometry": {"type": "Point", "coordinates": [-122.08635, 37.08911]}, "properties": {"name": "Ben Lomond", "population": 6234}}, {"type": "Feature", "geometry": {"type": "Point", "coordinates": [-122.27275, 37.87159]}, "properties": {"name": "Berkeley", "population": 120972}}, {"type": "Feature", "geometry": {"type": "Point", "coordinates": [-121.69579, 37.93187]}, "properties": {"name": "Brentwood", "population": 58968}}, {"type": "Feature", "geometry": {"type": "Point", "coordinates": [-121.32828, 38.61713]}, "properties": {"name": "Carmichael", "population": 61762}}, {"type": "Feature", "geometry": {"type": "Point", "coordinates": [-121.34078, 37.96881]}, "properties": {"name": "Country Club", "population": 9379}}, {"type": "Feature", "geometry": {"type": "Point", "coordinates": [-120.62657, 36.98606]}, "properties": {"name": "Dos Palos", "population": 5125}}, {"type": "Feature", "geometry": {"type": "Point", "coordinates": [-118.07384, 34.13814]}, "properties": {"name": "East Pasadena", "population": 6144}}, {"type": "Feature", "geometry": {"type": "Point", "coordinates": [-117.52283, 33.84057]}, "properties": {"name": "El Cerrito Corona", "population": 5100}}, {"type": "Feature", "geometry": {"type": "Point", "coordinates": [-121.98857, 37.54827]}, "properties": {"name": "Fremont", "population": 232206}}, {"type": "Feature", "geometry": {"type": "Point", "coordinates": [-121.94691, 38.41713]}, "properties": {"name": "Hartley", "population": 2510}}, {"type": "Feature", "geometry": {"type": "Point", "coordinates": [-115.56944, 32.84755]}, "properties": {"name": "Imperial", "population": 17095}}, {"type": "Feature", "geometry": {"type": "Point", "coordinates": [-118.35313, 33.96168]}, "properties": {"name": "Inglewood", "population": 111666}}, {"type": "Feature", "geometry": {"type": "Point", "coordinates": [-122.28025, 37.91048]}, "properties": {"name": "Kensington", "population": 5077}}, {"type": "Feature", "geometry": {"type": "Point", "coordinates": [-118.18785, 34.19917]}, "properties": {"name": "La Ca\u00f1ada Flintridge", "population": 20246}}, {"type": "Feature", "geometry": {"type": "Point", "coordinates": [-123.48279, 39.68821]}, "properties": {"name": "Laytonville", "population": 1227}}, {"type": "Feature", "geometry": {"type": "Point", "coordinates": [-118.07256, 33.80307]}, "properties": {"name": "Los Alamitos", "population": 11449}}, {"type": "Feature", "geometry": {"type": "Point", "coordinates": [-122.13746, 37.37966]}, "properties": {"name": "Los Altos Hills", "population": 8419}}, {"type": "Feature", "geometry": {"type": "Point", "coordinates": [-121.90662, 37.42827]}, "properties": {"name": "Milpitas", "population": 77604}}, {"type": "Feature", "geometry": {"type": "Point", "coordinates": [-117.65089, 34.06334]}, "properties": {"name": "Ontario", "population": 171214}}, {"type": "Feature", "geometry": {"type": "Point", "coordinates": [-121.55776, 39.51394]}, "properties": {"name": "Oroville", "population": 16260}}, {"type": "Feature", "geometry": {"type": "Point", "coordinates": [-117.75228, 34.05529]}, "properties": {"name": "Pomona", "population": 153266}}, {"type": "Feature", "geometry": {"type": "Point", "coordinates": [-117.63116, 33.67919]}, "properties": {"name": "Portola Hills", "population": 9083}}, {"type": "Feature", "geometry": {"type": "Point", "coordinates": [-121.4944, 38.58157]}, "properties": {"name": "Sacramento", "population": 524943}}, {"type": "Feature", "geometry": {"type": "Point", "coordinates": [-120.68049, 38.19603]}, "properties": {"name": "San Andreas", "population": 2783}}, {"type": "Feature", "geometry": {"type": "Point", "coordinates": [-121.538, 36.84551]}, "properties": {"name": "San Juan Bautista", "population": 1961}}, {"type": "Feature", "geometry": {"type": "Point", "coordinates": [-117.40395, 35.76745]}, "properties": {"name": "Searles Valley", "population": 1739}}, {"type": "Feature", "geometry": {"type": "Point", "coordinates": [-120.68576, 38.64768]}, "properties": {"name": "Somerset", "population": 3642}}, {"type": "Feature", "geometry": {"type": "Point", "coordinates": [-122.49276, 38.26658]}, "properties": {"name": "Temelec", "population": 1441}}, {"type": "Feature", "geometry": {"type": "Point", "coordinates": [-121.66691, 39.14878]}, "properties": {"name": "Tierra Buena", "population": 5797}}, {"type": "Feature", "geometry": {"type": "Point", "coordinates": [-122.05552, 37.92631]}, "properties": {"name": "Waldon", "population": 5364}}, {"type": "Feature", "geometry": {"type": "Point", "coordinates": [-122.06496, 37.90631]}, "properties": {"name": "Walnut Creek", "population": 68910}}, {"type": "Feature", "geometry": {"type": "Point", "coordinates": [-121.51162, 38.24214]}, "properties": {"name": "Walnut Grove", "population": 1542}}, {"type": "Feature", "geometry": {"type": "Point", "coordinates": [-122.81638, 38.54713]}, "properties": {"name": "Windsor", "population": 27464}}, {"type": "Feature", "geometry": {"type": "Point", "coordinates": [-124.26394, 40.57624]}, "properties": {"name": "Ferndale", "population": 1369}}, {"type": "Feature", "geometry": {"type": "Point", "coordinates": [-120.58745, 40.38434]}, "properties": {"name": "Johnstonville", "population": 1024}}, {"type": "Feature", "geometry": {"type": "Point", "coordinates": [-118.57372, 34.39048]}, "properties": {"name": "Stevenson Ranch", "population": 17557}}, {"type": "Feature", "geometry": {"type": "Point", "coordinates": [-121.26338, 39.46447]}, "properties": {"name": "Challenge-Brownsville", "population": 1148}}, {"type": "Feature", "geometry": {"type": "Point", "coordinates": [-119.35158, 36.17066]}, "properties": {"name": "Matheny", "population": 1212}}, {"type": "Feature", "geometry": {"type": "Point", "coordinates": [-122.38107, 37.72855]}, "properties": {"name": "Bayview-Hunters Point", "population": 34835}}, {"type": "Feature", "geometry": {"type": "Point", "coordinates": [-116.76641, 32.83505]}, "properties": {"name": "Alpine", "population": 14236}}, {"type": "Feature", "geometry": {"type": "Point", "coordinates": [-118.62842, 35.15913]}, "properties": {"name": "Bear Valley Springs", "population": 5172}}, {"type": "Feature", "geometry": {"type": "Point", "coordinates": [-121.71275, 39.41239]}, "properties": {"name": "Biggs", "population": 1704}}, {"type": "Feature", "geometry": {"type": "Point", "coordinates": [-118.15979, 34.00057]}, "properties": {"name": "Commerce", "population": 13081}}, {"type": "Feature", "geometry": {"type": "Point", "coordinates": [-122.03218, 37.323]}, "properties": {"name": "Cupertino", "population": 60572}}, {"type": "Feature", "geometry": {"type": "Point", "coordinates": [-120.79687, 37.52632]}, "properties": {"name": "Denair", "population": 4404}}, {"type": "Feature", "geometry": {"type": "Point", "coordinates": [-116.96253, 32.79477]}, "properties": {"name": "El Cajon", "population": 103679}}, {"type": "Feature", "geometry": {"type": "Point", "coordinates": [-118.02757, 34.06862]}, "properties": {"name": "El Monte", "population": 116732}}, {"type": "Feature", "geometry": {"type": "Point", "coordinates": [-118.30896, 33.88835]}, "properties": {"name": "Gardena", "population": 60447}}, {"type": "Feature", "geometry": {"type": "Point", "coordinates": [-121.44438, 36.50663]}, "properties": {"name": "Gonzales", "population": 8473}}, {"type": "Feature", "geometry": {"type": "Point", "coordinates": [-121.24439, 38.29575]}, "properties": {"name": "Herald", "population": 1184}}, {"type": "Feature", "geometry": {"type": "Point", "coordinates": [-120.7741, 38.3488]}, "properties": {"name": "Jackson", "population": 4649}}, {"type": "Feature", "geometry": {"type": "Point", "coordinates": [-117.95062, 33.96085]}, "properties": {"name": "La Habra Heights", "population": 5454}}, {"type": "Feature", "geometry": {"type": "Point", "coordinates": [-118.01201, 33.91724]}, "properties": {"name": "La Mirada", "population": 49520}}, {"type": "Feature", "geometry": {"type": "Point", "coordinates": [-117.76784, 34.10084]}, "properties": {"name": "La Verne", "population": 32681}}, {"type": "Feature", "geometry": {"type": "Point", "coordinates": [-122.1983, 37.39994]}, "properties": {"name": "Ladera", "population": 1426}}, {"type": "Feature", "geometry": {"type": "Point", "coordinates": [-122.11802, 37.88576]}, "properties": {"name": "Lafayette", "population": 25843}}, {"type": "Feature", "geometry": {"type": "Point", "coordinates": [-117.71283, 33.61252]}, "properties": {"name": "Laguna Hills", "population": 31748}}, {"type": "Feature", "geometry": {"type": "Point", "coordinates": [-117.62672, 33.58808]}, "properties": {"name": "Las Flores", "population": 5971}}, {"type": "Feature", "geometry": {"type": "Point", "coordinates": [-119.69429, 35.61635]}, "properties": {"name": "Lost Hills", "population": 2412}}, {"type": "Feature", "geometry": {"type": "Point", "coordinates": [-117.68978, 34.07751]}, "properties": {"name": "Montclair", "population": 38690}}, {"type": "Feature", "geometry": {"type": "Point", "coordinates": [-122.07524, 37.98353]}, "properties": {"name": "Pacheco", "population": 3685}}, {"type": "Feature", "geometry": {"type": "Point", "coordinates": [-121.62192, 39.75961]}, "properties": {"name": "Paradise", "population": 26476}}, {"type": "Feature", "geometry": {"type": "Point", "coordinates": [-119.14955, 34.84637]}, "properties": {"name": "Pine Mountain Club", "population": 2315}}, {"type": "Feature", "geometry": {"type": "Point", "coordinates": [-121.88468, 38.02798]}, "properties": {"name": "Pittsburg", "population": 69424}}, {"type": "Feature", "geometry": {"type": "Point", "coordinates": [-119.01677, 36.06523]}, "properties": {"name": "Porterville", "population": 56058}}, {"type": "Feature", "geometry": {"type": "Point", "coordinates": [-122.24802, 37.53188]}, "properties": {"name": "Redwood Shores", "population": 10500}}, {"type": "Feature", "geometry": {"type": "Point", "coordinates": [-119.4504, 36.59634]}, "properties": {"name": "Reedley", "population": 25569}}, {"type": "Feature", "geometry": {"type": "Point", "coordinates": [-121.23578, 38.79073]}, "properties": {"name": "Rocklin", "population": 61213}}, {"type": "Feature", "geometry": {"type": "Point", "coordinates": [-122.32997, 37.9652]}, "properties": {"name": "Rollingwood", "population": 2969}}, {"type": "Feature", "geometry": {"type": "Point", "coordinates": [-116.78364, 33.00671]}, "properties": {"name": "San Diego Country Estates", "population": 10109}}, {"type": "Feature", "geometry": {"type": "Point", "coordinates": [-122.15608, 37.72493]}, "properties": {"name": "San Leandro", "population": 90712}}, {"type": "Feature", "geometry": {"type": "Point", "coordinates": [-122.53109, 37.97353]}, "properties": {"name": "San Rafael", "population": 59162}}, {"type": "Feature", "geometry": {"type": "Point", "coordinates": [-120.60906, 35.38997]}, "properties": {"name": "Santa Margarita", "population": 1259}}, {"type": "Feature", "geometry": {"type": "Point", "coordinates": [-122.82388, 38.40214]}, "properties": {"name": "Sebastopol", "population": 7678}}, {"type": "Feature", "geometry": {"type": "Point", "coordinates": [-122.45804, 38.29186]}, "properties": {"name": "Sonoma", "population": 11037}}, {"type": "Feature", "geometry": {"type": "Point", "coordinates": [-117.14836, 33.49364]}, "properties": {"name": "Temecula", "population": 110003}}, {"type": "Feature", "geometry": {"type": "Point", "coordinates": [-117.9684, 34.05168]}, "properties": {"name": "West Puente Valley", "population": 22636}}, {"type": "Feature", "geometry": {"type": "Point", "coordinates": [-116.43224, 34.11417]}, "properties": {"name": "Yucca Valley", "population": 21600}}, {"type": "Feature", "geometry": {"type": "Point", "coordinates": [-122.63447, 41.73542]}, "properties": {"name": "Yreka", "population": 7597}}, {"type": "Feature", "geometry": {"type": "Point", "coordinates": [-117.93535, 34.91637]}, "properties": {"name": "Edwards Air Force Base", "population": 2063}}, {"type": "Feature", "geometry": {"type": "Point", "coordinates": [-121.28316, 37.91385]}, "properties": {"name": "Taft Mosswood", "population": 1530}}, {"type": "Feature", "geometry": {"type": "Point", "coordinates": [-117.79655, 33.70972]}, "properties": {"name": "Walnut Village", "population": 7675}}, {"type": "Feature", "geometry": {"type": "Point", "coordinates": [-119.72627, 37.3655]}, "properties": {"name": "Ahwahnee", "population": 2246}}, {"type": "Feature", "geometry": {"type": "Point", "coordinates": [-119.48541, 37.08078]}, "properties": {"name": "Auberry", "population": 2369}}, {"type": "Feature", "geometry": {"type": "Point", "coordinates": [-120.73184, 35.17998]}, "properties": {"name": "Avila Beach", "population": 1627}}, {"type": "Feature", "geometry": {"type": "Point", "coordinates": [-118.28955, 37.16493]}, "properties": {"name": "Big Pine", "population": 1756}}, {"type": "Feature", "geometry": {"type": "Point", "coordinates": [-118.49203, 35.58801]}, "properties": {"name": "Bodfish", "population": 1956}}, {"type": "Feature", "geometry": {"type": "Point", "coordinates": [-122.48193, 38.3138]}, "properties": {"name": "Boyes Hot Springs", "population": 6656}}, {"type": "Feature", "geometry": {"type": "Point", "coordinates": [-117.9709, 34.14695]}, "properties": {"name": "Bradbury", "population": 1089}}, {"type": "Feature", "geometry": {"type": "Point", "coordinates": [-122.36608, 37.5841]}, "properties": {"name": "Burlingame", "population": 30459}}, {"type": "Feature", "geometry": {"type": "Point", "coordinates": [-121.93579, 37.94103]}, "properties": {"name": "Clayton", "population": 11867}}, {"type": "Feature", "geometry": {"type": "Point", "coordinates": [-122.72082, 38.95406]}, "properties": {"name": "Clear Lake Riviera", "population": 3090}}, {"type": "Feature", "geometry": {"type": "Point", "coordinates": [-120.40131, 38.03631]}, "properties": {"name": "Columbia", "population": 2297}}, {"type": "Feature", "geometry": {"type": "Point", "coordinates": [-117.2856, 34.24195]}, "properties": {"name": "Crestline", "population": 10770}}, {"type": "Feature", "geometry": {"type": "Point", "coordinates": [-116.61585, 32.85283]}, "properties": {"name": "Descanso", "population": 1423}}, {"type": "Feature", "geometry": {"type": "Point", "coordinates": [-121.79998, 39.64627]}, "properties": {"name": "Durham", "population": 5518}}, {"type": "Feature", "geometry": {"type": "Point", "coordinates": [-115.56305, 32.792]}, "properties": {"name": "El Centro", "population": 43956}}, {"type": "Feature", "geometry": {"type": "Point", "coordinates": [-121.37162, 38.4088]}, "properties": {"name": "Elk Grove", "population": 166913}}, {"type": "Feature", "geometry": {"type": "Point", "coordinates": [-121.46273, 38.71379]}, "properties": {"name": "Elverta", "population": 5492}}, {"type": "Feature", "geometry": {"type": "Point", "coordinates": [-121.24662, 38.62629]}, "properties": {"name": "Gold River", "population": 7912}}, {"type": "Feature", "geometry": {"type": "Point", "coordinates": [-119.00288, 35.26885]}, "properties": {"name": "Greenfield", "population": 3991}}, {"type": "Feature", "geometry": {"type": "Point", "coordinates": [-115.52972, 32.73089]}, "properties": {"name": "Heber", "population": 4275}}, {"type": "Feature", "geometry": {"type": "Point", "coordinates": [-118.37535, 33.99418]}, "properties": {"name": "Ladera Heights", "population": 6498}}, {"type": "Feature", "geometry": {"type": "Point", "coordinates": [-117.32726, 33.66808]}, "properties": {"name": "Lake Elsinore", "population": 61981}}, {"type": "Feature", "geometry": {"type": "Point", "coordinates": [-121.05661, 39.03962]}, "properties": {"name": "Lake of the Pines", "population": 3917}}, {"type": "Feature", "geometry": {"type": "Point", "coordinates": [-117.11809, 33.83863]}, "properties": {"name": "Lakeview", "population": 2104}}, {"type": "Feature", "geometry": {"type": "Point", "coordinates": [-120.24823, 37.22855]}, "properties": {"name": "Le Grand", "population": 1659}}, {"type": "Feature", "geometry": {"type": "Point", "coordinates": [-120.11487, 34.66776]}, "properties": {"name": "Los Olivos", "population": 1132}}, {"type": "Feature", "geometry": {"type": "Point", "coordinates": [-120.38156, 36.75356]}, "properties": {"name": "Mendota", "population": 11430}}, {"type": "Feature", "geometry": {"type": "Point", "coordinates": [-117.672, 33.60002]}, "properties": {"name": "Mission Viejo", "population": 97156}}, {"type": "Feature", "geometry": {"type": "Point", "coordinates": [-123.00889, 38.46547]}, "properties": {"name": "Monte Rio", "population": 1152}}, {"type": "Feature", "geometry": {"type": "Point", "coordinates": [-121.89468, 36.60024]}, "properties": {"name": "Monterey", "population": 28338}}, {"type": "Feature", "geometry": {"type": "Point", "coordinates": [-117.23059, 33.93752]}, "properties": {"name": "Moreno Valley", "population": 204198}}, {"type": "Feature", "geometry": {"type": "Point", "coordinates": [-120.84715, 37.76659]}, "properties": {"name": "Oakdale", "population": 22259}}, {"type": "Feature", "geometry": {"type": "Point", "coordinates": [-119.64932, 37.328]}, "properties": {"name": "Oakhurst", "population": 2829}}, {"type": "Feature", "geometry": {"type": "Point", "coordinates": [-121.55219, 39.09545]}, "properties": {"name": "Olivehurst", "population": 13656}}, {"type": "Feature", "geometry": {"type": "Point", "coordinates": [-122.0258, 37.00439]}, "properties": {"name": "Pasatiempo", "population": 1041}}, {"type": "Feature", "geometry": {"type": "Point", "coordinates": [-118.79398, 34.41527]}, "properties": {"name": "Piru", "population": 2063}}, {"type": "Feature", "geometry": {"type": "Point", "coordinates": [-121.09467, 38.50185]}, "properties": {"name": "Rancho Murieta", "population": 5488}}, {"type": "Feature", "geometry": {"type": "Point", "coordinates": [-117.11531, 32.95949]}, "properties": {"name": "Rancho Penasquitos", "population": 60000}}, {"type": "Feature", "geometry": {"type": "Point", "coordinates": [-116.9353, 32.74727]}, "properties": {"name": "Rancho San Diego", "population": 21208}}, {"type": "Feature", "geometry": {"type": "Point", "coordinates": [-117.65644, 34.15556]}, "properties": {"name": "San Antonio Heights", "population": 3371}}, {"type": "Feature", "geometry": {"type": "Point", "coordinates": [-118.35175, 34.26195]}, "properties": {"name": "Shadow Hills", "population": 13000}}, {"type": "Feature", "geometry": {"type": "Point", "coordinates": [-121.32632, 36.42469]}, "properties": {"name": "Soledad", "population": 25003}}, {"type": "Feature", "geometry": {"type": "Point", "coordinates": [-121.63913, 39.11656]}, "properties": {"name": "South Yuba City", "population": 15217}}, {"type": "Feature", "geometry": {"type": "Point", "coordinates": [-117.0342, 33.21837]}, "properties": {"name": "Valley Center", "population": 9277}}, {"type": "Feature", "geometry": {"type": "Point", "coordinates": [-121.53023, 38.58046]}, "properties": {"name": "West Sacramento", "population": 52721}}, {"type": "Feature", "geometry": {"type": "Point", "coordinates": [-118.03284, 33.97918]}, "properties": {"name": "Whittier", "population": 87438}}, {"type": "Feature", "geometry": {"type": "Point", "coordinates": [-122.28084, 40.38571]}, "properties": {"name": "Cottonwood", "population": 3316}}, {"type": "Feature", "geometry": {"type": "Point", "coordinates": [-121.45581, 38.53265]}, "properties": {"name": "Fruitridge Pocket", "population": 5800}}, {"type": "Feature", "geometry": {"type": "Point", "coordinates": [-117.95676, 34.55952]}, "properties": {"name": "Sun Village", "population": 11565}}, {"type": "Feature", "geometry": {"type": "Point", "coordinates": [-121.69583, 38.16389]}, "properties": {"name": "Rio Vista", "population": 8348}}, {"type": "Feature", "geometry": {"type": "Point", "coordinates": [-117.40922, 34.58277]}, "properties": {"name": "Adelanto", "population": 33166}}, {"type": "Feature", "geometry": {"type": "Point", "coordinates": [-122.03218, 37.8502]}, "properties": {"name": "Alamo", "population": 14570}}, {"type": "Feature", "geometry": {"type": "Point", "coordinates": [-118.33091, 33.88946]}, "properties": {"name": "Alondra Park", "population": 8592}}, {"type": "Feature", "geometry": {"type": "Point", "coordinates": [-117.90756, 34.13362]}, "properties": {"name": "Azusa", "population": 49690}}, {"type": "Feature", "geometry": {"type": "Point", "coordinates": [-118.11701, 33.88168]}, "properties": {"name": "Bellflower", "population": 78441}}, {"type": "Feature", "geometry": {"type": "Point", "coordinates": [-117.03003, 32.65783]}, "properties": {"name": "Bonita", "population": 12538}}, {"type": "Feature", "geometry": {"type": "Point", "coordinates": [-117.9859, 35.1258]}, "properties": {"name": "California City", "population": 13277}}, {"type": "Feature", "geometry": {"type": "Point", "coordinates": [-117.27309, 33.68502]}, "properties": {"name": "Canyon Lake", "population": 11080}}, {"type": "Feature", "geometry": {"type": "Point", "coordinates": [-121.95329, 36.97523]}, "properties": {"name": "Capitola", "population": 10189}}, {"type": "Feature", "geometry": {"type": "Point", "coordinates": [-116.46529, 33.77974]}, "properties": {"name": "Cathedral City", "population": 53826}}, {"type": "Feature", "geometry": {"type": "Point", "coordinates": [-117.84589, 34.10306]}, "properties": {"name": "Charter Oak", "population": 9310}}, {"type": "Feature", "geometry": {"type": "Point", "coordinates": [-117.69811, 33.46697]}, "properties": {"name": "Dana Point", "population": 34181}}, {"type": "Feature", "geometry": {"type": "Point", "coordinates": [-121.94746, 36.58635]}, "properties": {"name": "Del Monte Forest", "population": 4514}}, {"type": "Feature", "geometry": {"type": "Point", "coordinates": [-121.08855, 38.21381]}, "properties": {"name": "Dogtown", "population": 2506}}, {"type": "Feature", "geometry": {"type": "Point", "coordinates": [-120.89801, 39.93406]}, "properties": {"name": "East Quincy", "population": 2489}}, {"type": "Feature", "geometry": {"type": "Point", "coordinates": [-119.16383, 34.23578]}, "properties": {"name": "El Rio", "population": 7198}}, {"type": "Feature", "geometry": {"type": "Point", "coordinates": [-122.99611, 38.50186]}, "properties": {"name": "Guerneville", "population": 4534}}, {"type": "Feature", "geometry": {"type": "Point", "coordinates": [-122.28858, 38.01714]}, "properties": {"name": "Hercules", "population": 25314}}, {"type": "Feature", "geometry": {"type": "Point", "coordinates": [-118.39952, 33.86224]}, "properties": {"name": "Hermosa Beach", "population": 19860}}, {"type": "Feature", "geometry": {"type": "Point", "coordinates": [-117.1092, 33.74308]}, "properties": {"name": "Homeland", "population": 5969}}, {"type": "Feature", "geometry": {"type": "Point", "coordinates": [-122.54609, 38.4138]}, "properties": {"name": "Kenwood", "population": 1028}}, {"type": "Feature", "geometry": {"type": "Point", "coordinates": [-117.82812, 34.61249]}, "properties": {"name": "Lake Los Angeles", "population": 12328}}, {"type": "Feature", "geometry": {"type": "Point", "coordinates": [-119.78291, 36.30078]}, "properties": {"name": "Lemoore", "population": 25647}}, {"type": "Feature", "geometry": {"type": "Point", "coordinates": [-117.98368, 34.5211]}, "properties": {"name": "Littlerock", "population": 1377}}, {"type": "Feature", "geometry": {"type": "Point", "coordinates": [-121.98052, 36.98356]}, "properties": {"name": "Live Oak", "population": 17158}}, {"type": "Feature", "geometry": {"type": "Point", "coordinates": [-120.45794, 34.63915]}, "properties": {"name": "Lompoc", "population": 44164}}, {"type": "Feature", "geometry": {"type": "Point", "coordinates": [-119.44318, 36.47606]}, "properties": {"name": "London", "population": 1869}}, {"type": "Feature", "geometry": {"type": "Point", "coordinates": [-120.8324, 35.31109]}, "properties": {"name": "Los Osos", "population": 14276}}, {"type": "Feature", "geometry": {"type": "Point", "coordinates": [-118.18535, 33.98668]}, "properties": {"name": "Maywood", "population": 27888}}, {"type": "Feature", "geometry": {"type": "Point", "coordinates": [-117.29615, 33.83335]}, "properties": {"name": "Mead Valley", "population": 18510}}, {"type": "Feature", "geometry": {"type": "Point", "coordinates": [-122.11746, 38.00881]}, "properties": {"name": "Mountain View", "population": 2372}}, {"type": "Feature", "geometry": {"type": "Point", "coordinates": [-122.36747, 37.95881]}, "properties": {"name": "North Richmond", "population": 3717}}, {"type": "Feature", "geometry": {"type": "Point", "coordinates": [-117.38135, 34.38313]}, "properties": {"name": "Oak Hills", "population": 8879}}, {"type": "Feature", "geometry": {"type": "Point", "coordinates": [-118.52647, 34.04806]}, "properties": {"name": "Pacific Palisades", "population": 23121}}, {"type": "Feature", "geometry": {"type": "Point", "coordinates": [-118.39245, 33.80105]}, "properties": {"name": "Palos Verdes Estates", "population": 13682}}, {"type": "Feature", "geometry": {"type": "Point", "coordinates": [-120.65882, 38.41297]}, "properties": {"name": "Pine Grove", "population": 2219}}, {"type": "Feature", "geometry": {"type": "Point", "coordinates": [-121.55802, 39.02073]}, "properties": {"name": "Plumas Lake", "population": 5853}}, {"type": "Feature", "geometry": {"type": "Point", "coordinates": [-119.19511, 34.14778]}, "properties": {"name": "Port Hueneme", "population": 22423}}, {"type": "Feature", "geometry": {"type": "Point", "coordinates": [-117.20281, 33.02032]}, "properties": {"name": "Rancho Santa Fe", "population": 3117}}, {"type": "Feature", "geometry": {"type": "Point", "coordinates": [-122.23635, 37.48522]}, "properties": {"name": "Redwood City", "population": 85288}}, {"type": "Feature", "geometry": {"type": "Point", "coordinates": [-117.61199, 33.42697]}, "properties": {"name": "San Clemente", "population": 65526}}, {"type": "Feature", "geometry": {"type": "Point", "coordinates": [-120.65962, 35.28275]}, "properties": {"name": "San Luis Obispo", "population": 47339}}, {"type": "Feature", "geometry": {"type": "Point", "coordinates": [-122.0308, 36.97412]}, "properties": {"name": "Santa Cruz", "population": 64220}}, {"type": "Feature", "geometry": {"type": "Point", "coordinates": [-121.95663, 36.98801]}, "properties": {"name": "Soquel", "population": 9644}}, {"type": "Feature", "geometry": {"type": "Point", "coordinates": [-116.99892, 32.74477]}, "properties": {"name": "Spring Valley", "population": 28205}}, {"type": "Feature", "geometry": {"type": "Point", "coordinates": [-120.12824, 39.06741]}, "properties": {"name": "Tahoma", "population": 1191}}, {"type": "Feature", "geometry": {"type": "Point", "coordinates": [-118.05785, 34.10723]}, "properties": {"name": "Temple City", "population": 36365}}, {"type": "Feature", "geometry": {"type": "Point", "coordinates": [-118.36174, 34.09001]}, "properties": {"name": "West Hollywood", "population": 36222}}, {"type": "Feature", "geometry": {"type": "Point", "coordinates": [-121.9708, 38.52491]}, "properties": {"name": "Winters", "population": 7034}}, {"type": "Feature", "geometry": {"type": "Point", "coordinates": [-120.54349, 41.48714]}, "properties": {"name": "Alturas", "population": 2594}}, {"type": "Feature", "geometry": {"type": "Point", "coordinates": [-122.15027, 40.05627]}, "properties": {"name": "Gerber", "population": 1060}}, {"type": "Feature", "geometry": {"type": "Point", "coordinates": [-120.95107, 40.13961]}, "properties": {"name": "Greenville", "population": 1129}}, {"type": "Feature", "geometry": {"type": "Point", "coordinates": [-122.49196, 40.59932]}, "properties": {"name": "Shasta", "population": 1771}}, {"type": "Feature", "geometry": {"type": "Point", "coordinates": [-121.00519, 37.60207]}, "properties": {"name": "Bret Harte", "population": 5152}}, {"type": "Feature", "geometry": {"type": "Point", "coordinates": [-124.10239, 41.04489]}, "properties": {"name": "Westhaven-Moonstone", "population": 1205}}, {"type": "Feature", "geometry": {"type": "Point", "coordinates": [-118.36058, 34.04126]}, "properties": {"name": "Mid-City", "population": 83000}}, {"type": "Feature", "geometry": {"type": "Point", "coordinates": [-121.01472, 38.88722]}, "properties": {"name": "Cool", "population": 4100}}, {"type": "Feature", "geometry": {"type": "Point", "coordinates": [-121.32995, 38.70824]}, "properties": {"name": "Antelope", "population": 45770}}, {"type": "Feature", "geometry": {"type": "Point", "coordinates": [-118.08312, 33.86585]}, "properties": {"name": "Artesia", "population": 16961}}, {"type": "Feature", "geometry": {"type": "Point", "coordinates": [-118.82843, 35.20913]}, "properties": {"name": "Arvin", "population": 20876}}, {"type": "Feature", "geometry": {"type": "Point", "coordinates": [-120.60908, 37.34772]}, "properties": {"name": "Atwater", "population": 29237}}, {"type": "Feature", "geometry": {"type": "Point", "coordinates": [-116.87641, 33.92557]}, "properties": {"name": "Banning", "population": 30945}}, {"type": "Feature", "geometry": {"type": "Point", "coordinates": [-117.02282, 34.89859]}, "properties": {"name": "Barstow", "population": 23692}}, {"type": "Feature", "geometry": {"type": "Point", "coordinates": [-118.44869, 34.08334]}, "properties": {"name": "Bel Air", "population": 8253}}, {"type": "Feature", "geometry": {"type": "Point", "coordinates": [-118.15146, 33.96529]}, "properties": {"name": "Bell Gardens", "population": 43106}}, {"type": "Feature", "geometry": {"type": "Point", "coordinates": [-122.46442, 37.8727]}, "properties": {"name": "Belvedere", "population": 2121}}, {"type": "Feature", "geometry": {"type": "Point", "coordinates": [-120.01627, 36.80217]}, "properties": {"name": "Biola", "population": 1623}}, {"type": "Feature", "geometry": {"type": "Point", "coordinates": [-118.20535, 34.0339]}, "properties": {"name": "Boyle Heights", "population": 92785}}, {"type": "Feature", "geometry": {"type": "Point", "coordinates": [-122.00942, 39.21433]}, "properties": {"name": "Colusa", "population": 5935}}, {"type": "Feature", "geometry": {"type": "Point", "coordinates": [-122.03107, 37.97798]}, "properties": {"name": "Concord", "population": 128667}}, {"type": "Feature", "geometry": {"type": "Point", "coordinates": [-122.46192, 37.70577]}, "properties": {"name": "Daly City", "population": 106562}}, {"type": "Feature", "geometry": {"type": "Point", "coordinates": [-120.81494, 38.69463]}, "properties": {"name": "Diamond Springs", "population": 11037}}, {"type": "Feature", "geometry": {"type": "Point", "coordinates": [-120.3613, 37.9777]}, "properties": {"name": "East Sonora", "population": 2266}}, {"type": "Feature", "geometry": {"type": "Point", "coordinates": [-122.49165, 38.29769]}, "properties": {"name": "El Verano", "population": 4123}}, {"type": "Feature", "geometry": {"type": "Point", "coordinates": [-122.03997, 38.24936]}, "properties": {"name": "Fairfield", "population": 112970}}, {"type": "Feature", "geometry": {"type": "Point", "coordinates": [-120.19295, 37.07633]}, "properties": {"name": "Fairmead", "population": 1447}}, {"type": "Feature", "geometry": {"type": "Point", "coordinates": [-117.63561, 33.57086]}, "properties": {"name": "Ladera Ranch", "population": 22980}}, {"type": "Feature", "geometry": {"type": "Point", "coordinates": [-121.29301, 38.89156]}, "properties": {"name": "Lincoln", "population": 49757}}, {"type": "Feature", "geometry": {"type": "Point", "coordinates": [-117.26115, 34.04835]}, "properties": {"name": "Loma Linda", "population": 24045}}, {"type": "Feature", "geometry": {"type": "Point", "coordinates": [-120.26991, 37.9977]}, "properties": {"name": "Mono Vista", "population": 3127}}, {"type": "Feature", "geometry": {"type": "Point", "coordinates": [-118.10535, 34.00946]}, "properties": {"name": "Montebello", "population": 63921}}, {"type": "Feature", "geometry": {"type": "Point", "coordinates": [-120.476, 35.04275]}, "properties": {"name": "Nipomo", "population": 16714}}, {"type": "Feature", "geometry": {"type": "Point", "coordinates": [-116.09889, 33.46586]}, "properties": {"name": "Oasis", "population": 6890}}, {"type": "Feature", "geometry": {"type": "Point", "coordinates": [-122.19637, 39.74738]}, "properties": {"name": "Orland", "population": 7550}}, {"type": "Feature", "geometry": {"type": "Point", "coordinates": [-121.90023, 36.96828]}, "properties": {"name": "Rio Del Mar", "population": 9216}}, {"type": "Feature", "geometry": {"type": "Point", "coordinates": [-116.95864, 33.78391]}, "properties": {"name": "San Jacinto", "population": 46951}}, {"type": "Feature", "geometry": {"type": "Point", "coordinates": [-121.95524, 37.35411]}, "properties": {"name": "Santa Clara", "population": 126215}}, {"type": "Feature", "geometry": {"type": "Point", "coordinates": [-117.29087, 33.64169]}, "properties": {"name": "Sedco Hills", "population": 3158}}, {"type": "Feature", "geometry": {"type": "Point", "coordinates": [-120.99271, 37.61382]}, "properties": {"name": "Shackelford", "population": 3371}}, {"type": "Feature", "geometry": {"type": "Point", "coordinates": [-120.37543, 35.65525]}, "properties": {"name": "Shandon", "population": 1295}}, {"type": "Feature", "geometry": {"type": "Point", "coordinates": [-118.21202, 33.95474]}, "properties": {"name": "South Gate", "population": 96401}}, {"type": "Feature", "geometry": {"type": "Point", "coordinates": [-118.60147, 34.09362]}, "properties": {"name": "Topanga", "population": 8289}}, {"type": "Feature", "geometry": {"type": "Point", "coordinates": [-118.65759, 34.445]}, "properties": {"name": "Val Verde", "population": 2468}}, {"type": "Feature", "geometry": {"type": "Point", "coordinates": [-118.27063, 33.8939]}, "properties": {"name": "West Rancho Dominguez", "population": 5669}}, {"type": "Feature", "geometry": {"type": "Point", "coordinates": [-117.28004, 33.59891]}, "properties": {"name": "Wildomar", "population": 35632}}, {"type": "Feature", "geometry": {"type": "Point", "coordinates": [-118.57203, 34.21334]}, "properties": {"name": "Winnetka", "population": 47000}}, {"type": "Feature", "geometry": {"type": "Point", "coordinates": [-121.34692, 38.46449]}, "properties": {"name": "Vineyard", "population": 24836}}, {"type": "Feature", "geometry": {"type": "Point", "coordinates": [-121.35444, 39.10917]}, "properties": {"name": "Beale Air Force Base", "population": 1319}}, {"type": "Feature", "geometry": {"type": "Point", "coordinates": [-120.85042, 37.40454]}, "properties": {"name": "Hilmar-Irwin", "population": 5197}}, {"type": "Feature", "geometry": {"type": "Point", "coordinates": [-118.34835, 33.99551]}, "properties": {"name": "View Park-Windsor Hills", "population": 11075}}, {"type": "Feature", "geometry": {"type": "Point", "coordinates": [-121.03914, 37.61754]}, "properties": {"name": "West Modesto", "population": 5682}}, {"type": "Feature", "geometry": {"type": "Point", "coordinates": [-120.52854, 38.45216]}, "properties": {"name": "Buckhorn", "population": 2429}}, {"type": "Feature", "geometry": {"type": "Point", "coordinates": [-122.05775, 39.0174]}, "properties": {"name": "Arbuckle", "population": 3028}}, {"type": "Feature", "geometry": {"type": "Point", "coordinates": [-121.26217, 37.97881]}, "properties": {"name": "August", "population": 8390}}, {"type": "Feature", "geometry": {"type": "Point", "coordinates": [-117.9609, 34.08529]}, "properties": {"name": "Baldwin Park", "population": 77071}}, {"type": "Feature", "geometry": {"type": "Point", "coordinates": [-116.91142, 34.2439]}, "properties": {"name": "Big Bear Lake", "population": 5213}}, {"type": "Feature", "geometry": {"type": "Point", "coordinates": [-121.83748, 39.72849]}, "properties": {"name": "Chico", "population": 121345}}, {"type": "Feature", "geometry": {"type": "Point", "coordinates": [-117.75888, 33.9938]}, "properties": {"name": "Chino Hills", "population": 78309}}, {"type": "Feature", "geometry": {"type": "Point", "coordinates": [-118.18535, 33.96057]}, "properties": {"name": "Cudahy", "population": 24311}}, {"type": "Feature", "geometry": {"type": "Point", "coordinates": [-121.99996, 37.82159]}, "properties": {"name": "Danville", "population": 44400}}, {"type": "Feature", "geometry": {"type": "Point", "coordinates": [-118.36952, 33.91613]}, "properties": {"name": "Del Aire", "population": 10001}}, {"type": "Feature", "geometry": {"type": "Point", "coordinates": [-121.83495, 36.59329]}, "properties": {"name": "Del Rey Oaks", "population": 1688}}, {"type": "Feature", "geometry": {"type": "Point", "coordinates": [-116.03972, 33.4042]}, "properties": {"name": "Desert Shores", "population": 1104}}, {"type": "Feature", "geometry": {"type": "Point", "coordinates": [-121.96969, 38.88518]}, "properties": {"name": "Dunnigan", "population": 1416}}, {"type": "Feature", "geometry": {"type": "Point", "coordinates": [-116.93891, 33.74002]}, "properties": {"name": "East Hemet", "population": 17418}}, {"type": "Feature", "geometry": {"type": "Point", "coordinates": [-121.27217, 38.64463]}, "properties": {"name": "Fair Oaks", "population": 30912}}, {"type": "Feature", "geometry": {"type": "Point", "coordinates": [-118.49036, 35.14247]}, "properties": {"name": "Golden Hills", "population": 8656}}, {"type": "Feature", "geometry": {"type": "Point", "coordinates": [-119.10983, 35.38329]}, "properties": {"name": "Greenacres", "population": 5566}}, {"type": "Feature", "geometry": {"type": "Point", "coordinates": [-122.83944, 38.97795]}, "properties": {"name": "Kelseyville", "population": 3353}}, {"type": "Feature", "geometry": {"type": "Point", "coordinates": [-122.18219, 37.45383]}, "properties": {"name": "Menlo Park", "population": 33449}}, {"type": "Feature", "geometry": {"type": "Point", "coordinates": [-119.71291, 34.45083]}, "properties": {"name": "Mission Canyon", "population": 2381}}, {"type": "Feature", "geometry": {"type": "Point", "coordinates": [-122.28553, 38.29714]}, "properties": {"name": "Napa", "population": 80434}}, {"type": "Feature", "geometry": {"type": "Point", "coordinates": [-118.35813, 33.78779]}, "properties": {"name": "Rolling Hills Estates", "population": 8258}}, {"type": "Feature", "geometry": {"type": "Point", "coordinates": [-122.32553, 37.56299]}, "properties": {"name": "San Mateo", "population": 103536}}, {"type": "Feature", "geometry": {"type": "Point", "coordinates": [-115.69111, 32.79311]}, "properties": {"name": "Seeley", "population": 1739}}, {"type": "Feature", "geometry": {"type": "Point", "coordinates": [-122.03635, 37.36883]}, "properties": {"name": "Sunnyvale", "population": 155805}}, {"type": "Feature", "geometry": {"type": "Point", "coordinates": [-121.75275, 39.15989]}, "properties": {"name": "Sutter", "population": 2904}}, {"type": "Feature", "geometry": {"type": "Point", "coordinates": [-118.83759, 34.17056]}, "properties": {"name": "Thousand Oaks", "population": 129339}}, {"type": "Feature", "geometry": {"type": "Point", "coordinates": [-118.28841, 34.25223]}, "properties": {"name": "Tujunga", "population": 26527}}, {"type": "Feature", "geometry": {"type": "Point", "coordinates": [-117.64839, 34.09751]}, "properties": {"name": "Upland", "population": 76443}}, {"type": "Feature", "geometry": {"type": "Point", "coordinates": [-117.29116, 34.53611]}, "properties": {"name": "Victorville", "population": 122225}}, {"type": "Feature", "geometry": {"type": "Point", "coordinates": [-118.29036, 35.66579]}, "properties": {"name": "Weldon", "population": 2642}}, {"type": "Feature", "geometry": {"type": "Point", "coordinates": [-116.93336, 32.83116]}, "properties": {"name": "Winter Gardens", "population": 20631}}, {"type": "Feature", "geometry": {"type": "Point", "coordinates": [-121.7733, 38.67852]}, "properties": {"name": "Woodland", "population": 58567}}, {"type": "Feature", "geometry": {"type": "Point", "coordinates": [-123.98395, 40.88291]}, "properties": {"name": "Blue Lake", "population": 1252}}, {"type": "Feature", "geometry": {"type": "Point", "coordinates": [-121.66082, 40.88238]}, "properties": {"name": "Burney", "population": 3154}}, {"type": "Feature", "geometry": {"type": "Point", "coordinates": [-123.82336, 40.12014]}, "properties": {"name": "Redway", "population": 1225}}, {"type": "Feature", "geometry": {"type": "Point", "coordinates": [-116.44139, 33.92417]}, "properties": {"name": "Desert Edge", "population": 3822}}]}