{"type": "FeatureCollection", "features": [{"type": "Feature", "id": 5926, "geometry": {"type": "Point", "coordinates": [-117.960135799754, 35.1284208243422]}, "properties": {"OBJECTID": 5926, "CECPlantID": "S0765", "PlantName": "Hazel A (CAISO)", "Retired_Plant": 0, "OperatorCompanyID": "Not Available", "County": "Kern", "Capacity_Latest": 3, "Units": "Unit 1", "PriEnergySource": "SUN", "StartDate": 1573430400000, "CEC_Jurisdictional": "0"}}, {"type": "Feature", "id": 5928, "geometry": {"type": "Point", "coordinates": [-115.549122089863, 33.1656952256679]}, "properties": {"OBJECTID": 5928, "CECPlantID": "S0522", "PlantName": "Midway Solar Farm I", "Retired_Plant": 0, "OperatorCompanyID": "X-Elio North America Inc.", "County": "Imperial", "Capacity_Latest": 49.9, "Units": "Unit 1", "PriEnergySource": "SUN", "StartDate": 1513209600000, "CEC_Jurisdictional": "0"}}, {"type": "Feature", "id": 5929, "geometry": {"type": "Point", "coordinates": [-118.193296106594, 34.8638726426535]}, "properties": {"OBJECTID": 5929, "CECPlantID": "S0780", "PlantName": "Rabbitbrush Solar 1 (Hybrid) (CAISO)", "Retired_Plant": 0, "OperatorCompanyID": "Not Available", "County": "Kern", "Capacity_Latest": 60, "Units": "Unit 1", "PriEnergySource": "SUN", "StartDate": 1666051200000, "CEC_Jurisdictional": "0"}}, {"type": "Feature", "id": 5930, "geometry": {"type": "Point", "coordinates": [-118.192777125506, 34.863858226683]}, "properties": {"OBJECTID": 5930, "CECPlantID": "S0781", "PlantName": "Rabbitbrush Solar 2 (Hybrid) (CAISO)", "Retired_Plant": 0, "OperatorCompanyID": "Not Available", "County": "Kern", "Capacity_Latest": 40, "Units": "Unit 1", "PriEnergySource": "SUN", "StartDate": 1666051200000, "CEC_Jurisdictional": "0"}}, {"type": "Feature", "id": 5931, "geometry": {"type": "Point", "coordinates": [-118.180991996647, 35.0231227665813]}, "properties": {"OBJECTID": 5931, "CECPlantID": "S0783", "PlantName": "EdSan 2 Sanborn 3 (Hybrid) (Duplicate of S0752)", "Retired_Plant": 0, "OperatorCompanyID": null, "County": "Kern", "Capacity_Latest": 42, "Units": "Unit 1", "PriEnergySource": "SUN", "StartDate": 1649808000000, "CEC_Jurisdictional": "0"}}, {"type": "Feature", "id": 5935, "geometry": {"type": "Point", "coordinates": [-115.541071846768, 33.156928413001]}, "properties": {"OBJECTID": 5935, "CECPlantID": "S0600", "PlantName": "Midway Solar Farm II (96WI 8ME, LLC)", "Retired_Plant": 0, "OperatorCompanyID": "Dominion Energy", "County": "Imperial", "Capacity_Latest": 30.75, "Units": "Unit 1", "PriEnergySource": "SUN", "StartDate": 1498521600000, "CEC_Jurisdictional": "0"}}, {"type": "Feature", "id": 5938, "geometry": {"type": "Point", "coordinates": [-115.61621007282, 33.1643683889977]}, "properties": {"OBJECTID": 5938, "CECPlantID": "T0012", "PlantName": "Del Ranch Company (formerly A W Hoch)", "Retired_Plant": 0, "OperatorCompanyID": "BHE Renewables, LLC", "County": "Imperial", "Capacity_Latest": 35.8, "Units": "GEN1", "PriEnergySource": "GEO", "StartDate": 591667200000, "CEC_Jurisdictional": "0"}}, {"type": "Feature", "id": 5940, "geometry": {"type": "Point", "coordinates": [-115.603434353536, 33.1780337623567]}, "properties": {"OBJECTID": 5940, "CECPlantID": "T0015", "PlantName": "J J Elmore", "Retired_Plant": 0, "OperatorCompanyID": "BHE Renewables, LLC", "County": "Imperial", "Capacity_Latest": 41.089999999999996, "Units": "GEN1, GEN2", "PriEnergySource": "GEO", "StartDate": 594345600000, "CEC_Jurisdictional": "0"}}, {"type": "Feature", "id": 5942, "geometry": {"type": "Point", "coordinates": [-115.638941540335, 33.1567275578648]}, "properties": {"OBJECTID": 5942, "CECPlantID": "T0016", "PlantName": "Salton Sea Unit 4", "Retired_Plant": 0, "OperatorCompanyID": "BHE Renewables, LLC", "County": "Imperial", "Capacity_Latest": 51, "Units": "4100", "PriEnergySource": "GEO", "StartDate": 862444800000, "CEC_Jurisdictional": "0"}}, {"type": "Feature", "id": 5944, "geometry": {"type": "Point", "coordinates": [-118.144523619837, 34.6974716204988]}, "properties": {"OBJECTID": 5944, "CECPlantID": "S0757", "PlantName": "Antelope Solar 3B (CAISO) (duplicate of S0717)", "Retired_Plant": 0, "OperatorCompanyID": null, "County": "Los Angeles", "Capacity_Latest": 5, "Units": "Unit 1", "PriEnergySource": "SUN", "StartDate": 1624320000000, "CEC_Jurisdictional": "0"}}, {"type": "Feature", "id": 5945, "geometry": {"type": "Point", "coordinates": [-115.637867362883, 33.1532229814874]}, "properties": {"OBJECTID": 5945, "CECPlantID": "T0017", "PlantName": "Salton Sea Unit 5", "Retired_Plant": 0, "OperatorCompanyID": "BHE Renewables, LLC", "County": "Imperial", "Capacity_Latest": 49.9, "Units": "1(TG-5100)", "PriEnergySource": "GEO", "StartDate": 959817600000, "CEC_Jurisdictional": "0"}}, {"type": "Feature", "id": 5949, "geometry": {"type": "Point", "coordinates": [-117.935278425764, 34.5731493302052]}, "properties": {"OBJECTID": 5949, "CECPlantID": "S9236", "PlantName": "Leolani Solar 2  LLC", "Retired_Plant": 0, "OperatorCompanyID": "Not Available", "County": "Los Angeles", "Capacity_Latest": 1, "Units": "Unit 1", "PriEnergySource": "SUN", "StartDate": 1419984000000, "CEC_Jurisdictional": "0"}}, {"type": "Feature", "id": 5950, "geometry": {"type": "Point", "coordinates": [-115.565884243797, 33.1781445753347]}, "properties": {"OBJECTID": 5950, "CECPlantID": "T0034", "PlantName": "J M Leathers", "Retired_Plant": 0, "OperatorCompanyID": "BHE Renewables, LLC", "County": "Imperial", "Capacity_Latest": 35.8, "Units": "GEN1", "PriEnergySource": "GEO", "StartDate": 594345600000, "CEC_Jurisdictional": "0"}}, {"type": "Feature", "id": 5951, "geometry": {"type": "Point", "coordinates": [-117.940316911153, 34.6027106861625]}, "properties": {"OBJECTID": 5951, "CECPlantID": "S9415", "PlantName": "Lancaster Little Rock C Solar PV", "Retired_Plant": 0, "OperatorCompanyID": "S-Power (Sustainable Power Group)", "County": "Los Angeles", "Capacity_Latest": 5, "Units": "Unit 1", "PriEnergySource": "SUN", "StartDate": 1418601600000, "CEC_Jurisdictional": "0"}}, {"type": "Feature", "id": 5952, "geometry": {"type": "Point", "coordinates": [-118.431064000146, 33.9241490003168]}, "properties": {"OBJECTID": 5952, "CECPlantID": "E0320", "PlantName": "Hyperion Treatment Plant CHP Plant", "Retired_Plant": 0, "OperatorCompanyID": "Hyperion Water Reclamation Plant", "County": "Los Angeles", "Capacity_Latest": 33, "Units": "CTG 1, CTG 2, STG 1", "PriEnergySource": "OBG", "StartDate": 1491004800000, "CEC_Jurisdictional": "0"}}, {"type": "Feature", "id": 5953, "geometry": {"type": "Point", "coordinates": [-115.647405778006, 33.1587921326778]}, "properties": {"OBJECTID": 5953, "CECPlantID": "T0047", "PlantName": "Salton Sea Unit 1", "Retired_Plant": 0, "OperatorCompanyID": "BHE Renewables, LLC", "County": "Imperial", "Capacity_Latest": 10, "Units": "EE11", "PriEnergySource": "GEO", "StartDate": 394329600000, "CEC_Jurisdictional": "0"}}, {"type": "Feature", "id": 5954, "geometry": {"type": "Point", "coordinates": [-117.643497084544, 34.6014633314328]}, "properties": {"OBJECTID": 5954, "CECPlantID": "S0293", "PlantName": "Watts", "Retired_Plant": 0, "OperatorCompanyID": "Not Available", "County": "San Bernardino", "Capacity_Latest": 3, "Units": "1", "PriEnergySource": "SUN", "StartDate": 1388534400000, "CEC_Jurisdictional": "0"}}, {"type": "Feature", "id": 5955, "geometry": {"type": "Point", "coordinates": [-116.687293179686, 33.9313500895698]}, "properties": {"OBJECTID": 5955, "CECPlantID": "W0489", "PlantName": "New Mesa", "Retired_Plant": 0, "OperatorCompanyID": "Not Available", "County": "Riverside", "Capacity_Latest": 33.6, "Units": "WPRS 1", "PriEnergySource": "WND", "StartDate": 1718755200000, "CEC_Jurisdictional": "0"}}, {"type": "Feature", "id": 5957, "geometry": {"type": "Point", "coordinates": [-115.647504209961, 33.1579387545672]}, "properties": {"OBJECTID": 5957, "CECPlantID": "T0048", "PlantName": "Salton Sea Unit 2", "Retired_Plant": 0, "OperatorCompanyID": "BHE Renewables, LLC", "County": "Imperial", "Capacity_Latest": 21.75, "Units": "GEN1, GEN2, GEN3", "PriEnergySource": "GEO", "StartDate": 636249600000, "CEC_Jurisdictional": "0"}}, {"type": "Feature", "id": 5958, "geometry": {"type": "Point", "coordinates": [-117.694411747074, 34.5645139813467]}, "properties": {"OBJECTID": 5958, "CECPlantID": "S0373", "PlantName": "Bolthouse Farms - S&P", "Retired_Plant": 0, "OperatorCompanyID": "EDP Renewables North America LLC", "County": "Los Angeles", "Capacity_Latest": 1, "Units": "1", "PriEnergySource": "SUN", "StartDate": 1225324800000, "CEC_Jurisdictional": "0"}}, {"type": "Feature", "id": 5962, "geometry": {"type": "Point", "coordinates": [-115.295594009867, 32.8032648103927]}, "properties": {"OBJECTID": 5962, "CECPlantID": "S0862", "PlantName": "Vikings Energy Farm LLC", "Retired_Plant": 0, "OperatorCompanyID": "CD Arevon USA Inc.", "County": "Imperial", "Capacity_Latest": 136.8, "Units": "GEN1", "PriEnergySource": "SUN", "StartDate": 1728259200000, "CEC_Jurisdictional": "0"}}, {"type": "Feature", "id": 5965, "geometry": {"type": "Point", "coordinates": [-117.438151042792, 34.5479092244571]}, "properties": {"OBJECTID": 5965, "CECPlantID": "S0218", "PlantName": "Adelanto Solar Power Project", "Retired_Plant": 0, "OperatorCompanyID": "Los Angeles Department of Water & Power (LADWP)", "County": "San Bernardino", "Capacity_Latest": 10, "Units": "1", "PriEnergySource": "SUN", "StartDate": 1338508800000, "CEC_Jurisdictional": "0"}}, {"type": "Feature", "id": 5967, "geometry": {"type": "Point", "coordinates": [-115.639237710475, 33.1578988969942]}, "properties": {"OBJECTID": 5967, "CECPlantID": "T0049", "PlantName": "Salton Sea Unit 3", "Retired_Plant": 0, "OperatorCompanyID": "BHE Renewables, LLC", "County": "Imperial", "Capacity_Latest": 53.97, "Units": "GEN1", "PriEnergySource": "GEO", "StartDate": 602294400000, "CEC_Jurisdictional": "0"}}, {"type": "Feature", "id": 5968, "geometry": {"type": "Point", "coordinates": [-118.056065749596, 34.5310239795072]}, "properties": {"OBJECTID": 5968, "CECPlantID": "S0863", "PlantName": "Arrache 4006 (CAISO)", "Retired_Plant": 0, "OperatorCompanyID": "Not Available", "County": "Los Angeles", "Capacity_Latest": 2, "Units": "Unit 1, Unit 2", "PriEnergySource": "SUN", "StartDate": 1716163200000, "CEC_Jurisdictional": "0"}}, {"type": "Feature", "id": 5970, "geometry": {"type": "Point", "coordinates": [-117.456876460447, 34.5530633659426]}, "properties": {"OBJECTID": 5970, "CECPlantID": "S9277", "PlantName": "Industry Solar Power Generation Station 1", "Retired_Plant": 0, "OperatorCompanyID": "S-Power (Sustainable Power Group)", "County": "San Bernardino", "Capacity_Latest": 1.5, "Units": "ISP1", "PriEnergySource": "SUN", "StartDate": 1385856000000, "CEC_Jurisdictional": "0"}}, {"type": "Feature", "id": 5972, "geometry": {"type": "Point", "coordinates": [-115.619252668224, 33.1624546076019]}, "properties": {"OBJECTID": 5972, "CECPlantID": "T0053", "PlantName": "Vulcan", "Retired_Plant": 0, "OperatorCompanyID": "BHE Renewables, LLC", "County": "Imperial", "Capacity_Latest": 39.72, "Units": "GEN1, GEN2", "PriEnergySource": "GEO", "StartDate": 502243200000, "CEC_Jurisdictional": "0"}}, {"type": "Feature", "id": 5975, "geometry": {"type": "Point", "coordinates": [-117.490816500525, 34.5911728002253]}, "properties": {"OBJECTID": 5975, "CECPlantID": "S9282", "PlantName": "Toro Power 1  LLC", "Retired_Plant": 0, "OperatorCompanyID": "Not Available", "County": "San Bernardino", "Capacity_Latest": 1.5, "Units": "Unit 1", "PriEnergySource": "SUN", "StartDate": 1419984000000, "CEC_Jurisdictional": "0"}}, {"type": "Feature", "id": 5977, "geometry": {"type": "Point", "coordinates": [-115.509674362896, 33.1674631419483]}, "properties": {"OBJECTID": 5977, "CECPlantID": "T0073", "PlantName": "CE Turbo LLC", "Retired_Plant": 0, "OperatorCompanyID": "BHE Renewables, LLC", "County": "Imperial", "Capacity_Latest": 11.5, "Units": "1", "PriEnergySource": "GEO", "StartDate": 964569600000, "CEC_Jurisdictional": "0"}}, {"type": "Feature", "id": 5980, "geometry": {"type": "Point", "coordinates": [-117.490816500525, 34.5911728002253]}, "properties": {"OBJECTID": 5980, "CECPlantID": "S9284", "PlantName": "Toro Power 2  LLC", "Retired_Plant": 0, "OperatorCompanyID": "Not Available", "County": "San Bernardino", "Capacity_Latest": 1, "Units": "Unit 1", "PriEnergySource": "SUN", "StartDate": 1419984000000, "CEC_Jurisdictional": "0"}}, {"type": "Feature", "id": 5982, "geometry": {"type": "Point", "coordinates": [-115.573410560062, 33.2039599031375]}, "properties": {"OBJECTID": 5982, "CECPlantID": "T0082", "PlantName": "John L Featherstone Plant -formerly Hudson Ranch Power I LLC", "Retired_Plant": 0, "OperatorCompanyID": "Hudson Ranch Energy Services LLC", "County": "Imperial", "Capacity_Latest": 55, "Units": "1", "PriEnergySource": "GEO", "StartDate": 1331251200000, "CEC_Jurisdictional": "0"}}, {"type": "Feature", "id": 5983, "geometry": {"type": "Point", "coordinates": [-117.800726899846, 35.6514408995515]}, "properties": {"OBJECTID": 5983, "CECPlantID": "S0866", "PlantName": "Inyokern Solar 1203 (CAISO)", "Retired_Plant": 0, "OperatorCompanyID": "Not Available", "County": "Kern", "Capacity_Latest": 19.9, "Units": "Unit 1", "PriEnergySource": "SUN", "StartDate": 1733011200000, "CEC_Jurisdictional": "0"}}, {"type": "Feature", "id": 5984, "geometry": {"type": "Point", "coordinates": [-117.800726899846, 35.6514408995515]}, "properties": {"OBJECTID": 5984, "CECPlantID": "S0867", "PlantName": "Inyokern Solar 1281 (CAISO)", "Retired_Plant": 0, "OperatorCompanyID": "Not Available", "County": "Kern", "Capacity_Latest": 11.9, "Units": "Unit 1", "PriEnergySource": "SUN", "StartDate": 1730419200000, "CEC_Jurisdictional": "0"}}, {"type": "Feature", "id": 5985, "geometry": {"type": "Point", "coordinates": [-117.321387000446, 34.765880999736]}, "properties": {"OBJECTID": 5985, "CECPlantID": "S0868", "PlantName": "Landpro Mitchell (CAISO)", "Retired_Plant": 0, "OperatorCompanyID": "Not Available", "County": "San Bernardino", "Capacity_Latest": 1.5, "Units": "Unit 1", "PriEnergySource": "SUN", "StartDate": 1716854400000, "CEC_Jurisdictional": "0"}}, {"type": "Feature", "id": 5986, "geometry": {"type": "Point", "coordinates": [-117.337674119687, 33.7072362795918]}, "properties": {"OBJECTID": 5986, "CECPlantID": "S0869", "PlantName": "Landpro Rudy (CAISO)", "Retired_Plant": 0, "OperatorCompanyID": "Not Available", "County": "Riverside", "Capacity_Latest": 1.5, "Units": "Unit 1", "PriEnergySource": "SUN", "StartDate": 1719273600000, "CEC_Jurisdictional": "0"}}, {"type": "Feature", "id": 5987, "geometry": {"type": "Point", "coordinates": [-117.337673559673, 33.7070631895719]}, "properties": {"OBJECTID": 5987, "CECPlantID": "S0870", "PlantName": "Madelyn (CAISO)", "Retired_Plant": 0, "OperatorCompanyID": "Not Available", "County": "Riverside", "Capacity_Latest": 1, "Units": "Unit 1", "PriEnergySource": "SUN", "StartDate": 1719273600000, "CEC_Jurisdictional": "0"}}, {"type": "Feature", "id": 5989, "geometry": {"type": "Point", "coordinates": [-119.30990179988, 35.122862380392]}, "properties": {"OBJECTID": 5989, "CECPlantID": "S0872", "PlantName": "Northern Orchard Solar (CAISO)", "Retired_Plant": 0, "OperatorCompanyID": "Not Available", "County": "Kern", "Capacity_Latest": 150, "Units": "Unit 1", "PriEnergySource": "SUN", "StartDate": 1725148800000, "CEC_Jurisdictional": "0"}}, {"type": "Feature", "id": 5990, "geometry": {"type": "Point", "coordinates": [-117.155115999614, 34.5081620004448]}, "properties": {"OBJECTID": 5990, "CECPlantID": "S0873", "PlantName": "Nunn (CAISO)", "Retired_Plant": 0, "OperatorCompanyID": "Not Available", "County": "San Bernardino", "Capacity_Latest": 1, "Units": "Unit 1", "PriEnergySource": "SUN", "StartDate": 1719273600000, "CEC_Jurisdictional": "0"}}, {"type": "Feature", "id": 5991, "geometry": {"type": "Point", "coordinates": [-114.692038999683, 33.5739240000653]}, "properties": {"OBJECTID": 5991, "CECPlantID": "S0874", "PlantName": "Desert Quartzite", "Retired_Plant": 0, "OperatorCompanyID": "EDF Renewable Energy Inc", "County": "Riverside", "Capacity_Latest": 300, "Units": "Unit 1", "PriEnergySource": "SUN", "StartDate": 1734393600000, "CEC_Jurisdictional": "0"}}, {"type": "Feature", "id": 5993, "geometry": {"type": "Point", "coordinates": [-118.165492600366, 34.6163923004285]}, "properties": {"OBJECTID": 5993, "CECPlantID": "S0876", "PlantName": "Rutan (CAISO)", "Retired_Plant": 0, "OperatorCompanyID": "Not Available", "County": "Los Angeles", "Capacity_Latest": 4, "Units": "Unit 1, Unit 2, Unit 3", "PriEnergySource": "SUN", "StartDate": 1714348800000, "CEC_Jurisdictional": "0"}}, {"type": "Feature", "id": 5994, "geometry": {"type": "Point", "coordinates": [-119.097294209521, 35.0946605604769]}, "properties": {"OBJECTID": 5994, "CECPlantID": "S0877", "PlantName": "Sandrini II", "Retired_Plant": 0, "OperatorCompanyID": "EDP Renewables North America LLC", "County": "Kern", "Capacity_Latest": 100, "Units": "Unit 1", "PriEnergySource": "SUN", "StartDate": 1733875200000, "CEC_Jurisdictional": "0"}}, {"type": "Feature", "id": 5995, "geometry": {"type": "Point", "coordinates": [-119.097294209521, 35.0946605604769]}, "properties": {"OBJECTID": 5995, "CECPlantID": "S0878", "PlantName": "Sandrini I", "Retired_Plant": 0, "OperatorCompanyID": "EDP Renewables North America LLC", "County": "Kern", "Capacity_Latest": 200, "Units": "Unit 1", "PriEnergySource": "SUN", "StartDate": 1730764800000, "CEC_Jurisdictional": "0"}}, {"type": "Feature", "id": 5997, "geometry": {"type": "Point", "coordinates": [-118.058889000163, 34.6717649997542]}, "properties": {"OBJECTID": 5997, "CECPlantID": "S0880", "PlantName": "Vinam (CAISO)", "Retired_Plant": 0, "OperatorCompanyID": "Not Available", "County": "Los Angeles", "Capacity_Latest": 1.5, "Units": "Unit 1", "PriEnergySource": "SUN", "StartDate": 1698624000000, "CEC_Jurisdictional": "0"}}, {"type": "Feature", "id": 6000, "geometry": {"type": "Point", "coordinates": [-114.624630299862, 32.694594900363]}, "properties": {"OBJECTID": 6000, "CECPlantID": "S0883", "PlantName": "White Wing Ranch Solar (CAISO) (AZ)", "Retired_Plant": 0, "OperatorCompanyID": "Not Available", "County": "Yuma", "Capacity_Latest": 179, "Units": "Unit 1", "PriEnergySource": "SUN", "StartDate": 1717200000000, "CEC_Jurisdictional": "0"}}, {"type": "Feature", "id": 6001, "geometry": {"type": "Point", "coordinates": [-115.477660589881, 33.1911333895614]}, "properties": {"OBJECTID": 6001, "CECPlantID": "S0884", "PlantName": "Citizens Imperial Solar", "Retired_Plant": 0, "OperatorCompanyID": "Not Available", "County": "Imperial", "Capacity_Latest": 30, "Units": "Unit 1", "PriEnergySource": "SUN", "StartDate": 1564617600000, "CEC_Jurisdictional": "0"}}, {"type": "Feature", "id": 6003, "geometry": {"type": "Point", "coordinates": [-119.272560120361, 35.4977302600818]}, "properties": {"OBJECTID": 6003, "CECPlantID": "S0886", "PlantName": "Highway 43 Solar (CAISO)", "Retired_Plant": 0, "OperatorCompanyID": "Not Available", "County": "Kern", "Capacity_Latest": 2.25, "Units": "Unit 1", "PriEnergySource": "SUN", "StartDate": 1736208000000, "CEC_Jurisdictional": "0"}}, {"type": "Feature", "id": 6004, "geometry": {"type": "Point", "coordinates": [-118.15035248019, 34.6902084403635]}, "properties": {"OBJECTID": 6004, "CECPlantID": "S0887", "PlantName": "Ma 4035 (CAISO)", "Retired_Plant": 0, "OperatorCompanyID": "Not Available", "County": "Los Angeles", "Capacity_Latest": 1.5, "Units": "Unit 1", "PriEnergySource": "SUN", "StartDate": 1716163200000, "CEC_Jurisdictional": "0"}}, {"type": "Feature", "id": 6005, "geometry": {"type": "Point", "coordinates": [-118.984451289886, 35.3239440901897]}, "properties": {"OBJECTID": 6005, "CECPlantID": "S0888", "PlantName": "Kern Sunset (CAISO)", "Retired_Plant": 0, "OperatorCompanyID": "Not Available", "County": "Kern", "Capacity_Latest": 2.37, "Units": "Unit 1", "PriEnergySource": "SUN", "StartDate": 1736812800000, "CEC_Jurisdictional": "0"}}, {"type": "Feature", "id": 6324, "geometry": {"type": "Point", "coordinates": [-118.27226167154, 35.0514094810969]}, "properties": {"OBJECTID": 6324, "CECPlantID": "W0470", "PlantName": "Voyager Wind I, LLC                ", "Retired_Plant": 0, "OperatorCompanyID": "Terra-Gen Operating Company", "County": "Kern", "Capacity_Latest": 131.1, "Units": "WPRS 1", "PriEnergySource": "WND", "StartDate": 1577836800000, "CEC_Jurisdictional": "0"}}, {"type": "Feature", "id": 6328, "geometry": {"type": "Point", "coordinates": [-118.764630999991, 35.3506329995823]}, "properties": {"OBJECTID": 6328, "CECPlantID": "G1079", "PlantName": "Berry Cogen Pan Fee", "Retired_Plant": 0, "OperatorCompanyID": "Berry Petroleum LLC", "County": "Kern", "Capacity_Latest": 5.7, "Units": "Unit 1", "PriEnergySource": "NG", "StartDate": 1505952000000, "CEC_Jurisdictional": "0"}}, {"type": "Feature", "id": 6329, "geometry": {"type": "Point", "coordinates": [-118.764630999991, 35.3506329995823]}, "properties": {"OBJECTID": 6329, "CECPlantID": "G1080", "PlantName": "Berry Cogen 21Z", "Retired_Plant": 0, "OperatorCompanyID": "Berry Petroleum LLC", "County": "Kern", "Capacity_Latest": 5.7, "Units": "Unit 1", "PriEnergySource": "NG", "StartDate": 1505952000000, "CEC_Jurisdictional": "0"}}, {"type": "Feature", "id": 6331, "geometry": {"type": "Point", "coordinates": [-118.132502000392, 34.943588999921]}, "properties": {"OBJECTID": 6331, "CECPlantID": "S0657", "PlantName": "North Rosamond Solar", "Retired_Plant": 0, "OperatorCompanyID": "Deriva Energy", "County": "Kern", "Capacity_Latest": 150, "Units": "Unit 1", "PriEnergySource": "SUN", "StartDate": 1556236800000, "CEC_Jurisdictional": "0"}}, {"type": "Feature", "id": 6334, "geometry": {"type": "Point", "coordinates": [-118.259404999595, 34.0493029997877]}, "properties": {"OBJECTID": 6334, "CECPlantID": "S0674", "PlantName": "CREST Contracts", "Retired_Plant": 0, "OperatorCompanyID": "Not Available", "County": "Los Angeles", "Capacity_Latest": 4, "Units": "Unit 1", "PriEnergySource": "SUN", "StartDate": 1458086400000, "CEC_Jurisdictional": "0"}}, {"type": "Feature", "id": 6336, "geometry": {"type": "Point", "coordinates": [-117.230667999627, 34.0865110000898]}, "properties": {"OBJECTID": 6336, "CECPlantID": "S0676", "PlantName": "Victor Solar", "Retired_Plant": 0, "OperatorCompanyID": "Not Available", "County": "San Bernardino", "Capacity_Latest": 24.5, "Units": "Unit 1", "PriEnergySource": "SUN", "StartDate": 1496361600000, "CEC_Jurisdictional": "0"}}, {"type": "Feature", "id": 6338, "geometry": {"type": "Point", "coordinates": [-116.106875000057, 32.5906869999305]}, "properties": {"OBJECTID": 6338, "CECPlantID": "W0483", "PlantName": "Energia Sierra Juarez Wind Project Expansion (Mexico)", "Retired_Plant": 0, "OperatorCompanyID": "Energia Sierra Juarez S de RL de CV", "County": null, "Capacity_Latest": 108, "Units": "ESJ_2", "PriEnergySource": "WND", "StartDate": 1640044800000, "CEC_Jurisdictional": "0"}}, {"type": "Feature", "id": 6340, "geometry": {"type": "Point", "coordinates": [-117.197989425215, 32.7271662413383]}, "properties": {"OBJECTID": 6340, "CECPlantID": "G1017", "PlantName": "Sheraton San Diego East Tower (shutdown August 2014)", "Retired_Plant": 1, "OperatorCompanyID": "Alliance Star Energy LLC", "County": "San Diego", "Capacity_Latest": 0, "Units": "45, 47, 50, 51", "PriEnergySource": "NG", "StartDate": 1130803200000, "CEC_Jurisdictional": "0"}}, {"type": "Feature", "id": 6341, "geometry": {"type": "Point", "coordinates": [-117.196769908542, 32.7486965709571]}, "properties": {"OBJECTID": 6341, "CECPlantID": "S0400", "PlantName": "USMC Maintenance Officer", "Retired_Plant": 0, "OperatorCompanyID": "United States Marine Corps", "County": "San Diego", "Capacity_Latest": 1.53, "Units": "1", "PriEnergySource": "SUN", "StartDate": 1344384000000, "CEC_Jurisdictional": "0"}}, {"type": "Feature", "id": 6342, "geometry": {"type": "Point", "coordinates": [-117.207513686153, 32.7313555693505]}, "properties": {"OBJECTID": 6342, "CECPlantID": "S0401", "PlantName": "San Diego City Regional Airport Authority", "Retired_Plant": 0, "OperatorCompanyID": "San Diego City of", "County": "San Diego", "Capacity_Latest": 1.6, "Units": "1", "PriEnergySource": "SUN", "StartDate": 1423094400000, "CEC_Jurisdictional": "0"}}, {"type": "Feature", "id": 6343, "geometry": {"type": "Point", "coordinates": [-117.245816832907, 32.6774528520027]}, "properties": {"OBJECTID": 6343, "CECPlantID": "E0171", "PlantName": "Point Loma Wastewater Treatment Plant - Gas Utilization Facility", "Retired_Plant": 0, "OperatorCompanyID": "City of San Diego", "County": "San Diego", "Capacity_Latest": 4.6, "Units": "1, 2", "PriEnergySource": "OBG", "StartDate": 486432000000, "CEC_Jurisdictional": "0"}}, {"type": "Feature", "id": 6344, "geometry": {"type": "Point", "coordinates": [-117.208235388564, 32.7353723437906]}, "properties": {"OBJECTID": 6344, "CECPlantID": "G0385", "PlantName": "Naval Training Center - Retired 12/31/2003", "Retired_Plant": 1, "OperatorCompanyID": "NRG Energy", "County": "San Diego", "Capacity_Latest": 0, "Units": "Unit 1", "PriEnergySource": "NG", "StartDate": -40348800000, "CEC_Jurisdictional": "0"}}, {"type": "Feature", "id": 6345, "geometry": {"type": "Point", "coordinates": [-117.208379014033, 32.7415924385216]}, "properties": {"OBJECTID": 6345, "CECPlantID": "G0386", "PlantName": "NTC MCRD Energy Facility - Retired 9/28/2018", "Retired_Plant": 1, "OperatorCompanyID": "Applied Energy LLC", "County": "San Diego", "Capacity_Latest": 0, "Units": "GEN 1, GEN 2", "PriEnergySource": "NG", "StartDate": 609984000000, "CEC_Jurisdictional": "0"}}, {"type": "Feature", "id": 6346, "geometry": {"type": "Point", "coordinates": [-117.202195574266, 32.7317518826686]}, "properties": {"OBJECTID": 6346, "CECPlantID": "S0720", "PlantName": "San Diego Airport Solar", "Retired_Plant": 0, "OperatorCompanyID": "San Diego County Regional Airport Authority", "County": "San Diego", "Capacity_Latest": 5.5, "Units": "Unit 1", "PriEnergySource": "SUN", "StartDate": 1488326400000, "CEC_Jurisdictional": "0"}}, {"type": "Feature", "id": 6347, "geometry": {"type": "Point", "coordinates": [-117.058645650582, 32.5914474902086]}, "properties": {"OBJECTID": 6347, "CECPlantID": "G0924", "PlantName": "Chula Vista Energy Center LLC", "Retired_Plant": 0, "OperatorCompanyID": "Escondido Energy Center LLC", "County": "San Diego", "Capacity_Latest": 44, "Units": "1", "PriEnergySource": "NG", "StartDate": 1150070400000, "CEC_Jurisdictional": "0"}}, {"type": "Feature", "id": 6348, "geometry": {"type": "Point", "coordinates": [-117.176537239601, 32.7282740405627]}, "properties": {"OBJECTID": 6348, "CECPlantID": "G0991", "PlantName": "Solar Turbines Inc. - Harbor Drive Plant (Testing Only)", "Retired_Plant": 0, "OperatorCompanyID": "Solar Turbines Incorporated", "County": "San Diego", "Capacity_Latest": 19.8, "Units": "1, TestingUnits", "PriEnergySource": "NG", "StartDate": 978307200000, "CEC_Jurisdictional": "0"}}, {"type": "Feature", "id": 6349, "geometry": {"type": "Point", "coordinates": [-117.119390502608, 32.6699779325253]}, "properties": {"OBJECTID": 6349, "CECPlantID": "G0389", "PlantName": "Naval Station - Retired December 2003", "Retired_Plant": 1, "OperatorCompanyID": "NRG Energy", "County": "San Diego", "Capacity_Latest": 0, "Units": "Unit 1", "PriEnergySource": "NG", "StartDate": 210384000000, "CEC_Jurisdictional": "0"}}, {"type": "Feature", "id": 6350, "geometry": {"type": "Point", "coordinates": [-117.189323939128, 32.7047561891163]}, "properties": {"OBJECTID": 6350, "CECPlantID": "G0398", "PlantName": "North Island - Retired December 2003", "Retired_Plant": 1, "OperatorCompanyID": "NRG Energy", "County": "San Diego", "Capacity_Latest": 0, "Units": "Unit 1, Unit 2", "PriEnergySource": "NG", "StartDate": 76291200000, "CEC_Jurisdictional": "0"}}, {"type": "Feature", "id": 6351, "geometry": {"type": "Point", "coordinates": [-117.189836560255, 32.7053060491556]}, "properties": {"OBJECTID": 6351, "CECPlantID": "G0399", "PlantName": "NAS North Island Energy Facility - Retired 9/28/2018", "Retired_Plant": 1, "OperatorCompanyID": "Applied Energy LLC", "County": "San Diego", "Capacity_Latest": 0, "Units": "GEN 1, GEN 2", "PriEnergySource": "NG", "StartDate": 612662400000, "CEC_Jurisdictional": "0"}}, {"type": "Feature", "id": 6352, "geometry": {"type": "Point", "coordinates": [-117.174792016326, 32.7286332816942]}, "properties": {"OBJECTID": 6352, "CECPlantID": "G0568", "PlantName": "Patio Test Cell Solar Turbines Inc (see G0990 G0991)", "Retired_Plant": 1, "OperatorCompanyID": "Solar Turbines Incorporated", "County": "San Diego", "Capacity_Latest": 0, "Units": "TEST CELL", "PriEnergySource": "NG", "StartDate": 331257600000, "CEC_Jurisdictional": "0"}}, {"type": "Feature", "id": 6353, "geometry": {"type": "Point", "coordinates": [-117.096584761774, 32.6147831300882]}, "properties": {"OBJECTID": 6353, "CECPlantID": "G0571", "PlantName": "South Bay Power Plant - Retired December 2010", "Retired_Plant": 1, "OperatorCompanyID": "Duke Energy Renewables", "County": "San Diego", "Capacity_Latest": 0, "Units": "1, 2, 3, 4, GT", "PriEnergySource": "NG", "StartDate": -297993600000, "CEC_Jurisdictional": "0"}}, {"type": "Feature", "id": 6354, "geometry": {"type": "Point", "coordinates": [-117.122558921816, 32.6793043274769]}, "properties": {"OBJECTID": 6354, "CECPlantID": "G0626", "PlantName": "Naval Station Energy Facility - Retired 9/28/2018", "Retired_Plant": 1, "OperatorCompanyID": "Applied Energy LLC", "County": "San Diego", "Capacity_Latest": 0, "Units": "GEN 1, GEN 2, GEN 3", "PriEnergySource": "NG", "StartDate": 615254400000, "CEC_Jurisdictional": "0"}}, {"type": "Feature", "id": 6355, "geometry": {"type": "Point", "coordinates": [-117.01141780292, 32.5985657964403]}, "properties": {"OBJECTID": 6355, "CECPlantID": "E0061", "PlantName": "Otay 1 & 2 Power Station (Retired 12/13/2019)", "Retired_Plant": 1, "OperatorCompanyID": "Otay Landfill Gas LLC", "County": "San Diego", "Capacity_Latest": 0, "Units": "1, 2", "PriEnergySource": "LFG", "StartDate": 533779200000, "CEC_Jurisdictional": "0"}}, {"type": "Feature", "id": 6356, "geometry": {"type": "Point", "coordinates": [-117.146896808097, 32.6946006490642]}, "properties": {"OBJECTID": 6356, "CECPlantID": "G0290", "PlantName": "CP Kelco - San Diego Plant", "Retired_Plant": 0, "OperatorCompanyID": "C P Kelco", "County": "San Diego", "Capacity_Latest": 28, "Units": "GEN1, GEN2, GEN3", "PriEnergySource": "NG", "StartDate": 439084800000, "CEC_Jurisdictional": "0"}}, {"type": "Feature", "id": 6357, "geometry": {"type": "Point", "coordinates": [-117.146314107253, 32.7263116518686]}, "properties": {"OBJECTID": 6357, "CECPlantID": "G0388", "PlantName": "Naval Hospital Medical Center", "Retired_Plant": 0, "OperatorCompanyID": "Navy Public Works", "County": "San Diego", "Capacity_Latest": 9.899999999999999, "Units": "1TG, 1TG_OLD, 2TG, 3TG, 4TG", "PriEnergySource": "NG", "StartDate": 1070236800000, "CEC_Jurisdictional": "0"}}, {"type": "Feature", "id": 6358, "geometry": {"type": "Point", "coordinates": [-117.011421459393, 32.6052832752457]}, "properties": {"OBJECTID": 6358, "CECPlantID": "E0300", "PlantName": "Otay 3 Power Station (Retired 12/13/2019)", "Retired_Plant": 1, "OperatorCompanyID": "Otay Landfill Gas LLC", "County": "San Diego", "Capacity_Latest": 0, "Units": "3 - 4, 5, 6", "PriEnergySource": "OBG", "StartDate": 1173312000000, "CEC_Jurisdictional": "0"}}, {"type": "Feature", "id": 6359, "geometry": {"type": "Point", "coordinates": [-117.189142170798, 32.7286501769653]}, "properties": {"OBJECTID": 6359, "CECPlantID": "G0175", "PlantName": "Division - Retired Dec 2003", "Retired_Plant": 1, "OperatorCompanyID": "NRG Energy", "County": "San Diego", "Capacity_Latest": 0, "Units": "Unit 1", "PriEnergySource": "NG", "StartDate": -36806400000, "CEC_Jurisdictional": "0"}}, {"type": "Feature", "id": 6360, "geometry": {"type": "Point", "coordinates": [-117.09967467953, 32.632120574004]}, "properties": {"OBJECTID": 6360, "CECPlantID": "G0281", "PlantName": "UTC Aerospace Systems Cogeneration Plant (Retired 9/29/2018)", "Retired_Plant": 1, "OperatorCompanyID": "Noresco El Colton LLC", "County": "San Diego", "Capacity_Latest": 0, "Units": "WRV151, WRV152, WRV153", "PriEnergySource": "NG", "StartDate": 1019779200000, "CEC_Jurisdictional": "0"}}, {"type": "Feature", "id": 6361, "geometry": {"type": "Point", "coordinates": [-117.168905505339, 32.7149767413702]}, "properties": {"OBJECTID": 6361, "CECPlantID": "G0527", "PlantName": "Energy Center San Diego (formerly NRG Energy Inc) (Retired 12/31/2020)", "Retired_Plant": 1, "OperatorCompanyID": "NRG Energy Center San Diego", "County": "San Diego", "Capacity_Latest": 0, "Units": "Unit #1, Unit #2", "PriEnergySource": "NG", "StartDate": 523238400000, "CEC_Jurisdictional": "0"}}, {"type": "Feature", "id": 6362, "geometry": {"type": "Point", "coordinates": [-116.917845264978, 32.5737868881707]}, "properties": {"OBJECTID": 6362, "CECPlantID": "G1025", "PlantName": "Pio Pico Energy Center", "Retired_Plant": 0, "OperatorCompanyID": "Pio Pico Energy Center, LLC", "County": "San Diego", "Capacity_Latest": 336, "Units": "Unit 1A, Unit 1B, Unit 1C", "PriEnergySource": "NG", "StartDate": 1478131200000, "CEC_Jurisdictional": "1"}}, {"type": "Feature", "id": 6363, "geometry": {"type": "Point", "coordinates": [-116.930889615926, 32.5835865466942]}, "properties": {"OBJECTID": 6363, "CECPlantID": "G0477", "PlantName": "Richard J Donovan Correctional Facility - Retired 12/31/2007", "Retired_Plant": 1, "OperatorCompanyID": "Richard J Donovan Correctional Facility", "County": "San Diego", "Capacity_Latest": 0, "Units": "03", "PriEnergySource": "NG", "StartDate": 536457600000, "CEC_Jurisdictional": "0"}}, {"type": "Feature", "id": 6364, "geometry": {"type": "Point", "coordinates": [-116.919951115484, 32.5900474560218]}, "properties": {"OBJECTID": 6364, "CECPlantID": "S0378", "PlantName": "San Diego - Alta Rd. EMDF Canopy", "Retired_Plant": 0, "OperatorCompanyID": "EDP Renewables North America LLC", "County": "San Diego", "Capacity_Latest": 1, "Units": "1", "PriEnergySource": "SUN", "StartDate": 1322784000000, "CEC_Jurisdictional": "0"}}, {"type": "Feature", "id": 6365, "geometry": {"type": "Point", "coordinates": [-116.995485611206, 32.6417490544217]}, "properties": {"OBJECTID": 6365, "CECPlantID": "S0399", "PlantName": "Southwestern Community College", "Retired_Plant": 0, "OperatorCompanyID": "Southwestern Community College", "County": "San Diego", "Capacity_Latest": 1.13, "Units": "1", "PriEnergySource": "SUN", "StartDate": 1414108800000, "CEC_Jurisdictional": "0"}}, {"type": "Feature", "id": 6366, "geometry": {"type": "Point", "coordinates": [-116.913340375181, 32.5735684443707]}, "properties": {"OBJECTID": 6366, "CECPlantID": "G0785", "PlantName": "Otay Mesa Energy Center", "Retired_Plant": 0, "OperatorCompanyID": "Calpine Corporation - West Region", "County": "San Diego", "Capacity_Latest": 689, "Units": "OM1CT1, OM1CT2, OM1ST1", "PriEnergySource": "NG", "StartDate": 1254614400000, "CEC_Jurisdictional": "1"}}, {"type": "Feature", "id": 6367, "geometry": {"type": "Point", "coordinates": [-116.944235708084, 32.5671090390412]}, "properties": {"OBJECTID": 6367, "CECPlantID": "G0819", "PlantName": "Larkspur Energy LLC", "Retired_Plant": 0, "OperatorCompanyID": "DGC Operations LLC", "County": "San Diego", "Capacity_Latest": 90, "Units": "Larkspur1, Larkspur2", "PriEnergySource": "NG", "StartDate": 995414400000, "CEC_Jurisdictional": "1"}}, {"type": "Feature", "id": 6368, "geometry": {"type": "Point", "coordinates": [-116.943473161627, 32.5624727255217]}, "properties": {"OBJECTID": 6368, "CECPlantID": "G0853", "PlantName": "Border - CalPeak Power", "Retired_Plant": 0, "OperatorCompanyID": "PIC Energy", "County": "San Diego", "Capacity_Latest": 49.8, "Units": "2", "PriEnergySource": "NG", "StartDate": 1004054400000, "CEC_Jurisdictional": "1"}}, {"type": "Feature", "id": 6369, "geometry": {"type": "Point", "coordinates": [-116.27050323624, 32.665684229938]}, "properties": {"OBJECTID": 6369, "CECPlantID": "S9287", "PlantName": "LanWest Solar Farm LLC", "Retired_Plant": 0, "OperatorCompanyID": "Not Available", "County": "San Diego", "Capacity_Latest": 3.5, "Units": "Unit 1", "PriEnergySource": "SUN", "StartDate": 1393545600000, "CEC_Jurisdictional": "0"}}, {"type": "Feature", "id": 6370, "geometry": {"type": "Point", "coordinates": [-116.345249255131, 32.7323756623222]}, "properties": {"OBJECTID": 6370, "CECPlantID": "W0359", "PlantName": "Kumeyaay Wind Farm", "Retired_Plant": 0, "OperatorCompanyID": "Terra-Gen Operating Company", "County": "San Diego", "Capacity_Latest": 50, "Units": "WPRS 1", "PriEnergySource": "WND", "StartDate": 1135123200000, "CEC_Jurisdictional": "0"}}, {"type": "Feature", "id": 6371, "geometry": {"type": "Point", "coordinates": [-116.351367951012, 32.7014121192273]}, "properties": {"OBJECTID": 6371, "CECPlantID": "W0390", "PlantName": "Golden Acorn Casino", "Retired_Plant": 0, "OperatorCompanyID": "See WPRS for details", "County": "San Diego", "Capacity_Latest": 1, "Units": "WPRS 1", "PriEnergySource": "WND", "StartDate": 1303344000000, "CEC_Jurisdictional": "0"}}, {"type": "Feature", "id": 6372, "geometry": {"type": "Point", "coordinates": [-116.127884283064, 32.6233413549091]}, "properties": {"OBJECTID": 6372, "CECPlantID": "S0594", "PlantName": "Jacumba Solar Farm", "Retired_Plant": 0, "OperatorCompanyID": "Not Available", "County": "San Diego", "Capacity_Latest": 20, "Units": "Unit 1", "PriEnergySource": "SUN", "StartDate": 1500940800000, "CEC_Jurisdictional": "0"}}, {"type": "Feature", "id": 6373, "geometry": {"type": "Point", "coordinates": [-116.06501084252, 32.5746560630439]}, "properties": {"OBJECTID": 6373, "CECPlantID": "W0460", "PlantName": "Energia Sierra Juarez, S. de R.L. de C.V. (Baja Mexico Wind)", "Retired_Plant": 0, "OperatorCompanyID": "Energia Sierra Juarez S de RL de CV", "County": null, "Capacity_Latest": 155.1, "Units": "ESJ_1", "PriEnergySource": "WND", "StartDate": 1427414400000, "CEC_Jurisdictional": "0"}}, {"type": "Feature", "id": 6374, "geometry": {"type": "Point", "coordinates": [-115.728854578815, 32.7473619064195]}, "properties": {"OBJECTID": 6374, "CECPlantID": "S0258", "PlantName": "Campo Verde Solar Project", "Retired_Plant": 0, "OperatorCompanyID": "Campo Verde Solar LLC", "County": "Imperial", "Capacity_Latest": 197, "Units": "CVS1", "PriEnergySource": "SUN", "StartDate": 1382659200000, "CEC_Jurisdictional": "0"}}, {"type": "Feature", "id": 6375, "geometry": {"type": "Point", "coordinates": [-115.627764853418, 32.6010413492117]}, "properties": {"OBJECTID": 6375, "CECPlantID": "G9786", "PlantName": "Termoelectrica de Mexicali (TDM  Mexicali  Mexico)", "Retired_Plant": 0, "OperatorCompanyID": "Termoelectrica de Mexicali S de RL de CV", "County": null, "Capacity_Latest": 680.85, "Units": "GT-1, GT-2, ST", "PriEnergySource": "NG", "StartDate": 1051747200000, "CEC_Jurisdictional": "0"}}, {"type": "Feature", "id": 6376, "geometry": {"type": "Point", "coordinates": [-115.629556307544, 32.5982487907717]}, "properties": {"OBJECTID": 6376, "CECPlantID": "G9787", "PlantName": "La Rosita (INTERGEN  Mexicali  Mexico)", "Retired_Plant": 0, "OperatorCompanyID": "Energia Azteca X Sociedad Anonima de Capital Variable", "County": null, "Capacity_Latest": 1353, "Units": "1, CTG-1C, EAX-STG, EBC-CTG_and_STG", "PriEnergySource": "NG", "StartDate": 1058659200000, "CEC_Jurisdictional": "0"}}, {"type": "Feature", "id": 6377, "geometry": {"type": "Point", "coordinates": [-115.495441622684, 32.7012158474363]}, "properties": {"OBJECTID": 6377, "CECPlantID": "H0146", "PlantName": "Double Weir (<1MW)", "Retired_Plant": 0, "OperatorCompanyID": "Imperial Irrigation District", "County": "Imperial", "Capacity_Latest": 0.56, "Units": "UNIT 1, UNIT 2", "PriEnergySource": "WAT", "StartDate": -302486400000, "CEC_Jurisdictional": "0"}}, {"type": "Feature", "id": 6378, "geometry": {"type": "Point", "coordinates": [-115.647207914872, 32.686158551901]}, "properties": {"OBJECTID": 6378, "CECPlantID": "S0291", "PlantName": "Centinela Solar Energy", "Retired_Plant": 0, "OperatorCompanyID": "CD Arevon USA Inc.", "County": "Imperial", "Capacity_Latest": 172.6, "Units": "Unit 1, Unit 2", "PriEnergySource": "SUN", "StartDate": 1380585600000, "CEC_Jurisdictional": "0"}}, {"type": "Feature", "id": 6379, "geometry": {"type": "Point", "coordinates": [-115.540580311712, 32.7141433147834]}, "properties": {"OBJECTID": 6379, "CECPlantID": "S0298", "PlantName": "Heber Solar Facility", "Retired_Plant": 0, "OperatorCompanyID": "AxInfra US LP", "County": "Imperial", "Capacity_Latest": 10, "Units": "Unit 1", "PriEnergySource": "SUN", "StartDate": 1398211200000, "CEC_Jurisdictional": "0"}}, {"type": "Feature", "id": 6380, "geometry": {"type": "Point", "coordinates": [-115.657579846298, 32.6657982268309]}, "properties": {"OBJECTID": 6380, "CECPlantID": "S0440", "PlantName": "Imperial Solar Energy Center West", "Retired_Plant": 0, "OperatorCompanyID": "Tenaska Inc.", "County": "Imperial", "Capacity_Latest": 148.7, "Units": "Unit 1", "PriEnergySource": "SUN", "StartDate": 1460419200000, "CEC_Jurisdictional": "0"}}, {"type": "Feature", "id": 6381, "geometry": {"type": "Point", "coordinates": [-115.595451701913, 32.6765223473]}, "properties": {"OBJECTID": 6381, "CECPlantID": "S0655", "PlantName": "Mount Signal Solar Farm V (IVS 3 LLC)", "Retired_Plant": 0, "OperatorCompanyID": "First Solar Electric (California) LLC", "County": "Imperial", "Capacity_Latest": 252.29, "Units": "Unit 1", "PriEnergySource": "SUN", "StartDate": 1539216000000, "CEC_Jurisdictional": "0"}}, {"type": "Feature", "id": 6382, "geometry": {"type": "Point", "coordinates": [-115.617075219684, 32.6749907960199]}, "properties": {"OBJECTID": 6382, "CECPlantID": "S0687", "PlantName": "Wistaria Ranch Solar", "Retired_Plant": 0, "OperatorCompanyID": "RWE Clean Energy", "County": "Imperial", "Capacity_Latest": 100, "Units": "Unit 1", "PriEnergySource": "SUN", "StartDate": 1542585600000, "CEC_Jurisdictional": "0"}}, {"type": "Feature", "id": 6383, "geometry": {"type": "Point", "coordinates": [-115.629168459383, 32.6683093735745]}, "properties": {"OBJECTID": 6383, "CECPlantID": "S0696", "PlantName": "Imperial Valley Solar 2", "Retired_Plant": 0, "OperatorCompanyID": "MN8 Energy", "County": "Imperial", "Capacity_Latest": 150, "Units": "Unit 1", "PriEnergySource": "SUN", "StartDate": 1569888000000, "CEC_Jurisdictional": "0"}}, {"type": "Feature", "id": 6384, "geometry": {"type": "Point", "coordinates": [-115.644550521644, 32.6754723156974]}, "properties": {"OBJECTID": 6384, "CECPlantID": "S9174", "PlantName": "Silver Ridge Mount Signal (Imperial Valley Solar 1)", "Retired_Plant": 0, "OperatorCompanyID": "Not Available", "County": "Imperial", "Capacity_Latest": 200, "Units": "Unit 1", "PriEnergySource": "SUN", "StartDate": 1380585600000, "CEC_Jurisdictional": "0"}}, {"type": "Feature", "id": 6385, "geometry": {"type": "Point", "coordinates": [-115.51786880967, 32.71470595]}, "properties": {"OBJECTID": 6385, "CECPlantID": "T0033", "PlantName": "Heber Geothermal Co", "Retired_Plant": 0, "OperatorCompanyID": "Heber Geothermal Co", "County": "Imperial", "Capacity_Latest": 92.5, "Units": "1, GEN 2, OEC 11, GEN 3, GEN 4, OEC 1 - 2", "PriEnergySource": "GEO", "StartDate": 1149984000000, "CEC_Jurisdictional": "0"}}, {"type": "Feature", "id": 6386, "geometry": {"type": "Point", "coordinates": [-115.535337105794, 32.7144788590901]}, "properties": {"OBJECTID": 6386, "CECPlantID": "T0051", "PlantName": "Second Imperial Geothermal Co SIGC Plant", "Retired_Plant": 0, "OperatorCompanyID": "Heber Geothermal Co", "County": "Imperial", "Capacity_Latest": 122.5, "Units": "Gen 1-12, Gen 13, Gen 14, Gen 1-6, Gen 7-12, OEC 1-2", "PriEnergySource": "GEO", "StartDate": 1138147200000, "CEC_Jurisdictional": "0"}}, {"type": "Feature", "id": 6387, "geometry": {"type": "Point", "coordinates": [-115.392023976078, 32.6731032581006]}, "properties": {"OBJECTID": 6387, "CECPlantID": "H0152", "PlantName": "Drop 5", "Retired_Plant": 0, "OperatorCompanyID": "Imperial Irrigation District", "County": "Imperial", "Capacity_Latest": 4, "Units": "UNIT 1, UNIT 2", "PriEnergySource": "WAT", "StartDate": 383788800000, "CEC_Jurisdictional": "0"}}, {"type": "Feature", "id": 6388, "geometry": {"type": "Point", "coordinates": [-115.126067579224, 32.7053959665644]}, "properties": {"OBJECTID": 6388, "CECPlantID": "H0150", "PlantName": "Drop 3", "Retired_Plant": 0, "OperatorCompanyID": "Imperial Irrigation District", "County": "Imperial", "Capacity_Latest": 9.8, "Units": "UNIT 1, UNIT 2", "PriEnergySource": "WAT", "StartDate": -910828800000, "CEC_Jurisdictional": "0"}}, {"type": "Feature", "id": 6389, "geometry": {"type": "Point", "coordinates": [-115.21910889409, 32.7053017088701]}, "properties": {"OBJECTID": 6389, "CECPlantID": "H0151", "PlantName": "Drop 4", "Retired_Plant": 0, "OperatorCompanyID": "Imperial Irrigation District", "County": "Imperial", "Capacity_Latest": 19.6, "Units": "UNIT 1, UNIT 2", "PriEnergySource": "WAT", "StartDate": -612144000000, "CEC_Jurisdictional": "0"}}, {"type": "Feature", "id": 6390, "geometry": {"type": "Point", "coordinates": [-115.282646560187, 32.699577857947]}, "properties": {"OBJECTID": 6390, "CECPlantID": "H0160", "PlantName": "East Highline", "Retired_Plant": 0, "OperatorCompanyID": "Imperial Irrigation District", "County": "Imperial", "Capacity_Latest": 2.42, "Units": "UNIT 1", "PriEnergySource": "WAT", "StartDate": 463795200000, "CEC_Jurisdictional": "0"}}, {"type": "Feature", "id": 6391, "geometry": {"type": "Point", "coordinates": [-114.9427434273, 32.7115930335754]}, "properties": {"OBJECTID": 6391, "CECPlantID": "H0147", "PlantName": "Drop 1", "Retired_Plant": 0, "OperatorCompanyID": "Imperial Irrigation District", "County": "Imperial", "Capacity_Latest": 5.85, "Units": "UNIT 1, UNIT 2, UNIT 3", "PriEnergySource": "WAT", "StartDate": 469411200000, "CEC_Jurisdictional": "0"}}, {"type": "Feature", "id": 6392, "geometry": {"type": "Point", "coordinates": [-115.031024064947, 32.7053953573449]}, "properties": {"OBJECTID": 6392, "CECPlantID": "H0149", "PlantName": "Drop 2", "Retired_Plant": 0, "OperatorCompanyID": "Imperial Irrigation District", "County": "Imperial", "Capacity_Latest": 10, "Units": "UNIT 1, UNIT 2", "PriEnergySource": "WAT", "StartDate": -507254400000, "CEC_Jurisdictional": "0"}}, {"type": "Feature", "id": 6393, "geometry": {"type": "Point", "coordinates": [-114.713916952211, 32.7366518922997]}, "properties": {"OBJECTID": 6393, "CECPlantID": "H0385", "PlantName": "Pilot Knob", "Retired_Plant": 0, "OperatorCompanyID": "Imperial Irrigation District", "County": "Imperial", "Capacity_Latest": 33, "Units": "UNIT 1, UNIT 2", "PriEnergySource": "WAT", "StartDate": -407635200000, "CEC_Jurisdictional": "0"}}, {"type": "Feature", "id": 6394, "geometry": {"type": "Point", "coordinates": [-117.200105031212, 32.9027639960385]}, "properties": {"OBJECTID": 6394, "CECPlantID": "G1050", "PlantName": "Qualcomm Building Q Central Plant", "Retired_Plant": 0, "OperatorCompanyID": "Qualcomm Inc", "County": "San Diego", "Capacity_Latest": 4.54, "Units": "TG-1", "PriEnergySource": "NG", "StartDate": 1374105600000, "CEC_Jurisdictional": "0"}}, {"type": "Feature", "id": 6395, "geometry": {"type": "Point", "coordinates": [-117.246147817996, 32.8870721538075]}, "properties": {"OBJECTID": 6395, "CECPlantID": "G0521", "PlantName": "Salk Institute - Retired July 2004", "Retired_Plant": 1, "OperatorCompanyID": "Salk Institute", "County": "San Diego", "Capacity_Latest": 0, "Units": "1, 2", "PriEnergySource": "NG", "StartDate": 462844800000, "CEC_Jurisdictional": "0"}}, {"type": "Feature", "id": 6396, "geometry": {"type": "Point", "coordinates": [-117.230934889551, 32.7644964010868]}, "properties": {"OBJECTID": 6396, "CECPlantID": "G0551", "PlantName": "4160 V Cogeneration System (Retired 12/31/2003)", "Retired_Plant": 1, "OperatorCompanyID": "Sea World of California", "County": "San Diego", "Capacity_Latest": 0, "Units": "Unit 1, Unit 2, Unit 3, Unit 4", "PriEnergySource": "NG", "StartDate": 347155200000, "CEC_Jurisdictional": "0"}}, {"type": "Feature", "id": 6397, "geometry": {"type": "Point", "coordinates": [-117.236177257304, 32.901169880987]}, "properties": {"OBJECTID": 6397, "CECPlantID": "G1018", "PlantName": "Johnson & Johnson PR&D Plant", "Retired_Plant": 1, "OperatorCompanyID": "Johnson & Johnson Pharmaceutical Research & Development LLC", "County": "San Diego", "Capacity_Latest": 0, "Units": "Gen-1, Gen-2", "PriEnergySource": "NG", "StartDate": 1067558400000, "CEC_Jurisdictional": "0"}}, {"type": "Feature", "id": 6398, "geometry": {"type": "Point", "coordinates": [-117.239164980864, 32.8742131906486]}, "properties": {"OBJECTID": 6398, "CECPlantID": "S0129", "PlantName": "UCSD Solar PV System", "Retired_Plant": 0, "OperatorCompanyID": "University of California San Diego", "County": "San Diego", "Capacity_Latest": 1.2, "Units": "Unit 1", "PriEnergySource": "SUN", "StartDate": 1212278400000, "CEC_Jurisdictional": "0"}}, {"type": "Feature", "id": 6399, "geometry": {"type": "Point", "coordinates": [-117.197155877958, 32.8786849573429]}, "properties": {"OBJECTID": 6399, "CECPlantID": "E0202", "PlantName": "MM San Diego LLC - North City (Retired 3/31/2022)", "Retired_Plant": 1, "OperatorCompanyID": "City of San Diego Public Utilities Department", "County": "San Diego", "Capacity_Latest": 0, "Units": "Gen 1-4", "PriEnergySource": "LFG", "StartDate": 920246400000, "CEC_Jurisdictional": "0"}}, {"type": "Feature", "id": 6400, "geometry": {"type": "Point", "coordinates": [-117.197381849016, 32.8789393613613]}, "properties": {"OBJECTID": 6400, "CECPlantID": "E0244", "PlantName": "North City Cogeneration Facility Expansion (NCCFE) (Retired 8/31/2022)", "Retired_Plant": 1, "OperatorCompanyID": "City of San Diego", "County": "San Diego", "Capacity_Latest": 0, "Units": "Unit 1", "PriEnergySource": "LFG", "StartDate": 1384214400000, "CEC_Jurisdictional": "0"}}, {"type": "Feature", "id": 6401, "geometry": {"type": "Point", "coordinates": [-117.196759196985, 32.8937922861504]}, "properties": {"OBJECTID": 6401, "CECPlantID": "G0475", "PlantName": "Qualcomm Building P Central Plant", "Retired_Plant": 0, "OperatorCompanyID": "Qualcomm Inc", "County": "San Diego", "Capacity_Latest": 9.2, "Units": "DG-1, TG-1, TG-1-4, TG-2, TG-3, TG-4, TG-5", "PriEnergySource": "NG", "StartDate": 1197849600000, "CEC_Jurisdictional": "0"}}, {"type": "Feature", "id": 6402, "geometry": {"type": "Point", "coordinates": [-117.239382317858, 32.8736187235672]}, "properties": {"OBJECTID": 6402, "CECPlantID": "G0640", "PlantName": "University of California San Diego Cogeneration Facility", "Retired_Plant": 0, "OperatorCompanyID": "University of California San Diego", "County": "San Diego", "Capacity_Latest": 30, "Units": "Unit 1, Unit 2, Unit 3", "PriEnergySource": "NG", "StartDate": 993945600000, "CEC_Jurisdictional": "0"}}, {"type": "Feature", "id": 6403, "geometry": {"type": "Point", "coordinates": [-117.230271016428, 32.8755073322601]}, "properties": {"OBJECTID": 6403, "CECPlantID": "G0646", "PlantName": "VA San Diego Cogeneration Plant (VA Hospital)", "Retired_Plant": 0, "OperatorCompanyID": "Veterans Administration Healthcare System San Diego", "County": "San Diego", "Capacity_Latest": 4.6, "Units": "1", "PriEnergySource": "NG", "StartDate": 1101859200000, "CEC_Jurisdictional": "0"}}, {"type": "Feature", "id": 6404, "geometry": {"type": "Point", "coordinates": [-117.195647138453, 32.9028880452834]}, "properties": {"OBJECTID": 6404, "CECPlantID": "G0746", "PlantName": "Qualcomm Building W Power Plant", "Retired_Plant": 0, "OperatorCompanyID": "Qualcomm Inc", "County": "San Diego", "Capacity_Latest": 12.590000000000002, "Units": "DG-1, DG-2, DG-3, TG-1", "PriEnergySource": "DFO", "StartDate": 1152576000000, "CEC_Jurisdictional": "0"}}, {"type": "Feature", "id": 6405, "geometry": {"type": "Point", "coordinates": [-117.128983612705, 32.8162637404483]}, "properties": {"OBJECTID": 6405, "CECPlantID": "G0990", "PlantName": "Solar Turbines Inc. - Kearny Mesa Plant (Testing Only)", "Retired_Plant": 0, "OperatorCompanyID": "Solar Turbines Incorporated", "County": "San Diego", "Capacity_Latest": 14.9, "Units": "1, TestingUnits", "PriEnergySource": "NG", "StartDate": 978307200000, "CEC_Jurisdictional": "0"}}, {"type": "Feature", "id": 6406, "geometry": {"type": "Point", "coordinates": [-117.165396082301, 32.8761144386756]}, "properties": {"OBJECTID": 6406, "CECPlantID": "G1023", "PlantName": "Miramar Energy Facility 1 & 2", "Retired_Plant": 0, "OperatorCompanyID": "San Diego Gas & Electric", "County": "San Diego", "Capacity_Latest": 95, "Units": "MEF 1, MEF 2", "PriEnergySource": "NG", "StartDate": 1117584000000, "CEC_Jurisdictional": "0"}}, {"type": "Feature", "id": 6407, "geometry": {"type": "Point", "coordinates": [-117.163757246019, 32.7649489665727]}, "properties": {"OBJECTID": 6407, "CECPlantID": "G0633", "PlantName": "Union Tribune Publishing Co (Retired 2014)", "Retired_Plant": 1, "OperatorCompanyID": "San Diego Union-Tribune Publishing Company", "County": "San Diego", "Capacity_Latest": 0, "Units": "UNIT 1", "PriEnergySource": "NG", "StartDate": 383788800000, "CEC_Jurisdictional": "0"}}, {"type": "Feature", "id": 6408, "geometry": {"type": "Point", "coordinates": [-117.045834150836, 32.7812582125399]}, "properties": {"OBJECTID": 6408, "CECPlantID": "H0006", "PlantName": "Alvarado Hydro Facility", "Retired_Plant": 1, "OperatorCompanyID": "San Diego County Water Authority", "County": "San Diego", "Capacity_Latest": 0, "Units": "Unit 1, Unit 2", "PriEnergySource": "WAT", "StartDate": 481161600000, "CEC_Jurisdictional": "0"}}, {"type": "Feature", "id": 6409, "geometry": {"type": "Point", "coordinates": [-117.113722867809, 32.9369986625569]}, "properties": {"OBJECTID": 6409, "CECPlantID": "H0612", "PlantName": "Rancho Penasquitos", "Retired_Plant": 0, "OperatorCompanyID": "San Diego County Water Authority", "County": "San Diego", "Capacity_Latest": 4.65, "Units": "RPHES-GEN", "PriEnergySource": "WAT", "StartDate": 1169510400000, "CEC_Jurisdictional": "0"}}, {"type": "Feature", "id": 6410, "geometry": {"type": "Point", "coordinates": [-117.116808562033, 32.8914451109978]}, "properties": {"OBJECTID": 6410, "CECPlantID": "E0054", "PlantName": "MM San Diego LLC - Miramar Landfill", "Retired_Plant": 0, "OperatorCompanyID": "OPAL Fuels", "County": "San Diego", "Capacity_Latest": 6.5, "Units": "UNT1-4", "PriEnergySource": "LFG", "StartDate": 867715200000, "CEC_Jurisdictional": "0"}}, {"type": "Feature", "id": 6411, "geometry": {"type": "Point", "coordinates": [-117.151033170397, 32.8425022454307]}, "properties": {"OBJECTID": 6411, "CECPlantID": "E0205", "PlantName": "Miramar Energy LLC LFG", "Retired_Plant": 0, "OperatorCompanyID": "OPAL Fuels", "County": "San Diego", "Capacity_Latest": 3.2, "Units": "GEN 1, GEN 2", "PriEnergySource": "LFG", "StartDate": 1335830400000, "CEC_Jurisdictional": "0"}}, {"type": "Feature", "id": 6412, "geometry": {"type": "Point", "coordinates": [-117.152421641495, 32.7988425811781]}, "properties": {"OBJECTID": 6412, "CECPlantID": "G0109", "PlantName": "Childrens Hospital #2", "Retired_Plant": 0, "OperatorCompanyID": "Children's Hospital & Health Center", "County": "San Diego", "Capacity_Latest": 3.52, "Units": "1631, 1698, 1699, 1710, CG04566", "PriEnergySource": "NG", "StartDate": 1102809600000, "CEC_Jurisdictional": "0"}}, {"type": "Feature", "id": 6413, "geometry": {"type": "Point", "coordinates": [-117.006445576908, 32.7796455683607]}, "properties": {"OBJECTID": 6413, "CECPlantID": "G0241", "PlantName": "Grossmont Hospital", "Retired_Plant": 0, "OperatorCompanyID": "Sharp Grossmont Hospital", "County": "San Diego", "Capacity_Latest": 4.6, "Units": "GEN1, GEN2, Unit 1", "PriEnergySource": "NG", "StartDate": 1460419200000, "CEC_Jurisdictional": "0"}}, {"type": "Feature", "id": 6414, "geometry": {"type": "Point", "coordinates": [-117.140566381936, 32.8195035202389]}, "properties": {"OBJECTID": 6414, "CECPlantID": "G0298", "PlantName": "Kyocera Project", "Retired_Plant": 0, "OperatorCompanyID": "Generator Power Systems Inc", "County": "San Diego", "Capacity_Latest": 3.7199999999999998, "Units": "0088, 0089, 0095, 0096, A4Y00333, A4Z00287", "PriEnergySource": "NG", "StartDate": 1346457600000, "CEC_Jurisdictional": "0"}}, {"type": "Feature", "id": 6415, "geometry": {"type": "Point", "coordinates": [-117.133735340798, 32.8339498703046]}, "properties": {"OBJECTID": 6415, "CECPlantID": "G0289", "PlantName": "Kearny (Retired 12/31/2017)", "Retired_Plant": 1, "OperatorCompanyID": "NRG Energy", "County": "San Diego", "Capacity_Latest": 0, "Units": "Kearny 1, Kearny 2A, Kearny 2B, Kearny 2C, Kearny 2D, Kearny 3A, Kearny 3B, Kearny 3C, Kearny 3D", "PriEnergySource": "NG", "StartDate": -2678400000, "CEC_Jurisdictional": "0"}}, {"type": "Feature", "id": 6416, "geometry": {"type": "Point", "coordinates": [-117.166309231471, 32.8762835446486]}, "properties": {"OBJECTID": 6416, "CECPlantID": "G0360", "PlantName": "San Diego Combustion Turbines - Miramar 1A 1B (Retired 12/31/2016)", "Retired_Plant": 1, "OperatorCompanyID": "NRG Energy", "County": "San Diego", "Capacity_Latest": 0, "Units": "Unit 1A, Unit 1B", "PriEnergySource": "NG", "StartDate": 74736000000, "CEC_Jurisdictional": "0"}}, {"type": "Feature", "id": 6417, "geometry": {"type": "Point", "coordinates": [-117.070080324822, 32.7784208949623]}, "properties": {"OBJECTID": 6417, "CECPlantID": "G0511", "PlantName": "San Diego State University", "Retired_Plant": 0, "OperatorCompanyID": "San Diego State University", "County": "San Diego", "Capacity_Latest": 14.299999999999999, "Units": "GEN 1, GEN 2, GEN 3", "PriEnergySource": "NG", "StartDate": 1030838400000, "CEC_Jurisdictional": "0"}}, {"type": "Feature", "id": 6418, "geometry": {"type": "Point", "coordinates": [-116.961900654154, 32.793022134236]}, "properties": {"OBJECTID": 6418, "CECPlantID": "G0910", "PlantName": "Cuyamaca Peak Energy Plant (formely CalPeak El Cajon)", "Retired_Plant": 0, "OperatorCompanyID": "San Diego Gas & Electric", "County": "San Diego", "Capacity_Latest": 46.8, "Units": "1", "PriEnergySource": "NG", "StartDate": 1022630400000, "CEC_Jurisdictional": "0"}}, {"type": "Feature", "id": 6419, "geometry": {"type": "Point", "coordinates": [-116.972067881141, 32.7961683890919]}, "properties": {"OBJECTID": 6419, "CECPlantID": "G0951", "PlantName": "El Cajon Energy Center", "Retired_Plant": 0, "OperatorCompanyID": "Wellhead Services Inc", "County": "San Diego", "Capacity_Latest": 49.23, "Units": "Gen 1", "PriEnergySource": "NG", "StartDate": 1276560000000, "CEC_Jurisdictional": "0"}}, {"type": "Feature", "id": 6420, "geometry": {"type": "Point", "coordinates": [-116.960210439376, 32.8557853988188]}, "properties": {"OBJECTID": 6420, "CECPlantID": "E0094", "PlantName": "Sycamore Landfill San Diego", "Retired_Plant": 0, "OperatorCompanyID": "Landfill Generating Partners", "County": "San Diego", "Capacity_Latest": 5.4, "Units": "Unit 1, Unit 1old, Unit 2, Unit 2old, Unit 3", "PriEnergySource": "LFG", "StartDate": 1305244800000, "CEC_Jurisdictional": "0"}}, {"type": "Feature", "id": 6421, "geometry": {"type": "Point", "coordinates": [-116.972179724136, 32.7958326960461]}, "properties": {"OBJECTID": 6421, "CECPlantID": "G0189", "PlantName": "El Cajon  (retired 12/31/2016)", "Retired_Plant": 1, "OperatorCompanyID": "NRG Energy", "County": "San Diego", "Capacity_Latest": 0, "Units": "Unit 1", "PriEnergySource": "NG", "StartDate": -36806400000, "CEC_Jurisdictional": "0"}}, {"type": "Feature", "id": 6422, "geometry": {"type": "Point", "coordinates": [-116.600402715846, 32.8573467004848]}, "properties": {"OBJECTID": 6422, "CECPlantID": "S9288", "PlantName": "Descanso Solar - CRE", "Retired_Plant": 0, "OperatorCompanyID": "Not Available", "County": "San Diego", "Capacity_Latest": 1.5, "Units": "Unit 1", "PriEnergySource": "SUN", "StartDate": 1388448000000, "CEC_Jurisdictional": "0"}}, {"type": "Feature", "id": 6423, "geometry": {"type": "Point", "coordinates": [-116.30163248857, 32.7622020471838]}, "properties": {"OBJECTID": 6423, "CECPlantID": "W0467", "PlantName": "Tule Wind", "Retired_Plant": 0, "OperatorCompanyID": "See WPRS for details", "County": "San Diego", "Capacity_Latest": 131, "Units": "WPRS 1", "PriEnergySource": "WND", "StartDate": 1515110400000, "CEC_Jurisdictional": "0"}}, {"type": "Feature", "id": 6424, "geometry": {"type": "Point", "coordinates": [-116.049385892794, 32.7597959427065]}, "properties": {"OBJECTID": 6424, "CECPlantID": "W0409", "PlantName": "Ocotillo Express LLC", "Retired_Plant": 0, "OperatorCompanyID": "Pettern Energy (Ocotillo LLC)", "County": "Imperial", "Capacity_Latest": 265.44, "Units": "WPRS 1", "PriEnergySource": "WND", "StartDate": 1356652800000, "CEC_Jurisdictional": "0"}}, {"type": "Feature", "id": 6425, "geometry": {"type": "Point", "coordinates": [-115.692954812627, 32.7506810356514]}, "properties": {"OBJECTID": 6425, "CECPlantID": "S0255", "PlantName": "Imperial Solar Energy Center South", "Retired_Plant": 0, "OperatorCompanyID": "Tenaska Inc.", "County": "Imperial", "Capacity_Latest": 128.9, "Units": "56819", "PriEnergySource": "SUN", "StartDate": 1383264000000, "CEC_Jurisdictional": "0"}}, {"type": "Feature", "id": 6426, "geometry": {"type": "Point", "coordinates": [-115.772574794909, 32.7934823979409]}, "properties": {"OBJECTID": 6426, "CECPlantID": "S0677", "PlantName": "SEPV EAST", "Retired_Plant": 0, "OperatorCompanyID": "S-Power (Sustainable Power Group)", "County": "Imperial", "Capacity_Latest": 3, "Units": "Unit 1", "PriEnergySource": "SUN", "StartDate": 1514764800000, "CEC_Jurisdictional": "0"}}, {"type": "Feature", "id": 6427, "geometry": {"type": "Point", "coordinates": [-115.781448250493, 32.7934551254864]}, "properties": {"OBJECTID": 6427, "CECPlantID": "S0678", "PlantName": "SEPV WEST", "Retired_Plant": 0, "OperatorCompanyID": "S-Power (Sustainable Power Group)", "County": "Imperial", "Capacity_Latest": 2, "Units": "Unit 1", "PriEnergySource": "SUN", "StartDate": 1514764800000, "CEC_Jurisdictional": "0"}}, {"type": "Feature", "id": 6428, "geometry": {"type": "Point", "coordinates": [-115.629466837152, 32.8893445901683]}, "properties": {"OBJECTID": 6428, "CECPlantID": "H0531", "PlantName": "Turnip", "Retired_Plant": 0, "OperatorCompanyID": "Imperial Irrigation District", "County": "Imperial", "Capacity_Latest": 0.42, "Units": "1", "PriEnergySource": "WAT", "StartDate": -165715200000, "CEC_Jurisdictional": "0"}}, {"type": "Feature", "id": 6429, "geometry": {"type": "Point", "coordinates": [-115.546440588982, 32.8018040534718]}, "properties": {"OBJECTID": 6429, "CECPlantID": "S0461", "PlantName": "ECPV Solar", "Retired_Plant": 0, "OperatorCompanyID": "Sol Orchard Imperial 1 LLC", "County": "Imperial", "Capacity_Latest": 20, "Units": "Unit 1", "PriEnergySource": "SUN", "StartDate": 1380585600000, "CEC_Jurisdictional": "0"}}, {"type": "Feature", "id": 6430, "geometry": {"type": "Point", "coordinates": [-115.512427625168, 32.9037942079626]}, "properties": {"OBJECTID": 6430, "CECPlantID": "E0042", "PlantName": "Mesquite Lake Resource Recovery Project - Retired Dec 2008", "Retired_Plant": 1, "OperatorCompanyID": "Chateau Energy Inc", "County": "Imperial", "Capacity_Latest": 0, "Units": "1, L313", "PriEnergySource": "OGW", "StartDate": 567993600000, "CEC_Jurisdictional": "0"}}, {"type": "Feature", "id": 6431, "geometry": {"type": "Point", "coordinates": [-115.539701926809, 32.8023331538804]}, "properties": {"OBJECTID": 6431, "CECPlantID": "G0190", "PlantName": "El Centro Generating Station", "Retired_Plant": 0, "OperatorCompanyID": "Imperial Irrigation District", "County": "Imperial", "Capacity_Latest": 358.28, "Units": "1, 2 - 1, 2 - 2, 3, 30, 31, 32, 4", "PriEnergySource": "NG", "StartDate": 732153600000, "CEC_Jurisdictional": "0"}}, {"type": "Feature", "id": 6432, "geometry": {"type": "Point", "coordinates": [-115.513560783573, 32.906582725253]}, "properties": {"OBJECTID": 6432, "CECPlantID": "G0059", "PlantName": "Brawley (Retired 12/31/2009)", "Retired_Plant": 1, "OperatorCompanyID": "Imperial Irrigation District", "County": "Imperial", "Capacity_Latest": 0, "Units": "UNIT 1, UNIT 2", "PriEnergySource": "DFO", "StartDate": -252460800000, "CEC_Jurisdictional": "0"}}, {"type": "Feature", "id": 6433, "geometry": {"type": "Point", "coordinates": [-115.263775502147, 32.775627608516]}, "properties": {"OBJECTID": 6433, "CECPlantID": "T0021", "PlantName": "GEM II", "Retired_Plant": 1, "OperatorCompanyID": "Ormat Nevada Inc", "County": "Imperial", "Capacity_Latest": 0, "Units": "GEM 2", "PriEnergySource": "GEO", "StartDate": 607392000000, "CEC_Jurisdictional": "0"}}, {"type": "Feature", "id": 6434, "geometry": {"type": "Point", "coordinates": [-115.26267690595, 32.7756499265745]}, "properties": {"OBJECTID": 6434, "CECPlantID": "T0022", "PlantName": "GEM III", "Retired_Plant": 0, "OperatorCompanyID": "Ormat Nevada Inc", "County": "Imperial", "Capacity_Latest": 18.5, "Units": "GEM 3", "PriEnergySource": "GEO", "StartDate": 609984000000, "CEC_Jurisdictional": "0"}}, {"type": "Feature", "id": 6435, "geometry": {"type": "Point", "coordinates": [-115.24750093298, 32.7865914007259]}, "properties": {"OBJECTID": 6435, "CECPlantID": "T0043", "PlantName": "Ormesa Geothermal II", "Retired_Plant": 0, "OperatorCompanyID": "Ormat", "County": "Imperial", "Capacity_Latest": 24, "Units": "10-20, 1-9", "PriEnergySource": "GEO", "StartDate": 565315200000, "CEC_Jurisdictional": "0"}}, {"type": "Feature", "id": 6436, "geometry": {"type": "Point", "coordinates": [-115.257808219886, 32.8152812698274]}, "properties": {"OBJECTID": 6436, "CECPlantID": "T0062", "PlantName": "Ormesa I", "Retired_Plant": 0, "OperatorCompanyID": "North Brawley Geothermal", "County": "Imperial", "Capacity_Latest": 22.4, "Units": "Ormesa 1", "PriEnergySource": "GEO", "StartDate": 533779200000, "CEC_Jurisdictional": "0"}}, {"type": "Feature", "id": 6437, "geometry": {"type": "Point", "coordinates": [-115.255464210517, 32.8160652910454]}, "properties": {"OBJECTID": 6437, "CECPlantID": "T0063", "PlantName": "Ormesa 1E (Retired 1/1/2015)", "Retired_Plant": 1, "OperatorCompanyID": "North Brawley Geothermal", "County": "Imperial", "Capacity_Latest": 0, "Units": "OE1-12", "PriEnergySource": "GEO", "StartDate": 596937600000, "CEC_Jurisdictional": "0"}}, {"type": "Feature", "id": 6438, "geometry": {"type": "Point", "coordinates": [-115.247477310815, 32.7843249824406]}, "properties": {"OBJECTID": 6438, "CECPlantID": "T0066", "PlantName": "Ormesa 1H (Retired 1/1/2016)", "Retired_Plant": 1, "OperatorCompanyID": "Ormat", "County": "Imperial", "Capacity_Latest": 0, "Units": "Ormesa 1H", "PriEnergySource": "GEO", "StartDate": 628473600000, "CEC_Jurisdictional": "0"}}, {"type": "Feature", "id": 6439, "geometry": {"type": "Point", "coordinates": [-114.480227146014, 32.9028213505372]}, "properties": {"OBJECTID": 6439, "CECPlantID": "H0471", "PlantName": "Senator Wash (Pumping-Generating)", "Retired_Plant": 0, "OperatorCompanyID": "United States Bureau of Reclamation", "County": "Imperial", "Capacity_Latest": 7.83, "Units": "Unit 1", "PriEnergySource": "WAT", "StartDate": 244512000000, "CEC_Jurisdictional": "0"}}, {"type": "Feature", "id": 6440, "geometry": {"type": "Point", "coordinates": [-117.193477303729, 33.0891897343726]}, "properties": {"OBJECTID": 6440, "CECPlantID": "E0075", "PlantName": "San Marcos", "Retired_Plant": 0, "OperatorCompanyID": "Landfill Generating Partners", "County": "San Diego", "Capacity_Latest": 1.8, "Units": "Unit 1, Unit 2", "PriEnergySource": "LFG", "StartDate": 502243200000, "CEC_Jurisdictional": "0"}}, {"type": "Feature", "id": 6441, "geometry": {"type": "Point", "coordinates": [-117.32044978459, 33.1164935799148]}, "properties": {"OBJECTID": 6441, "CECPlantID": "E0251", "PlantName": "Encina Water Pollution Control", "Retired_Plant": 0, "OperatorCompanyID": "Encina Wastewater Authority", "County": "San Diego", "Capacity_Latest": 3, "Units": "EG-4610, EG-4620, EG-4630, EG-4640", "PriEnergySource": "OBG", "StartDate": 441763200000, "CEC_Jurisdictional": "0"}}, {"type": "Feature", "id": 6442, "geometry": {"type": "Point", "coordinates": [-117.338430000257, 33.1377710004589]}, "properties": {"OBJECTID": 6442, "CECPlantID": "G0196", "PlantName": "Encina Power Station (retired 12/11/2018)", "Retired_Plant": 1, "OperatorCompanyID": "NRG Energy", "County": "San Diego", "Capacity_Latest": 0, "Units": "Encina 1, Encina 2, Encina 3, Encina 4, Encina 5, Encina GT", "PriEnergySource": "NG", "StartDate": -476755200000, "CEC_Jurisdictional": "0"}}, {"type": "Feature", "id": 6443, "geometry": {"type": "Point", "coordinates": [-117.335568188668, 33.1364594934561]}, "properties": {"OBJECTID": 6443, "CECPlantID": "G0824", "PlantName": "Carlsbad Energy Center", "Retired_Plant": 0, "OperatorCompanyID": "NRG Energy", "County": "San Diego", "Capacity_Latest": 525, "Units": "CEC 10, CEC 6, CEC 7, CEC 8, CEC 9", "PriEnergySource": "NG", "StartDate": 1525132800000, "CEC_Jurisdictional": "1"}}, {"type": "Feature", "id": 6444, "geometry": {"type": "Point", "coordinates": [-117.120287829014, 33.1284369168349]}, "properties": {"OBJECTID": 6444, "CECPlantID": "G0945", "PlantName": "Escondido Energy Center  LLC", "Retired_Plant": 0, "OperatorCompanyID": "Escondido Energy Center LLC", "County": "San Diego", "Capacity_Latest": 49.9, "Units": "1, GEN 1", "PriEnergySource": "NG", "StartDate": 1390608000000, "CEC_Jurisdictional": "0"}}, {"type": "Feature", "id": 6445, "geometry": {"type": "Point", "coordinates": [-117.074549933916, 33.1257771469237]}, "properties": {"OBJECTID": 6445, "CECPlantID": "G0434", "PlantName": "Palomar Medical Center (Retired 12/31/2006)", "Retired_Plant": 1, "OperatorCompanyID": "Palomar Memorial Hospital", "County": "San Diego", "Capacity_Latest": 0, "Units": "EG 1, EG 2", "PriEnergySource": "NG", "StartDate": 523238400000, "CEC_Jurisdictional": "0"}}, {"type": "Feature", "id": 6446, "geometry": {"type": "Point", "coordinates": [-117.07941672342, 32.9854468400754]}, "properties": {"OBJECTID": 6446, "CECPlantID": "G9879", "PlantName": "USPS Rancho Carmel San Diego (Retired 12/31/2009)", "Retired_Plant": 1, "OperatorCompanyID": "United States Post Office - San Diego", "County": "San Diego", "Capacity_Latest": 0, "Units": "1", "PriEnergySource": "NG", "StartDate": 1139961600000, "CEC_Jurisdictional": "0"}}, {"type": "Feature", "id": 6447, "geometry": {"type": "Point", "coordinates": [-117.118810333542, 33.0578912035905]}, "properties": {"OBJECTID": 6447, "CECPlantID": "H0613", "PlantName": "Lake Hodges Station (Olivenhain Pumped Storage) (retired 11/5/2024)", "Retired_Plant": 1, "OperatorCompanyID": "San Diego County Water Authority", "County": "San Diego", "Capacity_Latest": 0, "Units": "Unit 1, Unit 2", "PriEnergySource": "WAT", "StartDate": 1310688000000, "CEC_Jurisdictional": "0"}}, {"type": "Feature", "id": 6448, "geometry": {"type": "Point", "coordinates": [-117.088170970797, 33.0109005136339]}, "properties": {"OBJECTID": 6448, "CECPlantID": "S9003", "PlantName": "Hewlett Packard", "Retired_Plant": 0, "OperatorCompanyID": "Not Available", "County": "San Diego", "Capacity_Latest": 1, "Units": "1", "PriEnergySource": "SUN", "StartDate": 1325376000000, "CEC_Jurisdictional": "0"}}, {"type": "Feature", "id": 6449, "geometry": {"type": "Point", "coordinates": [-117.099248066656, 33.1186583277869]}, "properties": {"OBJECTID": 6449, "CECPlantID": "G0233", "PlantName": "Goal Line LP", "Retired_Plant": 0, "OperatorCompanyID": "Goal Line LP", "County": "San Diego", "Capacity_Latest": 51.5, "Units": "Unit 1, Unit 2", "PriEnergySource": "NG", "StartDate": 791596800000, "CEC_Jurisdictional": "0"}}, {"type": "Feature", "id": 6450, "geometry": {"type": "Point", "coordinates": [-117.117356831045, 33.1222015052538]}, "properties": {"OBJECTID": 6450, "CECPlantID": "G0845", "PlantName": "Enterprise - CalPeak Power", "Retired_Plant": 0, "OperatorCompanyID": "PIC Energy", "County": "San Diego", "Capacity_Latest": 48.92, "Units": "1", "PriEnergySource": "NG", "StartDate": 1003795200000, "CEC_Jurisdictional": "1"}}, {"type": "Feature", "id": 6451, "geometry": {"type": "Point", "coordinates": [-117.117450133874, 33.1196705289506]}, "properties": {"OBJECTID": 6451, "CECPlantID": "G0861", "PlantName": "Palomar Energy Center", "Retired_Plant": 0, "OperatorCompanyID": "San Diego Gas & Electric", "County": "San Diego", "Capacity_Latest": 559, "Units": "CTG1, CTG2, STG", "PriEnergySource": "NG", "StartDate": 1128124800000, "CEC_Jurisdictional": "1"}}, {"type": "Feature", "id": 6452, "geometry": {"type": "Point", "coordinates": [-116.871730114379, 33.0119622540218]}, "properties": {"OBJECTID": 6452, "CECPlantID": "S0305", "PlantName": "Ramona 1 & 2", "Retired_Plant": 0, "OperatorCompanyID": "MN8 Energy", "County": "San Diego", "Capacity_Latest": 7, "Units": "Unit 1, Unit 2", "PriEnergySource": "SUN", "StartDate": 1385856000000, "CEC_Jurisdictional": "0"}}, {"type": "Feature", "id": 6453, "geometry": {"type": "Point", "coordinates": [-116.860391874981, 33.0197729335429]}, "properties": {"OBJECTID": 6453, "CECPlantID": "S0634", "PlantName": "Ramona Solar Energy Facility", "Retired_Plant": 0, "OperatorCompanyID": "San Diego Gas & Electric", "County": "San Diego", "Capacity_Latest": 4.9, "Units": "Unit 1", "PriEnergySource": "SUN", "StartDate": 1493596800000, "CEC_Jurisdictional": "0"}}, {"type": "Feature", "id": 6454, "geometry": {"type": "Point", "coordinates": [-116.356630989327, 33.1350307556762]}, "properties": {"OBJECTID": 6454, "CECPlantID": "S0715", "PlantName": "Titan Solar I", "Retired_Plant": 0, "OperatorCompanyID": "Longroad Energy", "County": "San Diego", "Capacity_Latest": 70, "Units": "Unit 1", "PriEnergySource": "SUN", "StartDate": 1608508800000, "CEC_Jurisdictional": "0"}}, {"type": "Feature", "id": 6455, "geometry": {"type": "Point", "coordinates": [-116.003011783357, 33.1161079898589]}, "properties": {"OBJECTID": 6455, "CECPlantID": "S0408", "PlantName": "Seville Solar One", "Retired_Plant": 0, "OperatorCompanyID": "Clearway Energy", "County": "Imperial", "Capacity_Latest": 20, "Units": "Unit 1", "PriEnergySource": "SUN", "StartDate": 1451433600000, "CEC_Jurisdictional": "0"}}, {"type": "Feature", "id": 6456, "geometry": {"type": "Point", "coordinates": [-116.003557100933, 33.1090413849657]}, "properties": {"OBJECTID": 6456, "CECPlantID": "S0409", "PlantName": "Seville Solar Two", "Retired_Plant": 0, "OperatorCompanyID": "Clearway Energy", "County": "Imperial", "Capacity_Latest": 30, "Units": "Unit 1", "PriEnergySource": "SUN", "StartDate": 1450915200000, "CEC_Jurisdictional": "0"}}, {"type": "Feature", "id": 6457, "geometry": {"type": "Point", "coordinates": [-115.627476133986, 33.0438012324724]}, "properties": {"OBJECTID": 6457, "CECPlantID": "S0679", "PlantName": "Valencia I", "Retired_Plant": 0, "OperatorCompanyID": "Not Available", "County": "Imperial", "Capacity_Latest": 3, "Units": "Unit 1", "PriEnergySource": "SUN", "StartDate": 1514764800000, "CEC_Jurisdictional": "0"}}, {"type": "Feature", "id": 6458, "geometry": {"type": "Point", "coordinates": [-115.534635665804, 32.9680877728483]}, "properties": {"OBJECTID": 6458, "CECPlantID": "G0504", "PlantName": "Rockwood Gas Turbine Plant", "Retired_Plant": 0, "OperatorCompanyID": "Imperial Irrigation District", "County": "Imperial", "Capacity_Latest": 49.9, "Units": "UNIT 1, UNIT 2", "PriEnergySource": "NG", "StartDate": 297561600000, "CEC_Jurisdictional": "0"}}, {"type": "Feature", "id": 6459, "geometry": {"type": "Point", "coordinates": [-115.540951892259, 33.0138160042203]}, "properties": {"OBJECTID": 6459, "CECPlantID": "T0081", "PlantName": "North Brawley", "Retired_Plant": 0, "OperatorCompanyID": "North Brawley Geothermal", "County": "Imperial", "Capacity_Latest": 49.9, "Units": "1", "PriEnergySource": "GEO", "StartDate": 1230768000000, "CEC_Jurisdictional": "0"}}, {"type": "Feature", "id": 6460, "geometry": {"type": "Point", "coordinates": [-115.482024422458, 32.983547780486]}, "properties": {"OBJECTID": 6460, "CECPlantID": "S0296", "PlantName": "NRG Solar Community I LLC (SDSU Solar)", "Retired_Plant": 0, "OperatorCompanyID": "NRG Solar Community I LLC", "County": "Imperial", "Capacity_Latest": 5.72, "Units": "1", "PriEnergySource": "SUN", "StartDate": 1402617600000, "CEC_Jurisdictional": "0"}}, {"type": "Feature", "id": 6461, "geometry": {"type": "Point", "coordinates": [-115.471119349524, 33.080036848083]}, "properties": {"OBJECTID": 6461, "CECPlantID": "S0324", "PlantName": "Alhambra Solar Facility", "Retired_Plant": 0, "OperatorCompanyID": "Southern Power Company", "County": "Imperial", "Capacity_Latest": 50, "Units": "SGAH", "PriEnergySource": "SUN", "StartDate": 1416960000000, "CEC_Jurisdictional": "0"}}, {"type": "Feature", "id": 6462, "geometry": {"type": "Point", "coordinates": [-115.471688169318, 33.1439152740047]}, "properties": {"OBJECTID": 6462, "CECPlantID": "S0325", "PlantName": "Arkansas Solar Facility", "Retired_Plant": 0, "OperatorCompanyID": "Southern Power Company", "County": "Imperial", "Capacity_Latest": 50, "Units": "SGAK", "PriEnergySource": "SUN", "StartDate": 1416960000000, "CEC_Jurisdictional": "0"}}, {"type": "Feature", "id": 6464, "geometry": {"type": "Point", "coordinates": [-118.310300047637, 33.3335316342426]}, "properties": {"OBJECTID": 6464, "CECPlantID": "G0014", "PlantName": "Pebbly Beach", "Retired_Plant": 0, "OperatorCompanyID": "Southern California Edison (SCE)", "County": "Los Angeles", "Capacity_Latest": 11.1, "Units": "Unit 1", "PriEnergySource": "DFO", "StartDate": 817776000000, "CEC_Jurisdictional": "0"}}, {"type": "Feature", "id": 6465, "geometry": {"type": "Point", "coordinates": [-117.235676396939, 33.3289016622397]}, "properties": {"OBJECTID": 6465, "CECPlantID": "H0408", "PlantName": "Red Mountain", "Retired_Plant": 0, "OperatorCompanyID": "Metropolitan Water District", "County": "San Diego", "Capacity_Latest": 5.9, "Units": "1", "PriEnergySource": "WAT", "StartDate": 478483200000, "CEC_Jurisdictional": "0"}}, {"type": "Feature", "id": 6466, "geometry": {"type": "Point", "coordinates": [-117.298383383975, 33.2127453463376]}, "properties": {"OBJECTID": 6466, "CECPlantID": "S0403", "PlantName": "Genentech Inc - Oceanside", "Retired_Plant": 0, "OperatorCompanyID": "Genentech Inc", "County": "San Diego", "Capacity_Latest": 6.8, "Units": "Solar, Fuel Cell", "PriEnergySource": "SUN", "StartDate": 1431388800000, "CEC_Jurisdictional": "0"}}, {"type": "Feature", "id": 6467, "geometry": {"type": "Point", "coordinates": [-117.016441137842, 33.1658541317127]}, "properties": {"OBJECTID": 6467, "CECPlantID": "H0021", "PlantName": "Bear Valley", "Retired_Plant": 0, "OperatorCompanyID": "City of Escondido", "County": "San Diego", "Capacity_Latest": 1.5, "Units": "1 - 2", "PriEnergySource": "WAT", "StartDate": -2037571200000, "CEC_Jurisdictional": "0"}}, {"type": "Feature", "id": 6468, "geometry": {"type": "Point", "coordinates": [-117.030439865633, 33.2643189645886]}, "properties": {"OBJECTID": 6468, "CECPlantID": "S0584", "PlantName": "Mesa Crest (Lilac)", "Retired_Plant": 0, "OperatorCompanyID": "NLP Granger A82 LLC", "County": "San Diego", "Capacity_Latest": 3, "Units": "Unit 1", "PriEnergySource": "SUN", "StartDate": 1474070400000, "CEC_Jurisdictional": "0"}}, {"type": "Feature", "id": 6469, "geometry": {"type": "Point", "coordinates": [-117.176833948047, 33.212660576759]}, "properties": {"OBJECTID": 6469, "CECPlantID": "S0372", "PlantName": "Borrego Solar - Twin Oaks", "Retired_Plant": 0, "OperatorCompanyID": "Not Available", "County": "San Diego", "Capacity_Latest": 1, "Units": "1", "PriEnergySource": "SUN", "StartDate": 1306972800000, "CEC_Jurisdictional": "0"}}, {"type": "Feature", "id": 6470, "geometry": {"type": "Point", "coordinates": [-117.022753903174, 33.2493024202268]}, "properties": {"OBJECTID": 6470, "CECPlantID": "S0593", "PlantName": "Cole Grade", "Retired_Plant": 0, "OperatorCompanyID": "Not Available", "County": "San Diego", "Capacity_Latest": 2.33, "Units": "Unit 1", "PriEnergySource": "SUN", "StartDate": 1481068800000, "CEC_Jurisdictional": "0"}}, {"type": "Feature", "id": 6471, "geometry": {"type": "Point", "coordinates": [-117.001654337383, 33.2341443235568]}, "properties": {"OBJECTID": 6471, "CECPlantID": "S9178", "PlantName": "Valley Center 1 & 2", "Retired_Plant": 0, "OperatorCompanyID": "MN8 Energy", "County": "San Diego", "Capacity_Latest": 7.5, "Units": "Unit 1, Unit 2", "PriEnergySource": "SUN", "StartDate": 1385856000000, "CEC_Jurisdictional": "0"}}, {"type": "Feature", "id": 6472, "geometry": {"type": "Point", "coordinates": [-116.354749292975, 33.2957078781599]}, "properties": {"OBJECTID": 6472, "CECPlantID": "S0238", "PlantName": "NRG Solar Borrego I", "Retired_Plant": 0, "OperatorCompanyID": "Clearway Energy", "County": "San Diego", "Capacity_Latest": 26, "Units": "1", "PriEnergySource": "SUN", "StartDate": 1360627200000, "CEC_Jurisdictional": "0"}}, {"type": "Feature", "id": 6473, "geometry": {"type": "Point", "coordinates": [-116.329703908242, 33.2648093417625]}, "properties": {"OBJECTID": 6473, "CECPlantID": "S9286", "PlantName": "Desert Green Solar Farm LLC", "Retired_Plant": 0, "OperatorCompanyID": "Not Available", "County": "San Diego", "Capacity_Latest": 3.5, "Units": "1", "PriEnergySource": "SUN", "StartDate": 1414713600000, "CEC_Jurisdictional": "0"}}, {"type": "Feature", "id": 6474, "geometry": {"type": "Point", "coordinates": [-115.499212779614, 33.2430237298696]}, "properties": {"OBJECTID": 6474, "CECPlantID": "G0931", "PlantName": "Niland Gas Turbine Plant", "Retired_Plant": 0, "OperatorCompanyID": "Imperial Irrigation District", "County": "Imperial", "Capacity_Latest": 121, "Units": "Unit 1, Unit 2", "PriEnergySource": "NG", "StartDate": 1212019200000, "CEC_Jurisdictional": "0"}}, {"type": "Feature", "id": 6475, "geometry": {"type": "Point", "coordinates": [-115.497250422457, 33.2456549922989]}, "properties": {"OBJECTID": 6475, "CECPlantID": "S0161", "PlantName": "IVSC1 - (SunPeak 1) - 23MW PV", "Retired_Plant": 0, "OperatorCompanyID": "Imperial Irrigation District", "County": "Imperial", "Capacity_Latest": 23, "Units": "Unit 1", "PriEnergySource": "SUN", "StartDate": 1338508800000, "CEC_Jurisdictional": "0"}}, {"type": "Feature", "id": 6476, "geometry": {"type": "Point", "coordinates": [-115.497408642126, 33.2542622683573]}, "properties": {"OBJECTID": 6476, "CECPlantID": "S0342", "PlantName": "Imperial Valley Solar Company (IVSC) 2 LLC", "Retired_Plant": 0, "OperatorCompanyID": "Onward Energy", "County": "Imperial", "Capacity_Latest": 20, "Units": "1", "PriEnergySource": "SUN", "StartDate": 1438819200000, "CEC_Jurisdictional": "0"}}, {"type": "Feature", "id": 6477, "geometry": {"type": "Point", "coordinates": [-115.532221999833, 33.165833000568]}, "properties": {"OBJECTID": 6477, "CECPlantID": "S0347", "PlantName": "Calipatria Solar Farm", "Retired_Plant": 0, "OperatorCompanyID": "Southern Power Company", "County": "Imperial", "Capacity_Latest": 20, "Units": "1", "PriEnergySource": "SUN", "StartDate": 1455235200000, "CEC_Jurisdictional": "0"}}, {"type": "Feature", "id": 6478, "geometry": {"type": "Point", "coordinates": [-117.342441661282, 34.5825282179308]}, "properties": {"OBJECTID": 6478, "CECPlantID": "S0299", "PlantName": "Expressway Solar A", "Retired_Plant": 0, "OperatorCompanyID": "S-Power (Sustainable Power Group)", "County": "San Bernardino", "Capacity_Latest": 2, "Units": "A", "PriEnergySource": "SUN", "StartDate": 1398816000000, "CEC_Jurisdictional": "0"}}, {"type": "Feature", "id": 6481, "geometry": {"type": "Point", "coordinates": [-115.452435509644, 33.1682563750369]}, "properties": {"OBJECTID": 6481, "CECPlantID": "S0326", "PlantName": "Sonora Solar Facility", "Retired_Plant": 0, "OperatorCompanyID": "Southern Power Company", "County": "Imperial", "Capacity_Latest": 50, "Units": "SGSO", "PriEnergySource": "SUN", "StartDate": 1416960000000, "CEC_Jurisdictional": "0"}}, {"type": "Feature", "id": 6482, "geometry": {"type": "Point", "coordinates": [-117.342728204621, 34.6907552700625]}, "properties": {"OBJECTID": 6482, "CECPlantID": "S0333", "PlantName": "Alamo Solar LLC", "Retired_Plant": 0, "OperatorCompanyID": "Onward Energy", "County": "San Bernardino", "Capacity_Latest": 20, "Units": "1", "PriEnergySource": "SUN", "StartDate": 1429228800000, "CEC_Jurisdictional": "0"}}, {"type": "Feature", "id": 6485, "geometry": {"type": "Point", "coordinates": [-117.369736922663, 34.5553514502826]}, "properties": {"OBJECTID": 6485, "CECPlantID": "S0410", "PlantName": "Adelanto Solar I", "Retired_Plant": 0, "OperatorCompanyID": "Adelanto Solar LLC", "County": "San Bernardino", "Capacity_Latest": 20, "Units": "SAS1", "PriEnergySource": "SUN", "StartDate": 1441843200000, "CEC_Jurisdictional": "0"}}, {"type": "Feature", "id": 6487, "geometry": {"type": "Point", "coordinates": [-117.376771308866, 34.5552633478624]}, "properties": {"OBJECTID": 6487, "CECPlantID": "S0411", "PlantName": "Adelanto Solar II", "Retired_Plant": 0, "OperatorCompanyID": "Adelanto Solar LLC", "County": "San Bernardino", "Capacity_Latest": 7, "Units": "SAS2", "PriEnergySource": "SUN", "StartDate": 1436918400000, "CEC_Jurisdictional": "0"}}, {"type": "Feature", "id": 6492, "geometry": {"type": "Point", "coordinates": [-117.34190429426, 34.5833455140541]}, "properties": {"OBJECTID": 6492, "CECPlantID": "S0413", "PlantName": "Expressway Solar B", "Retired_Plant": 0, "OperatorCompanyID": "S-Power (Sustainable Power Group)", "County": "San Bernardino", "Capacity_Latest": 2, "Units": "EXSB", "PriEnergySource": "SUN", "StartDate": 1398902400000, "CEC_Jurisdictional": "0"}}, {"type": "Feature", "id": 6496, "geometry": {"type": "Point", "coordinates": [-117.342555923486, 34.5846798481661]}, "properties": {"OBJECTID": 6496, "CECPlantID": "S9276", "PlantName": "Expressway Solar C2", "Retired_Plant": 0, "OperatorCompanyID": "S-Power (Sustainable Power Group)", "County": "San Bernardino", "Capacity_Latest": 1.5, "Units": "EXSC2", "PriEnergySource": "SUN", "StartDate": 1414800000000, "CEC_Jurisdictional": "0"}}, {"type": "Feature", "id": 6500, "geometry": {"type": "Point", "coordinates": [-117.192797261748, 34.5507458810763]}, "properties": {"OBJECTID": 6500, "CECPlantID": "S9278", "PlantName": "Navajo Solar Power Generation Station 1", "Retired_Plant": 0, "OperatorCompanyID": "S-Power (Sustainable Power Group)", "County": "San Bernardino", "Capacity_Latest": 1.5, "Units": "Unit 1", "PriEnergySource": "SUN", "StartDate": 1385856000000, "CEC_Jurisdictional": "0"}}, {"type": "Feature", "id": 6503, "geometry": {"type": "Point", "coordinates": [-117.192729913211, 34.5445590383803]}, "properties": {"OBJECTID": 6503, "CECPlantID": "S9280", "PlantName": "Otoe Solar Power Generation Station 1", "Retired_Plant": 0, "OperatorCompanyID": "S-Power (Sustainable Power Group)", "County": "San Bernardino", "Capacity_Latest": 1.5, "Units": "Unit 1", "PriEnergySource": "SUN", "StartDate": 1385856000000, "CEC_Jurisdictional": "0"}}, {"type": "Feature", "id": 6504, "geometry": {"type": "Point", "coordinates": [-117.57994782197, 33.394965214462]}, "properties": {"OBJECTID": 6504, "CECPlantID": "S0402", "PlantName": "USMC", "Retired_Plant": 0, "OperatorCompanyID": "United States Marine Corps", "County": "San Diego", "Capacity_Latest": 2.8, "Units": "1", "PriEnergySource": "SUN", "StartDate": 1432598400000, "CEC_Jurisdictional": "0"}}, {"type": "Feature", "id": 6507, "geometry": {"type": "Point", "coordinates": [-117.33646376808, 34.603904151683]}, "properties": {"OBJECTID": 6507, "CECPlantID": "C0019", "PlantName": "TXI Riverside Cement Power House (Shutdown March 2008)", "Retired_Plant": 1, "OperatorCompanyID": "TXI Riverside Cement", "County": "San Bernardino", "Capacity_Latest": 0, "Units": "GEN1, GEN2", "PriEnergySource": "BIT", "StartDate": -476064000000, "CEC_Jurisdictional": "0"}}, {"type": "Feature", "id": 6509, "geometry": {"type": "Point", "coordinates": [-117.614687240573, 33.4949958090861]}, "properties": {"OBJECTID": 6509, "CECPlantID": "E0194", "PlantName": "MM Prima Deshecha Energy LLC (Retired 9/30/2022)", "Retired_Plant": 1, "OperatorCompanyID": "OPAL Fuels", "County": "Orange", "Capacity_Latest": 0, "Units": "Unit 1, Unit 2", "PriEnergySource": "LFG", "StartDate": 920246400000, "CEC_Jurisdictional": "0"}}, {"type": "Feature", "id": 6511, "geometry": {"type": "Point", "coordinates": [-117.364354065124, 34.5950343610552]}, "properties": {"OBJECTID": 6511, "CECPlantID": "G0778", "PlantName": "High Desert Power Project", "Retired_Plant": 0, "OperatorCompanyID": "High Desert Power Project LLC", "County": "San Bernardino", "Capacity_Latest": 854.9000000000001, "Units": "CTG1, CTG2, CTG3, ST", "PriEnergySource": "NG", "StartDate": 1042243200000, "CEC_Jurisdictional": "1"}}, {"type": "Feature", "id": 6513, "geometry": {"type": "Point", "coordinates": [-117.7053105473, 33.5376220190491]}, "properties": {"OBJECTID": 6513, "CECPlantID": "E0155", "PlantName": "Aliso Water Management Agency (Retired 12/26/2016)", "Retired_Plant": 1, "OperatorCompanyID": "South Orange County Wastewater Authority", "County": "Orange", "Capacity_Latest": 0, "Units": "GEN 1, GEN 2, GEN 3", "PriEnergySource": "OBG", "StartDate": 857174400000, "CEC_Jurisdictional": "0"}}, {"type": "Feature", "id": 6514, "geometry": {"type": "Point", "coordinates": [-119.47542881618, 35.1156880805184]}, "properties": {"OBJECTID": 6514, "CECPlantID": "G0107", "PlantName": "Taft 26C Cogeneration Plant", "Retired_Plant": 0, "OperatorCompanyID": "Chevron North America Exploration and Production", "County": "Kern", "Capacity_Latest": 12.48, "Units": "TG1, TG2, TG3, TG4", "PriEnergySource": "NG", "StartDate": 394329600000, "CEC_Jurisdictional": "0"}}, {"type": "Feature", "id": 6515, "geometry": {"type": "Point", "coordinates": [-117.307268134469, 34.561980417672]}, "properties": {"OBJECTID": 6515, "CECPlantID": "W0404", "PlantName": "Cemex River Plant", "Retired_Plant": 0, "OperatorCompanyID": "Foundation Windpower", "County": "San Bernardino", "Capacity_Latest": 3.24, "Units": "WPRS 1", "PriEnergySource": "WND", "StartDate": 1354320000000, "CEC_Jurisdictional": "0"}}, {"type": "Feature", "id": 6517, "geometry": {"type": "Point", "coordinates": [-117.554848238699, 33.3689093188062]}, "properties": {"OBJECTID": 6517, "CECPlantID": "N0002", "PlantName": "San Onofre Nuclear Generating Station -SONGS-Retired 7/15/13", "Retired_Plant": 1, "OperatorCompanyID": "Southern California Edison (SCE)", "County": "San Diego", "Capacity_Latest": 0, "Units": "2, 3", "PriEnergySource": "NUC", "StartDate": -63158400000, "CEC_Jurisdictional": "0"}}, {"type": "Feature", "id": 6519, "geometry": {"type": "Point", "coordinates": [-117.374015107809, 34.6303102114482]}, "properties": {"OBJECTID": 6519, "CECPlantID": "S0725", "PlantName": "High Desert Solar", "Retired_Plant": 0, "OperatorCompanyID": "MN8 Energy", "County": "San Bernardino", "Capacity_Latest": 100, "Units": "Unit 1", "PriEnergySource": "SUN", "StartDate": 1639699200000, "CEC_Jurisdictional": "0"}}, {"type": "Feature", "id": 6522, "geometry": {"type": "Point", "coordinates": [-117.258865725567, 33.3636479040538]}, "properties": {"OBJECTID": 6522, "CECPlantID": "S9001", "PlantName": "FPUD - Sanitary", "Retired_Plant": 0, "OperatorCompanyID": "Not Available", "County": "San Diego", "Capacity_Latest": 1, "Units": "1", "PriEnergySource": "SUN", "StartDate": 1325376000000, "CEC_Jurisdictional": "0"}}, {"type": "Feature", "id": 6523, "geometry": {"type": "Point", "coordinates": [-119.327517378969, 35.1141926484219]}, "properties": {"OBJECTID": 6523, "CECPlantID": "S0412", "PlantName": "Maricopa West Solar PV", "Retired_Plant": 0, "OperatorCompanyID": "Onward Energy", "County": "Kern", "Capacity_Latest": 20, "Units": "1", "PriEnergySource": "SUN", "StartDate": 1451433600000, "CEC_Jurisdictional": "0"}}, {"type": "Feature", "id": 6524, "geometry": {"type": "Point", "coordinates": [-117.112953140122, 34.6233465919527]}, "properties": {"OBJECTID": 6524, "CECPlantID": "W0403", "PlantName": "Cemex BMQ", "Retired_Plant": 0, "OperatorCompanyID": "Foundation Windpower", "County": "San Bernardino", "Capacity_Latest": 3, "Units": "WPRS 1", "PriEnergySource": "WND", "StartDate": 1351728000000, "CEC_Jurisdictional": "0"}}, {"type": "Feature", "id": 6526, "geometry": {"type": "Point", "coordinates": [-120.437265591028, 34.9147835636406]}, "properties": {"OBJECTID": 6526, "CECPlantID": "S9293", "PlantName": "Pristine Sun Fund 7 San Luis Obispo PGE LLC_(2052_Cossa)", "Retired_Plant": 0, "OperatorCompanyID": "Not Available", "County": "Santa Barbara", "Capacity_Latest": 1.5, "Units": "Unit 1", "PriEnergySource": "SUN", "StartDate": 1388448000000, "CEC_Jurisdictional": "0"}}, {"type": "Feature", "id": 6527, "geometry": {"type": "Point", "coordinates": [-117.336073450237, 33.4474294986493]}, "properties": {"OBJECTID": 6527, "CECPlantID": "S9004", "PlantName": "Farm ACW", "Retired_Plant": 0, "OperatorCompanyID": "Not Available", "County": "San Diego", "Capacity_Latest": 1, "Units": "1", "PriEnergySource": "SUN", "StartDate": 1325376000000, "CEC_Jurisdictional": "0"}}, {"type": "Feature", "id": 6529, "geometry": {"type": "Point", "coordinates": [-119.59770147674, 34.901440672161]}, "properties": {"OBJECTID": 6529, "CECPlantID": "S0617", "PlantName": "Cuyama Solar", "Retired_Plant": 0, "OperatorCompanyID": "D. E. Shaw", "County": "Santa Barbara", "Capacity_Latest": 43.83, "Units": "Unit 1", "PriEnergySource": "SUN", "StartDate": 1512086400000, "CEC_Jurisdictional": "0"}}, {"type": "Feature", "id": 6531, "geometry": {"type": "Point", "coordinates": [-117.111412021803, 33.3591843094204]}, "properties": {"OBJECTID": 6531, "CECPlantID": "G1005", "PlantName": "Orange Grove Energy", "Retired_Plant": 0, "OperatorCompanyID": "Orange Grove Energy LP", "County": "San Diego", "Capacity_Latest": 100, "Units": "Gen-001, Gen-002", "PriEnergySource": "NG", "StartDate": 1276732800000, "CEC_Jurisdictional": "1"}}, {"type": "Feature", "id": 6532, "geometry": {"type": "Point", "coordinates": [-119.443607617965, 35.0931284821578]}, "properties": {"OBJECTID": 6532, "CECPlantID": "G0368", "PlantName": "Berry Cogen Midway-Sunset 18MW", "Retired_Plant": 0, "OperatorCompanyID": "Solar Asset Management Services", "County": "Kern", "Capacity_Latest": 27.599999999999998, "Units": "1, 2, Cogen 42", "PriEnergySource": "NG", "StartDate": 533779200000, "CEC_Jurisdictional": "0"}}, {"type": "Feature", "id": 6533, "geometry": {"type": "Point", "coordinates": [-118.685846338692, 34.8154461590002]}, "properties": {"OBJECTID": 6533, "CECPlantID": "H0058", "PlantName": "Alamo", "Retired_Plant": 0, "OperatorCompanyID": "California Department of Water Resources", "County": "Los Angeles", "Capacity_Latest": 19.67, "Units": "1", "PriEnergySource": "WAT", "StartDate": 520560000000, "CEC_Jurisdictional": "0"}}, {"type": "Feature", "id": 6535, "geometry": {"type": "Point", "coordinates": [-117.116374288658, 33.5030125789722]}, "properties": {"OBJECTID": 6535, "CECPlantID": "S0631", "PlantName": "Temecula Valley USD Temecula Valley HS", "Retired_Plant": 0, "OperatorCompanyID": "Tesla Inc.", "County": "Riverside", "Capacity_Latest": 1.11, "Units": "9255391-CA", "PriEnergySource": "SUN", "StartDate": 1499385600000, "CEC_Jurisdictional": "0"}}, {"type": "Feature", "id": 6537, "geometry": {"type": "Point", "coordinates": [-118.541947453583, 34.8362778398275]}, "properties": {"OBJECTID": 6537, "CECPlantID": "S0639", "PlantName": "Gaskell West 1", "Retired_Plant": 0, "OperatorCompanyID": "RE Gaskwell West 1 LLC", "County": "Kern", "Capacity_Latest": 20, "Units": "Unit 1", "PriEnergySource": "SUN", "StartDate": 1521763200000, "CEC_Jurisdictional": "0"}}, {"type": "Feature", "id": 6539, "geometry": {"type": "Point", "coordinates": [-118.276684239192, 33.7474085753597]}, "properties": {"OBJECTID": 6539, "CECPlantID": "S0142", "PlantName": "Port of Los Angeles Berth 93", "Retired_Plant": 0, "OperatorCompanyID": "Port of Los Angeles", "County": "Los Angeles", "Capacity_Latest": 1.1, "Units": "SIP964652", "PriEnergySource": "SUN", "StartDate": 1309478400000, "CEC_Jurisdictional": "0"}}, {"type": "Feature", "id": 6540, "geometry": {"type": "Point", "coordinates": [-119.429928111075, 35.096823869373]}, "properties": {"OBJECTID": 6540, "CECPlantID": "G0429", "PlantName": "Chalk Cliff Cogen", "Retired_Plant": 0, "OperatorCompanyID": "WCAC Operating Company", "County": "Kern", "Capacity_Latest": 47, "Units": "LM5000", "PriEnergySource": "NG", "StartDate": 637891200000, "CEC_Jurisdictional": "0"}}, {"type": "Feature", "id": 6541, "geometry": {"type": "Point", "coordinates": [-117.979118039049, 33.6447015722521]}, "properties": {"OBJECTID": 6541, "CECPlantID": "G1075", "PlantName": "Huntington Beach Energy Project", "Retired_Plant": 0, "OperatorCompanyID": "AES Southland", "County": "Orange", "Capacity_Latest": 696, "Units": "1A, 1B, 1S", "PriEnergySource": "NG", "StartDate": 1580774400000, "CEC_Jurisdictional": "1"}}, {"type": "Feature", "id": 6542, "geometry": {"type": "Point", "coordinates": [-118.508895678548, 34.796180713513]}, "properties": {"OBJECTID": 6542, "CECPlantID": "S0237", "PlantName": "Alpine Solar", "Retired_Plant": 0, "OperatorCompanyID": "First Solar, Inc", "County": "Los Angeles", "Capacity_Latest": 66, "Units": "1", "PriEnergySource": "SUN", "StartDate": 1358467200000, "CEC_Jurisdictional": "0"}}, {"type": "Feature", "id": 6544, "geometry": {"type": "Point", "coordinates": [-119.440920146224, 35.0897684229779]}, "properties": {"OBJECTID": 6544, "CECPlantID": "G0638", "PlantName": "Berry Cogen Midway-Sunset 38MW", "Retired_Plant": 0, "OperatorCompanyID": "Solar Asset Management Services", "County": "Kern", "Capacity_Latest": 37.2, "Units": "Cogen 18", "PriEnergySource": "NG", "StartDate": 533779200000, "CEC_Jurisdictional": "0"}}, {"type": "Feature", "id": 6545, "geometry": {"type": "Point", "coordinates": [-118.425562751272, 34.7807147168216]}, "properties": {"OBJECTID": 6545, "CECPlantID": "S0241", "PlantName": "Antelope Valley Solar Ranch 1", "Retired_Plant": 0, "OperatorCompanyID": "Constellation Power Source", "County": "Los Angeles", "Capacity_Latest": 250, "Units": "1", "PriEnergySource": "SUN", "StartDate": 1364774400000, "CEC_Jurisdictional": "0"}}, {"type": "Feature", "id": 6546, "geometry": {"type": "Point", "coordinates": [-117.956863239827, 33.6387877868054]}, "properties": {"OBJECTID": 6546, "CECPlantID": "E0025", "PlantName": "Plant No 2", "Retired_Plant": 0, "OperatorCompanyID": "Orange County Sanitation District", "County": "Orange", "Capacity_Latest": 16, "Units": "GEN 1, GEN 2, GEN 3, GEN 4, GEN 5, GEN 6", "PriEnergySource": "OBG", "StartDate": 738892800000, "CEC_Jurisdictional": "0"}}, {"type": "Feature", "id": 6548, "geometry": {"type": "Point", "coordinates": [-119.247487484803, 35.1241633373474]}, "properties": {"OBJECTID": 6548, "CECPlantID": "S0606", "PlantName": "Algonquin Power SKIC 10 Solar LLC", "Retired_Plant": 0, "OperatorCompanyID": "Ethos Energy", "County": "Kern", "Capacity_Latest": 10, "Units": "Unit 1", "PriEnergySource": "SUN", "StartDate": 1484092800000, "CEC_Jurisdictional": "0"}}, {"type": "Feature", "id": 6549, "geometry": {"type": "Point", "coordinates": [-118.408332374228, 34.8244928975533]}, "properties": {"OBJECTID": 6549, "CECPlantID": "S0252", "PlantName": "Solar Star I (MidAmerican)", "Retired_Plant": 0, "OperatorCompanyID": "BHE Renewables, LLC", "County": "Kern", "Capacity_Latest": 177, "Units": "SSI", "PriEnergySource": "SUN", "StartDate": 1380585600000, "CEC_Jurisdictional": "0"}}, {"type": "Feature", "id": 6550, "geometry": {"type": "Point", "coordinates": [-117.97867169595, 33.6443951632421]}, "properties": {"OBJECTID": 6550, "CECPlantID": "G0274", "PlantName": "Huntington Beach (AES)", "Retired_Plant": 0, "OperatorCompanyID": "AES Huntington Beach LLC", "County": "Orange", "Capacity_Latest": 215, "Units": "1, 2, 3, 4, 5", "PriEnergySource": "NG", "StartDate": -349488000000, "CEC_Jurisdictional": "1"}}, {"type": "Feature", "id": 6552, "geometry": {"type": "Point", "coordinates": [-118.952094990641, 35.1058787785089]}, "properties": {"OBJECTID": 6552, "CECPlantID": "S0308", "PlantName": "Adobe Solar", "Retired_Plant": 0, "OperatorCompanyID": "Southern Power Company", "County": "Kern", "Capacity_Latest": 20, "Units": "1", "PriEnergySource": "SUN", "StartDate": 1398902400000, "CEC_Jurisdictional": "0"}}, {"type": "Feature", "id": 6553, "geometry": {"type": "Point", "coordinates": [-118.348956991757, 34.8526236061269]}, "properties": {"OBJECTID": 6553, "CECPlantID": "S0253", "PlantName": "Solar Star II (MidAmerican)", "Retired_Plant": 0, "OperatorCompanyID": "BHE Renewables, LLC", "County": "Kern", "Capacity_Latest": 235, "Units": "SSII", "PriEnergySource": "SUN", "StartDate": 1380585600000, "CEC_Jurisdictional": "0"}}, {"type": "Feature", "id": 6554, "geometry": {"type": "Point", "coordinates": [-117.846403851848, 33.6478711428894]}, "properties": {"OBJECTID": 6554, "CECPlantID": "G1019", "PlantName": "Central Plant (UC Irvine)", "Retired_Plant": 0, "OperatorCompanyID": "University of California Irvine", "County": "Orange", "Capacity_Latest": 19, "Units": "CTG, STG", "PriEnergySource": "NG", "StartDate": 1172793600000, "CEC_Jurisdictional": "0"}}, {"type": "Feature", "id": 6556, "geometry": {"type": "Point", "coordinates": [-118.948035493245, 34.9753871711099]}, "properties": {"OBJECTID": 6556, "CECPlantID": "S9036", "PlantName": "Services  Inc. #345 Ikea Distribution", "Retired_Plant": 0, "OperatorCompanyID": "Not Available", "County": "Kern", "Capacity_Latest": 1, "Units": "1", "PriEnergySource": "SUN", "StartDate": 1325376000000, "CEC_Jurisdictional": "0"}}, {"type": "Feature", "id": 6557, "geometry": {"type": "Point", "coordinates": [-118.346707359946, 34.8363333065087]}, "properties": {"OBJECTID": 6557, "CECPlantID": "S0334", "PlantName": "Catalina Two LLC", "Retired_Plant": 0, "OperatorCompanyID": "Onward Energy", "County": "Kern", "Capacity_Latest": 18, "Units": "1", "PriEnergySource": "SUN", "StartDate": 1432080000000, "CEC_Jurisdictional": "0"}}, {"type": "Feature", "id": 6558, "geometry": {"type": "Point", "coordinates": [-117.863013626837, 33.6755722971144]}, "properties": {"OBJECTID": 6558, "CECPlantID": "G1067", "PlantName": "John Wayne Airport", "Retired_Plant": 0, "OperatorCompanyID": "County of Orange, John Wayne Airport", "County": "Orange", "Capacity_Latest": 7, "Units": "Unit 1, Unit 2, Unit 3, Unit 4", "PriEnergySource": "NG", "StartDate": 1293840000000, "CEC_Jurisdictional": "0"}}, {"type": "Feature", "id": 6560, "geometry": {"type": "Point", "coordinates": [-118.515847519724, 34.8305268027739]}, "properties": {"OBJECTID": 6560, "CECPlantID": "S0531", "PlantName": "Garland Solar Facility", "Retired_Plant": 0, "OperatorCompanyID": "Southern Power Company", "County": "Kern", "Capacity_Latest": 200, "Units": "GARS1", "PriEnergySource": "SUN", "StartDate": 1474848000000, "CEC_Jurisdictional": "0"}}, {"type": "Feature", "id": 6561, "geometry": {"type": "Point", "coordinates": [-118.956916978433, 35.1058458242111]}, "properties": {"OBJECTID": 6561, "CECPlantID": "S9194", "PlantName": "Fotowatio Renewable Ventures", "Retired_Plant": 0, "OperatorCompanyID": "Not Available", "County": "Kern", "Capacity_Latest": 12, "Units": "Unit 1", "PriEnergySource": "SUN", "StartDate": 1388448000000, "CEC_Jurisdictional": "0"}}, {"type": "Feature", "id": 6563, "geometry": {"type": "Point", "coordinates": [-117.834653806073, 33.6888232171735]}, "properties": {"OBJECTID": 6563, "CECPlantID": "G9100", "PlantName": "B Braun Medical Inc", "Retired_Plant": 0, "OperatorCompanyID": "B Braun Medical Inc", "County": "Orange", "Capacity_Latest": 6.1, "Units": "Unit 1, Unit 2", "PriEnergySource": "NG", "StartDate": 788918400000, "CEC_Jurisdictional": "0"}}, {"type": "Feature", "id": 6565, "geometry": {"type": "Point", "coordinates": [-118.456279132948, 34.8438369477621]}, "properties": {"OBJECTID": 6565, "CECPlantID": "S0536", "PlantName": "RE Astoria", "Retired_Plant": 0, "OperatorCompanyID": "Recurrent Energy LLC", "County": "Kern", "Capacity_Latest": 100, "Units": "Unit 1", "PriEnergySource": "SUN", "StartDate": 1467158400000, "CEC_Jurisdictional": "0"}}, {"type": "Feature", "id": 6566, "geometry": {"type": "Point", "coordinates": [-118.84391297433, 34.9560747293777]}, "properties": {"OBJECTID": 6566, "CECPlantID": "G0797", "PlantName": "Pastoria Energy Facility", "Retired_Plant": 0, "OperatorCompanyID": "Calpine Operating Services Company Inc", "County": "Kern", "Capacity_Latest": 778, "Units": "PA1CT1, PA1CT2, PA1ST3, PA2CT4, PA2ST5", "PriEnergySource": "NG", "StartDate": 1120521600000, "CEC_Jurisdictional": "1"}}, {"type": "Feature", "id": 6567, "geometry": {"type": "Point", "coordinates": [-117.938359582037, 33.6939938380517]}, "properties": {"OBJECTID": 6567, "CECPlantID": "G0483", "PlantName": "Plant No 1", "Retired_Plant": 0, "OperatorCompanyID": "Orange County Sanitation District", "County": "Orange", "Capacity_Latest": 7.5, "Units": "GEN1, GEN2, GEN3", "PriEnergySource": "OBG", "StartDate": 738892800000, "CEC_Jurisdictional": "0"}}, {"type": "Feature", "id": 6569, "geometry": {"type": "Point", "coordinates": [-118.469753598086, 34.8311848516004]}, "properties": {"OBJECTID": 6569, "CECPlantID": "S0537", "PlantName": "RE Astoria 2", "Retired_Plant": 0, "OperatorCompanyID": "Recurrent Energy LLC", "County": "Kern", "Capacity_Latest": 75, "Units": "Unit 1", "PriEnergySource": "SUN", "StartDate": 1472169600000, "CEC_Jurisdictional": "0"}}, {"type": "Feature", "id": 6570, "geometry": {"type": "Point", "coordinates": [-118.564874449434, 35.1170185983028]}, "properties": {"OBJECTID": 6570, "CECPlantID": "S0374", "PlantName": "Soledad", "Retired_Plant": 0, "OperatorCompanyID": "Not Available", "County": "Kern", "Capacity_Latest": 1, "Units": "1", "PriEnergySource": "SUN", "StartDate": 1388361600000, "CEC_Jurisdictional": "0"}}, {"type": "Feature", "id": 6571, "geometry": {"type": "Point", "coordinates": [-117.822021243997, 33.6131434222859]}, "properties": {"OBJECTID": 6571, "CECPlantID": "E0117", "PlantName": "Coyote Canyon (Retired Dec 28 2015)", "Retired_Plant": 1, "OperatorCompanyID": "OPAL Fuels", "County": "Orange", "Capacity_Latest": 0, "Units": "Unit 1", "PriEnergySource": "LFG", "StartDate": 607392000000, "CEC_Jurisdictional": "0"}}, {"type": "Feature", "id": 6573, "geometry": {"type": "Point", "coordinates": [-118.444089037614, 34.8291050939117]}, "properties": {"OBJECTID": 6573, "CECPlantID": "S0566", "PlantName": "Kingbird Solar A", "Retired_Plant": 0, "OperatorCompanyID": "CD Arevon USA Inc.", "County": "Kern", "Capacity_Latest": 20.73, "Units": "Unit 1", "PriEnergySource": "SUN", "StartDate": 1461974400000, "CEC_Jurisdictional": "0"}}, {"type": "Feature", "id": 6574, "geometry": {"type": "Point", "coordinates": [-118.564047822195, 35.1159033212351]}, "properties": {"OBJECTID": 6574, "CECPlantID": "S0375", "PlantName": "CA Correctional Institution - Tahachapi", "Retired_Plant": 0, "OperatorCompanyID": "Silicon Ranch Corporation", "County": "Kern", "Capacity_Latest": 0.99, "Units": "1", "PriEnergySource": "SUN", "StartDate": 1329868800000, "CEC_Jurisdictional": "0"}}, {"type": "Feature", "id": 6575, "geometry": {"type": "Point", "coordinates": [-117.665077957565, 33.5519567568749]}, "properties": {"OBJECTID": 6575, "CECPlantID": "G1014", "PlantName": "Saddleback Community College", "Retired_Plant": 0, "OperatorCompanyID": "Saddleback Community College", "County": "Orange", "Capacity_Latest": 0.8200000000000001, "Units": "1, 2", "PriEnergySource": "NG", "StartDate": 1046476800000, "CEC_Jurisdictional": "0"}}, {"type": "Feature", "id": 6577, "geometry": {"type": "Point", "coordinates": [-118.419092544823, 34.8221562396595]}, "properties": {"OBJECTID": 6577, "CECPlantID": "S0567", "PlantName": "Kingbird Solar B", "Retired_Plant": 0, "OperatorCompanyID": "CD Arevon USA Inc.", "County": "Kern", "Capacity_Latest": 20.73, "Units": "Unit 1", "PriEnergySource": "SUN", "StartDate": 1461974400000, "CEC_Jurisdictional": "0"}}, {"type": "Feature", "id": 6578, "geometry": {"type": "Point", "coordinates": [-118.570810423525, 35.1181422810599]}, "properties": {"OBJECTID": 6578, "CECPlantID": "S0376", "PlantName": "CA Correctional Institution II - Tehachapi", "Retired_Plant": 0, "OperatorCompanyID": "Silicon Ranch Corporation", "County": "Kern", "Capacity_Latest": 1.33, "Units": "1", "PriEnergySource": "SUN", "StartDate": 1372032000000, "CEC_Jurisdictional": "0"}}, {"type": "Feature", "id": 6579, "geometry": {"type": "Point", "coordinates": [-117.710620952126, 33.7157155640502]}, "properties": {"OBJECTID": 6579, "CECPlantID": "E0226", "PlantName": "Bowerman Power Landfill Gas", "Retired_Plant": 0, "OperatorCompanyID": "Bowerman Power LFG", "County": "Orange", "Capacity_Latest": 23.590000000000003, "Units": "E-1, E-2, E-3, E-4, E-5, E-6, E-7", "PriEnergySource": "LFG", "StartDate": 1456790400000, "CEC_Jurisdictional": "0"}}, {"type": "Feature", "id": 6580, "geometry": {"type": "Point", "coordinates": [-118.392544999175, 34.8425774204396]}, "properties": {"OBJECTID": 6580, "CECPlantID": "S0569", "PlantName": "Rosamond West Solar 1 (Stanford Solar)", "Retired_Plant": 0, "OperatorCompanyID": "MN8 Energy", "County": "Kern", "Capacity_Latest": 54, "Units": "M1317", "PriEnergySource": "SUN", "StartDate": 1482364800000, "CEC_Jurisdictional": "0"}}, {"type": "Feature", "id": 6582, "geometry": {"type": "Point", "coordinates": [-118.337949791136, 34.934381097573]}, "properties": {"OBJECTID": 6582, "CECPlantID": "S0081", "PlantName": "Catalina Solar Phase I and II", "Retired_Plant": 0, "OperatorCompanyID": "EDF Renewable Energy Inc", "County": "Kern", "Capacity_Latest": 110, "Units": "1", "PriEnergySource": "SUN", "StartDate": 1355529600000, "CEC_Jurisdictional": "0"}}, {"type": "Feature", "id": 6583, "geometry": {"type": "Point", "coordinates": [-117.194266420962, 33.5529794215733]}, "properties": {"OBJECTID": 6583, "CECPlantID": "S0623", "PlantName": "Walmart (CA) - Store #2952 - Murrieta", "Retired_Plant": 0, "OperatorCompanyID": "Tesla Inc.", "County": "Riverside", "Capacity_Latest": 1.09, "Units": "9253086-CA", "PriEnergySource": "SUN", "StartDate": 1437609600000, "CEC_Jurisdictional": "0"}}, {"type": "Feature", "id": 6584, "geometry": {"type": "Point", "coordinates": [-118.440114002446, 34.8233736875344]}, "properties": {"OBJECTID": 6584, "CECPlantID": "S0570", "PlantName": "Rosamond West Solar 2 (TID Solar)", "Retired_Plant": 0, "OperatorCompanyID": "MN8 Energy", "County": "Kern", "Capacity_Latest": 54, "Units": "M1318", "PriEnergySource": "SUN", "StartDate": 1482364800000, "CEC_Jurisdictional": "0"}}, {"type": "Feature", "id": 6586, "geometry": {"type": "Point", "coordinates": [-118.360231787505, 35.0535876979972]}, "properties": {"OBJECTID": 6586, "CECPlantID": "W0262", "PlantName": "Windland Inc Boxcar I (retired 3/20/2020)", "Retired_Plant": 1, "OperatorCompanyID": "See WPRS for details", "County": "Kern", "Capacity_Latest": 0, "Units": "WPRS 1", "PriEnergySource": "WND", "StartDate": 409968000000, "CEC_Jurisdictional": "0"}}, {"type": "Feature", "id": 6587, "geometry": {"type": "Point", "coordinates": [-117.169718190248, 33.7388953474793]}, "properties": {"OBJECTID": 6587, "CECPlantID": "G0868", "PlantName": "Inland Empire Energy Center (Retired 12/31/2019)", "Retired_Plant": 1, "OperatorCompanyID": "Inland Empire Energy Center", "County": "Riverside", "Capacity_Latest": 0, "Units": "Unit 1, Unit 2", "PriEnergySource": "NG", "StartDate": 1243814400000, "CEC_Jurisdictional": "1"}}, {"type": "Feature", "id": 6588, "geometry": {"type": "Point", "coordinates": [-118.331255917346, 34.8362242944204]}, "properties": {"OBJECTID": 6588, "CECPlantID": "S0656", "PlantName": "Willow Springs Solar", "Retired_Plant": 0, "OperatorCompanyID": "D. E. Shaw", "County": "Kern", "Capacity_Latest": 108, "Units": "Unit 1", "PriEnergySource": "SUN", "StartDate": 1545350400000, "CEC_Jurisdictional": "0"}}, {"type": "Feature", "id": 6590, "geometry": {"type": "Point", "coordinates": [-117.070610148573, 33.6810820992093]}, "properties": {"OBJECTID": 6590, "CECPlantID": "H0611", "PlantName": "Diamond Valley Lake (Pumping-Generating)", "Retired_Plant": 0, "OperatorCompanyID": "Metropolitan Water District", "County": "Riverside", "Capacity_Latest": 29.7, "Units": "Units", "PriEnergySource": "WAT", "StartDate": 988675200000, "CEC_Jurisdictional": "0"}}, {"type": "Feature", "id": 6591, "geometry": {"type": "Point", "coordinates": [-118.382594590615, 35.0687492402601]}, "properties": {"OBJECTID": 6591, "CECPlantID": "W0271", "PlantName": "Wind Stream Operations 6039 (Zond Systems  Inc - 6039)", "Retired_Plant": 0, "OperatorCompanyID": "Not Available", "County": "Kern", "Capacity_Latest": 6.34, "Units": "WPRS 1", "PriEnergySource": "WND", "StartDate": 444441600000, "CEC_Jurisdictional": "0"}}, {"type": "Feature", "id": 6592, "geometry": {"type": "Point", "coordinates": [-118.358707297803, 34.9252029583395]}, "properties": {"OBJECTID": 6592, "CECPlantID": "S9206", "PlantName": "Rachel Energy  LLC", "Retired_Plant": 0, "OperatorCompanyID": "Not Available", "County": "Kern", "Capacity_Latest": 1.5, "Units": "Unit 1", "PriEnergySource": "SUN", "StartDate": 1419984000000, "CEC_Jurisdictional": "0"}}, {"type": "Feature", "id": 6594, "geometry": {"type": "Point", "coordinates": [-117.010611761945, 33.7417556215603]}, "properties": {"OBJECTID": 6594, "CECPlantID": "S0422", "PlantName": "AP North Lake Solar", "Retired_Plant": 0, "OperatorCompanyID": "Not Available", "County": "Riverside", "Capacity_Latest": 20, "Units": "Unit 1", "PriEnergySource": "SUN", "StartDate": 1435708800000, "CEC_Jurisdictional": "0"}}, {"type": "Feature", "id": 6595, "geometry": {"type": "Point", "coordinates": [-118.384350013067, 35.0705067633411]}, "properties": {"OBJECTID": 6595, "CECPlantID": "W0272", "PlantName": "Wind Stream Operations 6040 (Zond Systems  Inc - 6040)", "Retired_Plant": 0, "OperatorCompanyID": "Not Available", "County": "Kern", "Capacity_Latest": 6.66, "Units": "WPRS 1", "PriEnergySource": "WND", "StartDate": 462844800000, "CEC_Jurisdictional": "0"}}, {"type": "Feature", "id": 6596, "geometry": {"type": "Point", "coordinates": [-118.422522200374, 34.9012999999422]}, "properties": {"OBJECTID": 6596, "CECPlantID": "W0367", "PlantName": "Pacific Wind Project, LLC", "Retired_Plant": 0, "OperatorCompanyID": "Terra-Gen Operating Company", "County": "Kern", "Capacity_Latest": 143.5, "Units": "WPRS 1", "PriEnergySource": "WND", "StartDate": 452217600000, "CEC_Jurisdictional": "0"}}, {"type": "Feature", "id": 6598, "geometry": {"type": "Point", "coordinates": [-118.377645045259, 35.0740243561238]}, "properties": {"OBJECTID": 6598, "CECPlantID": "W0273", "PlantName": "Wind Stream Operations 6041 (Zond Systems  Inc - 6041)", "Retired_Plant": 0, "OperatorCompanyID": "Not Available", "County": "Kern", "Capacity_Latest": 4.5, "Units": "WPRS 1", "PriEnergySource": "WND", "StartDate": 470707200000, "CEC_Jurisdictional": "0"}}, {"type": "Feature", "id": 6599, "geometry": {"type": "Point", "coordinates": [-116.197697921589, 33.6535773565866]}, "properties": {"OBJECTID": 6599, "CECPlantID": "S0460", "PlantName": "Augustine Energy PV", "Retired_Plant": 0, "OperatorCompanyID": "Augustine Energy Corporation", "County": "Riverside", "Capacity_Latest": 3, "Units": "Unit 1", "PriEnergySource": "SUN", "StartDate": 1451606400000, "CEC_Jurisdictional": "0"}}, {"type": "Feature", "id": 6600, "geometry": {"type": "Point", "coordinates": [-118.393836459786, 34.8470666878445]}, "properties": {"OBJECTID": 6600, "CECPlantID": "S0700", "PlantName": "Rosamond Central", "Retired_Plant": 0, "OperatorCompanyID": "Clearway Energy", "County": "Kern", "Capacity_Latest": 192, "Units": "Unit 1", "PriEnergySource": "SUN", "StartDate": 1608595200000, "CEC_Jurisdictional": "0"}}, {"type": "Feature", "id": 6602, "geometry": {"type": "Point", "coordinates": [-118.368471770612, 35.1061454531097]}, "properties": {"OBJECTID": 6602, "CECPlantID": "W0274", "PlantName": "Wind Stream Operations 6042 (Zond Systems  Inc - 6042)", "Retired_Plant": 0, "OperatorCompanyID": "Not Available", "County": "Kern", "Capacity_Latest": 6.34, "Units": "WPRS 1", "PriEnergySource": "WND", "StartDate": 378691200000, "CEC_Jurisdictional": "0"}}, {"type": "Feature", "id": 6603, "geometry": {"type": "Point", "coordinates": [-116.088752324044, 33.5861196543848]}, "properties": {"OBJECTID": 6603, "CECPlantID": "E0027", "PlantName": "Desert View Power (Mecca Plant) (retired 5/1/2024)", "Retired_Plant": 1, "OperatorCompanyID": "Desert View Power (formerly Colmac Energy Inc)", "County": "Riverside", "Capacity_Latest": 0, "Units": "GEN1", "PriEnergySource": "WDS", "StartDate": 688953600000, "CEC_Jurisdictional": "0"}}, {"type": "Feature", "id": 6604, "geometry": {"type": "Point", "coordinates": [-118.243993802687, 34.9042333949744]}, "properties": {"OBJECTID": 6604, "CECPlantID": "S0287", "PlantName": "RE Rosamond Two", "Retired_Plant": 0, "OperatorCompanyID": "MN8 Energy", "County": "Kern", "Capacity_Latest": 20, "Units": "1", "PriEnergySource": "SUN", "StartDate": 1387756800000, "CEC_Jurisdictional": "0"}}, {"type": "Feature", "id": 6605, "geometry": {"type": "Point", "coordinates": [-118.338883515318, 35.1024794895186]}, "properties": {"OBJECTID": 6605, "CECPlantID": "W0275", "PlantName": "85A (Zond Systems  Inc - 6043) (retired 12/31/2019)", "Retired_Plant": 1, "OperatorCompanyID": "Not Available", "County": "Kern", "Capacity_Latest": 0, "Units": "WPRS 1", "PriEnergySource": "WND", "StartDate": 473385600000, "CEC_Jurisdictional": "0"}}, {"type": "Feature", "id": 6606, "geometry": {"type": "Point", "coordinates": [-116.172004507752, 33.6756206136277]}, "properties": {"OBJECTID": 6606, "CECPlantID": "G0130", "PlantName": "Coachella", "Retired_Plant": 0, "OperatorCompanyID": "Imperial Irrigation District", "County": "Riverside", "Capacity_Latest": 92.4, "Units": "UNIT 1, UNIT 2, UNIT 3, UNIT 4", "PriEnergySource": "NG", "StartDate": 76809600000, "CEC_Jurisdictional": "0"}}, {"type": "Feature", "id": 6608, "geometry": {"type": "Point", "coordinates": [-118.253001955204, 34.9042603404367]}, "properties": {"OBJECTID": 6608, "CECPlantID": "S0288", "PlantName": "RE Rosamond One", "Retired_Plant": 0, "OperatorCompanyID": "MN8 Energy", "County": "Kern", "Capacity_Latest": 20, "Units": "Unit 1", "PriEnergySource": "SUN", "StartDate": 1385856000000, "CEC_Jurisdictional": "0"}}, {"type": "Feature", "id": 6609, "geometry": {"type": "Point", "coordinates": [-118.333704284379, 35.1017029027506]}, "properties": {"OBJECTID": 6609, "CECPlantID": "W0276", "PlantName": "85B (Zond Systems  Inc - 6044) (retired 12/31/2019)", "Retired_Plant": 1, "OperatorCompanyID": "Not Available", "County": "Kern", "Capacity_Latest": 0, "Units": "WPRS 1", "PriEnergySource": "WND", "StartDate": 473385600000, "CEC_Jurisdictional": "0"}}, {"type": "Feature", "id": 6610, "geometry": {"type": "Point", "coordinates": [-115.229894499095, 33.6926757198958]}, "properties": {"OBJECTID": 6610, "CECPlantID": "S0722", "PlantName": "Maverick Solar 6, LLC", "Retired_Plant": 0, "OperatorCompanyID": "EDF Renewable Energy Inc", "County": "Riverside", "Capacity_Latest": 100, "Units": "Unit 1", "PriEnergySource": "SUN", "StartDate": 1634860800000, "CEC_Jurisdictional": "0"}}, {"type": "Feature", "id": 6612, "geometry": {"type": "Point", "coordinates": [-118.191244810779, 34.7787169505544]}, "properties": {"OBJECTID": 6612, "CECPlantID": "S0612", "PlantName": "Lancaster WAD B", "Retired_Plant": 0, "OperatorCompanyID": "S-Power (Sustainable Power Group)", "County": "Los Angeles", "Capacity_Latest": 3, "Units": "Unit 1", "PriEnergySource": "SUN", "StartDate": 1492732800000, "CEC_Jurisdictional": "0"}}, {"type": "Feature", "id": 6613, "geometry": {"type": "Point", "coordinates": [-118.391459704285, 35.0596618307519]}, "properties": {"OBJECTID": 6613, "CECPlantID": "W0284", "PlantName": "Wind Resource I (Calwind Wind Resource I)", "Retired_Plant": 0, "OperatorCompanyID": "CalWind Resources Inc", "County": "Kern", "Capacity_Latest": 8.71, "Units": "WPRS 1", "PriEnergySource": "WND", "StartDate": 1332547200000, "CEC_Jurisdictional": "0"}}, {"type": "Feature", "id": 6614, "geometry": {"type": "Point", "coordinates": [-115.332020000526, 33.6270180002629]}, "properties": {"OBJECTID": 6614, "CECPlantID": "S0723", "PlantName": "Maverick Solar 7, LLC", "Retired_Plant": 0, "OperatorCompanyID": "EDF Renewable Energy Inc", "County": "Riverside", "Capacity_Latest": 132, "Units": "Unit 1", "PriEnergySource": "SUN", "StartDate": 1640131200000, "CEC_Jurisdictional": "0"}}, {"type": "Feature", "id": 6616, "geometry": {"type": "Point", "coordinates": [-118.357595259493, 35.0472223504766]}, "properties": {"OBJECTID": 6616, "CECPlantID": "W0301", "PlantName": "Windland Inc Boxcar II (retired 3/20/2020)", "Retired_Plant": 1, "OperatorCompanyID": "See WPRS for details", "County": "Kern", "Capacity_Latest": 0, "Units": "WPRS 1", "PriEnergySource": "WND", "StartDate": 378691200000, "CEC_Jurisdictional": "0"}}, {"type": "Feature", "id": 6617, "geometry": {"type": "Point", "coordinates": [-118.31282090706, 34.7540816646599]}, "properties": {"OBJECTID": 6617, "CECPlantID": "S0663", "PlantName": "Antelope Expansion 2", "Retired_Plant": 0, "OperatorCompanyID": "S-Power (Sustainable Power Group)", "County": "Los Angeles", "Capacity_Latest": 105, "Units": "Unit 1", "PriEnergySource": "SUN", "StartDate": 1545609600000, "CEC_Jurisdictional": "0"}}, {"type": "Feature", "id": 6618, "geometry": {"type": "Point", "coordinates": [-115.237127404139, 33.6892098790755]}, "properties": {"OBJECTID": 6618, "CECPlantID": "S0710", "PlantName": "Desert Harvest LLC", "Retired_Plant": 0, "OperatorCompanyID": "EDF Renewable Energy Inc", "County": "Riverside", "Capacity_Latest": 80, "Units": "Unit 1", "PriEnergySource": "SUN", "StartDate": 1608163200000, "CEC_Jurisdictional": "0"}}, {"type": "Feature", "id": 6620, "geometry": {"type": "Point", "coordinates": [-118.384666253736, 35.0662318558655]}, "properties": {"OBJECTID": 6620, "CECPlantID": "W0304", "PlantName": "Victory Gardens IV (6103) (retired 1/31/2020)", "Retired_Plant": 1, "OperatorCompanyID": "Not Available", "County": "Kern", "Capacity_Latest": 0, "Units": "WPRS 1", "PriEnergySource": "WND", "StartDate": 473385600000, "CEC_Jurisdictional": "0"}}, {"type": "Feature", "id": 6621, "geometry": {"type": "Point", "coordinates": [-118.251875500129, 34.8715737999793]}, "properties": {"OBJECTID": 6621, "CECPlantID": "S9202", "PlantName": "Goodbar Solar 1  LLC", "Retired_Plant": 0, "OperatorCompanyID": "Not Available", "County": "Kern", "Capacity_Latest": 1.5, "Units": "Unit 1", "PriEnergySource": "SUN", "StartDate": 1419984000000, "CEC_Jurisdictional": "0"}}, {"type": "Feature", "id": 6622, "geometry": {"type": "Point", "coordinates": [-115.236984679973, 33.6874049088602]}, "properties": {"OBJECTID": 6622, "CECPlantID": "S0711", "PlantName": "Desert Harvest II LLC", "Retired_Plant": 0, "OperatorCompanyID": "EDF Renewable Energy Inc", "County": "Riverside", "Capacity_Latest": 70, "Units": "Unit 1", "PriEnergySource": "SUN", "StartDate": 1608163200000, "CEC_Jurisdictional": "0"}}, {"type": "Feature", "id": 6624, "geometry": {"type": "Point", "coordinates": [-118.355984737292, 35.092540749417]}, "properties": {"OBJECTID": 6624, "CECPlantID": "W0306", "PlantName": "Terra-Gen 251 Wind (Zond Monolith X) (retired 12/3/2020)", "Retired_Plant": 1, "OperatorCompanyID": "Not Available", "County": "Kern", "Capacity_Latest": 0, "Units": "WPRS 1", "PriEnergySource": "WND", "StartDate": 473385600000, "CEC_Jurisdictional": "0"}}, {"type": "Feature", "id": 6625, "geometry": {"type": "Point", "coordinates": [-118.233069380692, 34.8343690090861]}, "properties": {"OBJECTID": 6625, "CECPlantID": "S9203", "PlantName": "Josh Energy  LLC", "Retired_Plant": 0, "OperatorCompanyID": "Not Available", "County": "Kern", "Capacity_Latest": 1.5, "Units": "Unit 1", "PriEnergySource": "SUN", "StartDate": 1419984000000, "CEC_Jurisdictional": "0"}}, {"type": "Feature", "id": 6626, "geometry": {"type": "Point", "coordinates": [-115.236512425171, 33.6910599103374]}, "properties": {"OBJECTID": 6626, "CECPlantID": "S0712", "PlantName": "Maverick Solar", "Retired_Plant": 0, "OperatorCompanyID": "EDF Renewable Energy Inc", "County": "Riverside", "Capacity_Latest": 125, "Units": "Unit 1", "PriEnergySource": "SUN", "StartDate": 1608076800000, "CEC_Jurisdictional": "0"}}, {"type": "Feature", "id": 6628, "geometry": {"type": "Point", "coordinates": [-118.384755870575, 35.0865280900263]}, "properties": {"OBJECTID": 6628, "CECPlantID": "W0310", "PlantName": "Wind Stream Operations 6111 (AES Tehachapi Wind - Zond Systems  Inc - Northwind)", "Retired_Plant": 0, "OperatorCompanyID": "Not Available", "County": "Kern", "Capacity_Latest": 6.32, "Units": "WPRS 1", "PriEnergySource": "WND", "StartDate": 378691200000, "CEC_Jurisdictional": "0"}}, {"type": "Feature", "id": 6629, "geometry": {"type": "Point", "coordinates": [-118.251882631139, 34.87167714999]}, "properties": {"OBJECTID": 6629, "CECPlantID": "S9205", "PlantName": "MJ Power  LLC", "Retired_Plant": 0, "OperatorCompanyID": "Not Available", "County": "Kern", "Capacity_Latest": 1.5, "Units": "Unit 1", "PriEnergySource": "SUN", "StartDate": 1419984000000, "CEC_Jurisdictional": "0"}}, {"type": "Feature", "id": 6630, "geometry": {"type": "Point", "coordinates": [-115.234842209618, 33.6878423270303]}, "properties": {"OBJECTID": 6630, "CECPlantID": "S0713", "PlantName": "Maverick Solar 4", "Retired_Plant": 0, "OperatorCompanyID": "EDF Renewable Energy Inc", "County": "Riverside", "Capacity_Latest": 100, "Units": "Unit 1", "PriEnergySource": "SUN", "StartDate": 1607644800000, "CEC_Jurisdictional": "0"}}, {"type": "Feature", "id": 6632, "geometry": {"type": "Point", "coordinates": [-118.369047429583, 35.0379630957926]}, "properties": {"OBJECTID": 6632, "CECPlantID": "W0370", "PlantName": "Alta I Wind Energy Center", "Retired_Plant": 0, "OperatorCompanyID": "Terra-Gen Operating Company", "County": "Kern", "Capacity_Latest": 150, "Units": "WPRS 1", "PriEnergySource": "WND", "StartDate": 1293580800000, "CEC_Jurisdictional": "0"}}, {"type": "Feature", "id": 6633, "geometry": {"type": "Point", "coordinates": [-114.918450433548, 33.5654093448596]}, "properties": {"OBJECTID": 6633, "CECPlantID": "S0114", "PlantName": "Ironwood State Prison", "Retired_Plant": 0, "OperatorCompanyID": "EDP Renewables North America LLC", "County": "Riverside", "Capacity_Latest": 1, "Units": "1", "PriEnergySource": "SUN", "StartDate": 1209686400000, "CEC_Jurisdictional": "0"}}, {"type": "Feature", "id": 6634, "geometry": {"type": "Point", "coordinates": [-117.339365999388, 34.7410156998903]}, "properties": {"OBJECTID": 6634, "CECPlantID": "S9275", "PlantName": "Cami Solar  LLC", "Retired_Plant": 0, "OperatorCompanyID": "Not Available", "County": "San Bernardino", "Capacity_Latest": 1.5, "Units": "Unit 1", "PriEnergySource": "SUN", "StartDate": 1419984000000, "CEC_Jurisdictional": "0"}}, {"type": "Feature", "id": 6636, "geometry": {"type": "Point", "coordinates": [-114.994157618146, 33.6663881943948]}, "properties": {"OBJECTID": 6636, "CECPlantID": "S0259", "PlantName": "Genesis Solar Energy Project", "Retired_Plant": 0, "OperatorCompanyID": "Genesis Solar LLC", "County": "Riverside", "Capacity_Latest": 250, "Units": "Unit 1, Unit 2", "PriEnergySource": "SUN", "StartDate": 1394150400000, "CEC_Jurisdictional": "1"}}, {"type": "Feature", "id": 6637, "geometry": {"type": "Point", "coordinates": [-118.364003634533, 35.057989593239]}, "properties": {"OBJECTID": 6637, "CECPlantID": "W0419", "PlantName": "Windstar Energy, LLC", "Retired_Plant": 0, "OperatorCompanyID": "Windstar Energy LLC", "County": "Kern", "Capacity_Latest": 120, "Units": "WPRS 1", "PriEnergySource": "WND", "StartDate": 1356998400000, "CEC_Jurisdictional": "0"}}, {"type": "Feature", "id": 6639, "geometry": {"type": "Point", "coordinates": [-117.102390282781, 34.9057292884228]}, "properties": {"OBJECTID": 6639, "CECPlantID": "S0545", "PlantName": "LongBoat Solar", "Retired_Plant": 0, "OperatorCompanyID": "Clearway Energy", "County": "San Bernardino", "Capacity_Latest": 20, "Units": "PV1", "PriEnergySource": "SUN", "StartDate": 1480550400000, "CEC_Jurisdictional": "0"}}, {"type": "Feature", "id": 6640, "geometry": {"type": "Point", "coordinates": [-114.919246448819, 33.5670426370214]}, "properties": {"OBJECTID": 6640, "CECPlantID": "S0357", "PlantName": "Ironwood State Prison II", "Retired_Plant": 0, "OperatorCompanyID": "Not Available", "County": "Riverside", "Capacity_Latest": 4, "Units": "1", "PriEnergySource": "SUN", "StartDate": 1341360000000, "CEC_Jurisdictional": "0"}}, {"type": "Feature", "id": 6641, "geometry": {"type": "Point", "coordinates": [-118.467844710768, 34.944331174819]}, "properties": {"OBJECTID": 6641, "CECPlantID": "W0420", "PlantName": "Manzana Wind", "Retired_Plant": 0, "OperatorCompanyID": "See WPRS for details", "County": "Kern", "Capacity_Latest": 189, "Units": "WPRS 1", "PriEnergySource": "WND", "StartDate": 1327708800000, "CEC_Jurisdictional": "0"}}, {"type": "Feature", "id": 6643, "geometry": {"type": "Point", "coordinates": [-116.85359361647, 34.8600572330653]}, "properties": {"OBJECTID": 6643, "CECPlantID": "G0767", "PlantName": "Coolwater Generating Station (Retired 1/15/2015)", "Retired_Plant": 1, "OperatorCompanyID": "GenOn Holdings Inc.", "County": "San Bernardino", "Capacity_Latest": 0, "Units": "CLW-1, CLW-2, CLW-3-CT1, CLW-3-CT2, CLW-3-ST, CLW-4-CT1, CLW-4-CT2, CLW-4-ST", "PriEnergySource": "NG", "StartDate": -269740800000, "CEC_Jurisdictional": "0"}}, {"type": "Feature", "id": 6644, "geometry": {"type": "Point", "coordinates": [-114.745183316808, 33.5916885804522]}, "properties": {"OBJECTID": 6644, "CECPlantID": "S0111", "PlantName": "Blythe 1 Solar", "Retired_Plant": 0, "OperatorCompanyID": "Clearway Energy", "County": "Riverside", "Capacity_Latest": 21, "Units": "1", "PriEnergySource": "SUN", "StartDate": 1261094400000, "CEC_Jurisdictional": "0"}}, {"type": "Feature", "id": 6645, "geometry": {"type": "Point", "coordinates": [-118.392111697064, 35.0671291775094]}, "properties": {"OBJECTID": 6645, "CECPlantID": "W0442", "PlantName": "Alta XI Wind Energy Center", "Retired_Plant": 0, "OperatorCompanyID": "See WPRS for details", "County": "Kern", "Capacity_Latest": 89.65, "Units": "WPRS 1", "PriEnergySource": "WND", "StartDate": 631065600000, "CEC_Jurisdictional": "0"}}, {"type": "Feature", "id": 6647, "geometry": {"type": "Point", "coordinates": [-116.831595039941, 34.8636543497793]}, "properties": {"OBJECTID": 6647, "CECPlantID": "S0590", "PlantName": "Sunray 2 (formerly SEGS I)", "Retired_Plant": 0, "OperatorCompanyID": "Stellar Power Renewable LLC", "County": "San Bernardino", "Capacity_Latest": 20, "Units": "W466", "PriEnergySource": "SUN", "StartDate": 1496188800000, "CEC_Jurisdictional": "0"}}, {"type": "Feature", "id": 6648, "geometry": {"type": "Point", "coordinates": [-114.903097407719, 33.5651339716483]}, "properties": {"OBJECTID": 6648, "CECPlantID": "S0122", "PlantName": "Chuckawalla Valley State Prison (CVSP)", "Retired_Plant": 0, "OperatorCompanyID": "EDP Renewables North America LLC", "County": "Riverside", "Capacity_Latest": 0.94, "Units": "Unit 1", "PriEnergySource": "SUN", "StartDate": 1151712000000, "CEC_Jurisdictional": "0"}}, {"type": "Feature", "id": 6649, "geometry": {"type": "Point", "coordinates": [-118.33190446035, 35.0713771026181]}, "properties": {"OBJECTID": 6649, "CECPlantID": "W0445", "PlantName": "Coram Tehachapi LP (Retired 10/15/2023)", "Retired_Plant": 1, "OperatorCompanyID": "See WPRS for details", "County": "Kern", "Capacity_Latest": 0, "Units": "WPRS 1", "PriEnergySource": "WND", "StartDate": 439084800000, "CEC_Jurisdictional": "0"}}, {"type": "Feature", "id": 6650, "geometry": {"type": "Point", "coordinates": [-116.827866192539, 34.8665093903249]}, "properties": {"OBJECTID": 6650, "CECPlantID": "S0591", "PlantName": "Sunray 3 (formerly SEGS II)", "Retired_Plant": 0, "OperatorCompanyID": "Stellar Power Renewable LLC", "County": "San Bernardino", "Capacity_Latest": 13.8, "Units": "W465", "PriEnergySource": "SUN", "StartDate": 1497225600000, "CEC_Jurisdictional": "0"}}, {"type": "Feature", "id": 6652, "geometry": {"type": "Point", "coordinates": [-114.739721999739, 33.6947219996902]}, "properties": {"OBJECTID": 6652, "CECPlantID": "S0346", "PlantName": "McCoy Solar LLC", "Retired_Plant": 0, "OperatorCompanyID": "McCoy Solar LLC", "County": "Riverside", "Capacity_Latest": 250, "Units": "Unit 1", "PriEnergySource": "SUN", "StartDate": 1438992000000, "CEC_Jurisdictional": "0"}}, {"type": "Feature", "id": 6653, "geometry": {"type": "Point", "coordinates": [-118.383614709439, 35.0982439443455]}, "properties": {"OBJECTID": 6653, "CECPlantID": "W0449", "PlantName": "Terra-Gen VG Wind", "Retired_Plant": 0, "OperatorCompanyID": "See WPRS for details", "County": "Kern", "Capacity_Latest": 7.41, "Units": "WPRS 1", "PriEnergySource": "WND", "StartDate": 378691200000, "CEC_Jurisdictional": "0"}}, {"type": "Feature", "id": 6654, "geometry": {"type": "Point", "coordinates": [-116.827983380758, 34.868782064576]}, "properties": {"OBJECTID": 6654, "CECPlantID": "S0069", "PlantName": "SEGS I  - Retired 12/31/2015", "Retired_Plant": 1, "OperatorCompanyID": "Sunray Energy Inc", "County": "San Bernardino", "Capacity_Latest": 0, "Units": "UNIT 1", "PriEnergySource": "SUN", "StartDate": 470707200000, "CEC_Jurisdictional": "0"}}, {"type": "Feature", "id": 6657, "geometry": {"type": "Point", "coordinates": [-118.341893999826, 35.0580140005827]}, "properties": {"OBJECTID": 6657, "CECPlantID": "W0266", "PlantName": "CTV Management Group - 6029 - Merged with W0463 - 12/31/2015", "Retired_Plant": 1, "OperatorCompanyID": "See WPRS for details", "County": "Kern", "Capacity_Latest": 0, "Units": "WPRS 1", "PriEnergySource": "WND", "StartDate": 1401753600000, "CEC_Jurisdictional": "0"}}, {"type": "Feature", "id": 6658, "geometry": {"type": "Point", "coordinates": [-114.741946254987, 33.6797149026868]}, "properties": {"OBJECTID": 6658, "CECPlantID": "S0519", "PlantName": "Blythe Solar 110 LLC", "Retired_Plant": 0, "OperatorCompanyID": "Blythe Solar 110 LLC", "County": "Riverside", "Capacity_Latest": 110, "Units": "Unit 1", "PriEnergySource": "SUN", "StartDate": 1458259200000, "CEC_Jurisdictional": "1"}}, {"type": "Feature", "id": 6659, "geometry": {"type": "Point", "coordinates": [-116.825124842739, 34.8628452160715]}, "properties": {"OBJECTID": 6659, "CECPlantID": "S0070", "PlantName": "SEGS II - Retired 12/31/2015", "Retired_Plant": 1, "OperatorCompanyID": "Sunray Energy Inc", "County": "San Bernardino", "Capacity_Latest": 0, "Units": "Unit 1", "PriEnergySource": "SUN", "StartDate": 502243200000, "CEC_Jurisdictional": "0"}}, {"type": "Feature", "id": 6660, "geometry": {"type": "Point", "coordinates": [-114.763251877472, 33.67416611384]}, "properties": {"OBJECTID": 6660, "CECPlantID": "S0699", "PlantName": "Blythe Solar III, LLC", "Retired_Plant": 0, "OperatorCompanyID": "NextEra Energy Resources LLC", "County": "Riverside", "Capacity_Latest": 125, "Units": "Unit 3", "PriEnergySource": "SUN", "StartDate": 1590019200000, "CEC_Jurisdictional": "0"}}, {"type": "Feature", "id": 6662, "geometry": {"type": "Point", "coordinates": [-118.341893999826, 35.0580140005827]}, "properties": {"OBJECTID": 6662, "CECPlantID": "W0280", "PlantName": "CTV Management Group - Merged with W0463 - 12/31/2015", "Retired_Plant": 1, "OperatorCompanyID": "See WPRS for details", "County": "Kern", "Capacity_Latest": 0, "Units": "WPRS 1", "PriEnergySource": "WND", "StartDate": 378691200000, "CEC_Jurisdictional": "0"}}, {"type": "Feature", "id": 6663, "geometry": {"type": "Point", "coordinates": [-116.684435202285, 34.8534633863471]}, "properties": {"OBJECTID": 6663, "CECPlantID": "S9279", "PlantName": "Newberry Solar 1 LLC", "Retired_Plant": 0, "OperatorCompanyID": "Not Available", "County": "San Bernardino", "Capacity_Latest": 1.5, "Units": "Unit 1", "PriEnergySource": "SUN", "StartDate": 1373500800000, "CEC_Jurisdictional": "0"}}, {"type": "Feature", "id": 6664, "geometry": {"type": "Point", "coordinates": [-114.749580634412, 33.6540970450588]}, "properties": {"OBJECTID": 6664, "CECPlantID": "S0708", "PlantName": "Blythe Solar IV LLC", "Retired_Plant": 0, "OperatorCompanyID": "NextEra Energy Resources LLC", "County": "Riverside", "Capacity_Latest": 125, "Units": "Unit 4", "PriEnergySource": "SUN", "StartDate": 1599782400000, "CEC_Jurisdictional": "0"}}, {"type": "Feature", "id": 6666, "geometry": {"type": "Point", "coordinates": [-118.347711890756, 35.0574938241742]}, "properties": {"OBJECTID": 6666, "CECPlantID": "W0285", "PlantName": "Windridge Project (Retired 5/31/2015)", "Retired_Plant": 1, "OperatorCompanyID": "Aero Energy LLC", "County": "Kern", "Capacity_Latest": 0, "Units": "WPRS 1", "PriEnergySource": "WND", "StartDate": 378691200000, "CEC_Jurisdictional": "0"}}, {"type": "Feature", "id": 6667, "geometry": {"type": "Point", "coordinates": [-120.457970782932, 34.944230406292]}, "properties": {"OBJECTID": 6667, "CECPlantID": "G0056", "PlantName": "Santa Maria Cogen Plant (Retired 12/31/2013 per CAISO)", "Retired_Plant": 1, "OperatorCompanyID": "Wellhead Services Inc", "County": "Santa Barbara", "Capacity_Latest": 0, "Units": "GEN 1", "PriEnergySource": "NG", "StartDate": 612662400000, "CEC_Jurisdictional": "0"}}, {"type": "Feature", "id": 6668, "geometry": {"type": "Point", "coordinates": [-114.572101073517, 33.599026072664]}, "properties": {"OBJECTID": 6668, "CECPlantID": "S0406", "PlantName": "Venable Solar 1", "Retired_Plant": 0, "OperatorCompanyID": "NextEra Energy Resources LLC", "County": "Riverside", "Capacity_Latest": 1.5, "Units": "Venable 1", "PriEnergySource": "SUN", "StartDate": 1428883200000, "CEC_Jurisdictional": "0"}}, {"type": "Feature", "id": 6670, "geometry": {"type": "Point", "coordinates": [-118.375139696157, 35.0775556106529]}, "properties": {"OBJECTID": 6670, "CECPlantID": "W0294", "PlantName": "CTV Management Group - 6089 - Merged with W0263 - 12/31/2015", "Retired_Plant": 1, "OperatorCompanyID": "Coram Energy Group Ltd", "County": "Kern", "Capacity_Latest": 0, "Units": "WPRS 1", "PriEnergySource": "WND", "StartDate": 378691200000, "CEC_Jurisdictional": "0"}}, {"type": "Feature", "id": 6671, "geometry": {"type": "Point", "coordinates": [-120.413938296531, 34.950290135571]}, "properties": {"OBJECTID": 6671, "CECPlantID": "E0228", "PlantName": "Santa Maria II Landfill", "Retired_Plant": 0, "OperatorCompanyID": "J&A Santa Maria", "County": "Santa Barbara", "Capacity_Latest": 1.4, "Units": "1", "PriEnergySource": "LFG", "StartDate": 1284249600000, "CEC_Jurisdictional": "0"}}, {"type": "Feature", "id": 6672, "geometry": {"type": "Point", "coordinates": [-114.572164778396, 33.5972956324418]}, "properties": {"OBJECTID": 6672, "CECPlantID": "S0407", "PlantName": "Venable Solar 2", "Retired_Plant": 0, "OperatorCompanyID": "NextEra Energy Resources LLC", "County": "Riverside", "Capacity_Latest": 1.5, "Units": "Venable 2", "PriEnergySource": "SUN", "StartDate": 1428969600000, "CEC_Jurisdictional": "0"}}, {"type": "Feature", "id": 6674, "geometry": {"type": "Point", "coordinates": [-118.394112323506, 35.0905614408878]}, "properties": {"OBJECTID": 6674, "CECPlantID": "W0429", "PlantName": "Helzel & Schwarzhoff 88 (Decommissioned 3/31/2016)", "Retired_Plant": 1, "OperatorCompanyID": "See WPRS for details", "County": "Kern", "Capacity_Latest": 0, "Units": "WPRS 1", "PriEnergySource": "WND", "StartDate": 441072000000, "CEC_Jurisdictional": "0"}}, {"type": "Feature", "id": 6675, "geometry": {"type": "Point", "coordinates": [-120.380323655162, 34.9496216645509]}, "properties": {"OBJECTID": 6675, "CECPlantID": "E0260", "PlantName": "Marian Medical Center Hospital (Santa Maria Landfill I)", "Retired_Plant": 0, "OperatorCompanyID": "J&A Santa Maria", "County": "Santa Barbara", "Capacity_Latest": 2.84, "Units": "Unit 1, Unit 2, Unit 3", "PriEnergySource": "LFG", "StartDate": 1454112000000, "CEC_Jurisdictional": "0"}}, {"type": "Feature", "id": 6676, "geometry": {"type": "Point", "coordinates": [-118.341838767818, 35.0580268575874]}, "properties": {"OBJECTID": 6676, "CECPlantID": "W0463", "PlantName": "Coram Energy LLC", "Retired_Plant": 0, "OperatorCompanyID": "See WPRS for details", "County": "Kern", "Capacity_Latest": 15, "Units": "WPRS 1", "PriEnergySource": "WND", "StartDate": 1451606400000, "CEC_Jurisdictional": "0"}}, {"type": "Feature", "id": 6678, "geometry": {"type": "Point", "coordinates": [-114.690882817606, 33.6148546732838]}, "properties": {"OBJECTID": 6678, "CECPlantID": "S0529", "PlantName": "Blythe Solar II LLC", "Retired_Plant": 0, "OperatorCompanyID": "NRG Solar Blythe II LLC", "County": "Riverside", "Capacity_Latest": 125, "Units": "Unit 1", "PriEnergySource": "SUN", "StartDate": 1468800000000, "CEC_Jurisdictional": "1"}}, {"type": "Feature", "id": 6681, "geometry": {"type": "Point", "coordinates": [-114.701661360514, 33.6269146442224]}, "properties": {"OBJECTID": 6681, "CECPlantID": "S0601", "PlantName": "NRG Blythe Solar II LLC", "Retired_Plant": 0, "OperatorCompanyID": "Clearway Energy", "County": "Riverside", "Capacity_Latest": 20, "Units": "Unit 1", "PriEnergySource": "SUN", "StartDate": 1491350400000, "CEC_Jurisdictional": "0"}}, {"type": "Feature", "id": 6682, "geometry": {"type": "Point", "coordinates": [-118.364741000212, 35.0864420002335]}, "properties": {"OBJECTID": 6682, "CECPlantID": "W0481", "PlantName": "Point Wind", "Retired_Plant": 0, "OperatorCompanyID": "Terra-Gen, LLC", "County": "Kern", "Capacity_Latest": 64.5, "Units": "WPRS 1", "PriEnergySource": "WND", "StartDate": 1615161600000, "CEC_Jurisdictional": "0"}}, {"type": "Feature", "id": 6683, "geometry": {"type": "Point", "coordinates": [-117.444877619864, 34.5703849795841]}, "properties": {"OBJECTID": 6683, "CECPlantID": "B0129", "PlantName": "Baldy Mesa Hybrid", "Retired_Plant": 0, "OperatorCompanyID": "Not Available", "County": "San Bernardino", "Capacity_Latest": 75, "Units": null, "PriEnergySource": "HBD", "StartDate": 1714435200000, "CEC_Jurisdictional": "0"}}, {"type": "Feature", "id": 6685, "geometry": {"type": "Point", "coordinates": [-114.68618863382, 33.615854698662]}, "properties": {"OBJECTID": 6685, "CECPlantID": "G0787", "PlantName": "Blythe Energy Project", "Retired_Plant": 0, "OperatorCompanyID": "Altagas Blythe Operations Inc", "County": "Riverside", "Capacity_Latest": 537, "Units": "CT11, CT12, ST10", "PriEnergySource": "NG", "StartDate": 1070236800000, "CEC_Jurisdictional": "1"}}, {"type": "Feature", "id": 6686, "geometry": {"type": "Point", "coordinates": [-118.163954437111, 35.0492386754249]}, "properties": {"OBJECTID": 6686, "CECPlantID": "S0278", "PlantName": "RE Rio Grande", "Retired_Plant": 0, "OperatorCompanyID": "MN8 Energy", "County": "Kern", "Capacity_Latest": 5, "Units": "1", "PriEnergySource": "SUN", "StartDate": 1384732800000, "CEC_Jurisdictional": "0"}}, {"type": "Feature", "id": 6689, "geometry": {"type": "Point", "coordinates": [-118.349633162018, 33.7929229753682]}, "properties": {"OBJECTID": 6689, "CECPlantID": "E0130", "PlantName": "Palos Verdes Gas to Energy Facility - Retired Oct 2011", "Retired_Plant": 1, "OperatorCompanyID": "Sanitation Districts of Los Angeles County", "County": "Los Angeles", "Capacity_Latest": 0, "Units": "GN 1", "PriEnergySource": "LFG", "StartDate": 578448000000, "CEC_Jurisdictional": "0"}}, {"type": "Feature", "id": 6690, "geometry": {"type": "Point", "coordinates": [-118.172102812872, 35.0200214597846]}, "properties": {"OBJECTID": 6690, "CECPlantID": "S0294", "PlantName": "RE Columbia 3", "Retired_Plant": 0, "OperatorCompanyID": "MN8 Energy", "County": "Kern", "Capacity_Latest": 10, "Units": "1", "PriEnergySource": "SUN", "StartDate": 1385856000000, "CEC_Jurisdictional": "0"}}, {"type": "Feature", "id": 6691, "geometry": {"type": "Point", "coordinates": [-119.088060167513, 35.8384279874295]}, "properties": {"OBJECTID": 6691, "CECPlantID": "B0162", "PlantName": "Rexford Solar Farm BESS", "Retired_Plant": 0, "OperatorCompanyID": "Not Available", "County": "Tulare", "Capacity_Latest": 240, "Units": null, "PriEnergySource": "BAT", "StartDate": 1740096000000, "CEC_Jurisdictional": "0"}}, {"type": "Feature", "id": 6693, "geometry": {"type": "Point", "coordinates": [-118.182339608074, 35.0141639135348]}, "properties": {"OBJECTID": 6693, "CECPlantID": "S0313", "PlantName": "Camelot  LLC", "Retired_Plant": 0, "OperatorCompanyID": "Onward Energy", "County": "Kern", "Capacity_Latest": 45, "Units": "1", "PriEnergySource": "SUN", "StartDate": 1416960000000, "CEC_Jurisdictional": "0"}}, {"type": "Feature", "id": 6694, "geometry": {"type": "Point", "coordinates": [-118.424537654935, 33.9102432741514]}, "properties": {"OBJECTID": 6694, "CECPlantID": "G0053", "PlantName": "El Segundo Energy Center", "Retired_Plant": 0, "OperatorCompanyID": "NRG El Segundo Operations", "County": "Los Angeles", "Capacity_Latest": 526, "Units": "UNIT 5, UNIT 6, UNIT 7, UNIT 8", "PriEnergySource": "NG", "StartDate": 1375315200000, "CEC_Jurisdictional": "1"}}, {"type": "Feature", "id": 6695, "geometry": {"type": "Point", "coordinates": [-118.183624886778, 35.0196131850441]}, "properties": {"OBJECTID": 6695, "CECPlantID": "S0314", "PlantName": "Columbia Two  LLC", "Retired_Plant": 0, "OperatorCompanyID": "Onward Energy", "County": "Kern", "Capacity_Latest": 15, "Units": "1", "PriEnergySource": "SUN", "StartDate": 1416960000000, "CEC_Jurisdictional": "0"}}, {"type": "Feature", "id": 6697, "geometry": {"type": "Point", "coordinates": [-118.278238862129, 35.0244244698399]}, "properties": {"OBJECTID": 6697, "CECPlantID": "S0550", "PlantName": "SEPV Mojave West", "Retired_Plant": 0, "OperatorCompanyID": "S-Power (Sustainable Power Group)", "County": "Kern", "Capacity_Latest": 20, "Units": "Unit 1", "PriEnergySource": "SUN", "StartDate": 1434326400000, "CEC_Jurisdictional": "0"}}, {"type": "Feature", "id": 6699, "geometry": {"type": "Point", "coordinates": [-118.403654008075, 33.90559930881]}, "properties": {"OBJECTID": 6699, "CECPlantID": "G0105", "PlantName": "Chevron El Segundo Refinery Cogeneration", "Retired_Plant": 0, "OperatorCompanyID": "Chevron Products Co - SoCal", "County": "Los Angeles", "Capacity_Latest": 183.11, "Units": "GEN 1, GEN 2, GEN 3, GEN 4, GEN 5, GEN 6, GEN 7, GEN 8", "PriEnergySource": "NG", "StartDate": 565315200000, "CEC_Jurisdictional": "0"}}, {"type": "Feature", "id": 6702, "geometry": {"type": "Point", "coordinates": [-118.278936236935, 35.0432944288222]}, "properties": {"OBJECTID": 6702, "CECPlantID": "W0259", "PlantName": "Mogul Energy (retired 2018Q1)", "Retired_Plant": 1, "OperatorCompanyID": "See WPRS for details", "County": "Kern", "Capacity_Latest": 0, "Units": "WPRS 1", "PriEnergySource": "WND", "StartDate": 393724800000, "CEC_Jurisdictional": "0"}}, {"type": "Feature", "id": 6703, "geometry": {"type": "Point", "coordinates": [-118.424834714976, 33.9101433841237]}, "properties": {"OBJECTID": 6703, "CECPlantID": "G0194", "PlantName": "El Segundo Power Station - Retired 12/31/2015", "Retired_Plant": 1, "OperatorCompanyID": "NRG El Segundo Operations", "County": "Los Angeles", "Capacity_Latest": 0, "Units": "UNIT 1, UNIT 2, UNIT 3, UNIT 4", "PriEnergySource": "NG", "StartDate": -433987200000, "CEC_Jurisdictional": "0"}}, {"type": "Feature", "id": 6706, "geometry": {"type": "Point", "coordinates": [-118.318363795995, 35.0704652573424]}, "properties": {"OBJECTID": 6706, "CECPlantID": "W0265", "PlantName": "Ridgetop Energy II (Cannon Energy Corp)", "Retired_Plant": 0, "OperatorCompanyID": "Ridgetop Energy LLC", "County": "Kern", "Capacity_Latest": 46.86, "Units": "WPRS 1", "PriEnergySource": "WND", "StartDate": 441676800000, "CEC_Jurisdictional": "0"}}, {"type": "Feature", "id": 6707, "geometry": {"type": "Point", "coordinates": [-118.394750657107, 33.8498450121544]}, "properties": {"OBJECTID": 6707, "CECPlantID": "G0490", "PlantName": "Redondo Beach LLC_(AES)", "Retired_Plant": 1, "OperatorCompanyID": "AES Redondo Beach LLC", "County": "Los Angeles", "Capacity_Latest": 0, "Units": "5, 6, 7, 8", "PriEnergySource": "NG", "StartDate": -481334400000, "CEC_Jurisdictional": "0"}}, {"type": "Feature", "id": 6708, "geometry": {"type": "Point", "coordinates": [-117.328376340232, 33.6835982113782]}, "properties": {"OBJECTID": 6708, "CECPlantID": "B0194", "PlantName": "Ortega Grid", "Retired_Plant": 0, "OperatorCompanyID": "Not Available", "County": "Riverside", "Capacity_Latest": 20, "Units": null, "PriEnergySource": "BAT", "StartDate": 1750032000000, "CEC_Jurisdictional": "0"}}, {"type": "Feature", "id": 6710, "geometry": {"type": "Point", "coordinates": [-118.262777060368, 35.0449606059797]}, "properties": {"OBJECTID": 6710, "CECPlantID": "W0270", "PlantName": "Terra-Gen Mojave Windfarms (TPC Wind Farms - Tehachapi Power Purchase Trust)", "Retired_Plant": 0, "OperatorCompanyID": "FPL Energy Operating Services Inc", "County": "Kern", "Capacity_Latest": 28.28, "Units": "WPRS 1", "PriEnergySource": "WND", "StartDate": 378691200000, "CEC_Jurisdictional": "0"}}, {"type": "Feature", "id": 6711, "geometry": {"type": "Point", "coordinates": [-118.427552882088, 33.9182947348692]}, "properties": {"OBJECTID": 6711, "CECPlantID": "G0549", "PlantName": "Scattergood", "Retired_Plant": 0, "OperatorCompanyID": "Los Angeles Department of Water & Power (LADWP)", "County": "Los Angeles", "Capacity_Latest": 876.0199999999999, "Units": "Unit #1, Unit #2, Unit #3, Unit #4, Unit #5, Unit #6, Unit #7", "PriEnergySource": "NG", "StartDate": -349833600000, "CEC_Jurisdictional": "0"}}, {"type": "Feature", "id": 6714, "geometry": {"type": "Point", "coordinates": [-118.404597104282, 33.9433687479195]}, "properties": {"OBJECTID": 6714, "CECPlantID": "G0803", "PlantName": "Central Utility Plant (LAX)", "Retired_Plant": 0, "OperatorCompanyID": "LAX Airport", "County": "Los Angeles", "Capacity_Latest": 8, "Units": "1, 1RP, 2, 2RP", "PriEnergySource": "NG", "StartDate": 1438387200000, "CEC_Jurisdictional": "0"}}, {"type": "Feature", "id": 6715, "geometry": {"type": "Point", "coordinates": [-118.313900139264, 35.0706692426352]}, "properties": {"OBJECTID": 6715, "CECPlantID": "W0297", "PlantName": "Ridgetop Energy (Cannon Energy Corp - 6092)", "Retired_Plant": 0, "OperatorCompanyID": "Ridgetop Energy LLC", "County": "Kern", "Capacity_Latest": 28.5, "Units": "WPRS 1", "PriEnergySource": "WND", "StartDate": 378691200000, "CEC_Jurisdictional": "0"}}, {"type": "Feature", "id": 6718, "geometry": {"type": "Point", "coordinates": [-118.214142651372, 33.7683739351587]}, "properties": {"OBJECTID": 6718, "CECPlantID": "G0925", "PlantName": "THUMS", "Retired_Plant": 0, "OperatorCompanyID": "THUMS Long Beach Company", "County": "Los Angeles", "Capacity_Latest": 47.8, "Units": "LM-600", "PriEnergySource": "NG", "StartDate": 1038700800000, "CEC_Jurisdictional": "0"}}, {"type": "Feature", "id": 6719, "geometry": {"type": "Point", "coordinates": [-118.267795995124, 35.0662902469635]}, "properties": {"OBJECTID": 6719, "CECPlantID": "W0312", "PlantName": "Mojave 3 (Mojave 3-4-5 (Desertwind II PPC Trust) - 6113)", "Retired_Plant": 1, "OperatorCompanyID": "FPL Energy Operating Services Inc", "County": "Kern", "Capacity_Latest": 0, "Units": "WPRS 1", "PriEnergySource": "WND", "StartDate": 473385600000, "CEC_Jurisdictional": "0"}}, {"type": "Feature", "id": 6721, "geometry": {"type": "Point", "coordinates": [-119.691733828139, 35.5997143789585]}, "properties": {"OBJECTID": 6721, "CECPlantID": "B0177", "PlantName": "Azalea BESS", "Retired_Plant": 0, "OperatorCompanyID": "Not Available", "County": "Kern", "Capacity_Latest": 38, "Units": null, "PriEnergySource": "BAT", "StartDate": 1767139200000, "CEC_Jurisdictional": "0"}}, {"type": "Feature", "id": 6722, "geometry": {"type": "Point", "coordinates": [-118.30594767814, 33.860826990326]}, "properties": {"OBJECTID": 6722, "CECPlantID": "G1030", "PlantName": "Toyota Technical Center", "Retired_Plant": 0, "OperatorCompanyID": "Toyota Motor Engineering & Manufacturing NA Inc", "County": "Los Angeles", "Capacity_Latest": 1.38, "Units": "Unit 1", "PriEnergySource": "GAS", "StartDate": 1136073600000, "CEC_Jurisdictional": "0"}}, {"type": "Feature", "id": 6723, "geometry": {"type": "Point", "coordinates": [-118.265052535326, 35.0513864275313]}, "properties": {"OBJECTID": 6723, "CECPlantID": "W0313", "PlantName": "Mojave 16, 17, 18 (Mojave 16-17-18  (Desertwind III PPC Trust) - 6063-6114)", "Retired_Plant": 0, "OperatorCompanyID": "FPL Energy Operating Services LLC", "County": "Kern", "Capacity_Latest": 83.55, "Units": "WPRS 1", "PriEnergySource": "WND", "StartDate": 473385600000, "CEC_Jurisdictional": "0"}}, {"type": "Feature", "id": 6724, "geometry": {"type": "Point", "coordinates": [-119.700465626703, 35.6118636056186]}, "properties": {"OBJECTID": 6724, "CECPlantID": "S0986", "PlantName": "Azalea (CAISO)", "Retired_Plant": 0, "OperatorCompanyID": null, "County": "Kern", "Capacity_Latest": 60, "Units": null, "PriEnergySource": "SUN", "StartDate": 1767139200000, "CEC_Jurisdictional": "0"}}, {"type": "Feature", "id": 6726, "geometry": {"type": "Point", "coordinates": [-118.168761344333, 33.9255416541816]}, "properties": {"OBJECTID": 6726, "CECPlantID": "G0621", "PlantName": "Techni-Cast", "Retired_Plant": 1, "OperatorCompanyID": "Techni-Cast Corporation", "County": "Los Angeles", "Capacity_Latest": 1.42, "Units": "1, 3397845", "PriEnergySource": "NG", "StartDate": 1367280000000, "CEC_Jurisdictional": "0"}}, {"type": "Feature", "id": 6727, "geometry": {"type": "Point", "coordinates": [-118.005270634961, 35.2009372134267]}, "properties": {"OBJECTID": 6727, "CECPlantID": "B0165", "PlantName": "Eland Solar & Storage Center, Phase 1 Hy", "Retired_Plant": 0, "OperatorCompanyID": "Not Available", "County": "Kern", "Capacity_Latest": 150, "Units": null, "PriEnergySource": "BAT", "StartDate": 1730419200000, "CEC_Jurisdictional": "0"}}, {"type": "Feature", "id": 6729, "geometry": {"type": "Point", "coordinates": [-118.235904283209, 33.7958532390116]}, "properties": {"OBJECTID": 6729, "CECPlantID": "G0765", "PlantName": "Linde Wilmington (Retired 12/2002)", "Retired_Plant": 1, "OperatorCompanyID": "Praxair Inc", "County": "Los Angeles", "Capacity_Latest": 0, "Units": "GEN 1, GEN 2", "PriEnergySource": "NG", "StartDate": 567993600000, "CEC_Jurisdictional": "0"}}, {"type": "Feature", "id": 6730, "geometry": {"type": "Point", "coordinates": [-118.270905670047, 35.0484539538621]}, "properties": {"OBJECTID": 6730, "CECPlantID": "W0319", "PlantName": "Oak Creek Wind Power", "Retired_Plant": 0, "OperatorCompanyID": "See WPRS for details", "County": "Kern", "Capacity_Latest": 31.5, "Units": "WPRS 1", "PriEnergySource": "WND", "StartDate": 1391731200000, "CEC_Jurisdictional": "0"}}, {"type": "Feature", "id": 6731, "geometry": {"type": "Point", "coordinates": [-118.080088524753, 35.0581650954664]}, "properties": {"OBJECTID": 6731, "CECPlantID": "B0200", "PlantName": "Bellefield Solar Farm BESS", "Retired_Plant": 0, "OperatorCompanyID": "Not Available", "County": "Kern", "Capacity_Latest": 500, "Units": null, "PriEnergySource": "BAT", "StartDate": 1765411200000, "CEC_Jurisdictional": "0"}}, {"type": "Feature", "id": 6733, "geometry": {"type": "Point", "coordinates": [-118.241146961954, 33.7941636595324]}, "properties": {"OBJECTID": 6733, "CECPlantID": "S0144", "PlantName": "Konoike Pacific California Inc", "Retired_Plant": 1, "OperatorCompanyID": "Konoike Pacific California Inc", "County": "Los Angeles", "Capacity_Latest": 0, "Units": "Unit 1", "PriEnergySource": "SUN", "StartDate": 1302220800000, "CEC_Jurisdictional": "0"}}, {"type": "Feature", "id": 6735, "geometry": {"type": "Point", "coordinates": [-118.306787665137, 35.1047784297166]}, "properties": {"OBJECTID": 6735, "CECPlantID": "W0320", "PlantName": "Wind Resource II (Calwind)", "Retired_Plant": 0, "OperatorCompanyID": "CalWind Resources Inc", "County": "Kern", "Capacity_Latest": 19.96, "Units": "WPRS 1", "PriEnergySource": "WND", "StartDate": 1368748800000, "CEC_Jurisdictional": "0"}}, {"type": "Feature", "id": 6736, "geometry": {"type": "Point", "coordinates": [-117.03242595998, 32.9399950631205]}, "properties": {"OBJECTID": 6736, "CECPlantID": "B0210", "PlantName": "Pomegranate", "Retired_Plant": 0, "OperatorCompanyID": "Not Available", "County": "San Diego", "Capacity_Latest": 40, "Units": null, "PriEnergySource": "BAT", "StartDate": 1759276800000, "CEC_Jurisdictional": "0"}}, {"type": "Feature", "id": 6738, "geometry": {"type": "Point", "coordinates": [-118.308541373395, 35.0151904420167]}, "properties": {"OBJECTID": 6738, "CECPlantID": "W0372", "PlantName": "Alta II Wind Energy Center", "Retired_Plant": 0, "OperatorCompanyID": "Terra-Gen Operating Company", "County": "Kern", "Capacity_Latest": 150, "Units": "WPRS 1", "PriEnergySource": "WND", "StartDate": 1293580800000, "CEC_Jurisdictional": "0"}}, {"type": "Feature", "id": 6739, "geometry": {"type": "Point", "coordinates": [-118.28638440877, 33.7845722229541]}, "properties": {"OBJECTID": 6739, "CECPlantID": "S0152", "PlantName": "LA Harbor College", "Retired_Plant": 0, "OperatorCompanyID": "Los Angeles Community College District", "County": "Los Angeles", "Capacity_Latest": 2.11, "Units": "1, 2", "PriEnergySource": "SUN", "StartDate": 1281657600000, "CEC_Jurisdictional": "0"}}, {"type": "Feature", "id": 6740, "geometry": {"type": "Point", "coordinates": [-116.902192864016, 33.0303253336238]}, "properties": {"OBJECTID": 6740, "CECPlantID": "B0094", "PlantName": "Air Attack Base", "Retired_Plant": 0, "OperatorCompanyID": "Not Available", "County": "San Diego", "Capacity_Latest": 0.47, "Units": null, "PriEnergySource": "BAT", "StartDate": 1692057600000, "CEC_Jurisdictional": "0"}}, {"type": "Feature", "id": 6742, "geometry": {"type": "Point", "coordinates": [-118.216130600893, 35.0602914694526]}, "properties": {"OBJECTID": 6742, "CECPlantID": "W0374", "PlantName": "Difwind Farms Ltd VI", "Retired_Plant": 0, "OperatorCompanyID": "See WPRS for details", "County": "Kern", "Capacity_Latest": 23, "Units": "WPRS 1", "PriEnergySource": "WND", "StartDate": 410227200000, "CEC_Jurisdictional": "0"}}, {"type": "Feature", "id": 6743, "geometry": {"type": "Point", "coordinates": [-118.284798291408, 33.7833502259064]}, "properties": {"OBJECTID": 6743, "CECPlantID": "S0182", "PlantName": "Harbor College  LACCD", "Retired_Plant": 0, "OperatorCompanyID": "Los Angeles Community College District", "County": "Los Angeles", "Capacity_Latest": 1.1, "Units": "SIP1042132", "PriEnergySource": "SUN", "StartDate": 1292803200000, "CEC_Jurisdictional": "0"}}, {"type": "Feature", "id": 6745, "geometry": {"type": "Point", "coordinates": [-118.325385185698, 34.8514211424077]}, "properties": {"OBJECTID": 6745, "CECPlantID": "B0080", "PlantName": "Rabbitbrush Solar 1", "Retired_Plant": 0, "OperatorCompanyID": "Not Available", "County": "Kern", "Capacity_Latest": 10, "Units": null, "PriEnergySource": "HBD", "StartDate": 1666051200000, "CEC_Jurisdictional": "0"}}, {"type": "Feature", "id": 6746, "geometry": {"type": "Point", "coordinates": [-118.295244059104, 35.0592355295426]}, "properties": {"OBJECTID": 6746, "CECPlantID": "W0385", "PlantName": "Oasis Power Partners, LLC", "Retired_Plant": 0, "OperatorCompanyID": "Oasis Power Partners LLC", "County": "Kern", "Capacity_Latest": 60, "Units": "WPRS 1", "PriEnergySource": "WND", "StartDate": 1233014400000, "CEC_Jurisdictional": "0"}}, {"type": "Feature", "id": 6747, "geometry": {"type": "Point", "coordinates": [-118.31034307062, 33.8576413757277]}, "properties": {"OBJECTID": 6747, "CECPlantID": "S0455", "PlantName": "SunE - Torrance", "Retired_Plant": 0, "OperatorCompanyID": "Not Available", "County": "Los Angeles", "Capacity_Latest": 0.98, "Units": "Unit 1", "PriEnergySource": "SUN", "StartDate": 1444953600000, "CEC_Jurisdictional": "0"}}, {"type": "Feature", "id": 6749, "geometry": {"type": "Point", "coordinates": [-118.324681056602, 34.8516681854764]}, "properties": {"OBJECTID": 6749, "CECPlantID": "B0081", "PlantName": "Rabbitbrush Solar 2", "Retired_Plant": 0, "OperatorCompanyID": "Not Available", "County": "Kern", "Capacity_Latest": 10, "Units": null, "PriEnergySource": "HBD", "StartDate": 1666051200000, "CEC_Jurisdictional": "0"}}, {"type": "Feature", "id": 6750, "geometry": {"type": "Point", "coordinates": [-118.297796835444, 35.0135495494904]}, "properties": {"OBJECTID": 6750, "CECPlantID": "W0387", "PlantName": "Alta III Wind Energy Center", "Retired_Plant": 0, "OperatorCompanyID": "Terra-Gen Operating Company", "County": "Kern", "Capacity_Latest": 150, "Units": "WPRS 1", "PriEnergySource": "WND", "StartDate": 441763200000, "CEC_Jurisdictional": "0"}}, {"type": "Feature", "id": 6751, "geometry": {"type": "Point", "coordinates": [-118.209800063487, 33.8291480001683]}, "properties": {"OBJECTID": 6751, "CECPlantID": "S0620", "PlantName": "ATT (DirecTV Broadcast)", "Retired_Plant": 0, "OperatorCompanyID": "Tesla Inc.", "County": "Los Angeles", "Capacity_Latest": 1.02, "Units": "908628-CA", "PriEnergySource": "SUN", "StartDate": 1425427200000, "CEC_Jurisdictional": "0"}}, {"type": "Feature", "id": 6753, "geometry": {"type": "Point", "coordinates": [-118.319136523472, 34.758123049721]}, "properties": {"OBJECTID": 6753, "CECPlantID": "B0121", "PlantName": "Antelope Solar 2 Raceway BESS", "Retired_Plant": 0, "OperatorCompanyID": "Not Available", "County": "Los Angeles", "Capacity_Latest": 80, "Units": null, "PriEnergySource": "BAT", "StartDate": 1711497600000, "CEC_Jurisdictional": "0"}}, {"type": "Feature", "id": 6754, "geometry": {"type": "Point", "coordinates": [-118.228148591324, 33.7759513872264]}, "properties": {"OBJECTID": 6754, "CECPlantID": "C0002", "PlantName": "Los Angeles Refinery - Calciner", "Retired_Plant": 1, "OperatorCompanyID": "Tesoro Refining & Marketing Company LLC", "County": "Los Angeles", "Capacity_Latest": 0, "Units": "UNIT 1", "PriEnergySource": "PC", "StartDate": 407548800000, "CEC_Jurisdictional": "0"}}, {"type": "Feature", "id": 6755, "geometry": {"type": "Point", "coordinates": [-118.256025996768, 35.0062053702264]}, "properties": {"OBJECTID": 6755, "CECPlantID": "W0388", "PlantName": "Alta IV Wind Energy Center", "Retired_Plant": 0, "OperatorCompanyID": "Terra-Gen Operating Company", "County": "Kern", "Capacity_Latest": 102, "Units": "WPRS 1", "PriEnergySource": "WND", "StartDate": 1299888000000, "CEC_Jurisdictional": "0"}}, {"type": "Feature", "id": 6757, "geometry": {"type": "Point", "coordinates": [-118.34546956986, 34.8831122376141]}, "properties": {"OBJECTID": 6757, "CECPlantID": "B0164", "PlantName": "Willy 9 Antelope Valley Complex", "Retired_Plant": 0, "OperatorCompanyID": "Not Available", "County": "Kern", "Capacity_Latest": 126, "Units": null, "PriEnergySource": "BAT", "StartDate": 1744761600000, "CEC_Jurisdictional": "0"}}, {"type": "Feature", "id": 6759, "geometry": {"type": "Point", "coordinates": [-118.237654195195, 35.0007966337546]}, "properties": {"OBJECTID": 6759, "CECPlantID": "W0389", "PlantName": "Alta V Wind Energy Center", "Retired_Plant": 0, "OperatorCompanyID": "Terra-Gen Operating Company", "County": "Kern", "Capacity_Latest": 168, "Units": "WPRS 1", "PriEnergySource": "WND", "StartDate": 1303344000000, "CEC_Jurisdictional": "0"}}, {"type": "Feature", "id": 6760, "geometry": {"type": "Point", "coordinates": [-118.240365104047, 33.7592705846914]}, "properties": {"OBJECTID": 6760, "CECPlantID": "E0112", "PlantName": "Southeast Resource Recovery (Retired 4/1/2024)", "Retired_Plant": 1, "OperatorCompanyID": "Montenay Pacific Power Corp", "County": "Los Angeles", "Capacity_Latest": 0, "Units": "1", "PriEnergySource": "MSW", "StartDate": 552787200000, "CEC_Jurisdictional": "0"}}, {"type": "Feature", "id": 6761, "geometry": {"type": "Point", "coordinates": [-115.716808594408, 32.7296831818252]}, "properties": {"OBJECTID": 6761, "CECPlantID": "B0186", "PlantName": "Big Rock Solar Farm", "Retired_Plant": 0, "OperatorCompanyID": "Not Available", "County": "Imperial", "Capacity_Latest": 200, "Units": null, "PriEnergySource": "BAT", "StartDate": 1748390400000, "CEC_Jurisdictional": "0"}}, {"type": "Feature", "id": 6763, "geometry": {"type": "Point", "coordinates": [-118.241649279527, 35.0305752767142]}, "properties": {"OBJECTID": 6763, "CECPlantID": "W0393", "PlantName": "Alta Wind VIII, LLC", "Retired_Plant": 0, "OperatorCompanyID": "Alta Wind VIII LLC", "County": "Kern", "Capacity_Latest": 150, "Units": "WPRS 1", "PriEnergySource": "WND", "StartDate": 1328054400000, "CEC_Jurisdictional": "0"}}, {"type": "Feature", "id": 6764, "geometry": {"type": "Point", "coordinates": [-118.284792043878, 33.8018167389583]}, "properties": {"OBJECTID": 6764, "CECPlantID": "E0212", "PlantName": "Total Energy Facilities", "Retired_Plant": 0, "OperatorCompanyID": "Sanitation Districts of Los Angeles County", "County": "Los Angeles", "Capacity_Latest": 38.400000000000006, "Units": "GEN 1, GEN 2, GEN 3, GEN 4, GEN 4-repower", "PriEnergySource": "OBG", "StartDate": 504921600000, "CEC_Jurisdictional": "0"}}, {"type": "Feature", "id": 6765, "geometry": {"type": "Point", "coordinates": [-118.310356999656, 33.3336460002524]}, "properties": {"OBJECTID": 6765, "CECPlantID": "B0170", "PlantName": "Pebbly Beach Generating Station Hybrid", "Retired_Plant": 0, "OperatorCompanyID": "Not Available", "County": "Los Angeles", "Capacity_Latest": 1, "Units": null, "PriEnergySource": "BAT", "StartDate": 1343779200000, "CEC_Jurisdictional": "0"}}, {"type": "Feature", "id": 6767, "geometry": {"type": "Point", "coordinates": [-118.317576771123, 35.0510757293146]}, "properties": {"OBJECTID": 6767, "CECPlantID": "W0406", "PlantName": "Mustang Hills LLC (Alta Wind VI Energy Center)", "Retired_Plant": 0, "OperatorCompanyID": "EverPower Wind Holdings Inc", "County": "Kern", "Capacity_Latest": 150, "Units": "WPRS 1", "PriEnergySource": "WND", "StartDate": 1331942400000, "CEC_Jurisdictional": "0"}}, {"type": "Feature", "id": 6768, "geometry": {"type": "Point", "coordinates": [-118.240761655093, 33.8092651952337]}, "properties": {"OBJECTID": 6768, "CECPlantID": "G0034", "PlantName": "Andeavor Los Angeles Refinery", "Retired_Plant": 0, "OperatorCompanyID": "Tesoro LAR", "County": "Los Angeles", "Capacity_Latest": 12, "Units": "GEN 2", "PriEnergySource": "WH", "StartDate": 454896000000, "CEC_Jurisdictional": "0"}}, {"type": "Feature", "id": 6769, "geometry": {"type": "Point", "coordinates": [-117.298195045793, 33.210747096114]}, "properties": {"OBJECTID": 6769, "CECPlantID": "B0175", "PlantName": "Genentech-Oceanside Hybrid", "Retired_Plant": 0, "OperatorCompanyID": "Not Available", "County": "San Diego", "Capacity_Latest": 1, "Units": null, "PriEnergySource": "HBD", "StartDate": 1461024000000, "CEC_Jurisdictional": "0"}}, {"type": "Feature", "id": 6771, "geometry": {"type": "Point", "coordinates": [-118.32198745708, 35.0757748906905]}, "properties": {"OBJECTID": 6771, "CECPlantID": "W0407", "PlantName": "Cameron Ridge", "Retired_Plant": 0, "OperatorCompanyID": "Terra-Gen Operating Company", "County": "Kern", "Capacity_Latest": 59.67, "Units": "WPRS 1", "PriEnergySource": "WND", "StartDate": 1418169600000, "CEC_Jurisdictional": "0"}}, {"type": "Feature", "id": 6772, "geometry": {"type": "Point", "coordinates": [-114.656537364236, 33.6661740955941]}, "properties": {"OBJECTID": 6772, "CECPlantID": "S0941", "PlantName": "Palo Verde College", "Retired_Plant": 0, "OperatorCompanyID": null, "County": "Riverside", "Capacity_Latest": 1.2, "Units": null, "PriEnergySource": "SUN", "StartDate": 1249084800000, "CEC_Jurisdictional": "0"}}, {"type": "Feature", "id": 6773, "geometry": {"type": "Point", "coordinates": [-118.244580476316, 33.8165582538324]}, "properties": {"OBJECTID": 6773, "CECPlantID": "G0035", "PlantName": "Watson Cogeneration Co", "Retired_Plant": 0, "OperatorCompanyID": "Watson Cogeneration Company (Tesoro Refining & Marketing)", "County": "Los Angeles", "Capacity_Latest": 398, "Units": "GN91, GN92, GN93, GN94, GN95, GN96", "PriEnergySource": "NG", "StartDate": 573177600000, "CEC_Jurisdictional": "1"}}, {"type": "Feature", "id": 6775, "geometry": {"type": "Point", "coordinates": [-118.248030379231, 35.0152513656817]}, "properties": {"OBJECTID": 6775, "CECPlantID": "W0408", "PlantName": "Coram California Development, LP", "Retired_Plant": 0, "OperatorCompanyID": "Coram California Development LP", "County": "Kern", "Capacity_Latest": 102, "Units": "WPRS 1", "PriEnergySource": "WND", "StartDate": 1332979200000, "CEC_Jurisdictional": "0"}}, {"type": "Feature", "id": 6776, "geometry": {"type": "Point", "coordinates": [-118.233378366336, 33.7776443861248]}, "properties": {"OBJECTID": 6776, "CECPlantID": "G0078", "PlantName": "Wilmington - Air Products", "Retired_Plant": 0, "OperatorCompanyID": "Air Products and Chemicals Inc", "County": "Los Angeles", "Capacity_Latest": 31.9, "Units": "T101", "PriEnergySource": "WH", "StartDate": 820454400000, "CEC_Jurisdictional": "0"}}, {"type": "Feature", "id": 6777, "geometry": {"type": "Point", "coordinates": [-117.002030815301, 33.9285467907222]}, "properties": {"OBJECTID": 6777, "CECPlantID": "S0925", "PlantName": "IGS PSP1, LLC", "Retired_Plant": 0, "OperatorCompanyID": null, "County": "Riverside", "Capacity_Latest": 3.8, "Units": null, "PriEnergySource": "SUN", "StartDate": 1633046400000, "CEC_Jurisdictional": "0"}}, {"type": "Feature", "id": 6778, "geometry": {"type": "Point", "coordinates": [-118.249325760883, 33.876146820187]}, "properties": {"OBJECTID": 6778, "CECPlantID": "G0084", "PlantName": "Carson Cogeneration Company", "Retired_Plant": 0, "OperatorCompanyID": "Carson Cogeneration Company", "County": "Los Angeles", "Capacity_Latest": 60, "Units": "Unit 1, Unit 2", "PriEnergySource": "NG", "StartDate": 633830400000, "CEC_Jurisdictional": "0"}}, {"type": "Feature", "id": 6780, "geometry": {"type": "Point", "coordinates": [-120.68270099994, 35.5578300000667]}, "properties": {"OBJECTID": 6780, "CECPlantID": "S0954", "PlantName": "Vintner Solar Project", "Retired_Plant": 0, "OperatorCompanyID": null, "County": "San Luis Obispo", "Capacity_Latest": 1.5, "Units": null, "PriEnergySource": "SUN", "StartDate": 1396310400000, "CEC_Jurisdictional": "0"}}, {"type": "Feature", "id": 6781, "geometry": {"type": "Point", "coordinates": [-118.214378935757, 35.0397370853494]}, "properties": {"OBJECTID": 6781, "CECPlantID": "W0415", "PlantName": "Pinyon Pines Winds I", "Retired_Plant": 0, "OperatorCompanyID": "Terra-Gen Operating Company", "County": "Kern", "Capacity_Latest": 168, "Units": "WPRS 1", "PriEnergySource": "WND", "StartDate": 1354838400000, "CEC_Jurisdictional": "0"}}, {"type": "Feature", "id": 6782, "geometry": {"type": "Point", "coordinates": [-118.265413471045, 33.7693358274236]}, "properties": {"OBJECTID": 6782, "CECPlantID": "G0245", "PlantName": "Harbor", "Retired_Plant": 0, "OperatorCompanyID": "Los Angeles Department of Water & Power (LADWP)", "County": "Los Angeles", "Capacity_Latest": 836, "Units": "#1A & #2A, CC (1, 2, 5), GT, Unit #1, Unit #10, Unit #11, Unit #12, Unit #13, Unit #14, Unit #2, Unit #5, Unit #6, Unit #7, Unit #8, Unit #9", "PriEnergySource": "NG", "StartDate": 757382400000, "CEC_Jurisdictional": "0"}}, {"type": "Feature", "id": 6785, "geometry": {"type": "Point", "coordinates": [-118.209626064109, 35.0190698634139]}, "properties": {"OBJECTID": 6785, "CECPlantID": "W0416", "PlantName": "Pinyon Pines Winds II", "Retired_Plant": 0, "OperatorCompanyID": "Terra-Gen Operating Company", "County": "Kern", "Capacity_Latest": 132, "Units": "WPRS 1", "PriEnergySource": "WND", "StartDate": 1356998400000, "CEC_Jurisdictional": "0"}}, {"type": "Feature", "id": 6786, "geometry": {"type": "Point", "coordinates": [-120.634971131199, 35.4706155656947]}, "properties": {"OBJECTID": 6786, "CECPlantID": "S0895", "PlantName": "Atascadero State Hospital", "Retired_Plant": 0, "OperatorCompanyID": null, "County": "San Luis Obispo", "Capacity_Latest": 1.1, "Units": null, "PriEnergySource": "SUN", "StartDate": 1596240000000, "CEC_Jurisdictional": "0"}}, {"type": "Feature", "id": 6787, "geometry": {"type": "Point", "coordinates": [-118.240291257702, 33.7802491360313]}, "properties": {"OBJECTID": 6787, "CECPlantID": "G0246", "PlantName": "Harbor Cogeneration Co", "Retired_Plant": 0, "OperatorCompanyID": "Harbor Cogeneration Co", "County": "Los Angeles", "Capacity_Latest": 107.44999999999999, "Units": "HARBGN_7_PL2X3, HCC GT-1, HCC ST-1, HCC ST-2", "PriEnergySource": "NG", "StartDate": 608342400000, "CEC_Jurisdictional": "0"}}, {"type": "Feature", "id": 6790, "geometry": {"type": "Point", "coordinates": [-118.241408155517, 35.0532589551651]}, "properties": {"OBJECTID": 6790, "CECPlantID": "W0438", "PlantName": "Rising Tree Wind Farm III", "Retired_Plant": 0, "OperatorCompanyID": "See WPRS for details", "County": "Kern", "Capacity_Latest": 99, "Units": "WPRS 1", "PriEnergySource": "WND", "StartDate": 1431648000000, "CEC_Jurisdictional": "0"}}, {"type": "Feature", "id": 6791, "geometry": {"type": "Point", "coordinates": [-118.224724901817, 33.7642190671092]}, "properties": {"OBJECTID": 6791, "CECPlantID": "G0319", "PlantName": "Long Beach Generation LLC", "Retired_Plant": 0, "OperatorCompanyID": "Long Beach Generation LLC", "County": "Los Angeles", "Capacity_Latest": 260, "Units": "CT 1, CT 2, CT 3, CT 4, CT 5, CT 6, CT 7, GT 1, GT 2, GT 3, GT 4, ST 8, ST 9", "PriEnergySource": "NG", "StartDate": 1185926400000, "CEC_Jurisdictional": "0"}}, {"type": "Feature", "id": 6794, "geometry": {"type": "Point", "coordinates": [-118.2133829123, 35.0699906816613]}, "properties": {"OBJECTID": 6794, "CECPlantID": "W0441", "PlantName": "Alta X Wind Energy Center", "Retired_Plant": 0, "OperatorCompanyID": "See WPRS for details", "County": "Kern", "Capacity_Latest": 136.8, "Units": "WPRS 1", "PriEnergySource": "WND", "StartDate": 631065600000, "CEC_Jurisdictional": "0"}}, {"type": "Feature", "id": 6795, "geometry": {"type": "Point", "coordinates": [-118.329977828547, 33.853163849136]}, "properties": {"OBJECTID": 6795, "CECPlantID": "G0363", "PlantName": "Torrance Refinery", "Retired_Plant": 0, "OperatorCompanyID": "PBF Energy LLC", "County": "Los Angeles", "Capacity_Latest": 91.3, "Units": "EXP1, GTG1, STG1, Unit 1", "PriEnergySource": "NG", "StartDate": 431222400000, "CEC_Jurisdictional": "0"}}, {"type": "Feature", "id": 6797, "geometry": {"type": "Point", "coordinates": [-118.104188240754, 33.9290606891922]}, "properties": {"OBJECTID": 6797, "CECPlantID": "B0018", "PlantName": "Center Hybrid", "Retired_Plant": 0, "OperatorCompanyID": "Not Available", "County": "Los Angeles", "Capacity_Latest": 10, "Units": null, "PriEnergySource": "BAT", "StartDate": 1477612800000, "CEC_Jurisdictional": "0"}}, {"type": "Feature", "id": 6798, "geometry": {"type": "Point", "coordinates": [-118.280188425755, 35.0500946094756]}, "properties": {"OBJECTID": 6798, "CECPlantID": "W0443", "PlantName": "Mojave 4 (retired 12/31/2020)", "Retired_Plant": 1, "OperatorCompanyID": "See WPRS for details", "County": "Kern", "Capacity_Latest": 0, "Units": "WPRS 1", "PriEnergySource": "WND", "StartDate": 473385600000, "CEC_Jurisdictional": "0"}}, {"type": "Feature", "id": 6799, "geometry": {"type": "Point", "coordinates": [-118.233111783487, 33.842762532384]}, "properties": {"OBJECTID": 6799, "CECPlantID": "G0495", "PlantName": "Rhodia Dominguez Plant", "Retired_Plant": 0, "OperatorCompanyID": "Eco Services Operations Corp", "County": "Los Angeles", "Capacity_Latest": 5, "Units": "GEN1", "PriEnergySource": "NG", "StartDate": 207705600000, "CEC_Jurisdictional": "0"}}, {"type": "Feature", "id": 6801, "geometry": {"type": "Point", "coordinates": [-117.988818970494, 33.806723514947]}, "properties": {"OBJECTID": 6801, "CECPlantID": "B0025", "PlantName": "SERC Hybrid Battery - A", "Retired_Plant": 0, "OperatorCompanyID": "Not Available", "County": "Orange", "Capacity_Latest": 20, "Units": null, "PriEnergySource": "BAT", "StartDate": 1589932800000, "CEC_Jurisdictional": "0"}}, {"type": "Feature", "id": 6802, "geometry": {"type": "Point", "coordinates": [-118.28532489065, 35.0504484652022]}, "properties": {"OBJECTID": 6802, "CECPlantID": "W0444", "PlantName": "Mojave 5 (retired 12/31/2020)", "Retired_Plant": 1, "OperatorCompanyID": "See WPRS for details", "County": "Kern", "Capacity_Latest": 0, "Units": "WPRS 1", "PriEnergySource": "WND", "StartDate": 1298246400000, "CEC_Jurisdictional": "0"}}, {"type": "Feature", "id": 6803, "geometry": {"type": "Point", "coordinates": [-118.286908602574, 33.768429187131]}, "properties": {"OBJECTID": 6803, "CECPlantID": "G0759", "PlantName": "ConocoPhillips Los Angeles Refinery Wilmington Plant", "Retired_Plant": 0, "OperatorCompanyID": "ConocoPhillips", "County": "Los Angeles", "Capacity_Latest": 68.5, "Units": "Unit G2", "PriEnergySource": "OG", "StartDate": 578448000000, "CEC_Jurisdictional": "0"}}, {"type": "Feature", "id": 6804, "geometry": {"type": "Point", "coordinates": [-117.988002174391, 33.8071682150423]}, "properties": {"OBJECTID": 6804, "CECPlantID": "B0092", "PlantName": "Stanton Battery Energy Storage", "Retired_Plant": 0, "OperatorCompanyID": "Not Available", "County": "Orange", "Capacity_Latest": 68.8, "Units": null, "PriEnergySource": "BAT", "StartDate": 1689724800000, "CEC_Jurisdictional": "0"}}, {"type": "Feature", "id": 6806, "geometry": {"type": "Point", "coordinates": [-118.286483974368, 35.089696482337]}, "properties": {"OBJECTID": 6806, "CECPlantID": "W0376", "PlantName": "Difwind VIII - Retired 8/14/2014", "Retired_Plant": 1, "OperatorCompanyID": "See WPRS for details", "County": "Kern", "Capacity_Latest": 0, "Units": "WPRS 1", "PriEnergySource": "WND", "StartDate": 536457600000, "CEC_Jurisdictional": "0"}}, {"type": "Feature", "id": 6807, "geometry": {"type": "Point", "coordinates": [-117.939486100039, 33.69160229972]}, "properties": {"OBJECTID": 6807, "CECPlantID": "B0023", "PlantName": "Orange County Sanitation District - Plant No 1", "Retired_Plant": 0, "OperatorCompanyID": "Not Available", "County": "Orange", "Capacity_Latest": 4.94, "Units": null, "PriEnergySource": "BAT", "StartDate": 1557187200000, "CEC_Jurisdictional": "0"}}, {"type": "Feature", "id": 6809, "geometry": {"type": "Point", "coordinates": [-118.234589349536, 33.7901752514526]}, "properties": {"OBJECTID": 6809, "CECPlantID": "G0776", "PlantName": "Los Angeles Refinery (Tesoro)", "Retired_Plant": 0, "OperatorCompanyID": "Tesoro LAR", "County": "Los Angeles", "Capacity_Latest": 83, "Units": "GEN1, GEN2, GEN3", "PriEnergySource": "NG", "StartDate": 407548800000, "CEC_Jurisdictional": "0"}}, {"type": "Feature", "id": 6810, "geometry": {"type": "Point", "coordinates": [-118.220803541248, 35.0777696440465]}, "properties": {"OBJECTID": 6810, "CECPlantID": "W0458", "PlantName": "Rising Tree Wind Farm I", "Retired_Plant": 0, "OperatorCompanyID": "See WPRS for details", "County": "Kern", "Capacity_Latest": 79.2, "Units": "WPRS 1", "PriEnergySource": "WND", "StartDate": 631065600000, "CEC_Jurisdictional": "0"}}, {"type": "Feature", "id": 6812, "geometry": {"type": "Point", "coordinates": [-117.08891306781, 32.8165362975354]}, "properties": {"OBJECTID": 6812, "CECPlantID": "B0126", "PlantName": "Elliott Energy Storage", "Retired_Plant": 0, "OperatorCompanyID": "Not Available", "County": "San Diego", "Capacity_Latest": 10, "Units": null, "PriEnergySource": "BAT", "StartDate": 1712707200000, "CEC_Jurisdictional": "0"}}, {"type": "Feature", "id": 6813, "geometry": {"type": "Point", "coordinates": [-118.100452703338, 33.7692976585614]}, "properties": {"OBJECTID": 6813, "CECPlantID": "G1076", "PlantName": "Alamitos Energy Center", "Retired_Plant": 0, "OperatorCompanyID": "AES Southland", "County": "Los Angeles", "Capacity_Latest": 693, "Units": "1A, 1B, 1S", "PriEnergySource": "NG", "StartDate": 1580947200000, "CEC_Jurisdictional": "1"}}, {"type": "Feature", "id": 6814, "geometry": {"type": "Point", "coordinates": [-118.207485669466, 35.0940237576006]}, "properties": {"OBJECTID": 6814, "CECPlantID": "W0459", "PlantName": "Rising Tree Wind Farm II", "Retired_Plant": 0, "OperatorCompanyID": "See WPRS for details", "County": "Kern", "Capacity_Latest": 19.8, "Units": "WPRS 1", "PriEnergySource": "WND", "StartDate": 631065600000, "CEC_Jurisdictional": "0"}}, {"type": "Feature", "id": 6816, "geometry": {"type": "Point", "coordinates": [-118.329054874414, 34.8639134365328]}, "properties": {"OBJECTID": 6816, "CECPlantID": "B0182", "PlantName": "Willy 9 Chap", "Retired_Plant": 0, "OperatorCompanyID": "Not Available", "County": "Kern", "Capacity_Latest": 88, "Units": null, "PriEnergySource": "HBD", "StartDate": 1746662400000, "CEC_Jurisdictional": "0"}}, {"type": "Feature", "id": 6817, "geometry": {"type": "Point", "coordinates": [-117.982863564536, 33.807323347345]}, "properties": {"OBJECTID": 6817, "CECPlantID": "G9111", "PlantName": "Barre Peaker", "Retired_Plant": 0, "OperatorCompanyID": "Southern California Edison (SCE)", "County": "Orange", "Capacity_Latest": 49, "Units": "1", "PriEnergySource": "NG", "StartDate": 1185926400000, "CEC_Jurisdictional": "0"}}, {"type": "Feature", "id": 6818, "geometry": {"type": "Point", "coordinates": [-118.276201880047, 35.0496725636719]}, "properties": {"OBJECTID": 6818, "CECPlantID": "W0471", "PlantName": "Voyager Wind II, LLC", "Retired_Plant": 0, "OperatorCompanyID": "Not Available", "County": "Kern", "Capacity_Latest": 128.7, "Units": "WPRS 1", "PriEnergySource": "WND", "StartDate": 1541548800000, "CEC_Jurisdictional": "0"}}, {"type": "Feature", "id": 6819, "geometry": {"type": "Point", "coordinates": [-115.711387658755, 32.7341570756573]}, "properties": {"OBJECTID": 6819, "CECPlantID": "B0089", "PlantName": "Bateria Del Sur", "Retired_Plant": 0, "OperatorCompanyID": "Not Available", "County": "Imperial", "Capacity_Latest": 350, "Units": null, "PriEnergySource": "BAT", "StartDate": 1687478400000, "CEC_Jurisdictional": "0"}}, {"type": "Feature", "id": 6820, "geometry": {"type": "Point", "coordinates": [-118.104751766891, 33.9295813892186]}, "properties": {"OBJECTID": 6820, "CECPlantID": "G9222", "PlantName": "Center Peaker", "Retired_Plant": 0, "OperatorCompanyID": "Southern California Edison (SCE)", "County": "Los Angeles", "Capacity_Latest": 49, "Units": "1", "PriEnergySource": "NG", "StartDate": 1185926400000, "CEC_Jurisdictional": "0"}}, {"type": "Feature", "id": 6821, "geometry": {"type": "Point", "coordinates": [-118.275898413843, 35.0479689995076]}, "properties": {"OBJECTID": 6821, "CECPlantID": "W0472", "PlantName": "Voyager Wind III, LLC", "Retired_Plant": 0, "OperatorCompanyID": "Not Available", "County": "Kern", "Capacity_Latest": 43.2, "Units": "WPRS 1", "PriEnergySource": "WND", "StartDate": 1545523200000, "CEC_Jurisdictional": "0"}}, {"type": "Feature", "id": 6823, "geometry": {"type": "Point", "coordinates": [-118.050953496188, 33.784248062979]}, "properties": {"OBJECTID": 6823, "CECPlantID": "B0104", "PlantName": "Los Alamitos 1", "Retired_Plant": 0, "OperatorCompanyID": "Not Available", "County": "Orange", "Capacity_Latest": 10, "Units": null, "PriEnergySource": "HBD", "StartDate": 1699574400000, "CEC_Jurisdictional": "0"}}, {"type": "Feature", "id": 6824, "geometry": {"type": "Point", "coordinates": [-117.955150960281, 33.9250048620873]}, "properties": {"OBJECTID": 6824, "CECPlantID": "H0119", "PlantName": "Coyote Creek", "Retired_Plant": 0, "OperatorCompanyID": "Metropolitan Water District", "County": "Orange", "Capacity_Latest": 3.13, "Units": "1", "PriEnergySource": "WAT", "StartDate": 446947200000, "CEC_Jurisdictional": "0"}}, {"type": "Feature", "id": 6825, "geometry": {"type": "Point", "coordinates": [-118.272603639572, 35.051127663046]}, "properties": {"OBJECTID": 6825, "CECPlantID": "W0473", "PlantName": "Voyager Wind IV, LLC", "Retired_Plant": 0, "OperatorCompanyID": "Not Available", "County": "Kern", "Capacity_Latest": 21.6, "Units": "WPRS 1", "PriEnergySource": "WND", "StartDate": 1545264000000, "CEC_Jurisdictional": "0"}}, {"type": "Feature", "id": 6826, "geometry": {"type": "Point", "coordinates": [-118.050978507183, 33.7841312219645]}, "properties": {"OBJECTID": 6826, "CECPlantID": "B0105", "PlantName": "Los Alamitos 2", "Retired_Plant": 0, "OperatorCompanyID": "Not Available", "County": "Orange", "Capacity_Latest": 10, "Units": null, "PriEnergySource": "HBD", "StartDate": 1699574400000, "CEC_Jurisdictional": "0"}}, {"type": "Feature", "id": 6827, "geometry": {"type": "Point", "coordinates": [-118.068556388477, 33.9256533638089]}, "properties": {"OBJECTID": 6827, "CECPlantID": "G0673", "PlantName": "Norwalk ( Retired 2-18-2018 - formerly Wheelabrator Norwalk Energy)", "Retired_Plant": 1, "OperatorCompanyID": "California Department of State Hospitals", "County": "Los Angeles", "Capacity_Latest": 0, "Units": "1, 2", "PriEnergySource": "NG", "StartDate": 572140800000, "CEC_Jurisdictional": "0"}}, {"type": "Feature", "id": 6829, "geometry": {"type": "Point", "coordinates": [-117.842223700236, 33.6491032002583]}, "properties": {"OBJECTID": 6829, "CECPlantID": "S0970", "PlantName": "DG UC Irvine Solar", "Retired_Plant": 0, "OperatorCompanyID": "NextEra Energy Resources LLC", "County": "Orange", "Capacity_Latest": 2.7, "Units": null, "PriEnergySource": "SUN", "StartDate": 1554076800000, "CEC_Jurisdictional": "0"}}, {"type": "Feature", "id": 6830, "geometry": {"type": "Point", "coordinates": [-118.32430905361, 34.9879383901417]}, "properties": {"OBJECTID": 6830, "CECPlantID": "S0714", "PlantName": "Valentine Solar", "Retired_Plant": 0, "OperatorCompanyID": "EDF Renewable Energy Inc", "County": "Kern", "Capacity_Latest": 100, "Units": "Unit 1", "PriEnergySource": "SUN", "StartDate": 1575158400000, "CEC_Jurisdictional": "0"}}, {"type": "Feature", "id": 6831, "geometry": {"type": "Point", "coordinates": [-118.054343268069, 33.9130844002019]}, "properties": {"OBJECTID": 6831, "CECPlantID": "S0208", "PlantName": "Golden Springs Building C1", "Retired_Plant": 0, "OperatorCompanyID": "Thrifty Oil", "County": "Los Angeles", "Capacity_Latest": 1.3, "Units": "C1", "PriEnergySource": "SUN", "StartDate": 1328832000000, "CEC_Jurisdictional": "0"}}, {"type": "Feature", "id": 6833, "geometry": {"type": "Point", "coordinates": [-118.335809874187, 34.8371009762427]}, "properties": {"OBJECTID": 6833, "CECPlantID": "B0141", "PlantName": "Tumbleweed Energy Storage", "Retired_Plant": 0, "OperatorCompanyID": "Not Available", "County": "Kern", "Capacity_Latest": 124.97, "Units": null, "PriEnergySource": "BAT", "StartDate": 1721088000000, "CEC_Jurisdictional": "0"}}, {"type": "Feature", "id": 6834, "geometry": {"type": "Point", "coordinates": [-118.260782000138, 35.0461400002272]}, "properties": {"OBJECTID": 6834, "CECPlantID": "W0477", "PlantName": "Mojave 3-4-5", "Retired_Plant": 0, "OperatorCompanyID": "FPL Energy Operating Services Inc", "County": "Kern", "Capacity_Latest": 75, "Units": "WPRS 1", "PriEnergySource": "WND", "StartDate": 1609459200000, "CEC_Jurisdictional": "0"}}, {"type": "Feature", "id": 6835, "geometry": {"type": "Point", "coordinates": [-118.052365516675, 33.9123387462294]}, "properties": {"OBJECTID": 6835, "CECPlantID": "S0209", "PlantName": "Golden Springs Building D1", "Retired_Plant": 0, "OperatorCompanyID": "Thrifty Oil", "County": "Los Angeles", "Capacity_Latest": 1.25, "Units": "D1", "PriEnergySource": "SUN", "StartDate": 1343779200000, "CEC_Jurisdictional": "0"}}, {"type": "Feature", "id": 6836, "geometry": {"type": "Point", "coordinates": [-118.17415801134, 35.0213809028068]}, "properties": {"OBJECTID": 6836, "CECPlantID": "S0985", "PlantName": "Edwards Sanborn 1C", "Retired_Plant": 0, "OperatorCompanyID": null, "County": "Kern", "Capacity_Latest": 148, "Units": null, "PriEnergySource": "SUN", "StartDate": 1762473600000, "CEC_Jurisdictional": "0"}}, {"type": "Feature", "id": 6838, "geometry": {"type": "Point", "coordinates": [-118.283231999869, 35.0456579998154]}, "properties": {"OBJECTID": 6838, "CECPlantID": "W0480", "PlantName": "Oasis Alta, LLC", "Retired_Plant": 0, "OperatorCompanyID": "Terra-Gen, LLC", "County": "Kern", "Capacity_Latest": 14.4, "Units": "WPRS 1", "PriEnergySource": "WND", "StartDate": 1618358400000, "CEC_Jurisdictional": "0"}}, {"type": "Feature", "id": 6839, "geometry": {"type": "Point", "coordinates": [-118.017977244411, 33.8816997747266]}, "properties": {"OBJECTID": 6839, "CECPlantID": "S0366", "PlantName": "Staples - La Mirada", "Retired_Plant": 0, "OperatorCompanyID": "EDP Renewables North America LLC", "County": "Los Angeles", "Capacity_Latest": 1, "Units": "1", "PriEnergySource": "SUN", "StartDate": 1268956800000, "CEC_Jurisdictional": "0"}}, {"type": "Feature", "id": 6840, "geometry": {"type": "Point", "coordinates": [-118.389735391532, 34.2927164700671]}, "properties": {"OBJECTID": 6840, "CECPlantID": "E0321", "PlantName": "Lopez Canyon", "Retired_Plant": 1, "OperatorCompanyID": null, "County": "Los Angeles", "Capacity_Latest": 0, "Units": null, "PriEnergySource": null, "StartDate": null, "CEC_Jurisdictional": "0"}}, {"type": "Feature", "id": 6841, "geometry": {"type": "Point", "coordinates": [-117.701472291101, 35.0321419545215]}, "properties": {"OBJECTID": 6841, "CECPlantID": "G0366", "PlantName": "Lake Shore Mojave  LLC (Retired 8/2013)", "Retired_Plant": 1, "OperatorCompanyID": "Energy Operations Group", "County": "Kern", "Capacity_Latest": 0, "Units": "Unit 1", "PriEnergySource": "NG", "StartDate": 645148800000, "CEC_Jurisdictional": "0"}}, {"type": "Feature", "id": 6843, "geometry": {"type": "Point", "coordinates": [-118.045710656425, 33.9107549494249]}, "properties": {"OBJECTID": 6843, "CECPlantID": "S0438", "PlantName": "Golden Springs Building H", "Retired_Plant": 0, "OperatorCompanyID": "Thrifty Oil", "County": "Los Angeles", "Capacity_Latest": 1.5, "Units": "1", "PriEnergySource": "SUN", "StartDate": 1426118400000, "CEC_Jurisdictional": "0"}}, {"type": "Feature", "id": 6844, "geometry": {"type": "Point", "coordinates": [-116.490201171301, 33.8079295959577]}, "properties": {"OBJECTID": 6844, "CECPlantID": "B0042", "PlantName": "Wildcat I BESS", "Retired_Plant": 0, "OperatorCompanyID": "Not Available", "County": "Riverside", "Capacity_Latest": 3, "Units": null, "PriEnergySource": "BAT", "StartDate": 1634083200000, "CEC_Jurisdictional": "0"}}, {"type": "Feature", "id": 6845, "geometry": {"type": "Point", "coordinates": [-117.702100380451, 35.0348615617815]}, "properties": {"OBJECTID": 6845, "CECPlantID": "G0625", "PlantName": "U S Borax Inc", "Retired_Plant": 0, "OperatorCompanyID": "Rio Tinto Minerals", "County": "Kern", "Capacity_Latest": 42, "Units": "Unit 1", "PriEnergySource": "NG", "StartDate": 464918400000, "CEC_Jurisdictional": "0"}}, {"type": "Feature", "id": 6846, "geometry": {"type": "Point", "coordinates": [-117.555729604897, 35.006695693506]}, "properties": {"OBJECTID": 6846, "CECPlantID": "S0071", "PlantName": "SEGS III (Retired 6/30/2021)", "Retired_Plant": 1, "OperatorCompanyID": "KJC Operating Company", "County": "San Bernardino", "Capacity_Latest": 0, "Units": "GEN1", "PriEnergySource": "SUN", "StartDate": 535248000000, "CEC_Jurisdictional": "1"}}, {"type": "Feature", "id": 6848, "geometry": {"type": "Point", "coordinates": [-118.930465253132, 34.1954641324646]}, "properties": {"OBJECTID": 6848, "CECPlantID": "B0031", "PlantName": "Acorn I BESS", "Retired_Plant": 0, "OperatorCompanyID": "Not Available", "County": "Ventura", "Capacity_Latest": 1.95, "Units": null, "PriEnergySource": "BAT", "StartDate": 1617148800000, "CEC_Jurisdictional": "0"}}, {"type": "Feature", "id": 6849, "geometry": {"type": "Point", "coordinates": [-118.044057514147, 33.9107636565183]}, "properties": {"OBJECTID": 6849, "CECPlantID": "S0439", "PlantName": "Golden Springs Building M", "Retired_Plant": 0, "OperatorCompanyID": "Thrifty Oil", "County": "Los Angeles", "Capacity_Latest": 1.75, "Units": "1", "PriEnergySource": "SUN", "StartDate": 1457568000000, "CEC_Jurisdictional": "0"}}, {"type": "Feature", "id": 6850, "geometry": {"type": "Point", "coordinates": [-117.555691145396, 35.0123752241344]}, "properties": {"OBJECTID": 6850, "CECPlantID": "S0072", "PlantName": "SEGS IV (Retired 6/30/2021)", "Retired_Plant": 1, "OperatorCompanyID": "KJC Operating Company", "County": "San Bernardino", "Capacity_Latest": 0, "Units": "GEN1", "PriEnergySource": "SUN", "StartDate": 535248000000, "CEC_Jurisdictional": "1"}}, {"type": "Feature", "id": 6852, "geometry": {"type": "Point", "coordinates": [-116.81550700048, 34.2679230004883]}, "properties": {"OBJECTID": 6852, "CECPlantID": "S0898", "PlantName": "BBARWA Palomino", "Retired_Plant": 0, "OperatorCompanyID": null, "County": "San Bernardino", "Capacity_Latest": 1.9, "Units": null, "PriEnergySource": "SUN", "StartDate": 1638316800000, "CEC_Jurisdictional": "0"}}, {"type": "Feature", "id": 6853, "geometry": {"type": "Point", "coordinates": [-118.049009186247, 33.9140499066083]}, "properties": {"OBJECTID": 6853, "CECPlantID": "S0575", "PlantName": "Golden Springs Building G", "Retired_Plant": 0, "OperatorCompanyID": "Thrifty Oil", "County": "Los Angeles", "Capacity_Latest": 1.25, "Units": "Unit 1", "PriEnergySource": "SUN", "StartDate": 1483142400000, "CEC_Jurisdictional": "0"}}, {"type": "Feature", "id": 6854, "geometry": {"type": "Point", "coordinates": [-117.555532817001, 35.0194854459276]}, "properties": {"OBJECTID": 6854, "CECPlantID": "S0074", "PlantName": "SEGS V (Retired 6/30/2021)", "Retired_Plant": 1, "OperatorCompanyID": "KJC Operating Company", "County": "San Bernardino", "Capacity_Latest": 0, "Units": "GEN1", "PriEnergySource": "SUN", "StartDate": 559872000000, "CEC_Jurisdictional": "1"}}, {"type": "Feature", "id": 6856, "geometry": {"type": "Point", "coordinates": [-119.06590228541, 35.0951753044467]}, "properties": {"OBJECTID": 6856, "CECPlantID": "B0181", "PlantName": "AFTW STORAGE", "Retired_Plant": 0, "OperatorCompanyID": "Not Available", "County": "Kern", "Capacity_Latest": 1.14, "Units": null, "PriEnergySource": "BAT", "StartDate": 1746489600000, "CEC_Jurisdictional": "0"}}, {"type": "Feature", "id": 6857, "geometry": {"type": "Point", "coordinates": [-118.041482604853, 33.9124985158562]}, "properties": {"OBJECTID": 6857, "CECPlantID": "S0576", "PlantName": "Golden Springs Building F", "Retired_Plant": 0, "OperatorCompanyID": "Thrifty Oil", "County": "Los Angeles", "Capacity_Latest": 1.3, "Units": "Unit 1", "PriEnergySource": "SUN", "StartDate": 1483142400000, "CEC_Jurisdictional": "0"}}, {"type": "Feature", "id": 6858, "geometry": {"type": "Point", "coordinates": [-117.566069133897, 35.0204994714047]}, "properties": {"OBJECTID": 6858, "CECPlantID": "S0075", "PlantName": "SEGS VI (Retired 6/30/2021)", "Retired_Plant": 1, "OperatorCompanyID": "KJC Operating Company", "County": "San Bernardino", "Capacity_Latest": 0, "Units": "GEN1", "PriEnergySource": "SUN", "StartDate": 599011200000, "CEC_Jurisdictional": "1"}}, {"type": "Feature", "id": 6860, "geometry": {"type": "Point", "coordinates": [-118.98814078471, 35.3154451720811]}, "properties": {"OBJECTID": 6860, "CECPlantID": "S0896", "PlantName": "Bakersfield 111", "Retired_Plant": 0, "OperatorCompanyID": null, "County": "Kern", "Capacity_Latest": 1.4, "Units": null, "PriEnergySource": "SUN", "StartDate": 1435708800000, "CEC_Jurisdictional": "0"}}, {"type": "Feature", "id": 6861, "geometry": {"type": "Point", "coordinates": [-118.049742796243, 33.9124600283896]}, "properties": {"OBJECTID": 6861, "CECPlantID": "S0577", "PlantName": "Golden Springs Building L", "Retired_Plant": 0, "OperatorCompanyID": "Thrifty Oil", "County": "Los Angeles", "Capacity_Latest": 1, "Units": "Unit 1", "PriEnergySource": "SUN", "StartDate": 1483142400000, "CEC_Jurisdictional": "0"}}, {"type": "Feature", "id": 6862, "geometry": {"type": "Point", "coordinates": [-117.566172275395, 35.0146523627543]}, "properties": {"OBJECTID": 6862, "CECPlantID": "S0076", "PlantName": "SEGS VII (Retired 6/30/2021)", "Retired_Plant": 1, "OperatorCompanyID": "FPL Energy Operating Services Inc", "County": "San Bernardino", "Capacity_Latest": 0, "Units": "GEN1", "PriEnergySource": "SUN", "StartDate": 599356800000, "CEC_Jurisdictional": "1"}}, {"type": "Feature", "id": 6864, "geometry": {"type": "Point", "coordinates": [-117.534585195308, 34.0921931895737]}, "properties": {"OBJECTID": 6864, "CECPlantID": "B0019", "PlantName": "Grapeland Hybrid", "Retired_Plant": 0, "OperatorCompanyID": "Not Available", "County": "San Bernardino", "Capacity_Latest": 30, "Units": null, "PriEnergySource": "BAT", "StartDate": 1477612800000, "CEC_Jurisdictional": "0"}}, {"type": "Feature", "id": 6865, "geometry": {"type": "Point", "coordinates": [-118.04989589814, 33.9108615712026]}, "properties": {"OBJECTID": 6865, "CECPlantID": "S0578", "PlantName": "Freeway Springs", "Retired_Plant": 0, "OperatorCompanyID": "Golden Solar LLC (Dulles)", "County": "Los Angeles", "Capacity_Latest": 2, "Units": "Unit 1", "PriEnergySource": "SUN", "StartDate": 1477872000000, "CEC_Jurisdictional": "0"}}, {"type": "Feature", "id": 6866, "geometry": {"type": "Point", "coordinates": [-117.337790117801, 35.0334805855874]}, "properties": {"OBJECTID": 6866, "CECPlantID": "S0073", "PlantName": "SEGS IX", "Retired_Plant": 1, "OperatorCompanyID": "ESI Operating Services Inc", "County": "San Bernardino", "Capacity_Latest": 92, "Units": "GEN1", "PriEnergySource": "SUN", "StartDate": 655603200000, "CEC_Jurisdictional": "1"}}, {"type": "Feature", "id": 6867, "geometry": {"type": "Point", "coordinates": [-117.356530113854, 35.0314707062361]}, "properties": {"OBJECTID": 6867, "CECPlantID": "S0077", "PlantName": "SEGS VIII", "Retired_Plant": 1, "OperatorCompanyID": "ESI Operating Services Inc", "County": "San Bernardino", "Capacity_Latest": 0, "Units": "GEN1", "PriEnergySource": "SUN", "StartDate": 628473600000, "CEC_Jurisdictional": "1"}}, {"type": "Feature", "id": 6869, "geometry": {"type": "Point", "coordinates": [-118.101155033456, 33.7692945185222]}, "properties": {"OBJECTID": 6869, "CECPlantID": "G0011", "PlantName": "Alamitos", "Retired_Plant": 0, "OperatorCompanyID": "AES Alamitos LLC", "County": "Los Angeles", "Capacity_Latest": 1135.27, "Units": "AL 1, AL 2, AL 3, AL 4, AL 5, AL 6, AL 7", "PriEnergySource": "NG", "StartDate": -255139200000, "CEC_Jurisdictional": "0"}}, {"type": "Feature", "id": 6870, "geometry": {"type": "Point", "coordinates": [-117.533807508172, 34.0921593096139]}, "properties": {"OBJECTID": 6870, "CECPlantID": "B0148", "PlantName": "Separator", "Retired_Plant": 0, "OperatorCompanyID": "Not Available", "County": "San Bernardino", "Capacity_Latest": 100, "Units": null, "PriEnergySource": "BAT", "StartDate": 1727136000000, "CEC_Jurisdictional": "0"}}, {"type": "Feature", "id": 6871, "geometry": {"type": "Point", "coordinates": [-117.310349999737, 35.007265031325]}, "properties": {"OBJECTID": 6871, "CECPlantID": "S0104", "PlantName": "Mojave Solar Project", "Retired_Plant": 0, "OperatorCompanyID": "Abengoa Solar", "County": "San Bernardino", "Capacity_Latest": 250, "Units": "Alpha, Beta", "PriEnergySource": "SUN", "StartDate": 1417651200000, "CEC_Jurisdictional": "1"}}, {"type": "Feature", "id": 6872, "geometry": {"type": "Point", "coordinates": [-118.013007145607, 33.9070146878363]}, "properties": {"OBJECTID": 6872, "CECPlantID": "G0054", "PlantName": "Biola University", "Retired_Plant": 0, "OperatorCompanyID": "Biola University", "County": "Los Angeles", "Capacity_Latest": 3.94, "Units": "EG1, EG2, EG3", "PriEnergySource": "NG", "StartDate": 638928000000, "CEC_Jurisdictional": "0"}}, {"type": "Feature", "id": 6875, "geometry": {"type": "Point", "coordinates": [-120.855366269536, 35.2116696419473]}, "properties": {"OBJECTID": 6875, "CECPlantID": "N0001", "PlantName": "Diablo Canyon", "Retired_Plant": 0, "OperatorCompanyID": "Pacific Gas & Electric (PG&E)", "County": "San Luis Obispo", "Capacity_Latest": 2323, "Units": "Unit 201, Unit 202", "PriEnergySource": "NUC", "StartDate": 484272000000, "CEC_Jurisdictional": "0"}}, {"type": "Feature", "id": 6876, "geometry": {"type": "Point", "coordinates": [-118.099309464791, 33.7648239141241]}, "properties": {"OBJECTID": 6876, "CECPlantID": "G0249", "PlantName": "Haynes Generating Station", "Retired_Plant": 0, "OperatorCompanyID": "Los Angeles Department of Water & Power (LADWP)", "County": "Los Angeles", "Capacity_Latest": 1730.3400000000004, "Units": "Unit #1, Unit #10, Unit #11, Unit #12, Unit #13, Unit #14, Unit #15, Unit #16, Unit #2, Unit #3, Unit #4, Unit #5, Unit #6, Unit #8, Unit #9", "PriEnergySource": "NG", "StartDate": -231465600000, "CEC_Jurisdictional": "0"}}, {"type": "Feature", "id": 6879, "geometry": {"type": "Point", "coordinates": [-120.722965789012, 35.3213016477642]}, "properties": {"OBJECTID": 6879, "CECPlantID": "S9077", "PlantName": "California National Guard", "Retired_Plant": 0, "OperatorCompanyID": "Not Available", "County": "San Luis Obispo", "Capacity_Latest": 1, "Units": "1", "PriEnergySource": "SUN", "StartDate": 1325376000000, "CEC_Jurisdictional": "0"}}, {"type": "Feature", "id": 6881, "geometry": {"type": "Point", "coordinates": [-118.354843681065, 34.9015878190367]}, "properties": {"OBJECTID": 6881, "CECPlantID": "B0083", "PlantName": "Tropico Solar Big Beau B", "Retired_Plant": 0, "OperatorCompanyID": "Not Available", "County": "Kern", "Capacity_Latest": 40, "Units": null, "PriEnergySource": "BAT", "StartDate": 1672099200000, "CEC_Jurisdictional": "0"}}, {"type": "Feature", "id": 6882, "geometry": {"type": "Point", "coordinates": [-120.623316395111, 35.1775240470211]}, "properties": {"OBJECTID": 6882, "CECPlantID": "S9129", "PlantName": "Stocker Resources/ Plains Exploration & Production Company", "Retired_Plant": 0, "OperatorCompanyID": "Not Available", "County": "San Luis Obispo", "Capacity_Latest": 1.4, "Units": "1", "PriEnergySource": "SUN", "StartDate": 1325376000000, "CEC_Jurisdictional": "0"}}, {"type": "Feature", "id": 6883, "geometry": {"type": "Point", "coordinates": [-117.986853662174, 33.8068749080731]}, "properties": {"OBJECTID": 6883, "CECPlantID": "G1077", "PlantName": "Stanton Energy Reliability Center", "Retired_Plant": 0, "OperatorCompanyID": "Wellhead Services Inc", "County": "Orange", "Capacity_Latest": 121, "Units": "GT1, GT2", "PriEnergySource": "NG", "StartDate": 1593561600000, "CEC_Jurisdictional": "1"}}, {"type": "Feature", "id": 6885, "geometry": {"type": "Point", "coordinates": [-119.1009572891, 35.0944145062277]}, "properties": {"OBJECTID": 6885, "CECPlantID": "B0219", "PlantName": "Sandrini", "Retired_Plant": 0, "OperatorCompanyID": "Not Available", "County": "Kern", "Capacity_Latest": 92, "Units": null, "PriEnergySource": "BAT", "StartDate": 1769558400000, "CEC_Jurisdictional": "0"}}, {"type": "Feature", "id": 6886, "geometry": {"type": "Point", "coordinates": [-117.854251000458, 33.7150040000571]}, "properties": {"OBJECTID": 6886, "CECPlantID": "B0049", "PlantName": "Orange County Energy Storage 2", "Retired_Plant": 0, "OperatorCompanyID": "Not Available", "County": "Orange", "Capacity_Latest": 9, "Units": null, "PriEnergySource": "BAT", "StartDate": 1638835200000, "CEC_Jurisdictional": "0"}}, {"type": "Feature", "id": 6887, "geometry": {"type": "Point", "coordinates": [-120.599352451205, 35.186845738412]}, "properties": {"OBJECTID": 6887, "CECPlantID": "E0254", "PlantName": "Cold Canyon", "Retired_Plant": 0, "OperatorCompanyID": "Toro Energy of California LLC", "County": "San Luis Obispo", "Capacity_Latest": 1.5, "Units": "CC1", "PriEnergySource": "LFG", "StartDate": 1374364800000, "CEC_Jurisdictional": "0"}}, {"type": "Feature", "id": 6889, "geometry": {"type": "Point", "coordinates": [-117.849918242668, 33.9151259588661]}, "properties": {"OBJECTID": 6889, "CECPlantID": "G0642", "PlantName": "Unocal Fred L Hartley Research Center (Retired 12/31/2001)", "Retired_Plant": 1, "OperatorCompanyID": "Tosco Corporation", "County": "Orange", "Capacity_Latest": 0, "Units": "2382", "PriEnergySource": "NG", "StartDate": 691545600000, "CEC_Jurisdictional": "0"}}, {"type": "Feature", "id": 6890, "geometry": {"type": "Point", "coordinates": [-119.661911923054, 35.3193647266928]}, "properties": {"OBJECTID": 6890, "CECPlantID": "G0339", "PlantName": "McKittrick Cogen", "Retired_Plant": 0, "OperatorCompanyID": "WCAC Operating Company", "County": "Kern", "Capacity_Latest": 47, "Units": "LM5000", "PriEnergySource": "NG", "StartDate": 688953600000, "CEC_Jurisdictional": "0"}}, {"type": "Feature", "id": 6891, "geometry": {"type": "Point", "coordinates": [-117.854251000458, 33.7150040000571]}, "properties": {"OBJECTID": 6891, "CECPlantID": "B0050", "PlantName": "Orange County Energy Storage 3", "Retired_Plant": 0, "OperatorCompanyID": "Not Available", "County": "Orange", "Capacity_Latest": 6, "Units": null, "PriEnergySource": "BAT", "StartDate": 1638835200000, "CEC_Jurisdictional": "0"}}, {"type": "Feature", "id": 6893, "geometry": {"type": "Point", "coordinates": [-117.82931818096, 33.9000188913171]}, "properties": {"OBJECTID": 6893, "CECPlantID": "H0539", "PlantName": "Valley View", "Retired_Plant": 0, "OperatorCompanyID": "Metropolitan Water District", "County": "Orange", "Capacity_Latest": 4.1, "Units": "1", "PriEnergySource": "WAT", "StartDate": 491702400000, "CEC_Jurisdictional": "0"}}, {"type": "Feature", "id": 6894, "geometry": {"type": "Point", "coordinates": [-119.659837663406, 35.3159880334811]}, "properties": {"OBJECTID": 6894, "CECPlantID": "G0600", "PlantName": "McKittrick Cogeneration Plant", "Retired_Plant": 0, "OperatorCompanyID": "Chevron North America Exploration and Production", "County": "Kern", "Capacity_Latest": 11.2, "Units": "McK 1, McK 2, McK1, McK2, McK3", "PriEnergySource": "NG", "StartDate": 1338940800000, "CEC_Jurisdictional": "0"}}, {"type": "Feature", "id": 6895, "geometry": {"type": "Point", "coordinates": [-117.854251000458, 33.7150040000571]}, "properties": {"OBJECTID": 6895, "CECPlantID": "B0036", "PlantName": "Santa Ana Storage", "Retired_Plant": 0, "OperatorCompanyID": "Not Available", "County": "Orange", "Capacity_Latest": 80, "Units": null, "PriEnergySource": "BAT", "StartDate": 1623369600000, "CEC_Jurisdictional": "0"}}, {"type": "Feature", "id": 6897, "geometry": {"type": "Point", "coordinates": [-117.819435454193, 33.9113427331444]}, "properties": {"OBJECTID": 6897, "CECPlantID": "H0577", "PlantName": "Yorba Linda", "Retired_Plant": 0, "OperatorCompanyID": "Metropolitan Water District", "County": "Orange", "Capacity_Latest": 5.09, "Units": "1", "PriEnergySource": "WAT", "StartDate": 365472000000, "CEC_Jurisdictional": "0"}}, {"type": "Feature", "id": 6898, "geometry": {"type": "Point", "coordinates": [-119.59873763185, 35.2762019912511]}, "properties": {"OBJECTID": 6898, "CECPlantID": "G0601", "PlantName": "North Midway Cogeneration Plant", "Retired_Plant": 1, "OperatorCompanyID": "Chevron North America Exploration and Production", "County": "Kern", "Capacity_Latest": 9.6, "Units": "7, 8, 9, Units 5A 5B", "PriEnergySource": "NG", "StartDate": 1647475200000, "CEC_Jurisdictional": "0"}}, {"type": "Feature", "id": 6899, "geometry": {"type": "Point", "coordinates": [-119.054931546114, 34.3570031355248]}, "properties": {"OBJECTID": 6899, "CECPlantID": "B0119", "PlantName": "Santa Paula Energy Storage", "Retired_Plant": 0, "OperatorCompanyID": "Not Available", "County": "Ventura", "Capacity_Latest": 30, "Units": null, "PriEnergySource": "BAT", "StartDate": 1710547200000, "CEC_Jurisdictional": "0"}}, {"type": "Feature", "id": 6901, "geometry": {"type": "Point", "coordinates": [-117.840846923521, 33.9324051583169]}, "properties": {"OBJECTID": 6901, "CECPlantID": "E0249", "PlantName": "Brea Expansion Plant - Brea Power II LLC", "Retired_Plant": 0, "OperatorCompanyID": "Brea Parent 2007 LLC c/o Broadrock Renewables LLC", "County": "Orange", "Capacity_Latest": 32.81, "Units": "1 - 5", "PriEnergySource": "LFG", "StartDate": 1351728000000, "CEC_Jurisdictional": "0"}}, {"type": "Feature", "id": 6902, "geometry": {"type": "Point", "coordinates": [-119.629706203363, 35.2272698253815]}, "properties": {"OBJECTID": 6902, "CECPlantID": "G0358", "PlantName": "Midway-Sunset Cogeneration", "Retired_Plant": 0, "OperatorCompanyID": "Edison Mission Operation & Maintenance Inc", "County": "Kern", "Capacity_Latest": 234, "Units": "A, B, C", "PriEnergySource": "NG", "StartDate": 610588800000, "CEC_Jurisdictional": "1"}}, {"type": "Feature", "id": 6905, "geometry": {"type": "Point", "coordinates": [-119.605775693114, 35.2122366953353]}, "properties": {"OBJECTID": 6905, "CECPlantID": "G0031", "PlantName": "Oxford Cogeneration Facility (Shutdown 12/2006)", "Retired_Plant": 1, "OperatorCompanyID": "Aera Energy LLC", "County": "Kern", "Capacity_Latest": 0, "Units": "1, 2, 3", "PriEnergySource": "NG", "StartDate": 464400000000, "CEC_Jurisdictional": "0"}}, {"type": "Feature", "id": 6906, "geometry": {"type": "Point", "coordinates": [-117.839799035304, 33.931920316321]}, "properties": {"OBJECTID": 6906, "CECPlantID": "E0109", "PlantName": "Brea Power Partners LP (Retired 9/25/2019)", "Retired_Plant": 1, "OperatorCompanyID": "Ridgewood Power Management LLC", "County": "Orange", "Capacity_Latest": 0, "Units": "Gen 1-3", "PriEnergySource": "LFG", "StartDate": 502243200000, "CEC_Jurisdictional": "0"}}, {"type": "Feature", "id": 6908, "geometry": {"type": "Point", "coordinates": [-119.57092189582, 35.194197888653]}, "properties": {"OBJECTID": 6908, "CECPlantID": "G0355", "PlantName": "Mid-Set Cogeneration (Retired 12/31/2016)", "Retired_Plant": 1, "OperatorCompanyID": "Mid-Set Cogeneration Facility", "County": "Kern", "Capacity_Latest": 0, "Units": "K100", "PriEnergySource": "NG", "StartDate": 611539200000, "CEC_Jurisdictional": "0"}}, {"type": "Feature", "id": 6909, "geometry": {"type": "Point", "coordinates": [-117.855983784766, 33.8536536306086]}, "properties": {"OBJECTID": 6909, "CECPlantID": "G0026", "PlantName": "Anaheim CT (Retired 12/31/2019)", "Retired_Plant": 1, "OperatorCompanyID": "Southern California Public Power Authority (SCPPA)", "County": "Orange", "Capacity_Latest": 0, "Units": "1", "PriEnergySource": "NG", "StartDate": 670464000000, "CEC_Jurisdictional": "0"}}, {"type": "Feature", "id": 6910, "geometry": {"type": "Point", "coordinates": [-119.624319975821, 35.2308581170775]}, "properties": {"OBJECTID": 6910, "CECPlantID": "G0357", "PlantName": "MMC Mid-Sun  LLC (Dismantled 4/1/2009)", "Retired_Plant": 1, "OperatorCompanyID": "MMC Energy Inc", "County": "Kern", "Capacity_Latest": 0, "Units": "1", "PriEnergySource": "NG", "StartDate": 1169769600000, "CEC_Jurisdictional": "0"}}, {"type": "Feature", "id": 6911, "geometry": {"type": "Point", "coordinates": [-118.42948621789, 34.2773582051034]}, "properties": {"OBJECTID": 6911, "CECPlantID": "S0953", "PlantName": "CFW Solar X LLC - Vaughn", "Retired_Plant": 0, "OperatorCompanyID": null, "County": "Los Angeles", "Capacity_Latest": 1.6, "Units": null, "PriEnergySource": "SUN", "StartDate": 1543622400000, "CEC_Jurisdictional": "0"}}, {"type": "Feature", "id": 6913, "geometry": {"type": "Point", "coordinates": [-117.8621471112, 33.8585198068135]}, "properties": {"OBJECTID": 6913, "CECPlantID": "G0058", "PlantName": "Canyon Power Plant", "Retired_Plant": 0, "OperatorCompanyID": "Southern California Public Power Authority (SCPPA)", "County": "Orange", "Capacity_Latest": 200.48, "Units": "ANAHM_2 CTG 1, ANAHM_2 CTG 2, ANAHM_2 CTG 3, ANAHM_2 CTG 4", "PriEnergySource": "NG", "StartDate": 1316044800000, "CEC_Jurisdictional": "1"}}, {"type": "Feature", "id": 6914, "geometry": {"type": "Point", "coordinates": [-119.583102531227, 35.2207894466018]}, "properties": {"OBJECTID": 6914, "CECPlantID": "G0627", "PlantName": "Dome Lease Project", "Retired_Plant": 0, "OperatorCompanyID": "Sentinel Peak Resources California LLC", "County": "Kern", "Capacity_Latest": 6, "Units": "T1, T2", "PriEnergySource": "NG", "StartDate": 901929600000, "CEC_Jurisdictional": "0"}}, {"type": "Feature", "id": 6915, "geometry": {"type": "Point", "coordinates": [-118.430141018586, 34.3202197607355]}, "properties": {"OBJECTID": 6915, "CECPlantID": "S0949", "PlantName": "Maclay Solar Project", "Retired_Plant": 0, "OperatorCompanyID": null, "County": "Los Angeles", "Capacity_Latest": 2, "Units": null, "PriEnergySource": "SUN", "StartDate": 1491004800000, "CEC_Jurisdictional": "0"}}, {"type": "Feature", "id": 6916, "geometry": {"type": "Point", "coordinates": [-117.855950414129, 33.9329972705379]}, "properties": {"OBJECTID": 6916, "CECPlantID": "G0804", "PlantName": "Linn Western Processing Generating Facility (Blacksand)", "Retired_Plant": 0, "OperatorCompanyID": "Bridge Energy, LLC", "County": "Orange", "Capacity_Latest": 16.33, "Units": "1, 182, 183, 190", "PriEnergySource": "NG", "StartDate": 1023321600000, "CEC_Jurisdictional": "0"}}, {"type": "Feature", "id": 6918, "geometry": {"type": "Point", "coordinates": [-119.470578611285, 35.2786346184351]}, "properties": {"OBJECTID": 6918, "CECPlantID": "G0775", "PlantName": "Elk Hills CoGeneration", "Retired_Plant": 0, "OperatorCompanyID": "California Resources Corporation", "County": "Kern", "Capacity_Latest": 46.6, "Units": "1, 2", "PriEnergySource": "NG", "StartDate": 783648000000, "CEC_Jurisdictional": "0"}}, {"type": "Feature", "id": 6919, "geometry": {"type": "Point", "coordinates": [-117.031585999833, 32.9399690001609]}, "properties": {"OBJECTID": 6919, "CECPlantID": "B0208", "PlantName": "POME BESS", "Retired_Plant": 0, "OperatorCompanyID": "Not Available", "County": "San Diego", "Capacity_Latest": 100, "Units": null, "PriEnergySource": "BAT", "StartDate": 1758844800000, "CEC_Jurisdictional": "0"}}, {"type": "Feature", "id": 6920, "geometry": {"type": "Point", "coordinates": [-117.888426999943, 33.7869290002885]}, "properties": {"OBJECTID": 6920, "CECPlantID": "F0003", "PlantName": "UCI Fuel Cell (Retired 8-12-2023)", "Retired_Plant": 1, "OperatorCompanyID": "Fuel Cell Energy", "County": "Orange", "Capacity_Latest": 0, "Units": "MB16", "PriEnergySource": "NG", "StartDate": 1450137600000, "CEC_Jurisdictional": "0"}}, {"type": "Feature", "id": 6922, "geometry": {"type": "Point", "coordinates": [-119.592210372585, 35.2956335166226]}, "properties": {"OBJECTID": 6922, "CECPlantID": "G0781", "PlantName": "La Paloma Generating", "Retired_Plant": 0, "OperatorCompanyID": "La Paloma Generating", "County": "Kern", "Capacity_Latest": 1200, "Units": "Gen-1, Gen-2, Gen-3, Gen-4", "PriEnergySource": "NG", "StartDate": 1041811200000, "CEC_Jurisdictional": "1"}}, {"type": "Feature", "id": 6924, "geometry": {"type": "Point", "coordinates": [-117.608302212643, 33.8912019316522]}, "properties": {"OBJECTID": 6924, "CECPlantID": "G0923", "PlantName": "Clearwater", "Retired_Plant": 0, "OperatorCompanyID": "City of Riverside Public Utilities Department", "County": "Riverside", "Capacity_Latest": 49, "Units": "CT1, ST1", "PriEnergySource": "NG", "StartDate": 1109635200000, "CEC_Jurisdictional": "0"}}, {"type": "Feature", "id": 6926, "geometry": {"type": "Point", "coordinates": [-119.584107323443, 35.2104602124916]}, "properties": {"OBJECTID": 6926, "CECPlantID": "G0784", "PlantName": "Sunrise Power", "Retired_Plant": 0, "OperatorCompanyID": "Sunrise Power Company LLC", "County": "Kern", "Capacity_Latest": 572, "Units": "ST, X718, X718-719, X719", "PriEnergySource": "NG", "StartDate": 1051747200000, "CEC_Jurisdictional": "1"}}, {"type": "Feature", "id": 6929, "geometry": {"type": "Point", "coordinates": [-117.6108011805, 33.8591005688675]}, "properties": {"OBJECTID": 6929, "CECPlantID": "H0114", "PlantName": "Corona", "Retired_Plant": 0, "OperatorCompanyID": "Metropolitan Water District", "County": "Riverside", "Capacity_Latest": 2.85, "Units": "1", "PriEnergySource": "WAT", "StartDate": 420595200000, "CEC_Jurisdictional": "0"}}, {"type": "Feature", "id": 6930, "geometry": {"type": "Point", "coordinates": [-119.470083341374, 35.280465904652]}, "properties": {"OBJECTID": 6930, "CECPlantID": "G0799", "PlantName": "Elk Hills Power  LLC", "Retired_Plant": 0, "OperatorCompanyID": "Elk Hills Power LLC", "County": "Kern", "Capacity_Latest": 567, "Units": "CTG1, CTG2, STG", "PriEnergySource": "NG", "StartDate": 1057017600000, "CEC_Jurisdictional": "1"}}, {"type": "Feature", "id": 6932, "geometry": {"type": "Point", "coordinates": [-117.233900485928, 33.3854545769333]}, "properties": {"OBJECTID": 6932, "CECPlantID": "B0084", "PlantName": "Fallbrook Energy Storage", "Retired_Plant": 0, "OperatorCompanyID": "Not Available", "County": "San Diego", "Capacity_Latest": 40, "Units": null, "PriEnergySource": "BAT", "StartDate": 1683072000000, "CEC_Jurisdictional": "0"}}, {"type": "Feature", "id": 6933, "geometry": {"type": "Point", "coordinates": [-117.588146809274, 33.8921001698777]}, "properties": {"OBJECTID": 6933, "CECPlantID": "S0379", "PlantName": "SCE - Corona", "Retired_Plant": 0, "OperatorCompanyID": "EDP Renewables North America LLC", "County": "Riverside", "Capacity_Latest": 0.99, "Units": "1", "PriEnergySource": "SUN", "StartDate": 1365984000000, "CEC_Jurisdictional": "0"}}, {"type": "Feature", "id": 6934, "geometry": {"type": "Point", "coordinates": [-119.596159590855, 35.2372986624698]}, "properties": {"OBJECTID": 6934, "CECPlantID": "S9416", "PlantName": "Pumpjack Solar 1 PV", "Retired_Plant": 0, "OperatorCompanyID": "Clearway Energy", "County": "Kern", "Capacity_Latest": 20, "Units": "1", "PriEnergySource": "SUN", "StartDate": 1419292800000, "CEC_Jurisdictional": "0"}}, {"type": "Feature", "id": 6936, "geometry": {"type": "Point", "coordinates": [-117.348903791696, 34.0951407114007]}, "properties": {"OBJECTID": 6936, "CECPlantID": "S0908", "PlantName": "Colton Solar One, LLC", "Retired_Plant": 0, "OperatorCompanyID": null, "County": "San Bernardino", "Capacity_Latest": 2.5, "Units": null, "PriEnergySource": "SUN", "StartDate": 1401580800000, "CEC_Jurisdictional": "0"}}, {"type": "Feature", "id": 6937, "geometry": {"type": "Point", "coordinates": [-117.580344508917, 33.8917978212783]}, "properties": {"OBJECTID": 6937, "CECPlantID": "G0149", "PlantName": "Corona Cogen (Retired)", "Retired_Plant": 1, "OperatorCompanyID": "WCAC Operating Company", "County": "Riverside", "Capacity_Latest": 0, "Units": "Unit 1", "PriEnergySource": "NG", "StartDate": 581126400000, "CEC_Jurisdictional": "0"}}, {"type": "Feature", "id": 6938, "geometry": {"type": "Point", "coordinates": [-119.387258000526, 35.211044000686]}, "properties": {"OBJECTID": 6938, "CECPlantID": "S0551", "PlantName": "Castor Solar Project", "Retired_Plant": 0, "OperatorCompanyID": "Green Light Energy Corporation", "County": "Kern", "Capacity_Latest": 1.5, "Units": "Unit 1", "PriEnergySource": "SUN", "StartDate": 1459555200000, "CEC_Jurisdictional": "0"}}, {"type": "Feature", "id": 6940, "geometry": {"type": "Point", "coordinates": [-118.395238212055, 34.8474533998022]}, "properties": {"OBJECTID": 6940, "CECPlantID": "B0130", "PlantName": "Rosamond West Solar Central BESS", "Retired_Plant": 0, "OperatorCompanyID": "Not Available", "County": "Kern", "Capacity_Latest": 147, "Units": null, "PriEnergySource": "BAT", "StartDate": 1714608000000, "CEC_Jurisdictional": "0"}}, {"type": "Feature", "id": 6941, "geometry": {"type": "Point", "coordinates": [-117.453674835319, 33.8552190261594]}, "properties": {"OBJECTID": 6941, "CECPlantID": "H0282", "PlantName": "Lake Mathews", "Retired_Plant": 0, "OperatorCompanyID": "Metropolitan Water District", "County": "Riverside", "Capacity_Latest": 4.9, "Units": "1", "PriEnergySource": "WAT", "StartDate": 325987200000, "CEC_Jurisdictional": "0"}}, {"type": "Feature", "id": 6942, "geometry": {"type": "Point", "coordinates": [-119.303603710312, 35.3028495282478]}, "properties": {"OBJECTID": 6942, "CECPlantID": "S9067", "PlantName": "Inergy Propoane LLC", "Retired_Plant": 0, "OperatorCompanyID": "Not Available", "County": "Kern", "Capacity_Latest": 1, "Units": "1", "PriEnergySource": "SUN", "StartDate": 1325376000000, "CEC_Jurisdictional": "0"}}, {"type": "Feature", "id": 6943, "geometry": {"type": "Point", "coordinates": [-117.20333609037, 32.7023642971196]}, "properties": {"OBJECTID": 6943, "CECPlantID": "G0986", "PlantName": "Backup Generation - Navy Regional Data Automation Center", "Retired_Plant": 1, "OperatorCompanyID": "Navy Public Works", "County": "San Diego", "Capacity_Latest": 0, "Units": "1TG", "PriEnergySource": "NG", "StartDate": 567993600000, "CEC_Jurisdictional": "0"}}, {"type": "Feature", "id": 6944, "geometry": {"type": "Point", "coordinates": [-119.42502157002, 35.1490807130244]}, "properties": {"OBJECTID": 6944, "CECPlantID": "S9195", "PlantName": "Ignite Solar LLC_(Alkali Gardner A)", "Retired_Plant": 0, "OperatorCompanyID": "Not Available", "County": "Kern", "Capacity_Latest": 1.5, "Units": "Unit 1", "PriEnergySource": "SUN", "StartDate": 1388448000000, "CEC_Jurisdictional": "0"}}, {"type": "Feature", "id": 6945, "geometry": {"type": "Point", "coordinates": [-117.497063824077, 33.8342346083541]}, "properties": {"OBJECTID": 6945, "CECPlantID": "H0509", "PlantName": "Temescal", "Retired_Plant": 0, "OperatorCompanyID": "Metropolitan Water District", "County": "Riverside", "Capacity_Latest": 2.85, "Units": "1", "PriEnergySource": "WAT", "StartDate": 418003200000, "CEC_Jurisdictional": "0"}}, {"type": "Feature", "id": 6946, "geometry": {"type": "Point", "coordinates": [-119.238481990882, 35.1302450815259]}, "properties": {"OBJECTID": 6946, "CECPlantID": "S0525", "PlantName": "Algonquin Power SKIC 20 Solar LLC", "Retired_Plant": 0, "OperatorCompanyID": "Ethos Energy", "County": "Kern", "Capacity_Latest": 20, "Units": "PV", "PriEnergySource": "SUN", "StartDate": 1431648000000, "CEC_Jurisdictional": "0"}}, {"type": "Feature", "id": 6949, "geometry": {"type": "Point", "coordinates": [-117.511570128048, 33.8278096868161]}, "properties": {"OBJECTID": 6949, "CECPlantID": "S0133", "PlantName": "Temescal Canyon RV  LLC", "Retired_Plant": 0, "OperatorCompanyID": "Temescal Canyon RV LLC", "County": "Riverside", "Capacity_Latest": 1.5, "Units": "1", "PriEnergySource": "SUN", "StartDate": 1305590400000, "CEC_Jurisdictional": "0"}}, {"type": "Feature", "id": 6950, "geometry": {"type": "Point", "coordinates": [-118.377808743759, 34.8431688283844]}, "properties": {"OBJECTID": 6950, "CECPlantID": "B0201", "PlantName": "Rosamond South 1", "Retired_Plant": 0, "OperatorCompanyID": "Not Available", "County": "Kern", "Capacity_Latest": 117, "Units": null, "PriEnergySource": "BAT", "StartDate": 1754006400000, "CEC_Jurisdictional": "0"}}, {"type": "Feature", "id": 6951, "geometry": {"type": "Point", "coordinates": [-119.249625530526, 35.1282856876415]}, "properties": {"OBJECTID": 6951, "CECPlantID": "S9208", "PlantName": "South Kern Solar 1 (1) (SKIC 2012 PV RFO - 1) (duplicate of S0606)", "Retired_Plant": 0, "OperatorCompanyID": "Not Available", "County": "Kern", "Capacity_Latest": 10, "Units": "Unit 1", "PriEnergySource": "SUN", "StartDate": 1483142400000, "CEC_Jurisdictional": "0"}}, {"type": "Feature", "id": 6953, "geometry": {"type": "Point", "coordinates": [-117.539154909866, 33.8666606457125]}, "properties": {"OBJECTID": 6953, "CECPlantID": "E0139", "PlantName": "Corona Landfill - Retired Dec 2004", "Retired_Plant": 1, "OperatorCompanyID": "NEO Corporation", "County": "Riverside", "Capacity_Latest": 0, "Units": "UNT1", "PriEnergySource": "LFG", "StartDate": 662688000000, "CEC_Jurisdictional": "0"}}, {"type": "Feature", "id": 6954, "geometry": {"type": "Point", "coordinates": [-118.376841558277, 34.8395318900513]}, "properties": {"OBJECTID": 6954, "CECPlantID": "S0994", "PlantName": "Rosamond South 1", "Retired_Plant": 0, "OperatorCompanyID": null, "County": "Kern", "Capacity_Latest": 140, "Units": null, "PriEnergySource": "SUN", "StartDate": 1754956800000, "CEC_Jurisdictional": "0"}}, {"type": "Feature", "id": 6955, "geometry": {"type": "Point", "coordinates": [-119.108642405897, 35.1884507285029]}, "properties": {"OBJECTID": 6955, "CECPlantID": "E0257", "PlantName": "ABEC Bidart-Old River LLC", "Retired_Plant": 0, "OperatorCompanyID": "California Bioenergy LLC", "County": "Kern", "Capacity_Latest": 3.6, "Units": "1", "PriEnergySource": "OBG", "StartDate": 1394409600000, "CEC_Jurisdictional": "0"}}, {"type": "Feature", "id": 6957, "geometry": {"type": "Point", "coordinates": [-117.474847917058, 33.7938007909653]}, "properties": {"OBJECTID": 6957, "CECPlantID": "E0207", "PlantName": "El Sobrante Landfill (Retired 9/30/2016)", "Retired_Plant": 1, "OperatorCompanyID": "WM Energy Solutions Inc", "County": "Riverside", "Capacity_Latest": 0, "Units": "1, 2, 3", "PriEnergySource": "LFG", "StartDate": 1101859200000, "CEC_Jurisdictional": "0"}}, {"type": "Feature", "id": 6958, "geometry": {"type": "Point", "coordinates": [-118.305655000092, 33.8483729999622]}, "properties": {"OBJECTID": 6958, "CECPlantID": "S0923", "PlantName": "Francisco St. Solar", "Retired_Plant": 0, "OperatorCompanyID": null, "County": "Los Angeles", "Capacity_Latest": 1.2, "Units": null, "PriEnergySource": "SUN", "StartDate": 1543622400000, "CEC_Jurisdictional": "0"}}, {"type": "Feature", "id": 6959, "geometry": {"type": "Point", "coordinates": [-119.116421989772, 35.1730617884326]}, "properties": {"OBJECTID": 6959, "CECPlantID": "E0306", "PlantName": "Carlos Echeverria and Sons Dairy Biogas (<1MW)", "Retired_Plant": 0, "OperatorCompanyID": "California Bioenergy LLC", "County": "Kern", "Capacity_Latest": 0.99, "Units": "Unit 1", "PriEnergySource": "OBG", "StartDate": 1518480000000, "CEC_Jurisdictional": "0"}}, {"type": "Feature", "id": 6961, "geometry": {"type": "Point", "coordinates": [-117.293517569811, 33.9301880976579]}, "properties": {"OBJECTID": 6961, "CECPlantID": "G0912", "PlantName": "Springs Generation Project", "Retired_Plant": 0, "OperatorCompanyID": "City of Riverside Public Utilities Department", "County": "Riverside", "Capacity_Latest": 40, "Units": "1, 2, 3, 4", "PriEnergySource": "NG", "StartDate": 1026864000000, "CEC_Jurisdictional": "0"}}, {"type": "Feature", "id": 6962, "geometry": {"type": "Point", "coordinates": [-115.670313843387, 32.6772899206278]}, "properties": {"OBJECTID": 6962, "CECPlantID": "B0075", "PlantName": "LeConte Energy Storage", "Retired_Plant": 0, "OperatorCompanyID": "Not Available", "County": "Imperial", "Capacity_Latest": 125, "Units": null, "PriEnergySource": "BAT", "StartDate": 1661990400000, "CEC_Jurisdictional": "0"}}, {"type": "Feature", "id": 6963, "geometry": {"type": "Point", "coordinates": [-119.202933944719, 35.2143006503729]}, "properties": {"OBJECTID": 6963, "CECPlantID": "E0308", "PlantName": "Lakeview Farms LLC (<1MW)", "Retired_Plant": 0, "OperatorCompanyID": "California Bioenergy LLC", "County": "Kern", "Capacity_Latest": 0.99, "Units": "Unit 1", "PriEnergySource": "OBG", "StartDate": 1518480000000, "CEC_Jurisdictional": "0"}}, {"type": "Feature", "id": 6964, "geometry": {"type": "Point", "coordinates": [-117.768088999868, 33.6645230000746]}, "properties": {"OBJECTID": 6964, "CECPlantID": "B0172", "PlantName": "HEBT Irvine 2", "Retired_Plant": 0, "OperatorCompanyID": "Not Available", "County": "Orange", "Capacity_Latest": 5.8, "Units": null, "PriEnergySource": "BAT", "StartDate": 1533081600000, "CEC_Jurisdictional": "0"}}, {"type": "Feature", "id": 6965, "geometry": {"type": "Point", "coordinates": [-117.222952889356, 33.838930801093]}, "properties": {"OBJECTID": 6965, "CECPlantID": "S0202", "PlantName": "SPVP044 Perris (Valley) (retired 7/2019)", "Retired_Plant": 1, "OperatorCompanyID": "Southern California Edison (SCE)", "County": "Riverside", "Capacity_Latest": 0, "Units": "1", "PriEnergySource": "SUN", "StartDate": 1347580800000, "CEC_Jurisdictional": "0"}}, {"type": "Feature", "id": 6967, "geometry": {"type": "Point", "coordinates": [-117.221238114218, 33.866007160307]}, "properties": {"OBJECTID": 6967, "CECPlantID": "S0364", "PlantName": "Walgreens - Moreno Valley", "Retired_Plant": 0, "OperatorCompanyID": "EDP Renewables North America LLC", "County": "Riverside", "Capacity_Latest": 1, "Units": "1", "PriEnergySource": "SUN", "StartDate": 1190764800000, "CEC_Jurisdictional": "0"}}, {"type": "Feature", "id": 6969, "geometry": {"type": "Point", "coordinates": [-118.918317662358, 35.295543956335]}, "properties": {"OBJECTID": 6969, "CECPlantID": "G1073", "PlantName": "Kern Oil & Refining Bakersfield Refinery", "Retired_Plant": 0, "OperatorCompanyID": "Kern Energy", "County": "Kern", "Capacity_Latest": 4.5, "Units": "58100", "PriEnergySource": "NG", "StartDate": 1033430400000, "CEC_Jurisdictional": "0"}}, {"type": "Feature", "id": 6971, "geometry": {"type": "Point", "coordinates": [-116.573396002723, 33.9312826178955]}, "properties": {"OBJECTID": 6971, "CECPlantID": "B0127", "PlantName": "Marvel", "Retired_Plant": 0, "OperatorCompanyID": "Not Available", "County": "Riverside", "Capacity_Latest": 325, "Units": null, "PriEnergySource": "BAT", "StartDate": 1714003200000, "CEC_Jurisdictional": "0"}}, {"type": "Feature", "id": 6972, "geometry": {"type": "Point", "coordinates": [-117.283667911412, 33.8964710103385]}, "properties": {"OBJECTID": 6972, "CECPlantID": "S0441", "PlantName": "Park Meridian", "Retired_Plant": 0, "OperatorCompanyID": "Altus Power", "County": "Riverside", "Capacity_Latest": 1.49, "Units": "PM", "PriEnergySource": "SUN", "StartDate": 1427328000000, "CEC_Jurisdictional": "0"}}, {"type": "Feature", "id": 6973, "geometry": {"type": "Point", "coordinates": [-119.085140007967, 35.2205623662709]}, "properties": {"OBJECTID": 6973, "CECPlantID": "S0316", "PlantName": "Old River One LLC", "Retired_Plant": 0, "OperatorCompanyID": "Onward Energy", "County": "Kern", "Capacity_Latest": 20, "Units": "1", "PriEnergySource": "SUN", "StartDate": 1418774400000, "CEC_Jurisdictional": "0"}}, {"type": "Feature", "id": 6975, "geometry": {"type": "Point", "coordinates": [-116.571582479977, 33.9259340743677]}, "properties": {"OBJECTID": 6975, "CECPlantID": "B0128", "PlantName": "Marvel 2", "Retired_Plant": 0, "OperatorCompanyID": "Not Available", "County": "Riverside", "Capacity_Latest": 74.94, "Units": null, "PriEnergySource": "BAT", "StartDate": 1714003200000, "CEC_Jurisdictional": "0"}}, {"type": "Feature", "id": 6976, "geometry": {"type": "Point", "coordinates": [-117.183192170267, 33.8360561739647]}, "properties": {"OBJECTID": 6976, "CECPlantID": "H0382", "PlantName": "Perris", "Retired_Plant": 0, "OperatorCompanyID": "Metropolitan Water District", "County": "Riverside", "Capacity_Latest": 7.94, "Units": "1", "PriEnergySource": "WAT", "StartDate": 412905600000, "CEC_Jurisdictional": "0"}}, {"type": "Feature", "id": 6977, "geometry": {"type": "Point", "coordinates": [-118.988465126719, 35.3149591560107]}, "properties": {"OBJECTID": 6977, "CECPlantID": "S9193", "PlantName": "KDW Solar 1  LLC  (KDW Solar 1 )", "Retired_Plant": 0, "OperatorCompanyID": "Not Available", "County": "Kern", "Capacity_Latest": 1.5, "Units": "Unit 1", "PriEnergySource": "SUN", "StartDate": 1356912000000, "CEC_Jurisdictional": "0"}}, {"type": "Feature", "id": 6980, "geometry": {"type": "Point", "coordinates": [-117.019512555621, 33.7687994012161]}, "properties": {"OBJECTID": 6980, "CECPlantID": "S0416", "PlantName": "Tahquitz High School", "Retired_Plant": 0, "OperatorCompanyID": "S-Power (Sustainable Power Group)", "County": "Riverside", "Capacity_Latest": 1, "Units": "1", "PriEnergySource": "SUN", "StartDate": 1346457600000, "CEC_Jurisdictional": "0"}}, {"type": "Feature", "id": 6981, "geometry": {"type": "Point", "coordinates": [-118.92908785397, 35.2828500213507]}, "properties": {"OBJECTID": 6981, "CECPlantID": "S9199", "PlantName": "KDW Solar 2  LLC", "Retired_Plant": 0, "OperatorCompanyID": "Not Available", "County": "Kern", "Capacity_Latest": 1.5, "Units": "Unit 1", "PriEnergySource": "SUN", "StartDate": 1388448000000, "CEC_Jurisdictional": "0"}}, {"type": "Feature", "id": 6982, "geometry": {"type": "Point", "coordinates": [-114.733599445276, 33.5863982474082]}, "properties": {"OBJECTID": 6982, "CECPlantID": "B0082", "PlantName": "Blythe Mesa Solar 2 BESS", "Retired_Plant": 0, "OperatorCompanyID": "Not Available", "County": "Riverside", "Capacity_Latest": 112, "Units": null, "PriEnergySource": "BAT", "StartDate": 1671580800000, "CEC_Jurisdictional": "0"}}, {"type": "Feature", "id": 6984, "geometry": {"type": "Point", "coordinates": [-116.81463777479, 33.9171106868236]}, "properties": {"OBJECTID": 6984, "CECPlantID": "W0401", "PlantName": "Robertsons Ready-Mix", "Retired_Plant": 0, "OperatorCompanyID": "Foundation Windpower", "County": "Riverside", "Capacity_Latest": 2, "Units": "WPRS 1", "PriEnergySource": "WND", "StartDate": 1354320000000, "CEC_Jurisdictional": "0"}}, {"type": "Feature", "id": 6985, "geometry": {"type": "Point", "coordinates": [-117.405254000345, 34.1313950003373]}, "properties": {"OBJECTID": 6985, "CECPlantID": "S0967", "PlantName": "DG Amazon LGB7", "Retired_Plant": 0, "OperatorCompanyID": "NextEra Energy Resources LLC", "County": "San Bernardino", "Capacity_Latest": 4.8, "Units": null, "PriEnergySource": "SUN", "StartDate": 1571443200000, "CEC_Jurisdictional": "0"}}, {"type": "Feature", "id": 6986, "geometry": {"type": "Point", "coordinates": [-118.888714411754, 35.1453679315064]}, "properties": {"OBJECTID": 6986, "CECPlantID": "S0306", "PlantName": "Orion 1 Solar", "Retired_Plant": 0, "OperatorCompanyID": "Longroad Energy", "County": "Kern", "Capacity_Latest": 12, "Units": "1", "PriEnergySource": "SUN", "StartDate": 1396310400000, "CEC_Jurisdictional": "0"}}, {"type": "Feature", "id": 6987, "geometry": {"type": "Point", "coordinates": [-116.640569933775, 33.9347076365622]}, "properties": {"OBJECTID": 6987, "CECPlantID": "H0136", "PlantName": "Whitewater Hydroelectric Plant", "Retired_Plant": 0, "OperatorCompanyID": "Desert Water Agency", "County": "Riverside", "Capacity_Latest": 1.38, "Units": "WWH1", "PriEnergySource": "WAT", "StartDate": 510019200000, "CEC_Jurisdictional": "0"}}, {"type": "Feature", "id": 6989, "geometry": {"type": "Point", "coordinates": [-117.639583563524, 33.9477312803133]}, "properties": {"OBJECTID": 6989, "CECPlantID": "S0906", "PlantName": "CA Institute for Women", "Retired_Plant": 0, "OperatorCompanyID": null, "County": "San Bernardino", "Capacity_Latest": 1, "Units": null, "PriEnergySource": "SUN", "StartDate": 1580515200000, "CEC_Jurisdictional": "0"}}, {"type": "Feature", "id": 6990, "geometry": {"type": "Point", "coordinates": [-118.847547478766, 35.3075994959636]}, "properties": {"OBJECTID": 6990, "CECPlantID": "S0321", "PlantName": "Regulus Solar", "Retired_Plant": 0, "OperatorCompanyID": "Not Available", "County": "Kern", "Capacity_Latest": 60, "Units": "1", "PriEnergySource": "SUN", "StartDate": 1414713600000, "CEC_Jurisdictional": "0"}}, {"type": "Feature", "id": 6991, "geometry": {"type": "Point", "coordinates": [-116.710556717453, 33.9150689113708]}, "properties": {"OBJECTID": 6991, "CECPlantID": "W0258", "PlantName": "Cabazon Wind Partners, LLC", "Retired_Plant": 0, "OperatorCompanyID": "Not Available", "County": "Riverside", "Capacity_Latest": 40.92, "Units": "WPRS 1", "PriEnergySource": "WND", "StartDate": 470880000000, "CEC_Jurisdictional": "0"}}, {"type": "Feature", "id": 6994, "geometry": {"type": "Point", "coordinates": [-118.809425155185, 35.3155510041495]}, "properties": {"OBJECTID": 6994, "CECPlantID": "S0431", "PlantName": "Redcrest Solar Farm", "Retired_Plant": 0, "OperatorCompanyID": "S-Power (Sustainable Power Group)", "County": "Kern", "Capacity_Latest": 16.66, "Units": "Unit 1", "PriEnergySource": "SUN", "StartDate": 1446163200000, "CEC_Jurisdictional": "0"}}, {"type": "Feature", "id": 6995, "geometry": {"type": "Point", "coordinates": [-116.676733389089, 33.9469623269852]}, "properties": {"OBJECTID": 6995, "CECPlantID": "W0260", "PlantName": "Mesa Wind Power Corporation", "Retired_Plant": 0, "OperatorCompanyID": "Mesa Wind Power Corporation", "County": "Riverside", "Capacity_Latest": 29.9, "Units": "WPRS 1", "PriEnergySource": "WND", "StartDate": 470534400000, "CEC_Jurisdictional": "0"}}, {"type": "Feature", "id": 6996, "geometry": {"type": "Point", "coordinates": [-118.816987798628, 35.3176194538974]}, "properties": {"OBJECTID": 6996, "CECPlantID": "S9080", "PlantName": "Vaquero Energy Inc.", "Retired_Plant": 0, "OperatorCompanyID": "Not Available", "County": "Kern", "Capacity_Latest": 1, "Units": "1", "PriEnergySource": "SUN", "StartDate": 1325376000000, "CEC_Jurisdictional": "0"}}, {"type": "Feature", "id": 6999, "geometry": {"type": "Point", "coordinates": [-116.623472377373, 33.942122430383]}, "properties": {"OBJECTID": 6999, "CECPlantID": "W0268", "PlantName": "Windparks Unlimited 1 and 2 (retired 11/30/2019)", "Retired_Plant": 1, "OperatorCompanyID": "EUI Management PH Inc", "County": "Riverside", "Capacity_Latest": 0, "Units": "WPRS 1", "PriEnergySource": "WND", "StartDate": 410227200000, "CEC_Jurisdictional": "0"}}, {"type": "Feature", "id": 7000, "geometry": {"type": "Point", "coordinates": [-118.869977740792, 35.2456450551232]}, "properties": {"OBJECTID": 7000, "CECPlantID": "S9087", "PlantName": "Grimmway Enterprises  Inc.", "Retired_Plant": 0, "OperatorCompanyID": "Not Available", "County": "Kern", "Capacity_Latest": 1, "Units": "1", "PriEnergySource": "SUN", "StartDate": 1325376000000, "CEC_Jurisdictional": "0"}}, {"type": "Feature", "id": 7002, "geometry": {"type": "Point", "coordinates": [-119.585962816112, 34.9044827881819]}, "properties": {"OBJECTID": 7002, "CECPlantID": "B0114", "PlantName": "SEPV Barbara 3", "Retired_Plant": 0, "OperatorCompanyID": "Not Available", "County": "Santa Barbara", "Capacity_Latest": 3, "Units": null, "PriEnergySource": "HBD", "StartDate": 1704153600000, "CEC_Jurisdictional": "0"}}, {"type": "Feature", "id": 7003, "geometry": {"type": "Point", "coordinates": [-116.736242948763, 33.9128292356814]}, "properties": {"OBJECTID": 7003, "CECPlantID": "W0292", "PlantName": "Altech III (NAWP Inc. - 6087) (retired 9/30/2019)", "Retired_Plant": 1, "OperatorCompanyID": "Seawest Energy Group", "County": "Riverside", "Capacity_Latest": 0, "Units": "WPRS 1", "PriEnergySource": "WND", "StartDate": 410227200000, "CEC_Jurisdictional": "0"}}, {"type": "Feature", "id": 7004, "geometry": {"type": "Point", "coordinates": [-116.663314353584, 33.9450163465046]}, "properties": {"OBJECTID": 7004, "CECPlantID": "W0382", "PlantName": "Alta Mesa Phase III - In Litigation - No reporting", "Retired_Plant": 0, "OperatorCompanyID": "See WPRS for details", "County": "Riverside", "Capacity_Latest": 9.5, "Units": "WPRS 1", "PriEnergySource": "WND", "StartDate": 852076800000, "CEC_Jurisdictional": "0"}}, {"type": "Feature", "id": 7005, "geometry": {"type": "Point", "coordinates": [-118.869993311937, 35.2472049452849]}, "properties": {"OBJECTID": 7005, "CECPlantID": "S9088", "PlantName": "Grimmway Enterprises  Inc.", "Retired_Plant": 0, "OperatorCompanyID": "Not Available", "County": "Kern", "Capacity_Latest": 1, "Units": "1", "PriEnergySource": "SUN", "StartDate": 1325376000000, "CEC_Jurisdictional": "0"}}, {"type": "Feature", "id": 7006, "geometry": {"type": "Point", "coordinates": [-114.993873753287, 35.8314845775113]}, "properties": {"OBJECTID": 7006, "CECPlantID": "B0193", "PlantName": "Tahoe", "Retired_Plant": 0, "OperatorCompanyID": "Not Available", "County": "Clark", "Capacity_Latest": 279, "Units": null, "PriEnergySource": "BAT", "StartDate": 1749081600000, "CEC_Jurisdictional": "0"}}, {"type": "Feature", "id": 7007, "geometry": {"type": "Point", "coordinates": [-116.751683856854, 33.9177438403977]}, "properties": {"OBJECTID": 7007, "CECPlantID": "W0402", "PlantName": "Nestle Waters", "Retired_Plant": 0, "OperatorCompanyID": "Foundation Windpower", "County": "Riverside", "Capacity_Latest": 3.24, "Units": "WPRS 1", "PriEnergySource": "WND", "StartDate": 1354320000000, "CEC_Jurisdictional": "0"}}, {"type": "Feature", "id": 7009, "geometry": {"type": "Point", "coordinates": [-118.4477488743, 34.9318457266947]}, "properties": {"OBJECTID": 7009, "CECPlantID": "S0964", "PlantName": "Camino Solar", "Retired_Plant": 0, "OperatorCompanyID": "Avangrid Power, LLC", "County": "Kern", "Capacity_Latest": 44, "Units": null, "PriEnergySource": "SUN", "StartDate": 1743638400000, "CEC_Jurisdictional": "0"}}, {"type": "Feature", "id": 7010, "geometry": {"type": "Point", "coordinates": [-118.859417267471, 35.2612108903968]}, "properties": {"OBJECTID": 7010, "CECPlantID": "S9091", "PlantName": "Grimmway Enterprises Inc.", "Retired_Plant": 0, "OperatorCompanyID": "Not Available", "County": "Kern", "Capacity_Latest": 1, "Units": "1", "PriEnergySource": "SUN", "StartDate": 1325376000000, "CEC_Jurisdictional": "0"}}, {"type": "Feature", "id": 7011, "geometry": {"type": "Point", "coordinates": [-116.718358502802, 33.9148838899155]}, "properties": {"OBJECTID": 7011, "CECPlantID": "W0452", "PlantName": "Cabazon Wind", "Retired_Plant": 0, "OperatorCompanyID": "See WPRS for details", "County": "Riverside", "Capacity_Latest": 38.85, "Units": "WPRS 1", "PriEnergySource": "WND", "StartDate": 470880000000, "CEC_Jurisdictional": "0"}}, {"type": "Feature", "id": 7014, "geometry": {"type": "Point", "coordinates": [-118.87559292905, 35.3037330768273]}, "properties": {"OBJECTID": 7014, "CECPlantID": "S9204", "PlantName": "Kern River (Bena B)", "Retired_Plant": 0, "OperatorCompanyID": "Not Available", "County": "Kern", "Capacity_Latest": 1.5, "Units": "Unit 1", "PriEnergySource": "SUN", "StartDate": 1419984000000, "CEC_Jurisdictional": "0"}}, {"type": "Feature", "id": 7015, "geometry": {"type": "Point", "coordinates": [-116.595201441905, 33.9232392717386]}, "properties": {"OBJECTID": 7015, "CECPlantID": "S0250", "PlantName": "North Palm Springs 1A", "Retired_Plant": 0, "OperatorCompanyID": "Solar Power Inc", "County": "Riverside", "Capacity_Latest": 2.8, "Units": "1", "PriEnergySource": "SUN", "StartDate": 1333324800000, "CEC_Jurisdictional": "0"}}, {"type": "Feature", "id": 7017, "geometry": {"type": "Point", "coordinates": [-118.45388749752, 34.4148344286439]}, "properties": {"OBJECTID": 7017, "CECPlantID": "B0154", "PlantName": "Placerita BESS", "Retired_Plant": 0, "OperatorCompanyID": "Not Available", "County": "Los Angeles", "Capacity_Latest": 80, "Units": null, "PriEnergySource": "BAT", "StartDate": 1731542400000, "CEC_Jurisdictional": "0"}}, {"type": "Feature", "id": 7018, "geometry": {"type": "Point", "coordinates": [-118.19427074448, 35.2293087599088]}, "properties": {"OBJECTID": 7018, "CECPlantID": "S9160", "PlantName": "Pine Tree Solar Project", "Retired_Plant": 0, "OperatorCompanyID": "Los Angeles Department of Water & Power (LADWP)", "County": "Kern", "Capacity_Latest": 8.5, "Units": "1", "PriEnergySource": "SUN", "StartDate": 1363305600000, "CEC_Jurisdictional": "0"}}, {"type": "Feature", "id": 7019, "geometry": {"type": "Point", "coordinates": [-116.562408479038, 33.9093043959216]}, "properties": {"OBJECTID": 7019, "CECPlantID": "S0251", "PlantName": "North Palm Springs 4A", "Retired_Plant": 0, "OperatorCompanyID": "Solar Power Inc", "County": "Riverside", "Capacity_Latest": 4.9, "Units": "1", "PriEnergySource": "SUN", "StartDate": 1351814400000, "CEC_Jurisdictional": "0"}}, {"type": "Feature", "id": 7021, "geometry": {"type": "Point", "coordinates": [-118.246027093327, 35.2636283804001]}, "properties": {"OBJECTID": 7021, "CECPlantID": "W0289", "PlantName": "Sky River Partnership (ESI Energy  Inc - 6065)", "Retired_Plant": 0, "OperatorCompanyID": "Not Available", "County": "Kern", "Capacity_Latest": 70.65, "Units": "WPRS 1", "PriEnergySource": "WND", "StartDate": 1355184000000, "CEC_Jurisdictional": "0"}}, {"type": "Feature", "id": 7024, "geometry": {"type": "Point", "coordinates": [-116.450068116832, 33.8027489385544]}, "properties": {"OBJECTID": 7024, "CECPlantID": "S0363", "PlantName": "Palm Springs SD - Cathedral City HS", "Retired_Plant": 0, "OperatorCompanyID": "EDP Renewables North America LLC", "County": "Riverside", "Capacity_Latest": 1, "Units": "1", "PriEnergySource": "SUN", "StartDate": 1376006400000, "CEC_Jurisdictional": "0"}}, {"type": "Feature", "id": 7025, "geometry": {"type": "Point", "coordinates": [-118.179891740672, 35.2470544746895]}, "properties": {"OBJECTID": 7025, "CECPlantID": "W0368", "PlantName": "Pine Tree Wind Power Plant", "Retired_Plant": 0, "OperatorCompanyID": "Los Angeles Department of Water & Power (LADWP)", "County": "Kern", "Capacity_Latest": 135, "Units": "WPRS 1", "PriEnergySource": "WND", "StartDate": 1246406400000, "CEC_Jurisdictional": "0"}}, {"type": "Feature", "id": 7027, "geometry": {"type": "Point", "coordinates": [-116.520805438559, 33.8190477935852]}, "properties": {"OBJECTID": 7027, "CECPlantID": "S0365", "PlantName": "Palm Springs SD - Palm Springs HS", "Retired_Plant": 0, "OperatorCompanyID": "EDP Renewables North America LLC", "County": "Riverside", "Capacity_Latest": 1.02, "Units": "1", "PriEnergySource": "SUN", "StartDate": 1377648000000, "CEC_Jurisdictional": "0"}}, {"type": "Feature", "id": 7030, "geometry": {"type": "Point", "coordinates": [-118.014443999748, 35.2694439992448]}, "properties": {"OBJECTID": 7030, "CECPlantID": "S0587", "PlantName": "Beacon Solar 1", "Retired_Plant": 0, "OperatorCompanyID": "S-Power (Sustainable Power Group)", "County": "Kern", "Capacity_Latest": 56, "Units": "Unit 1", "PriEnergySource": "SUN", "StartDate": 1493337600000, "CEC_Jurisdictional": "0"}}, {"type": "Feature", "id": 7031, "geometry": {"type": "Point", "coordinates": [-116.544012600504, 33.8929499370171]}, "properties": {"OBJECTID": 7031, "CECPlantID": "S9401", "PlantName": "Garnet Solar Power Generation Station 1", "Retired_Plant": 0, "OperatorCompanyID": "Not Available", "County": "Riverside", "Capacity_Latest": 4, "Units": "1", "PriEnergySource": "SUN", "StartDate": 1417392000000, "CEC_Jurisdictional": "0"}}, {"type": "Feature", "id": 7033, "geometry": {"type": "Point", "coordinates": [-118.068728801102, 35.2053310350211]}, "properties": {"OBJECTID": 7033, "CECPlantID": "S0530", "PlantName": "RE Barren Ridge 1", "Retired_Plant": 0, "OperatorCompanyID": "Recurrent Energy LLC", "County": "Kern", "Capacity_Latest": 60, "Units": "Unit 1", "PriEnergySource": "SUN", "StartDate": 1461024000000, "CEC_Jurisdictional": "0"}}, {"type": "Feature", "id": 7034, "geometry": {"type": "Point", "coordinates": [-114.620030500406, 33.573609509883]}, "properties": {"OBJECTID": 7034, "CECPlantID": "B0157", "PlantName": "Quartzite Solar 8 BESS", "Retired_Plant": 0, "OperatorCompanyID": "Not Available", "County": "Riverside", "Capacity_Latest": 150, "Units": null, "PriEnergySource": "BAT", "StartDate": 1734393600000, "CEC_Jurisdictional": "0"}}, {"type": "Feature", "id": 7035, "geometry": {"type": "Point", "coordinates": [-116.530139111465, 33.9229938563242]}, "properties": {"OBJECTID": 7035, "CECPlantID": "S0640", "PlantName": "Desert Hot Springs 2", "Retired_Plant": 0, "OperatorCompanyID": "Not Available", "County": "Riverside", "Capacity_Latest": 1.5, "Units": "Unit 1", "PriEnergySource": "SUN", "StartDate": 1388448000000, "CEC_Jurisdictional": "0"}}, {"type": "Feature", "id": 7036, "geometry": {"type": "Point", "coordinates": [-114.918304986677, 33.567443283122]}, "properties": {"OBJECTID": 7036, "CECPlantID": "S0905", "PlantName": "Chuckawalla Solar Facility", "Retired_Plant": 0, "OperatorCompanyID": null, "County": "Riverside", "Capacity_Latest": 4, "Units": null, "PriEnergySource": "SUN", "StartDate": 1338508800000, "CEC_Jurisdictional": "0"}}, {"type": "Feature", "id": 7038, "geometry": {"type": "Point", "coordinates": [-118.026707549236, 35.2520159846171]}, "properties": {"OBJECTID": 7038, "CECPlantID": "S0554", "PlantName": "Beacon 3", "Retired_Plant": 0, "OperatorCompanyID": "S-Power (Sustainable Power Group)", "County": "Kern", "Capacity_Latest": 60, "Units": "Unit 1", "PriEnergySource": "SUN", "StartDate": 1483056000000, "CEC_Jurisdictional": "0"}}, {"type": "Feature", "id": 7039, "geometry": {"type": "Point", "coordinates": [-116.511108417323, 33.8249643128185]}, "properties": {"OBJECTID": 7039, "CECPlantID": "G0119", "PlantName": "Municipal Cogeneration Plant (Palm Springs)", "Retired_Plant": 1, "OperatorCompanyID": "City of Palm Springs", "County": "Riverside", "Capacity_Latest": 1.13, "Units": "GEN1, GEN2, Unit 1", "PriEnergySource": "NG", "StartDate": 1448928000000, "CEC_Jurisdictional": "0"}}, {"type": "Feature", "id": 7040, "geometry": {"type": "Point", "coordinates": [-117.449211519559, 34.6048957901955]}, "properties": {"OBJECTID": 7040, "CECPlantID": "B0156", "PlantName": "Baldy Mesa SP", "Retired_Plant": 0, "OperatorCompanyID": "Not Available", "County": "San Bernardino", "Capacity_Latest": 25, "Units": null, "PriEnergySource": "HBD", "StartDate": 1733961600000, "CEC_Jurisdictional": "0"}}, {"type": "Feature", "id": 7042, "geometry": {"type": "Point", "coordinates": [-118.036125261455, 35.2478906375959]}, "properties": {"OBJECTID": 7042, "CECPlantID": "S0555", "PlantName": "Beacon 4", "Retired_Plant": 0, "OperatorCompanyID": "S-Power (Sustainable Power Group)", "County": "Kern", "Capacity_Latest": 50, "Units": "Unit 1", "PriEnergySource": "SUN", "StartDate": 1480896000000, "CEC_Jurisdictional": "0"}}, {"type": "Feature", "id": 7043, "geometry": {"type": "Point", "coordinates": [-116.572598319004, 33.9365456515583]}, "properties": {"OBJECTID": 7043, "CECPlantID": "G0512", "PlantName": "Sentinel Energy Center", "Retired_Plant": 0, "OperatorCompanyID": "DGC Operations LLC", "County": "Riverside", "Capacity_Latest": 800, "Units": "1, 2, 3, 4, 5, 6, 7, 8", "PriEnergySource": "NG", "StartDate": 1368144000000, "CEC_Jurisdictional": "1"}}, {"type": "Feature", "id": 7044, "geometry": {"type": "Point", "coordinates": [-117.449211519559, 34.6048957901955]}, "properties": {"OBJECTID": 7044, "CECPlantID": "S0963", "PlantName": "Silver Peak", "Retired_Plant": 0, "OperatorCompanyID": "S-Power (Sustainable Power Group)", "County": "San Bernardino", "Capacity_Latest": 50, "Units": null, "PriEnergySource": "SUN", "StartDate": 1734480000000, "CEC_Jurisdictional": "0"}}, {"type": "Feature", "id": 7046, "geometry": {"type": "Point", "coordinates": [-116.552991410541, 33.9112559386739]}, "properties": {"OBJECTID": 7046, "CECPlantID": "G0818", "PlantName": "Indigo Generation LLC", "Retired_Plant": 0, "OperatorCompanyID": "DGC Operations LLC", "County": "Riverside", "Capacity_Latest": 135, "Units": "Indigo1, Indigo2, Indigo3", "PriEnergySource": "NG", "StartDate": 996105600000, "CEC_Jurisdictional": "1"}}, {"type": "Feature", "id": 7048, "geometry": {"type": "Point", "coordinates": [-117.959991769805, 35.2506891515639]}, "properties": {"OBJECTID": 7048, "CECPlantID": "S0603", "PlantName": "Springbok Solar Farm 1", "Retired_Plant": 0, "OperatorCompanyID": "62SK 8MW LLC", "County": "Kern", "Capacity_Latest": 105, "Units": "Unit 1", "PriEnergySource": "SUN", "StartDate": 1460332800000, "CEC_Jurisdictional": "0"}}, {"type": "Feature", "id": 7050, "geometry": {"type": "Point", "coordinates": [-117.983076346678, 35.2502196510984]}, "properties": {"OBJECTID": 7050, "CECPlantID": "S0604", "PlantName": "Springbok Solar Farm 2", "Retired_Plant": 0, "OperatorCompanyID": "62SK 8MW LLC", "County": "Kern", "Capacity_Latest": 155, "Units": "Unit 1", "PriEnergySource": "SUN", "StartDate": 1473120000000, "CEC_Jurisdictional": "0"}}, {"type": "Feature", "id": 7052, "geometry": {"type": "Point", "coordinates": [-116.614724751663, 33.9274187901443]}, "properties": {"OBJECTID": 7052, "CECPlantID": "W0261", "PlantName": "San Gorgonio Farms Wind Farm", "Retired_Plant": 0, "OperatorCompanyID": "San Gorgornio Farms Inc", "County": "Riverside", "Capacity_Latest": 30.9, "Units": "WPRS 1", "PriEnergySource": "WND", "StartDate": 415324800000, "CEC_Jurisdictional": "0"}}, {"type": "Feature", "id": 7053, "geometry": {"type": "Point", "coordinates": [-118.036326262116, 35.2547786933245]}, "properties": {"OBJECTID": 7053, "CECPlantID": "S0637", "PlantName": "Beacon 2", "Retired_Plant": 0, "OperatorCompanyID": "Radian Generation", "County": "Kern", "Capacity_Latest": 45, "Units": "Unit 1", "PriEnergySource": "SUN", "StartDate": 1514505600000, "CEC_Jurisdictional": "0"}}, {"type": "Feature", "id": 7055, "geometry": {"type": "Point", "coordinates": [-120.336018466583, 35.6867489485711]}, "properties": {"OBJECTID": 7055, "CECPlantID": "B0041", "PlantName": "California Flats Solar Battery", "Retired_Plant": 0, "OperatorCompanyID": "Not Available", "County": "San Luis Obispo", "Capacity_Latest": 60, "Units": null, "PriEnergySource": "BAT", "StartDate": 1630368000000, "CEC_Jurisdictional": "0"}}, {"type": "Feature", "id": 7056, "geometry": {"type": "Point", "coordinates": [-116.570566582875, 33.939385223005]}, "properties": {"OBJECTID": 7056, "CECPlantID": "W0277", "PlantName": "Phoenix Wind (Section 20 Trust)", "Retired_Plant": 0, "OperatorCompanyID": "Seawest Energy Group", "County": "Riverside", "Capacity_Latest": 2.1, "Units": "WPRS 1", "PriEnergySource": "WND", "StartDate": 474163200000, "CEC_Jurisdictional": "0"}}, {"type": "Feature", "id": 7057, "geometry": {"type": "Point", "coordinates": [-118.037392603182, 35.2535137331231]}, "properties": {"OBJECTID": 7057, "CECPlantID": "S0638", "PlantName": "Beacon 5", "Retired_Plant": 0, "OperatorCompanyID": "Radian Generation", "County": "Kern", "Capacity_Latest": 36, "Units": "Unit 1", "PriEnergySource": "SUN", "StartDate": 1514505600000, "CEC_Jurisdictional": "0"}}, {"type": "Feature", "id": 7059, "geometry": {"type": "Point", "coordinates": [-114.757107996953, 33.6949829037829]}, "properties": {"OBJECTID": 7059, "CECPlantID": "B0037", "PlantName": "Genesis McCoy Bess", "Retired_Plant": 0, "OperatorCompanyID": "Not Available", "County": "Riverside", "Capacity_Latest": 230, "Units": null, "PriEnergySource": "BAT", "StartDate": 1625011200000, "CEC_Jurisdictional": "0"}}, {"type": "Feature", "id": 7060, "geometry": {"type": "Point", "coordinates": [-116.54807805412, 33.8917244156474]}, "properties": {"OBJECTID": 7060, "CECPlantID": "W0278", "PlantName": "East Winds Project (NAWP Inc)", "Retired_Plant": 0, "OperatorCompanyID": "Seawest Energy Group", "County": "Riverside", "Capacity_Latest": 3, "Units": "WPRS 1", "PriEnergySource": "WND", "StartDate": 410227200000, "CEC_Jurisdictional": "0"}}, {"type": "Feature", "id": 7062, "geometry": {"type": "Point", "coordinates": [-117.959880804111, 35.2432740637707]}, "properties": {"OBJECTID": 7062, "CECPlantID": "S0690", "PlantName": "Springbok 3", "Retired_Plant": 0, "OperatorCompanyID": "CD Arevon USA Inc.", "County": "Kern", "Capacity_Latest": 119.6, "Units": "Unit 1", "PriEnergySource": "SUN", "StartDate": 1563494400000, "CEC_Jurisdictional": "0"}}, {"type": "Feature", "id": 7064, "geometry": {"type": "Point", "coordinates": [-116.583269284783, 33.9353726548271]}, "properties": {"OBJECTID": 7064, "CECPlantID": "W0283", "PlantName": "San Gorgonio Westwinds II", "Retired_Plant": 0, "OperatorCompanyID": "Terra-Gen Operating Company", "County": "Riverside", "Capacity_Latest": 43.4, "Units": "WPRS 1", "PriEnergySource": "WND", "StartDate": 410227200000, "CEC_Jurisdictional": "0"}}, {"type": "Feature", "id": 7066, "geometry": {"type": "Point", "coordinates": [-114.59593869624, 35.1330166333547]}, "properties": {"OBJECTID": 7066, "CECPlantID": "C0024", "PlantName": "Mohave Generating Station (Nevada) - Retired December 2005", "Retired_Plant": 1, "OperatorCompanyID": "Southern California Edison (SCE)", "County": "Clark", "Capacity_Latest": 0, "Units": "Unit 1, Unit 2", "PriEnergySource": "SUB", "StartDate": 31536000000, "CEC_Jurisdictional": "0"}}, {"type": "Feature", "id": 7067, "geometry": {"type": "Point", "coordinates": [-116.560773657761, 33.9219507734998]}, "properties": {"OBJECTID": 7067, "CECPlantID": "W0286", "PlantName": "Karen Avenue Wind Farm", "Retired_Plant": 0, "OperatorCompanyID": "San Gorgornio Farms Inc", "County": "Riverside", "Capacity_Latest": 11.7, "Units": "WPRS 1", "PriEnergySource": "WND", "StartDate": 410227200000, "CEC_Jurisdictional": "0"}}, {"type": "Feature", "id": 7069, "geometry": {"type": "Point", "coordinates": [-115.538000391466, 32.8857001973931]}, "properties": {"OBJECTID": 7069, "CECPlantID": "S0928", "PlantName": "IGS Valencia 3, LLC", "Retired_Plant": 0, "OperatorCompanyID": null, "County": "Imperial", "Capacity_Latest": 3, "Units": null, "PriEnergySource": "SUN", "StartDate": 1617235200000, "CEC_Jurisdictional": "0"}}, {"type": "Feature", "id": 7070, "geometry": {"type": "Point", "coordinates": [-120.856933582593, 35.3819234562034]}, "properties": {"OBJECTID": 7070, "CECPlantID": "S9297", "PlantName": "Pristine Sun Fund 7 San Luis Obispo PGE LLC_(2103_Hill)", "Retired_Plant": 0, "OperatorCompanyID": "Not Available", "County": "San Luis Obispo", "Capacity_Latest": 0.75, "Units": "Unit 1", "PriEnergySource": "SUN", "StartDate": 1388448000000, "CEC_Jurisdictional": "0"}}, {"type": "Feature", "id": 7071, "geometry": {"type": "Point", "coordinates": [-116.595779193884, 33.9091932170563]}, "properties": {"OBJECTID": 7071, "CECPlantID": "W0299", "PlantName": "Green Power I (Dutch Energy Corp) (retired May 2022)", "Retired_Plant": 1, "OperatorCompanyID": "Seawest Energy Group", "County": "Riverside", "Capacity_Latest": 16.2, "Units": "WPRS 1", "PriEnergySource": "WND", "StartDate": 639964800000, "CEC_Jurisdictional": "0"}}, {"type": "Feature", "id": 7073, "geometry": {"type": "Point", "coordinates": [-119.328409813807, 35.607155516682]}, "properties": {"OBJECTID": 7073, "CECPlantID": "S0987", "PlantName": "Nachtigall (CAISO)", "Retired_Plant": 0, "OperatorCompanyID": null, "County": "Kern", "Capacity_Latest": 4.63, "Units": null, "PriEnergySource": "SUN", "StartDate": 1738281600000, "CEC_Jurisdictional": "0"}}, {"type": "Feature", "id": 7074, "geometry": {"type": "Point", "coordinates": [-120.856982684667, 35.3719505102448]}, "properties": {"OBJECTID": 7074, "CECPlantID": "G0371", "PlantName": "Morro Bay Power Plant (Retired Feb 05 2014)", "Retired_Plant": 1, "OperatorCompanyID": "LSP Morro Bay LLC", "County": "San Luis Obispo", "Capacity_Latest": 0, "Units": "1, 2, 3, 4", "PriEnergySource": "NG", "StartDate": -449020800000, "CEC_Jurisdictional": "0"}}, {"type": "Feature", "id": 7075, "geometry": {"type": "Point", "coordinates": [-116.618241304184, 33.938720583275]}, "properties": {"OBJECTID": 7075, "CECPlantID": "W0311", "PlantName": "Painted Hills Wind Developers (Zond Systems Inc - 6112) (retired 11/30/2019)", "Retired_Plant": 1, "OperatorCompanyID": "Not Available", "County": "Riverside", "Capacity_Latest": 0, "Units": "WPRS 1", "PriEnergySource": "WND", "StartDate": 410227200000, "CEC_Jurisdictional": "0"}}, {"type": "Feature", "id": 7077, "geometry": {"type": "Point", "coordinates": [-119.328779809689, 35.605273561468]}, "properties": {"OBJECTID": 7077, "CECPlantID": "S0996", "PlantName": "Terry (CAISO)", "Retired_Plant": 0, "OperatorCompanyID": null, "County": "Kern", "Capacity_Latest": 4.63, "Units": null, "PriEnergySource": "SUN", "StartDate": 1738281600000, "CEC_Jurisdictional": "0"}}, {"type": "Feature", "id": 7078, "geometry": {"type": "Point", "coordinates": [-120.49910510775, 35.4804543952146]}, "properties": {"OBJECTID": 7078, "CECPlantID": "S9296", "PlantName": "Pristine Sun Fund 1  LLC_(2059_Scherz)", "Retired_Plant": 0, "OperatorCompanyID": "Not Available", "County": "San Luis Obispo", "Capacity_Latest": 0.75, "Units": "Unit 1", "PriEnergySource": "SUN", "StartDate": 1388448000000, "CEC_Jurisdictional": "0"}}, {"type": "Feature", "id": 7079, "geometry": {"type": "Point", "coordinates": [-116.566962137978, 33.9110631928758]}, "properties": {"OBJECTID": 7079, "CECPlantID": "W0318", "PlantName": "Wintec Energy, Ltd.", "Retired_Plant": 1, "OperatorCompanyID": "Windpower Partners 1993 LP", "County": "Riverside", "Capacity_Latest": 0, "Units": "WPRS 1", "PriEnergySource": "WND", "StartDate": 535593600000, "CEC_Jurisdictional": "0"}}, {"type": "Feature", "id": 7082, "geometry": {"type": "Point", "coordinates": [-120.061942184602, 35.3761751414406]}, "properties": {"OBJECTID": 7082, "CECPlantID": "S0245", "PlantName": "Topaz Solar Farms LLC", "Retired_Plant": 0, "OperatorCompanyID": "Topaz Solar Farms LLC", "County": "San Luis Obispo", "Capacity_Latest": 550, "Units": "Topaz 1", "PriEnergySource": "SUN", "StartDate": 1377993600000, "CEC_Jurisdictional": "0"}}, {"type": "Feature", "id": 7083, "geometry": {"type": "Point", "coordinates": [-116.591456837875, 33.9185677213978]}, "properties": {"OBJECTID": 7083, "CECPlantID": "W0360", "PlantName": "Mountain View III", "Retired_Plant": 0, "OperatorCompanyID": "See WPRS for details", "County": "Riverside", "Capacity_Latest": 22.44, "Units": "WPRS 1", "PriEnergySource": "WND", "StartDate": 1071446400000, "CEC_Jurisdictional": "0"}}, {"type": "Feature", "id": 7085, "geometry": {"type": "Point", "coordinates": [-119.748326789952, 35.5010173115271]}, "properties": {"OBJECTID": 7085, "CECPlantID": "S0975", "PlantName": "DG TWC Belridge", "Retired_Plant": 0, "OperatorCompanyID": "NextEra Energy Resources LLC", "County": "Kern", "Capacity_Latest": 5, "Units": null, "PriEnergySource": "SUN", "StartDate": 1613692800000, "CEC_Jurisdictional": "0"}}, {"type": "Feature", "id": 7086, "geometry": {"type": "Point", "coordinates": [-119.925284976718, 35.3437821597506]}, "properties": {"OBJECTID": 7086, "CECPlantID": "S0240", "PlantName": "California Valley Solar Ranch", "Retired_Plant": 0, "OperatorCompanyID": "Clearway Energy", "County": "San Luis Obispo", "Capacity_Latest": 250, "Units": "1A, 1B", "PriEnergySource": "SUN", "StartDate": 1347667200000, "CEC_Jurisdictional": "0"}}, {"type": "Feature", "id": 7087, "geometry": {"type": "Point", "coordinates": [-116.969876119793, 32.7966061882564]}, "properties": {"OBJECTID": 7087, "CECPlantID": "B0220", "PlantName": "Ventasso Energy Storage", "Retired_Plant": 0, "OperatorCompanyID": "Not Available", "County": "San Diego", "Capacity_Latest": 50, "Units": null, "PriEnergySource": "BAT", "StartDate": 1773273600000, "CEC_Jurisdictional": "0"}}, {"type": "Feature", "id": 7088, "geometry": {"type": "Point", "coordinates": [-116.623115600717, 33.9222147000672]}, "properties": {"OBJECTID": 7088, "CECPlantID": "W0361", "PlantName": "Whitewater Hill Partners, LLC", "Retired_Plant": 0, "OperatorCompanyID": "Terra-Gen Operating Company", "County": "Riverside", "Capacity_Latest": 61.5, "Units": "WPRS 1", "PriEnergySource": "WND", "StartDate": 1030752000000, "CEC_Jurisdictional": "0"}}, {"type": "Feature", "id": 7090, "geometry": {"type": "Point", "coordinates": [-119.680346649159, 35.3746386431126]}, "properties": {"OBJECTID": 7090, "CECPlantID": "G0102", "PlantName": "Cymric Cogeneration Plants", "Retired_Plant": 0, "OperatorCompanyID": "Chevron North America Exploration and Production", "County": "Kern", "Capacity_Latest": 21.04, "Units": "31X:TG1, 31X:TG2, 36W:Gen1, 36W:Gen2, 36W:Gen3, 36W:Gen4, 6Z:TG1, 6Z:TG2", "PriEnergySource": "NG", "StartDate": 591667200000, "CEC_Jurisdictional": "0"}}, {"type": "Feature", "id": 7091, "geometry": {"type": "Point", "coordinates": [-119.720132510791, 35.757374195851]}, "properties": {"OBJECTID": 7091, "CECPlantID": "S0977", "PlantName": "DG TWC Westside Solar", "Retired_Plant": 0, "OperatorCompanyID": "NextEra Energy Resources LLC", "County": "Kern", "Capacity_Latest": 5, "Units": null, "PriEnergySource": "SUN", "StartDate": 1618790400000, "CEC_Jurisdictional": "0"}}, {"type": "Feature", "id": 7092, "geometry": {"type": "Point", "coordinates": [-116.587374076757, 33.938550159972]}, "properties": {"OBJECTID": 7092, "CECPlantID": "W0364", "PlantName": "Dillon Wind", "Retired_Plant": 0, "OperatorCompanyID": "FPL Energy Operating Services Inc", "County": "Riverside", "Capacity_Latest": 45, "Units": "WPRS 1", "PriEnergySource": "WND", "StartDate": 1208476800000, "CEC_Jurisdictional": "0"}}, {"type": "Feature", "id": 7094, "geometry": {"type": "Point", "coordinates": [-118.30024299999, 33.8459229999924]}, "properties": {"OBJECTID": 7094, "CECPlantID": "S0892", "PlantName": "20333 Normandie PV, LLC", "Retired_Plant": 0, "OperatorCompanyID": null, "County": "Los Angeles", "Capacity_Latest": 2.6, "Units": null, "PriEnergySource": "SUN", "StartDate": 1638316800000, "CEC_Jurisdictional": "0"}}, {"type": "Feature", "id": 7095, "geometry": {"type": "Point", "coordinates": [-119.733520915623, 35.4483742591897]}, "properties": {"OBJECTID": 7095, "CECPlantID": "G0516", "PlantName": "South Belridge Cogen Facility", "Retired_Plant": 0, "OperatorCompanyID": "Aera Energy LLC", "County": "Kern", "Capacity_Latest": 60, "Units": "1, 2, 3, A, B, C", "PriEnergySource": "NG", "StartDate": 502243200000, "CEC_Jurisdictional": "0"}}, {"type": "Feature", "id": 7096, "geometry": {"type": "Point", "coordinates": [-116.568121331042, 33.8967910181326]}, "properties": {"OBJECTID": 7096, "CECPlantID": "W0365", "PlantName": "Difwind Farms LTD I (retired 3/31/2019)", "Retired_Plant": 1, "OperatorCompanyID": "FPL Energy Operating Services Inc", "County": "Riverside", "Capacity_Latest": 0, "Units": "WPRS 1", "PriEnergySource": "WND", "StartDate": 410227200000, "CEC_Jurisdictional": "0"}}, {"type": "Feature", "id": 7098, "geometry": {"type": "Point", "coordinates": [-117.361784702605, 34.0422413806451]}, "properties": {"OBJECTID": 7098, "CECPlantID": "S0909", "PlantName": "Colton Solar Two LLC", "Retired_Plant": 0, "OperatorCompanyID": null, "County": "San Bernardino", "Capacity_Latest": 1, "Units": null, "PriEnergySource": "SUN", "StartDate": 1396310400000, "CEC_Jurisdictional": "0"}}, {"type": "Feature", "id": 7099, "geometry": {"type": "Point", "coordinates": [-119.661694964279, 35.3545490502527]}, "properties": {"OBJECTID": 7099, "CECPlantID": "G0644", "PlantName": "Wellport Lease Project", "Retired_Plant": 0, "OperatorCompanyID": "Sentinel Peak Resources California LLC", "County": "Kern", "Capacity_Latest": 3.8, "Units": "1", "PriEnergySource": "NG", "StartDate": 636249600000, "CEC_Jurisdictional": "0"}}, {"type": "Feature", "id": 7100, "geometry": {"type": "Point", "coordinates": [-116.564045980582, 33.8999853447344]}, "properties": {"OBJECTID": 7100, "CECPlantID": "W0366", "PlantName": "Difwind Farms LTD II (retired 3/31/2019)", "Retired_Plant": 1, "OperatorCompanyID": "FPL Energy Operating Services Inc", "County": "Riverside", "Capacity_Latest": 0, "Units": "WPRS 1", "PriEnergySource": "WND", "StartDate": 410227200000, "CEC_Jurisdictional": "0"}}, {"type": "Feature", "id": 7102, "geometry": {"type": "Point", "coordinates": [-116.942019216389, 32.5626687726183]}, "properties": {"OBJECTID": 7102, "CECPlantID": "B0217", "PlantName": "Lithium", "Retired_Plant": 0, "OperatorCompanyID": "Not Available", "County": "San Diego", "Capacity_Latest": 52, "Units": null, "PriEnergySource": "BAT", "StartDate": 1763337600000, "CEC_Jurisdictional": "0"}}, {"type": "Feature", "id": 7103, "geometry": {"type": "Point", "coordinates": [-119.626913844423, 35.416553082668]}, "properties": {"OBJECTID": 7103, "CECPlantID": "S0547", "PlantName": "Rio Bravo Solar II (PMPJCK)", "Retired_Plant": 0, "OperatorCompanyID": "Clearway Energy", "County": "Kern", "Capacity_Latest": 20, "Units": "PV1", "PriEnergySource": "SUN", "StartDate": 1482969600000, "CEC_Jurisdictional": "0"}}, {"type": "Feature", "id": 7104, "geometry": {"type": "Point", "coordinates": [-116.572926481566, 33.9303513758121]}, "properties": {"OBJECTID": 7104, "CECPlantID": "W0386", "PlantName": "Difwind Farms LTD V (retired 12/31/2019)", "Retired_Plant": 1, "OperatorCompanyID": "EDF Renewable Energy Inc", "County": "Riverside", "Capacity_Latest": 0, "Units": "WPRS 1", "PriEnergySource": "WND", "StartDate": 1112227200000, "CEC_Jurisdictional": "0"}}, {"type": "Feature", "id": 7108, "geometry": {"type": "Point", "coordinates": [-119.638529586273, 35.4162378369099]}, "properties": {"OBJECTID": 7108, "CECPlantID": "S0565", "PlantName": "Rio Bravo Solar I LLC (Pumpjack Solar2)", "Retired_Plant": 0, "OperatorCompanyID": "Clearway Energy", "County": "Kern", "Capacity_Latest": 20, "Units": "Unit 1", "PriEnergySource": "SUN", "StartDate": 1482278400000, "CEC_Jurisdictional": "0"}}, {"type": "Feature", "id": 7109, "geometry": {"type": "Point", "coordinates": [-116.459643280055, 33.8852100507782]}, "properties": {"OBJECTID": 7109, "CECPlantID": "W0391", "PlantName": "Edom Hills Project 1, LLC", "Retired_Plant": 0, "OperatorCompanyID": "BP Wind Energy North America", "County": "Riverside", "Capacity_Latest": 20, "Units": "WPRS 1", "PriEnergySource": "WND", "StartDate": 410227200000, "CEC_Jurisdictional": "0"}}, {"type": "Feature", "id": 7110, "geometry": {"type": "Point", "coordinates": [-119.432876000126, 35.4721643514319]}, "properties": {"OBJECTID": 7110, "CECPlantID": "E0309", "PlantName": "West-Star North Dairy (<1MW)", "Retired_Plant": 0, "OperatorCompanyID": "California Bioenergy LLC", "County": "Kern", "Capacity_Latest": 0.99, "Units": "Unit 1", "PriEnergySource": "OBG", "StartDate": 1518480000000, "CEC_Jurisdictional": "0"}}, {"type": "Feature", "id": 7113, "geometry": {"type": "Point", "coordinates": [-116.555835662916, 33.9097061003337]}, "properties": {"OBJECTID": 7113, "CECPlantID": "W0413", "PlantName": "WAGNER WIND, LLC", "Retired_Plant": 0, "OperatorCompanyID": "See WPRS for details", "County": "Riverside", "Capacity_Latest": 6, "Units": "WPRS 1", "PriEnergySource": "WND", "StartDate": 1375142400000, "CEC_Jurisdictional": "0"}}, {"type": "Feature", "id": 7114, "geometry": {"type": "Point", "coordinates": [-119.321533878796, 35.3952545535741]}, "properties": {"OBJECTID": 7114, "CECPlantID": "G0216", "PlantName": "Frito-Lay (Kern Plant) (retired 9/2021)", "Retired_Plant": 1, "OperatorCompanyID": "Frito-Lay Inc", "County": "Kern", "Capacity_Latest": 0, "Units": "GEN1", "PriEnergySource": "NG", "StartDate": 510019200000, "CEC_Jurisdictional": "0"}}, {"type": "Feature", "id": 7116, "geometry": {"type": "Point", "coordinates": [-118.585076000006, 34.2436730004933]}, "properties": {"OBJECTID": 7116, "CECPlantID": "S0961", "PlantName": "Zelman-20701 Plummer- LADWP", "Retired_Plant": 0, "OperatorCompanyID": null, "County": "Los Angeles", "Capacity_Latest": 1.5, "Units": null, "PriEnergySource": "SUN", "StartDate": 1656633600000, "CEC_Jurisdictional": "0"}}, {"type": "Feature", "id": 7117, "geometry": {"type": "Point", "coordinates": [-116.56256939992, 33.8823833297447]}, "properties": {"OBJECTID": 7117, "CECPlantID": "W0430", "PlantName": "Mountain View IV", "Retired_Plant": 0, "OperatorCompanyID": "See WPRS for details", "County": "Riverside", "Capacity_Latest": 49, "Units": "WPRS 1", "PriEnergySource": "WND", "StartDate": 631065600000, "CEC_Jurisdictional": "0"}}, {"type": "Feature", "id": 7118, "geometry": {"type": "Point", "coordinates": [-119.126878732062, 35.4504840023728]}, "properties": {"OBJECTID": 7118, "CECPlantID": "S0330", "PlantName": "Shafter Solar LLC", "Retired_Plant": 0, "OperatorCompanyID": "NextEra Energy Resources LLC", "County": "Kern", "Capacity_Latest": 20, "Units": "1", "PriEnergySource": "SUN", "StartDate": 1433289600000, "CEC_Jurisdictional": "0"}}, {"type": "Feature", "id": 7120, "geometry": {"type": "Point", "coordinates": [-118.585545999754, 34.2397080000361]}, "properties": {"OBJECTID": 7120, "CECPlantID": "S0942", "PlantName": "Prairie", "Retired_Plant": 0, "OperatorCompanyID": null, "County": "Los Angeles", "Capacity_Latest": 1.8, "Units": null, "PriEnergySource": "SUN", "StartDate": 1617235200000, "CEC_Jurisdictional": "0"}}, {"type": "Feature", "id": 7121, "geometry": {"type": "Point", "coordinates": [-116.560643579052, 33.9133593234966]}, "properties": {"OBJECTID": 7121, "CECPlantID": "W0437", "PlantName": "Wintec Energy #2-A", "Retired_Plant": 0, "OperatorCompanyID": "See WPRS for details", "County": "Riverside", "Capacity_Latest": 1.32, "Units": "WPRS 1", "PriEnergySource": "WND", "StartDate": 1329955200000, "CEC_Jurisdictional": "0"}}, {"type": "Feature", "id": 7122, "geometry": {"type": "Point", "coordinates": [-119.104025691662, 35.3466524011215]}, "properties": {"OBJECTID": 7122, "CECPlantID": "S9027", "PlantName": "CSU Bakersfield", "Retired_Plant": 0, "OperatorCompanyID": "Silicon Ranch Corporation", "County": "Kern", "Capacity_Latest": 1, "Units": "1", "PriEnergySource": "SUN", "StartDate": 1325376000000, "CEC_Jurisdictional": "0"}}, {"type": "Feature", "id": 7124, "geometry": {"type": "Point", "coordinates": [-117.373678999788, 34.6307379995159]}, "properties": {"OBJECTID": 7124, "CECPlantID": "B0051", "PlantName": "High 5 Solar BESS", "Retired_Plant": 0, "OperatorCompanyID": "Not Available", "County": "San Bernardino", "Capacity_Latest": 50, "Units": null, "PriEnergySource": "BAT", "StartDate": 1638921600000, "CEC_Jurisdictional": "0"}}, {"type": "Feature", "id": 7125, "geometry": {"type": "Point", "coordinates": [-116.560266802254, 33.8916480279628]}, "properties": {"OBJECTID": 7125, "CECPlantID": "W0439", "PlantName": "Dutch Energy Wind Farm (retired 1/24/2020)", "Retired_Plant": 1, "OperatorCompanyID": "See WPRS for details", "County": "Riverside", "Capacity_Latest": 0, "Units": "WPRS 1", "PriEnergySource": "WND", "StartDate": 410227200000, "CEC_Jurisdictional": "0"}}, {"type": "Feature", "id": 7126, "geometry": {"type": "Point", "coordinates": [-119.008302470621, 35.4190119595347]}, "properties": {"OBJECTID": 7126, "CECPlantID": "G0409", "PlantName": "Oildale (Retired 1/05/2016)", "Retired_Plant": 1, "OperatorCompanyID": "Enpower Management Corporation", "County": "Kern", "Capacity_Latest": 0, "Units": "ODC1", "PriEnergySource": "NG", "StartDate": 486950400000, "CEC_Jurisdictional": "0"}}, {"type": "Feature", "id": 7127, "geometry": {"type": "Point", "coordinates": [-116.347447330837, 33.2710407795754]}, "properties": {"OBJECTID": 7127, "CECPlantID": "B0203", "PlantName": "Dark Sky Energy Center", "Retired_Plant": 0, "OperatorCompanyID": "Not Available", "County": "San Diego", "Capacity_Latest": 7.33, "Units": null, "PriEnergySource": "BAT", "StartDate": 1754956800000, "CEC_Jurisdictional": "0"}}, {"type": "Feature", "id": 7128, "geometry": {"type": "Point", "coordinates": [-116.582388611402, 33.9075262926036]}, "properties": {"OBJECTID": 7128, "CECPlantID": "W0440", "PlantName": "Garnet Wind Energy Center", "Retired_Plant": 0, "OperatorCompanyID": "See WPRS for details", "County": "Riverside", "Capacity_Latest": 6.5, "Units": "WPRS 1", "PriEnergySource": "WND", "StartDate": 1243900800000, "CEC_Jurisdictional": "0"}}, {"type": "Feature", "id": 7130, "geometry": {"type": "Point", "coordinates": [-118.964473937532, 35.4204942264191]}, "properties": {"OBJECTID": 7130, "CECPlantID": "G0556", "PlantName": "Weir Cogeneration Plant (shutdown) - Retired December 2006", "Retired_Plant": 1, "OperatorCompanyID": "Aera Energy LLC", "County": "Kern", "Capacity_Latest": 0, "Units": "1", "PriEnergySource": "NG", "StartDate": 582681600000, "CEC_Jurisdictional": "0"}}, {"type": "Feature", "id": 7131, "geometry": {"type": "Point", "coordinates": [-119.055185492135, 34.356758295484]}, "properties": {"OBJECTID": 7131, "CECPlantID": "B0216", "PlantName": "Black Walnut Energy Storage", "Retired_Plant": 0, "OperatorCompanyID": "Not Available", "County": "Ventura", "Capacity_Latest": 15, "Units": null, "PriEnergySource": "BAT", "StartDate": 1761868800000, "CEC_Jurisdictional": "0"}}, {"type": "Feature", "id": 7132, "geometry": {"type": "Point", "coordinates": [-116.550661843568, 33.916719136446]}, "properties": {"OBJECTID": 7132, "CECPlantID": "W0447", "PlantName": "San Gorgonio Wind", "Retired_Plant": 0, "OperatorCompanyID": "See WPRS for details", "County": "Riverside", "Capacity_Latest": 49.5, "Units": "WPRS 1", "PriEnergySource": "WND", "StartDate": 631065600000, "CEC_Jurisdictional": "0"}}, {"type": "Feature", "id": 7133, "geometry": {"type": "Point", "coordinates": [-119.003541317175, 35.4548512555278]}, "properties": {"OBJECTID": 7133, "CECPlantID": "G0595", "PlantName": "A Fee Cogeneration Plant - Retired 2011", "Retired_Plant": 1, "OperatorCompanyID": "Chevron North America Exploration and Production", "County": "Kern", "Capacity_Latest": 0, "Units": "GEN1, GEN2", "PriEnergySource": "NG", "StartDate": 517968000000, "CEC_Jurisdictional": "0"}}, {"type": "Feature", "id": 7134, "geometry": {"type": "Point", "coordinates": [-118.509775187627, 34.8295798370357]}, "properties": {"OBJECTID": 7134, "CECPlantID": "B0057", "PlantName": "Garland B BESS", "Retired_Plant": 0, "OperatorCompanyID": "Not Available", "County": "Kern", "Capacity_Latest": 88, "Units": null, "PriEnergySource": "BAT", "StartDate": 1643587200000, "CEC_Jurisdictional": "0"}}, {"type": "Feature", "id": 7136, "geometry": {"type": "Point", "coordinates": [-116.573204013027, 33.9229980869324]}, "properties": {"OBJECTID": 7136, "CECPlantID": "W0450", "PlantName": "Mountain View I (Retired 12/3/2021)", "Retired_Plant": 0, "OperatorCompanyID": "S-Power (Sustainable Power Group)", "County": "Riverside", "Capacity_Latest": 0, "Units": "WPRS 1", "PriEnergySource": "WND", "StartDate": 985392000000, "CEC_Jurisdictional": "0"}}, {"type": "Feature", "id": 7137, "geometry": {"type": "Point", "coordinates": [-119.00259677202, 35.4548514375868]}, "properties": {"OBJECTID": 7137, "CECPlantID": "G0596", "PlantName": "B Fee Cogeneration Plant - Retired 2011", "Retired_Plant": 1, "OperatorCompanyID": "Chevron North America Exploration and Production", "County": "Kern", "Capacity_Latest": 0, "Units": "GEN1", "PriEnergySource": "NG", "StartDate": 546825600000, "CEC_Jurisdictional": "0"}}, {"type": "Feature", "id": 7138, "geometry": {"type": "Point", "coordinates": [-119.081620246439, 35.8382943868283]}, "properties": {"OBJECTID": 7138, "CECPlantID": "B0151", "PlantName": "Bottleneck Energy Storage", "Retired_Plant": 0, "OperatorCompanyID": "Not Available", "County": "Tulare", "Capacity_Latest": 80, "Units": null, "PriEnergySource": "BAT", "StartDate": 1729296000000, "CEC_Jurisdictional": "0"}}, {"type": "Feature", "id": 7140, "geometry": {"type": "Point", "coordinates": [-116.573714092636, 33.9169860181973]}, "properties": {"OBJECTID": 7140, "CECPlantID": "W0451", "PlantName": "Mountain View II (Retired 12/3/2021)", "Retired_Plant": 1, "OperatorCompanyID": "See WPRS for details", "County": "Riverside", "Capacity_Latest": 0, "Units": "WPRS 1", "PriEnergySource": "WND", "StartDate": 1000684800000, "CEC_Jurisdictional": "0"}}, {"type": "Feature", "id": 7141, "geometry": {"type": "Point", "coordinates": [-119.002118994944, 35.4548870516203]}, "properties": {"OBJECTID": 7141, "CECPlantID": "G0597", "PlantName": "C Fee Cogeneration Plant - Retired 2011", "Retired_Plant": 1, "OperatorCompanyID": "Chevron North America Exploration and Production", "County": "Kern", "Capacity_Latest": 0, "Units": "GEN1, GEN2", "PriEnergySource": "NG", "StartDate": 539136000000, "CEC_Jurisdictional": "0"}}, {"type": "Feature", "id": 7142, "geometry": {"type": "Point", "coordinates": [-117.332455442739, 34.0197745877301]}, "properties": {"OBJECTID": 7142, "CECPlantID": "B0132", "PlantName": "Condor BESS", "Retired_Plant": 0, "OperatorCompanyID": "Not Available", "County": "San Bernardino", "Capacity_Latest": 200, "Units": null, "PriEnergySource": "BAT", "StartDate": 1716249600000, "CEC_Jurisdictional": "0"}}, {"type": "Feature", "id": 7144, "geometry": {"type": "Point", "coordinates": [-116.567526695842, 33.9456329489083]}, "properties": {"OBJECTID": 7144, "CECPlantID": "W0300", "PlantName": "Westwind Partners, LLC (ENXCO) - Decommissioned 7/1/2016", "Retired_Plant": 1, "OperatorCompanyID": "Westwind Association", "County": "Riverside", "Capacity_Latest": 0, "Units": "WPRS 1", "PriEnergySource": "WND", "StartDate": 410227200000, "CEC_Jurisdictional": "0"}}, {"type": "Feature", "id": 7145, "geometry": {"type": "Point", "coordinates": [-118.993159485878, 35.3299833202755]}, "properties": {"OBJECTID": 7145, "CECPlantID": "S0642", "PlantName": "Bakersfield Industrial 1", "Retired_Plant": 0, "OperatorCompanyID": "Not Available", "County": "Kern", "Capacity_Latest": 1, "Units": "Unit 1", "PriEnergySource": "SUN", "StartDate": 1514332800000, "CEC_Jurisdictional": "0"}}, {"type": "Feature", "id": 7147, "geometry": {"type": "Point", "coordinates": [-116.543677999637, 33.9078869997942]}, "properties": {"OBJECTID": 7147, "CECPlantID": "W0478", "PlantName": "Painted Hills Wind Holdings, LLC", "Retired_Plant": 0, "OperatorCompanyID": "Terra-Gen, LLC", "County": "Riverside", "Capacity_Latest": 46.8, "Units": "WPRS 1", "PriEnergySource": "WND", "StartDate": 1615939200000, "CEC_Jurisdictional": "0"}}, {"type": "Feature", "id": 7149, "geometry": {"type": "Point", "coordinates": [-118.978476235136, 35.3264950198241]}, "properties": {"OBJECTID": 7149, "CECPlantID": "S0643", "PlantName": "Bakersfield Solar 1", "Retired_Plant": 0, "OperatorCompanyID": "Not Available", "County": "Kern", "Capacity_Latest": 5.3, "Units": "Unit 1", "PriEnergySource": "SUN", "StartDate": 1514246400000, "CEC_Jurisdictional": "0"}}, {"type": "Feature", "id": 7152, "geometry": {"type": "Point", "coordinates": [-116.543677999637, 33.9078869997942]}, "properties": {"OBJECTID": 7152, "CECPlantID": "W0479", "PlantName": "Coachella Wind Holdings, LLC", "Retired_Plant": 0, "OperatorCompanyID": "Terra-Gen, LLC", "County": "Riverside", "Capacity_Latest": 61.2, "Units": "WPRS 1", "PriEnergySource": "WND", "StartDate": 1617148800000, "CEC_Jurisdictional": "0"}}, {"type": "Feature", "id": 7153, "geometry": {"type": "Point", "coordinates": [-118.968916508448, 35.4117062782342]}, "properties": {"OBJECTID": 7153, "CECPlantID": "S9045", "PlantName": "College District Kern Community", "Retired_Plant": 0, "OperatorCompanyID": "Not Available", "County": "Kern", "Capacity_Latest": 1, "Units": "1", "PriEnergySource": "SUN", "StartDate": 1325376000000, "CEC_Jurisdictional": "0"}}, {"type": "Feature", "id": 7155, "geometry": {"type": "Point", "coordinates": [-118.231786805419, 33.9565071080811]}, "properties": {"OBJECTID": 7155, "CECPlantID": "B0139", "PlantName": "CALD BESS I", "Retired_Plant": 0, "OperatorCompanyID": "Not Available", "County": "Los Angeles", "Capacity_Latest": 100, "Units": null, "PriEnergySource": "BAT", "StartDate": 1719878400000, "CEC_Jurisdictional": "0"}}, {"type": "Feature", "id": 7156, "geometry": {"type": "Point", "coordinates": [-116.433680953597, 33.8236153179279]}, "properties": {"OBJECTID": 7156, "CECPlantID": "S0367", "PlantName": "Palm Springs SD - Rancho Mirage HS", "Retired_Plant": 0, "OperatorCompanyID": "EDP Renewables North America LLC", "County": "Riverside", "Capacity_Latest": 1, "Units": "1", "PriEnergySource": "SUN", "StartDate": 1377648000000, "CEC_Jurisdictional": "0"}}, {"type": "Feature", "id": 7157, "geometry": {"type": "Point", "coordinates": [-119.014779432281, 35.3715286542298]}, "properties": {"OBJECTID": 7157, "CECPlantID": "S9079", "PlantName": "County of Kern", "Retired_Plant": 0, "OperatorCompanyID": "Not Available", "County": "Kern", "Capacity_Latest": 1, "Units": "1", "PriEnergySource": "SUN", "StartDate": 1325376000000, "CEC_Jurisdictional": "0"}}, {"type": "Feature", "id": 7159, "geometry": {"type": "Point", "coordinates": [-118.228666999551, 33.8403790003667]}, "properties": {"OBJECTID": 7159, "CECPlantID": "S0992", "PlantName": "Dominguez Carson (CAISO)", "Retired_Plant": 0, "OperatorCompanyID": null, "County": "Los Angeles", "Capacity_Latest": 1, "Units": null, "PriEnergySource": "SUN", "StartDate": 1754265600000, "CEC_Jurisdictional": "0"}}, {"type": "Feature", "id": 7160, "geometry": {"type": "Point", "coordinates": [-115.403556441827, 33.8114503400486]}, "properties": {"OBJECTID": 7160, "CECPlantID": "S0256", "PlantName": "Desert Sunlight 250", "Retired_Plant": 0, "OperatorCompanyID": "First Solar Electric (California) LLC", "County": "Riverside", "Capacity_Latest": 115.92, "Units": "DSL250", "PriEnergySource": "SUN", "StartDate": 1387929600000, "CEC_Jurisdictional": "0"}}, {"type": "Feature", "id": 7162, "geometry": {"type": "Point", "coordinates": [-119.039310171235, 35.4029465969462]}, "properties": {"OBJECTID": 7162, "CECPlantID": "S9106", "PlantName": "Kern County Water Agency", "Retired_Plant": 0, "OperatorCompanyID": "Not Available", "County": "Kern", "Capacity_Latest": 1.1, "Units": "1", "PriEnergySource": "SUN", "StartDate": 1325376000000, "CEC_Jurisdictional": "0"}}, {"type": "Feature", "id": 7163, "geometry": {"type": "Point", "coordinates": [-115.401393345826, 33.8036940322166]}, "properties": {"OBJECTID": 7163, "CECPlantID": "B0035", "PlantName": "Desert Harvest BESS", "Retired_Plant": 0, "OperatorCompanyID": "Not Available", "County": "Riverside", "Capacity_Latest": 35, "Units": null, "PriEnergySource": "BAT", "StartDate": 1623283200000, "CEC_Jurisdictional": "0"}}, {"type": "Feature", "id": 7164, "geometry": {"type": "Point", "coordinates": [-115.404901555082, 33.8243298795525]}, "properties": {"OBJECTID": 7164, "CECPlantID": "S0257", "PlantName": "Desert Sunlight 300", "Retired_Plant": 0, "OperatorCompanyID": "First Solar Electric (California) LLC", "County": "Riverside", "Capacity_Latest": 192.77, "Units": "DSL300", "PriEnergySource": "SUN", "StartDate": 1381795200000, "CEC_Jurisdictional": "0"}}, {"type": "Feature", "id": 7166, "geometry": {"type": "Point", "coordinates": [-119.038055450037, 35.4030377450337]}, "properties": {"OBJECTID": 7166, "CECPlantID": "S9152", "PlantName": "Kern County Water Agency", "Retired_Plant": 0, "OperatorCompanyID": "Not Available", "County": "Kern", "Capacity_Latest": 4.1, "Units": "1", "PriEnergySource": "SUN", "StartDate": 1325376000000, "CEC_Jurisdictional": "0"}}, {"type": "Feature", "id": 7167, "geometry": {"type": "Point", "coordinates": [-119.302307096185, 35.1288614274743]}, "properties": {"OBJECTID": 7167, "CECPlantID": "B0178", "PlantName": "Northern Orchard Solar", "Retired_Plant": 0, "OperatorCompanyID": "Not Available", "County": "Kern", "Capacity_Latest": 92, "Units": null, "PriEnergySource": "HBD", "StartDate": 1745280000000, "CEC_Jurisdictional": "0"}}, {"type": "Feature", "id": 7168, "geometry": {"type": "Point", "coordinates": [-119.184458586294, 34.1413243471315]}, "properties": {"OBJECTID": 7168, "CECPlantID": "E0211", "PlantName": "Oxnard Wastewater Treatment Plant", "Retired_Plant": 0, "OperatorCompanyID": "City of Oxnard Wastewater Division", "County": "Ventura", "Capacity_Latest": 1.5, "Units": "7610, 7710, 7810", "PriEnergySource": "OBG", "StartDate": 365472000000, "CEC_Jurisdictional": "0"}}, {"type": "Feature", "id": 7169, "geometry": {"type": "Point", "coordinates": [-119.073873142205, 35.4059776621058]}, "properties": {"OBJECTID": 7169, "CECPlantID": "S9209", "PlantName": "Tehachapi (Oswell B)", "Retired_Plant": 0, "OperatorCompanyID": "Not Available", "County": "Kern", "Capacity_Latest": 1.5, "Units": "Unit 1", "PriEnergySource": "SUN", "StartDate": 1419984000000, "CEC_Jurisdictional": "0"}}, {"type": "Feature", "id": 7171, "geometry": {"type": "Point", "coordinates": [-117.420612532525, 34.1380270082201]}, "properties": {"OBJECTID": 7171, "CECPlantID": "B0150", "PlantName": "Inland Empire Energy Storage", "Retired_Plant": 0, "OperatorCompanyID": "Not Available", "County": "San Bernardino", "Capacity_Latest": 70, "Units": null, "PriEnergySource": "BAT", "StartDate": 1728432000000, "CEC_Jurisdictional": "0"}}, {"type": "Feature", "id": 7172, "geometry": {"type": "Point", "coordinates": [-119.168816999815, 34.130160999838]}, "properties": {"OBJECTID": 7172, "CECPlantID": "G0421", "PlantName": "Ormond Beach Generating Station", "Retired_Plant": 0, "OperatorCompanyID": "GenOn Holdings Inc.", "County": "Ventura", "Capacity_Latest": 1612.8, "Units": "UNIT 1, UNIT 2", "PriEnergySource": "NG", "StartDate": 50025600000, "CEC_Jurisdictional": "0"}}, {"type": "Feature", "id": 7173, "geometry": {"type": "Point", "coordinates": [-119.029911595218, 35.4837227438522]}, "properties": {"OBJECTID": 7173, "CECPlantID": "G0040", "PlantName": "Badger Creek Cogen", "Retired_Plant": 0, "OperatorCompanyID": "WCAC Operating Company", "County": "Kern", "Capacity_Latest": 47, "Units": "LM5000", "PriEnergySource": "NG", "StartDate": 672019200000, "CEC_Jurisdictional": "0"}}, {"type": "Feature", "id": 7175, "geometry": {"type": "Point", "coordinates": [-118.245553229958, 33.8225581934453]}, "properties": {"OBJECTID": 7175, "CECPlantID": "S0991", "PlantName": "Wilmington 1 (CAISO)", "Retired_Plant": 0, "OperatorCompanyID": null, "County": "Los Angeles", "Capacity_Latest": 1.8, "Units": null, "PriEnergySource": "SUN", "StartDate": 1758067200000, "CEC_Jurisdictional": "0"}}, {"type": "Feature", "id": 7176, "geometry": {"type": "Point", "coordinates": [-119.183665947185, 34.1415755002036]}, "properties": {"OBJECTID": 7176, "CECPlantID": "G0677", "PlantName": "Oxnard Mill (New-Indy Containerboard)", "Retired_Plant": 0, "OperatorCompanyID": "New-Indy Oxnard LLC", "County": "Ventura", "Capacity_Latest": 29, "Units": "921-2015", "PriEnergySource": "NG", "StartDate": 510019200000, "CEC_Jurisdictional": "0"}}, {"type": "Feature", "id": 7177, "geometry": {"type": "Point", "coordinates": [-118.961375265893, 35.4406078216905]}, "properties": {"OBJECTID": 7177, "CECPlantID": "G0103", "PlantName": "Kern River Eastridge Cogeneration Plant", "Retired_Plant": 0, "OperatorCompanyID": "Chevron North America Exploration and Production", "County": "Kern", "Capacity_Latest": 48.8, "Units": "101A, 101B", "PriEnergySource": "NG", "StartDate": 581126400000, "CEC_Jurisdictional": "0"}}, {"type": "Feature", "id": 7180, "geometry": {"type": "Point", "coordinates": [-118.413803668913, 34.1040004480494]}, "properties": {"OBJECTID": 7180, "CECPlantID": "H0193", "PlantName": "Franklin", "Retired_Plant": 0, "OperatorCompanyID": "Los Angeles Department of Water & Power (LADWP)", "County": "Los Angeles", "Capacity_Latest": 2, "Units": "Unit 1", "PriEnergySource": "WAT", "StartDate": -1533081600000, "CEC_Jurisdictional": "0"}}, {"type": "Feature", "id": 7181, "geometry": {"type": "Point", "coordinates": [-119.012767116378, 35.4407183494948]}, "properties": {"OBJECTID": 7181, "CECPlantID": "G0173", "PlantName": "Western Power and Steam  Inc. (DAI Oildale)", "Retired_Plant": 0, "OperatorCompanyID": "Grade 6 Oil LLC", "County": "Kern", "Capacity_Latest": 22.22, "Units": "CTG, STG", "PriEnergySource": "NG", "StartDate": 636249600000, "CEC_Jurisdictional": "0"}}, {"type": "Feature", "id": 7182, "geometry": {"type": "Point", "coordinates": [-115.774924262622, 32.825604421812]}, "properties": {"OBJECTID": 7182, "CECPlantID": "S0904", "PlantName": "Centinela State Prison", "Retired_Plant": 0, "OperatorCompanyID": null, "County": "Imperial", "Capacity_Latest": 6, "Units": null, "PriEnergySource": "SUN", "StartDate": 1575158400000, "CEC_Jurisdictional": "0"}}, {"type": "Feature", "id": 7183, "geometry": {"type": "Point", "coordinates": [-118.425308622056, 34.0088832789598]}, "properties": {"OBJECTID": 7183, "CECPlantID": "H0466", "PlantName": "San Gorgonio 2", "Retired_Plant": 0, "OperatorCompanyID": "Southern California Edison (SCE)", "County": "Los Angeles", "Capacity_Latest": 0.94, "Units": "1", "PriEnergySource": "WAT", "StartDate": -1454371200000, "CEC_Jurisdictional": "0"}}, {"type": "Feature", "id": 7184, "geometry": {"type": "Point", "coordinates": [-119.046077675452, 35.5005020985651]}, "properties": {"OBJECTID": 7184, "CECPlantID": "G0176", "PlantName": "Double C", "Retired_Plant": 0, "OperatorCompanyID": "WCAC Operating Company", "County": "Kern", "Capacity_Latest": 48, "Units": "Unit 1, Unit 2", "PriEnergySource": "NG", "StartDate": 606355200000, "CEC_Jurisdictional": "0"}}, {"type": "Feature", "id": 7185, "geometry": {"type": "Point", "coordinates": [-118.546980456219, 34.83397076328]}, "properties": {"OBJECTID": 7185, "CECPlantID": "B0085", "PlantName": "Gaskell West 2 BESS", "Retired_Plant": 0, "OperatorCompanyID": "Not Available", "County": "Kern", "Capacity_Latest": 20, "Units": null, "PriEnergySource": "BAT", "StartDate": 1683244800000, "CEC_Jurisdictional": "0"}}, {"type": "Feature", "id": 7186, "geometry": {"type": "Point", "coordinates": [-118.467298953202, 34.0718445724889]}, "properties": {"OBJECTID": 7186, "CECPlantID": "H0467", "PlantName": "Sawtelle (<1 MW)", "Retired_Plant": 0, "OperatorCompanyID": "Los Angeles Department of Water & Power (LADWP)", "County": "Los Angeles", "Capacity_Latest": 0.64, "Units": "1", "PriEnergySource": "WAT", "StartDate": 517968000000, "CEC_Jurisdictional": "0"}}, {"type": "Feature", "id": 7188, "geometry": {"type": "Point", "coordinates": [-119.040148286892, 35.5156154534899]}, "properties": {"OBJECTID": 7188, "CECPlantID": "G0258", "PlantName": "High Sierra", "Retired_Plant": 0, "OperatorCompanyID": "WCAC Operating Company", "County": "Kern", "Capacity_Latest": 48, "Units": "Unit 1, Unit 2", "PriEnergySource": "NG", "StartDate": 606960000000, "CEC_Jurisdictional": "0"}}, {"type": "Feature", "id": 7190, "geometry": {"type": "Point", "coordinates": [-118.479829443352, 34.0969781355279]}, "properties": {"OBJECTID": 7190, "CECPlantID": "H0472", "PlantName": "Sepulveda Canyon", "Retired_Plant": 0, "OperatorCompanyID": "Metropolitan Water District", "County": "Los Angeles", "Capacity_Latest": 8.54, "Units": "1", "PriEnergySource": "WAT", "StartDate": 383788800000, "CEC_Jurisdictional": "0"}}, {"type": "Feature", "id": 7192, "geometry": {"type": "Point", "coordinates": [-117.85129199999, 33.7154260002678]}, "properties": {"OBJECTID": 7192, "CECPlantID": "B0171", "PlantName": "HEBT Irvine 1", "Retired_Plant": 0, "OperatorCompanyID": "Not Available", "County": "Orange", "Capacity_Latest": 5.5, "Units": null, "PriEnergySource": "BAT", "StartDate": 1525132800000, "CEC_Jurisdictional": "0"}}, {"type": "Feature", "id": 7193, "geometry": {"type": "Point", "coordinates": [-118.480204273966, 34.0304172152201]}, "properties": {"OBJECTID": 7193, "CECPlantID": "G0582", "PlantName": "Saint Johns Health Center (Retired 1/1/2004)", "Retired_Plant": 1, "OperatorCompanyID": "Saint Johns Health Center", "County": "Los Angeles", "Capacity_Latest": 0, "Units": "TG-1", "PriEnergySource": "NG", "StartDate": 696902400000, "CEC_Jurisdictional": "0"}}, {"type": "Feature", "id": 7194, "geometry": {"type": "Point", "coordinates": [-119.030620145723, 35.5092153584296]}, "properties": {"OBJECTID": 7194, "CECPlantID": "G0292", "PlantName": "Kern Front", "Retired_Plant": 0, "OperatorCompanyID": "WCAC Operating Company", "County": "Kern", "Capacity_Latest": 48, "Units": "Unit 1, Unit 2", "PriEnergySource": "NG", "StartDate": 612316800000, "CEC_Jurisdictional": "0"}}, {"type": "Feature", "id": 7195, "geometry": {"type": "Point", "coordinates": [-117.85129199999, 33.7154260002678]}, "properties": {"OBJECTID": 7195, "CECPlantID": "B0043", "PlantName": "Hecate Energy Johanna Facility", "Retired_Plant": 0, "OperatorCompanyID": "Not Available", "County": "Orange", "Capacity_Latest": 20, "Units": null, "PriEnergySource": "BAT", "StartDate": 1635465600000, "CEC_Jurisdictional": "0"}}, {"type": "Feature", "id": 7197, "geometry": {"type": "Point", "coordinates": [-118.358844622371, 34.0752567700145]}, "properties": {"OBJECTID": 7197, "CECPlantID": "G0756", "PlantName": "Television City Cogen LP (Retired 2002)", "Retired_Plant": 1, "OperatorCompanyID": "Television City Cogen LP", "County": "Los Angeles", "Capacity_Latest": 0, "Units": "CBSS", "PriEnergySource": "NG", "StartDate": 454896000000, "CEC_Jurisdictional": "0"}}, {"type": "Feature", "id": 7198, "geometry": {"type": "Point", "coordinates": [-118.98494378582, 35.4517603263706]}, "properties": {"OBJECTID": 7198, "CECPlantID": "G0293", "PlantName": "Kern River Cogeneration Co", "Retired_Plant": 0, "OperatorCompanyID": "Edison Mission Operation & Maintenance Inc", "County": "Kern", "Capacity_Latest": 300, "Units": "UNIT 1, UNIT 2, UNIT 3, UNIT 4", "PriEnergySource": "NG", "StartDate": 483753600000, "CEC_Jurisdictional": "1"}}, {"type": "Feature", "id": 7201, "geometry": {"type": "Point", "coordinates": [-118.416820165837, 34.0113122797059]}, "properties": {"OBJECTID": 7201, "CECPlantID": "H0541", "PlantName": "Venice", "Retired_Plant": 0, "OperatorCompanyID": "Metropolitan Water District", "County": "Los Angeles", "Capacity_Latest": 10.12, "Units": "1", "PriEnergySource": "WAT", "StartDate": 389059200000, "CEC_Jurisdictional": "0"}}, {"type": "Feature", "id": 7202, "geometry": {"type": "Point", "coordinates": [-119.008980166934, 35.496173527444]}, "properties": {"OBJECTID": 7202, "CECPlantID": "G0315", "PlantName": "Live Oak Cogen", "Retired_Plant": 0, "OperatorCompanyID": "WCAC Operating Company", "County": "Kern", "Capacity_Latest": 47, "Units": "LM5000", "PriEnergySource": "NG", "StartDate": 702086400000, "CEC_Jurisdictional": "0"}}, {"type": "Feature", "id": 7205, "geometry": {"type": "Point", "coordinates": [-118.450489919736, 34.051530058216]}, "properties": {"OBJECTID": 7205, "CECPlantID": "S9154", "PlantName": "West Los Angeles VA Health Care System", "Retired_Plant": 0, "OperatorCompanyID": "Not Available", "County": "Los Angeles", "Capacity_Latest": 9, "Units": "1", "PriEnergySource": "SUN", "StartDate": 1325376000000, "CEC_Jurisdictional": "0"}}, {"type": "Feature", "id": 7206, "geometry": {"type": "Point", "coordinates": [-118.926555862146, 35.4191487836425]}, "properties": {"OBJECTID": 7206, "CECPlantID": "G0428", "PlantName": "Bear Mountain Cogen", "Retired_Plant": 0, "OperatorCompanyID": "WCAC Operating Company", "County": "Kern", "Capacity_Latest": 47, "Units": "LM5000", "PriEnergySource": "NG", "StartDate": 798681600000, "CEC_Jurisdictional": "0"}}, {"type": "Feature", "id": 7208, "geometry": {"type": "Point", "coordinates": [-118.359690004475, 34.0747997599164]}, "properties": {"OBJECTID": 7208, "CECPlantID": "S9157", "PlantName": "CBS Television City", "Retired_Plant": 0, "OperatorCompanyID": "Not Available", "County": "Los Angeles", "Capacity_Latest": 1.84, "Units": "1", "PriEnergySource": "SUN", "StartDate": 1356998400000, "CEC_Jurisdictional": "0"}}, {"type": "Feature", "id": 7210, "geometry": {"type": "Point", "coordinates": [-119.078455834001, 35.3741077815383]}, "properties": {"OBJECTID": 7210, "CECPlantID": "G0558", "PlantName": "Southeast Kern River Cogen", "Retired_Plant": 0, "OperatorCompanyID": "Chevron North America Exploration and Production", "County": "Kern", "Capacity_Latest": 27.599999999999998, "Units": "Unit 1, Unit 2, Unit 3", "PriEnergySource": "NG", "StartDate": 602294400000, "CEC_Jurisdictional": "0"}}, {"type": "Feature", "id": 7211, "geometry": {"type": "Point", "coordinates": [-116.987767235483, 33.9242720450214]}, "properties": {"OBJECTID": 7211, "CECPlantID": "B0145", "PlantName": "Beaumont BESS", "Retired_Plant": 0, "OperatorCompanyID": "Not Available", "County": "Riverside", "Capacity_Latest": 100, "Units": null, "PriEnergySource": "BAT", "StartDate": 1724716800000, "CEC_Jurisdictional": "0"}}, {"type": "Feature", "id": 7213, "geometry": {"type": "Point", "coordinates": [-118.446702552396, 34.0673154361609]}, "properties": {"OBJECTID": 7213, "CECPlantID": "G0763", "PlantName": "UCLA Energy Systems Facility", "Retired_Plant": 0, "OperatorCompanyID": "Parsons Energy & Chemical", "County": "Los Angeles", "Capacity_Latest": 43, "Units": "CTG-1, CTG-2, STG-1", "PriEnergySource": "NG", "StartDate": 757382400000, "CEC_Jurisdictional": "0"}}, {"type": "Feature", "id": 7214, "geometry": {"type": "Point", "coordinates": [-119.002821133077, 35.4550727055956]}, "properties": {"OBJECTID": 7214, "CECPlantID": "G0590", "PlantName": "Sycamore Cogeneration Co", "Retired_Plant": 0, "OperatorCompanyID": "Edison Mission Operation & Maintenance Inc", "County": "Kern", "Capacity_Latest": 300, "Units": "UNIT 1, UNIT 2, UNIT 3, UNIT 4", "PriEnergySource": "NG", "StartDate": 564796800000, "CEC_Jurisdictional": "1"}}, {"type": "Feature", "id": 7217, "geometry": {"type": "Point", "coordinates": [-118.273317184576, 33.7215056096626]}, "properties": {"OBJECTID": 7217, "CECPlantID": "S0944", "PlantName": "Alta Sea", "Retired_Plant": 0, "OperatorCompanyID": null, "County": "Los Angeles", "Capacity_Latest": 1.8, "Units": null, "PriEnergySource": "SUN", "StartDate": 1701388800000, "CEC_Jurisdictional": "0"}}, {"type": "Feature", "id": 7218, "geometry": {"type": "Point", "coordinates": [-118.796528619636, 35.4407451469855]}, "properties": {"OBJECTID": 7218, "CECPlantID": "H0267", "PlantName": "Kern Canyon", "Retired_Plant": 0, "OperatorCompanyID": "Kern and Tule Hydro, LLC", "County": "Kern", "Capacity_Latest": 11.5, "Units": "Unit 596", "PriEnergySource": "WAT", "StartDate": -1527379200000, "CEC_Jurisdictional": "0"}}, {"type": "Feature", "id": 7220, "geometry": {"type": "Point", "coordinates": [-118.217078566228, 33.9969307073866]}, "properties": {"OBJECTID": 7220, "CECPlantID": "G0588", "PlantName": "Coldgen; Sunlaw (Federal Plant) - Retired September 2002", "Retired_Plant": 1, "OperatorCompanyID": "Sunlaw Energy Partners I LP", "County": "Los Angeles", "Capacity_Latest": 0, "Units": "GEN1, GEN2", "PriEnergySource": "NG", "StartDate": 520560000000, "CEC_Jurisdictional": "0"}}, {"type": "Feature", "id": 7221, "geometry": {"type": "Point", "coordinates": [-117.170425676407, 33.7393656724949]}, "properties": {"OBJECTID": 7221, "CECPlantID": "B0147", "PlantName": "Menifee Power Bank", "Retired_Plant": 0, "OperatorCompanyID": "Not Available", "County": "Riverside", "Capacity_Latest": 680, "Units": null, "PriEnergySource": "BAT", "StartDate": 1726790400000, "CEC_Jurisdictional": "0"}}, {"type": "Feature", "id": 7222, "geometry": {"type": "Point", "coordinates": [-118.779439422619, 35.4602581300799]}, "properties": {"OBJECTID": 7222, "CECPlantID": "H0268", "PlantName": "Kern River 1", "Retired_Plant": 0, "OperatorCompanyID": "Southern California Edison (SCE)", "County": "Kern", "Capacity_Latest": 24.8, "Units": "UNIT 1", "PriEnergySource": "WAT", "StartDate": -1977782400000, "CEC_Jurisdictional": "0"}}, {"type": "Feature", "id": 7224, "geometry": {"type": "Point", "coordinates": [-118.207723162378, 34.0057995348961]}, "properties": {"OBJECTID": 7224, "CECPlantID": "G0754", "PlantName": "Grogen Sunlaw (Growers)", "Retired_Plant": 1, "OperatorCompanyID": "Sunlaw Energy Partners I LP", "County": "Los Angeles", "Capacity_Latest": 0, "Units": "GEN1", "PriEnergySource": "NG", "StartDate": 518659200000, "CEC_Jurisdictional": "0"}}, {"type": "Feature", "id": 7225, "geometry": {"type": "Point", "coordinates": [-117.135129751914, 32.6924217704022]}, "properties": {"OBJECTID": 7225, "CECPlantID": "B0176", "PlantName": "Peregrine Storage", "Retired_Plant": 0, "OperatorCompanyID": "Not Available", "County": "San Diego", "Capacity_Latest": 200, "Units": null, "PriEnergySource": "BAT", "StartDate": 1744156800000, "CEC_Jurisdictional": "0"}}, {"type": "Feature", "id": 7226, "geometry": {"type": "Point", "coordinates": [-115.315008229641, 33.7070145180465]}, "properties": {"OBJECTID": 7226, "CECPlantID": "B0101", "PlantName": "Oberon 1 BESS", "Retired_Plant": 0, "OperatorCompanyID": "Not Available", "County": "Riverside", "Capacity_Latest": 125, "Units": null, "PriEnergySource": "BAT", "StartDate": 1698969600000, "CEC_Jurisdictional": "0"}}, {"type": "Feature", "id": 7227, "geometry": {"type": "Point", "coordinates": [-118.822310915914, 35.430047317267]}, "properties": {"OBJECTID": 7227, "CECPlantID": "H0367", "PlantName": "Rio Bravo Hydroelectric", "Retired_Plant": 0, "OperatorCompanyID": "Olcese Water District", "County": "Kern", "Capacity_Latest": 14, "Units": "1 - 2", "PriEnergySource": "WAT", "StartDate": 609984000000, "CEC_Jurisdictional": "0"}}, {"type": "Feature", "id": 7229, "geometry": {"type": "Point", "coordinates": [-115.313426189456, 33.7083214212935]}, "properties": {"OBJECTID": 7229, "CECPlantID": "B0102", "PlantName": "Oberon 2 BESS", "Retired_Plant": 0, "OperatorCompanyID": "Not Available", "County": "Riverside", "Capacity_Latest": 125, "Units": null, "PriEnergySource": "BAT", "StartDate": 1698969600000, "CEC_Jurisdictional": "0"}}, {"type": "Feature", "id": 7230, "geometry": {"type": "Point", "coordinates": [-118.229218856283, 34.0585195745139]}, "properties": {"OBJECTID": 7230, "CECPlantID": "S0183", "PlantName": "LA County MTA/Metro", "Retired_Plant": 0, "OperatorCompanyID": "LA County MTA/Metro", "County": "Los Angeles", "Capacity_Latest": 1.05, "Units": "SIP742152", "PriEnergySource": "SUN", "StartDate": 1238544000000, "CEC_Jurisdictional": "0"}}, {"type": "Feature", "id": 7232, "geometry": {"type": "Point", "coordinates": [-118.058709774438, 35.0391566407061]}, "properties": {"OBJECTID": 7232, "CECPlantID": "S0983", "PlantName": "Bellefield Solar", "Retired_Plant": 0, "OperatorCompanyID": "S-Power (Sustainable Power Group)", "County": "Kern", "Capacity_Latest": 500, "Units": null, "PriEnergySource": "SUN", "StartDate": 1765411200000, "CEC_Jurisdictional": "0"}}, {"type": "Feature", "id": 7233, "geometry": {"type": "Point", "coordinates": [-118.877123047475, 35.3273169191858]}, "properties": {"OBJECTID": 7233, "CECPlantID": "S0427", "PlantName": "Hayworth Solar Farm", "Retired_Plant": 0, "OperatorCompanyID": "S-Power (Sustainable Power Group)", "County": "Kern", "Capacity_Latest": 26.66, "Units": "Unit 1", "PriEnergySource": "SUN", "StartDate": 1446336000000, "CEC_Jurisdictional": "0"}}, {"type": "Feature", "id": 7234, "geometry": {"type": "Point", "coordinates": [-118.224045472894, 34.0276237943906]}, "properties": {"OBJECTID": 7234, "CECPlantID": "S0184", "PlantName": "Dependable Highway Express", "Retired_Plant": 0, "OperatorCompanyID": "Dependable Highway Express Inc", "County": "Los Angeles", "Capacity_Latest": 1.05, "Units": "SIP1027942", "PriEnergySource": "SUN", "StartDate": 1330646400000, "CEC_Jurisdictional": "0"}}, {"type": "Feature", "id": 7236, "geometry": {"type": "Point", "coordinates": [-118.275318446649, 33.7181869091825]}, "properties": {"OBJECTID": 7236, "CECPlantID": "S0936", "PlantName": "Marina South", "Retired_Plant": 0, "OperatorCompanyID": null, "County": "Los Angeles", "Capacity_Latest": 1, "Units": null, "PriEnergySource": "SUN", "StartDate": 1606780800000, "CEC_Jurisdictional": "0"}}, {"type": "Feature", "id": 7237, "geometry": {"type": "Point", "coordinates": [-118.823951368325, 35.3235204840817]}, "properties": {"OBJECTID": 7237, "CECPlantID": "S0445", "PlantName": "Woodmere Solar Farm", "Retired_Plant": 0, "OperatorCompanyID": "S-Power (Sustainable Power Group)", "County": "Kern", "Capacity_Latest": 14.99, "Units": "Unit 1", "PriEnergySource": "SUN", "StartDate": 1450742400000, "CEC_Jurisdictional": "0"}}, {"type": "Feature", "id": 7238, "geometry": {"type": "Point", "coordinates": [-118.148102715163, 34.0402607720803]}, "properties": {"OBJECTID": 7238, "CECPlantID": "S0369", "PlantName": "ELACC - Parking Lot", "Retired_Plant": 0, "OperatorCompanyID": "Not Available", "County": "Los Angeles", "Capacity_Latest": 1, "Units": "1", "PriEnergySource": "SUN", "StartDate": 1206576000000, "CEC_Jurisdictional": "0"}}, {"type": "Feature", "id": 7241, "geometry": {"type": "Point", "coordinates": [-118.812632601469, 35.3237287328038]}, "properties": {"OBJECTID": 7241, "CECPlantID": "S0652", "PlantName": "Redwood Solar Farm 4", "Retired_Plant": 0, "OperatorCompanyID": "Not Available", "County": "Kern", "Capacity_Latest": 20, "Units": "Unit 1", "PriEnergySource": "SUN", "StartDate": 1515196800000, "CEC_Jurisdictional": "0"}}, {"type": "Feature", "id": 7242, "geometry": {"type": "Point", "coordinates": [-118.22941403021, 34.0572143303586]}, "properties": {"OBJECTID": 7242, "CECPlantID": "S9114", "PlantName": "MTA", "Retired_Plant": 0, "OperatorCompanyID": "Not Available", "County": "Los Angeles", "Capacity_Latest": 1.2, "Units": "1", "PriEnergySource": "SUN", "StartDate": 1325376000000, "CEC_Jurisdictional": "0"}}, {"type": "Feature", "id": 7244, "geometry": {"type": "Point", "coordinates": [-115.277220897654, 32.8048231745217]}, "properties": {"OBJECTID": 7244, "CECPlantID": "B0136", "PlantName": "Vikings Solar BESS Hybrid Project", "Retired_Plant": 0, "OperatorCompanyID": "Not Available", "County": "Imperial", "Capacity_Latest": 150, "Units": null, "PriEnergySource": "BAT", "StartDate": 1717804800000, "CEC_Jurisdictional": "0"}}, {"type": "Feature", "id": 7245, "geometry": {"type": "Point", "coordinates": [-118.223970999823, 34.026902000315]}, "properties": {"OBJECTID": 7245, "CECPlantID": "S9116", "PlantName": "Dependable Highway Express Inc", "Retired_Plant": 0, "OperatorCompanyID": "Not Available", "County": "Los Angeles", "Capacity_Latest": 1.2, "Units": "1", "PriEnergySource": "SUN", "StartDate": 1325376000000, "CEC_Jurisdictional": "0"}}, {"type": "Feature", "id": 7246, "geometry": {"type": "Point", "coordinates": [-118.745888000733, 35.3273460003109]}, "properties": {"OBJECTID": 7246, "CECPlantID": "S9200", "PlantName": "Agua Caliente (Bena A)", "Retired_Plant": 0, "OperatorCompanyID": "Not Available", "County": "Kern", "Capacity_Latest": 1.5, "Units": "Unit 1", "PriEnergySource": "SUN", "StartDate": 1419984000000, "CEC_Jurisdictional": "0"}}, {"type": "Feature", "id": 7247, "geometry": {"type": "Point", "coordinates": [-118.206812529234, 34.1282026144809]}, "properties": {"OBJECTID": 7247, "CECPlantID": "S9156", "PlantName": "Occidental College Solar Project", "Retired_Plant": 0, "OperatorCompanyID": "Not Available", "County": "Los Angeles", "Capacity_Latest": 1.14, "Units": "1", "PriEnergySource": "SUN", "StartDate": 1356998400000, "CEC_Jurisdictional": "0"}}, {"type": "Feature", "id": 7249, "geometry": {"type": "Point", "coordinates": [-117.213201087399, 33.6962799641591]}, "properties": {"OBJECTID": 7249, "CECPlantID": "S0922", "PlantName": "EMWD - Sun City RWRF", "Retired_Plant": 0, "OperatorCompanyID": null, "County": "Riverside", "Capacity_Latest": 1.6, "Units": null, "PriEnergySource": "SUN", "StartDate": 1625097600000, "CEC_Jurisdictional": "0"}}, {"type": "Feature", "id": 7250, "geometry": {"type": "Point", "coordinates": [-118.153791494426, 33.9948613837226]}, "properties": {"OBJECTID": 7250, "CECPlantID": "E0113", "PlantName": "Commerce Refuse To Energy (Retired June 30, 2018)", "Retired_Plant": 1, "OperatorCompanyID": "Sanitation Districts of Los Angeles County", "County": "Los Angeles", "Capacity_Latest": 0, "Units": "1", "PriEnergySource": "MSW", "StartDate": 531187200000, "CEC_Jurisdictional": "0"}}, {"type": "Feature", "id": 7252, "geometry": {"type": "Point", "coordinates": [-118.180475678226, 35.3502891016842]}, "properties": {"OBJECTID": 7252, "CECPlantID": "W0414", "PlantName": "North Sky River, LLC", "Retired_Plant": 0, "OperatorCompanyID": "North Sky River Energy LLC", "County": "Kern", "Capacity_Latest": 162, "Units": "WPRS 1", "PriEnergySource": "WND", "StartDate": 1356307200000, "CEC_Jurisdictional": "0"}}, {"type": "Feature", "id": 7253, "geometry": {"type": "Point", "coordinates": [-119.15824118168, 34.2575526139866]}, "properties": {"OBJECTID": 7253, "CECPlantID": "B0034", "PlantName": "Ventura Energy Storage", "Retired_Plant": 0, "OperatorCompanyID": "Not Available", "County": "Ventura", "Capacity_Latest": 100, "Units": null, "PriEnergySource": "BAT", "StartDate": 1618876800000, "CEC_Jurisdictional": "0"}}, {"type": "Feature", "id": 7254, "geometry": {"type": "Point", "coordinates": [-118.148742855346, 34.1266876496157]}, "properties": {"OBJECTID": 7254, "CECPlantID": "G0231", "PlantName": "Glenarm", "Retired_Plant": 0, "OperatorCompanyID": "City of Pasadena", "County": "Los Angeles", "Capacity_Latest": 226.76, "Units": "G9, GT 1, GT 2, GT 3, GT 4, GT 5", "PriEnergySource": "NG", "StartDate": 189302400000, "CEC_Jurisdictional": "0"}}, {"type": "Feature", "id": 7256, "geometry": {"type": "Point", "coordinates": [-120.681387870729, 35.5577760351448]}, "properties": {"OBJECTID": 7256, "CECPlantID": "S9292", "PlantName": "Ecos Energy   LLC_(Vintner Solar Project)", "Retired_Plant": 0, "OperatorCompanyID": "Not Available", "County": "San Luis Obispo", "Capacity_Latest": 1.5, "Units": "Unit 1", "PriEnergySource": "SUN", "StartDate": 1393977600000, "CEC_Jurisdictional": "0"}}, {"type": "Feature", "id": 7257, "geometry": {"type": "Point", "coordinates": [-117.022455172168, 33.2499062283138]}, "properties": {"OBJECTID": 7257, "CECPlantID": "S0938", "PlantName": "NLP Valley Center Solar, LLC", "Retired_Plant": 0, "OperatorCompanyID": null, "County": "San Diego", "Capacity_Latest": 2.3, "Units": null, "PriEnergySource": "SUN", "StartDate": 1480550400000, "CEC_Jurisdictional": "0"}}, {"type": "Feature", "id": 7258, "geometry": {"type": "Point", "coordinates": [-118.141130732781, 33.9885142877307]}, "properties": {"OBJECTID": 7258, "CECPlantID": "G0028", "PlantName": "Cenveo Anderson Lithograph (Shutdown May 2009)", "Retired_Plant": 1, "OperatorCompanyID": "Cenveo Corporation", "County": "Los Angeles", "Capacity_Latest": 0, "Units": "GCTG-1, STG-1", "PriEnergySource": "NG", "StartDate": 806112000000, "CEC_Jurisdictional": "0"}}, {"type": "Feature", "id": 7260, "geometry": {"type": "Point", "coordinates": [-120.684758738635, 35.6142376333451]}, "properties": {"OBJECTID": 7260, "CECPlantID": "S9295", "PlantName": "Pristine Sun Fund 7 San Luis Obispo PGE LLC_(2163_Bray)", "Retired_Plant": 0, "OperatorCompanyID": "Not Available", "County": "San Luis Obispo", "Capacity_Latest": 1, "Units": "Unit 1", "PriEnergySource": "SUN", "StartDate": 1388448000000, "CEC_Jurisdictional": "0"}}, {"type": "Feature", "id": 7261, "geometry": {"type": "Point", "coordinates": [-117.019531647964, 33.2272686487996]}, "properties": {"OBJECTID": 7261, "CECPlantID": "B0048", "PlantName": "Valley Center Energy Storage", "Retired_Plant": 0, "OperatorCompanyID": "Not Available", "County": "San Diego", "Capacity_Latest": 54, "Units": null, "PriEnergySource": "BAT", "StartDate": 1638144000000, "CEC_Jurisdictional": "0"}}, {"type": "Feature", "id": 7262, "geometry": {"type": "Point", "coordinates": [-118.147770171134, 34.1260946316054]}, "properties": {"OBJECTID": 7262, "CECPlantID": "G0061", "PlantName": "Broadway (Retired 12/31/2016)", "Retired_Plant": 1, "OperatorCompanyID": "City of Pasadena", "County": "Los Angeles", "Capacity_Latest": 0, "Units": "B1, B2, B3", "PriEnergySource": "NG", "StartDate": -468288000000, "CEC_Jurisdictional": "0"}}, {"type": "Feature", "id": 7264, "geometry": {"type": "Point", "coordinates": [-120.645784584928, 35.6915761612391]}, "properties": {"OBJECTID": 7264, "CECPlantID": "S9298", "PlantName": "Pristine Sun Fund 7 San Luis Obispo PGE LLC_(2050_Gomez)", "Retired_Plant": 0, "OperatorCompanyID": "Not Available", "County": "San Luis Obispo", "Capacity_Latest": 0.5, "Units": "Unit 1", "PriEnergySource": "SUN", "StartDate": 1388448000000, "CEC_Jurisdictional": "0"}}, {"type": "Feature", "id": 7265, "geometry": {"type": "Point", "coordinates": [-117.018867999827, 33.2269779998004]}, "properties": {"OBJECTID": 7265, "CECPlantID": "B0052", "PlantName": "Valley Center Energy Storage B", "Retired_Plant": 0, "OperatorCompanyID": "Not Available", "County": "San Diego", "Capacity_Latest": 85, "Units": null, "PriEnergySource": "BAT", "StartDate": 1639612800000, "CEC_Jurisdictional": "0"}}, {"type": "Feature", "id": 7266, "geometry": {"type": "Point", "coordinates": [-118.235040346792, 33.991388546761]}, "properties": {"OBJECTID": 7266, "CECPlantID": "G0145", "PlantName": "Smurfit Stone Container Corporation - Retired August 2002", "Retired_Plant": 1, "OperatorCompanyID": "Jefferson Smurfit Container Corp", "County": "Los Angeles", "Capacity_Latest": 0, "Units": "1", "PriEnergySource": "NG", "StartDate": 517968000000, "CEC_Jurisdictional": "0"}}, {"type": "Feature", "id": 7267, "geometry": {"type": "Point", "coordinates": [-118.165564031376, 33.9821768756518]}, "properties": {"OBJECTID": 7267, "CECPlantID": "G0203", "PlantName": "NP Cogen Inc - Retired December 2001", "Retired_Plant": 1, "OperatorCompanyID": "Newark Pacific Paperboard Corp (NP Cogen Inc)", "County": "Los Angeles", "Capacity_Latest": 0, "Units": "GNGT, GNST", "PriEnergySource": "NG", "StartDate": 407548800000, "CEC_Jurisdictional": "0"}}, {"type": "Feature", "id": 7268, "geometry": {"type": "Point", "coordinates": [-120.568125507762, 35.6712095262492]}, "properties": {"OBJECTID": 7268, "CECPlantID": "S0162", "PlantName": "Meridian (Paso Robles Solar  LLC)", "Retired_Plant": 0, "OperatorCompanyID": "X-Elio North America Inc.", "County": "San Luis Obispo", "Capacity_Latest": 1.14, "Units": "1", "PriEnergySource": "SUN", "StartDate": 1290988800000, "CEC_Jurisdictional": "0"}}, {"type": "Feature", "id": 7270, "geometry": {"type": "Point", "coordinates": [-115.224496793001, 33.6912119730076]}, "properties": {"OBJECTID": 7270, "CECPlantID": "B0069", "PlantName": "Almasol 6 BES", "Retired_Plant": 0, "OperatorCompanyID": "Not Available", "County": "Riverside", "Capacity_Latest": 50, "Units": null, "PriEnergySource": "BAT", "StartDate": 1656288000000, "CEC_Jurisdictional": "0"}}, {"type": "Feature", "id": 7271, "geometry": {"type": "Point", "coordinates": [-118.239062280731, 34.0437674433269]}, "properties": {"OBJECTID": 7271, "CECPlantID": "G0262", "PlantName": "Los Angeles Cold Storage - Retired Dec 2003", "Retired_Plant": 1, "OperatorCompanyID": "Los Angeles Cold Storage Company", "County": "Los Angeles", "Capacity_Latest": 0, "Units": "1", "PriEnergySource": "NG", "StartDate": 618796800000, "CEC_Jurisdictional": "0"}}, {"type": "Feature", "id": 7272, "geometry": {"type": "Point", "coordinates": [-120.596193195753, 35.6563376960286]}, "properties": {"OBJECTID": 7272, "CECPlantID": "S9294", "PlantName": "Pristine Sun Fund 1  LLC_(2056_Jardine)", "Retired_Plant": 0, "OperatorCompanyID": "Not Available", "County": "San Luis Obispo", "Capacity_Latest": 1, "Units": "Unit 1", "PriEnergySource": "SUN", "StartDate": 1388448000000, "CEC_Jurisdictional": "0"}}, {"type": "Feature", "id": 7274, "geometry": {"type": "Point", "coordinates": [-118.221778777171, 33.998829770332]}, "properties": {"OBJECTID": 7274, "CECPlantID": "G0652", "PlantName": "Vernon (includes H. Gonzales)", "Retired_Plant": 0, "OperatorCompanyID": "City of Vernon", "County": "Los Angeles", "Capacity_Latest": 41.8, "Units": "VER1, VER2, VER3, VER4, VER5, VER6, VER7", "PriEnergySource": "OIL", "StartDate": -1149292800000, "CEC_Jurisdictional": "0"}}, {"type": "Feature", "id": 7275, "geometry": {"type": "Point", "coordinates": [-120.343868445524, 35.6835907017636]}, "properties": {"OBJECTID": 7275, "CECPlantID": "S0689", "PlantName": "California Flats 150", "Retired_Plant": 0, "OperatorCompanyID": "CD Arevon USA Inc.", "County": "San Luis Obispo", "Capacity_Latest": 150, "Units": "Unit 1", "PriEnergySource": "SUN", "StartDate": 1551744000000, "CEC_Jurisdictional": "0"}}, {"type": "Feature", "id": 7276, "geometry": {"type": "Point", "coordinates": [-118.027525148765, 35.2563017630282]}, "properties": {"OBJECTID": 7276, "CECPlantID": "B0021", "PlantName": "Beacon BESS 1", "Retired_Plant": 0, "OperatorCompanyID": "Not Available", "County": "Kern", "Capacity_Latest": 20, "Units": null, "PriEnergySource": "BAT", "StartDate": 1534550400000, "CEC_Jurisdictional": "0"}}, {"type": "Feature", "id": 7278, "geometry": {"type": "Point", "coordinates": [-118.243730086553, 34.0564980394692]}, "properties": {"OBJECTID": 7278, "CECPlantID": "G0758", "PlantName": "Civic Center Cogen (retired 3/2020)", "Retired_Plant": 1, "OperatorCompanyID": "LA County ISD (Civic Center)", "County": "Los Angeles", "Capacity_Latest": 0, "Units": "Brush, Fuji", "PriEnergySource": "NG", "StartDate": 586396800000, "CEC_Jurisdictional": "0"}}, {"type": "Feature", "id": 7279, "geometry": {"type": "Point", "coordinates": [-119.857315579461, 35.6168377781736]}, "properties": {"OBJECTID": 7279, "CECPlantID": "S0339", "PlantName": "Blackwell Solar", "Retired_Plant": 0, "OperatorCompanyID": "Southern Power Company", "County": "Kern", "Capacity_Latest": 12, "Units": "BWS1", "PriEnergySource": "SUN", "StartDate": 1429228800000, "CEC_Jurisdictional": "0"}}, {"type": "Feature", "id": 7282, "geometry": {"type": "Point", "coordinates": [-118.220458537954, 33.9988791134119]}, "properties": {"OBJECTID": 7282, "CECPlantID": "G0894", "PlantName": "Malburg Power Plant", "Retired_Plant": 0, "OperatorCompanyID": "City of Vernon Public Utilities", "County": "Los Angeles", "Capacity_Latest": 158.8, "Units": "M1, M2, M3", "PriEnergySource": "NG", "StartDate": 1129507200000, "CEC_Jurisdictional": "1"}}, {"type": "Feature", "id": 7283, "geometry": {"type": "Point", "coordinates": [-119.855774931041, 35.6255432161344]}, "properties": {"OBJECTID": 7283, "CECPlantID": "S0340", "PlantName": "Lost Hills Solar", "Retired_Plant": 0, "OperatorCompanyID": "Southern Power Company", "County": "Kern", "Capacity_Latest": 21.28, "Units": "LHS1", "PriEnergySource": "SUN", "StartDate": 1429228800000, "CEC_Jurisdictional": "0"}}, {"type": "Feature", "id": 7285, "geometry": {"type": "Point", "coordinates": [-118.099271138051, 34.0047215448894]}, "properties": {"OBJECTID": 7285, "CECPlantID": "H0412", "PlantName": "Rio Hondo", "Retired_Plant": 0, "OperatorCompanyID": "Metropolitan Water District", "County": "Los Angeles", "Capacity_Latest": 1.91, "Units": "1", "PriEnergySource": "WAT", "StartDate": 754704000000, "CEC_Jurisdictional": "0"}}, {"type": "Feature", "id": 7286, "geometry": {"type": "Point", "coordinates": [-119.891592673532, 35.6542204846993]}, "properties": {"OBJECTID": 7286, "CECPlantID": "S9011", "PlantName": "Paramount Farms Inc.", "Retired_Plant": 0, "OperatorCompanyID": "Not Available", "County": "Kern", "Capacity_Latest": 1, "Units": "1", "PriEnergySource": "SUN", "StartDate": 1325376000000, "CEC_Jurisdictional": "0"}}, {"type": "Feature", "id": 7288, "geometry": {"type": "Point", "coordinates": [-119.844966040825, 35.6100146822797]}, "properties": {"OBJECTID": 7288, "CECPlantID": "S0688", "PlantName": "CED Lost Hills Solar, LLC", "Retired_Plant": 0, "OperatorCompanyID": "RWE Clean Energy", "County": "Kern", "Capacity_Latest": 20, "Units": "Unit 1", "PriEnergySource": "SUN", "StartDate": 1549324800000, "CEC_Jurisdictional": "0"}}, {"type": "Feature", "id": 7290, "geometry": {"type": "Point", "coordinates": [-118.103285471904, 33.9822625841656]}, "properties": {"OBJECTID": 7290, "CECPlantID": "S0442", "PlantName": "Pico Rivera", "Retired_Plant": 0, "OperatorCompanyID": "Not Available", "County": "Los Angeles", "Capacity_Latest": 0.9, "Units": "Unit 1", "PriEnergySource": "SUN", "StartDate": 1447977600000, "CEC_Jurisdictional": "0"}}, {"type": "Feature", "id": 7293, "geometry": {"type": "Point", "coordinates": [-119.716094825618, 35.6475048421815]}, "properties": {"OBJECTID": 7293, "CECPlantID": "S9177", "PlantName": "Nickel 1 (\"NLH1\")", "Retired_Plant": 0, "OperatorCompanyID": "Not Available", "County": "Kern", "Capacity_Latest": 1.5, "Units": "Unit 1", "PriEnergySource": "SUN", "StartDate": 1362096000000, "CEC_Jurisdictional": "0"}}, {"type": "Feature", "id": 7294, "geometry": {"type": "Point", "coordinates": [-118.024203452944, 34.0237966272447]}, "properties": {"OBJECTID": 7294, "CECPlantID": "E0127", "PlantName": "Puente Hills Energy Recovery", "Retired_Plant": 0, "OperatorCompanyID": "Sanitation Districts of Los Angeles County", "County": "Los Angeles", "Capacity_Latest": 50, "Units": "GEN 1, GEN 2", "PriEnergySource": "LFG", "StartDate": 1496275200000, "CEC_Jurisdictional": "0"}}, {"type": "Feature", "id": 7296, "geometry": {"type": "Point", "coordinates": [-118.283751999855, 33.7660410000405]}, "properties": {"OBJECTID": 7296, "CECPlantID": "S0956", "PlantName": "Westmont 300B", "Retired_Plant": 0, "OperatorCompanyID": null, "County": "Los Angeles", "Capacity_Latest": 3, "Units": null, "PriEnergySource": "SUN", "StartDate": 1480550400000, "CEC_Jurisdictional": "0"}}, {"type": "Feature", "id": 7297, "geometry": {"type": "Point", "coordinates": [-119.767136516592, 35.665697365749]}, "properties": {"OBJECTID": 7297, "CECPlantID": "G0599", "PlantName": "Lost Hills Cogeneration Plant", "Retired_Plant": 0, "OperatorCompanyID": "Aera Energy LLC", "County": "Kern", "Capacity_Latest": 9, "Units": "4, 5, 6", "PriEnergySource": "NG", "StartDate": 496972800000, "CEC_Jurisdictional": "0"}}, {"type": "Feature", "id": 7298, "geometry": {"type": "Point", "coordinates": [-119.702336134604, 35.6076408410787]}, "properties": {"OBJECTID": 7298, "CECPlantID": "S0718", "PlantName": "Chevron - Lost Hills Hybrid", "Retired_Plant": 0, "OperatorCompanyID": "MN8 Energy", "County": "Kern", "Capacity_Latest": 29.75, "Units": "Unit 1", "PriEnergySource": "SUN", "StartDate": 1586995200000, "CEC_Jurisdictional": "0"}}, {"type": "Feature", "id": 7300, "geometry": {"type": "Point", "coordinates": [-118.024541814991, 34.0236681332113]}, "properties": {"OBJECTID": 7300, "CECPlantID": "E0128", "PlantName": "Puente Hills Gas-to-Energy Facility  Phase II (Retired 12/31/2016)", "Retired_Plant": 1, "OperatorCompanyID": "Sanitation Districts of Los Angeles County", "County": "Los Angeles", "Capacity_Latest": 0, "Units": "Gen-3, Gen-4, Gen-5", "PriEnergySource": "LFG", "StartDate": 1136073600000, "CEC_Jurisdictional": "0"}}, {"type": "Feature", "id": 7301, "geometry": {"type": "Point", "coordinates": [-119.568738389038, 35.6188279396572]}, "properties": {"OBJECTID": 7301, "CECPlantID": "S0327", "PlantName": "Wildwood Solar I", "Retired_Plant": 0, "OperatorCompanyID": "Clearway Energy", "County": "Kern", "Capacity_Latest": 20, "Units": "WLD1", "PriEnergySource": "SUN", "StartDate": 1424217600000, "CEC_Jurisdictional": "0"}}, {"type": "Feature", "id": 7302, "geometry": {"type": "Point", "coordinates": [-118.283751999855, 33.7660410000405]}, "properties": {"OBJECTID": 7302, "CECPlantID": "S0955", "PlantName": "Westmont 300A", "Retired_Plant": 0, "OperatorCompanyID": null, "County": "Los Angeles", "Capacity_Latest": 2.9, "Units": null, "PriEnergySource": "SUN", "StartDate": 1488326400000, "CEC_Jurisdictional": "0"}}, {"type": "Feature", "id": 7304, "geometry": {"type": "Point", "coordinates": [-119.575951122655, 35.5919140665005]}, "properties": {"OBJECTID": 7304, "CECPlantID": "S0331", "PlantName": "Cottonwood Goose Lake LLC", "Retired_Plant": 0, "OperatorCompanyID": "Onward Energy", "County": "Kern", "Capacity_Latest": 12, "Units": "1", "PriEnergySource": "SUN", "StartDate": 1430179200000, "CEC_Jurisdictional": "0"}}, {"type": "Feature", "id": 7305, "geometry": {"type": "Point", "coordinates": [-118.047242260524, 33.9707137330305]}, "properties": {"OBJECTID": 7305, "CECPlantID": "E0261", "PlantName": "Whittier LFG Power Plant 1", "Retired_Plant": 0, "OperatorCompanyID": "J&A Santa Maria", "County": "Los Angeles", "Capacity_Latest": 2.2, "Units": "ENG1, ENG2", "PriEnergySource": "LFG", "StartDate": 1164931200000, "CEC_Jurisdictional": "0"}}, {"type": "Feature", "id": 7306, "geometry": {"type": "Point", "coordinates": [-119.269110184008, 35.7737542163034]}, "properties": {"OBJECTID": 7306, "CECPlantID": "S0931", "PlantName": "Kern Valley", "Retired_Plant": 0, "OperatorCompanyID": null, "County": "Kern", "Capacity_Latest": 3, "Units": null, "PriEnergySource": "SUN", "StartDate": 1693526400000, "CEC_Jurisdictional": "0"}}, {"type": "Feature", "id": 7308, "geometry": {"type": "Point", "coordinates": [-119.577870753815, 35.6324686274464]}, "properties": {"OBJECTID": 7308, "CECPlantID": "S0546", "PlantName": "Wildwood Solar II", "Retired_Plant": 0, "OperatorCompanyID": "Clearway Energy", "County": "Kern", "Capacity_Latest": 15, "Units": "PV1", "PriEnergySource": "SUN", "StartDate": 1484092800000, "CEC_Jurisdictional": "0"}}, {"type": "Feature", "id": 7309, "geometry": {"type": "Point", "coordinates": [-118.122365367005, 34.1400403625935]}, "properties": {"OBJECTID": 7309, "CECPlantID": "G0757", "PlantName": "California Institute of Technology", "Retired_Plant": 0, "OperatorCompanyID": "California Institute of Technology", "County": "Los Angeles", "Capacity_Latest": 12.5, "Units": "GEN1, GEN2, GEN3, GEN4, GEN5", "PriEnergySource": "NG", "StartDate": 1059696000000, "CEC_Jurisdictional": "0"}}, {"type": "Feature", "id": 7310, "geometry": {"type": "Point", "coordinates": [-118.28659200008, 33.7628849995322]}, "properties": {"OBJECTID": 7310, "CECPlantID": "S0957", "PlantName": "Westmont 301", "Retired_Plant": 0, "OperatorCompanyID": null, "County": "Los Angeles", "Capacity_Latest": 1.8, "Units": null, "PriEnergySource": "SUN", "StartDate": 1509494400000, "CEC_Jurisdictional": "0"}}, {"type": "Feature", "id": 7312, "geometry": {"type": "Point", "coordinates": [-119.545523997641, 35.5381944340213]}, "properties": {"OBJECTID": 7312, "CECPlantID": "G0592", "PlantName": "South Generator", "Retired_Plant": 0, "OperatorCompanyID": "Semitropic Water Storage District", "County": "Kern", "Capacity_Latest": 2, "Units": "1, 2", "PriEnergySource": "NG", "StartDate": 746841600000, "CEC_Jurisdictional": "0"}}, {"type": "Feature", "id": 7313, "geometry": {"type": "Point", "coordinates": [-117.945164417348, 34.0085383379962]}, "properties": {"OBJECTID": 7313, "CECPlantID": "G0928", "PlantName": "Walnut Creek Energy Park", "Retired_Plant": 0, "OperatorCompanyID": "Walnut Creek Energy LLC", "County": "Los Angeles", "Capacity_Latest": 500.5, "Units": "1, 2, 3, 4, 5", "PriEnergySource": "NG", "StartDate": 1356739200000, "CEC_Jurisdictional": "1"}}, {"type": "Feature", "id": 7315, "geometry": {"type": "Point", "coordinates": [-119.544397517319, 35.5790630832032]}, "properties": {"OBJECTID": 7315, "CECPlantID": "G0593", "PlantName": "North Generator", "Retired_Plant": 0, "OperatorCompanyID": "Semitropic Water Storage District", "County": "Kern", "Capacity_Latest": 2, "Units": "1, 2", "PriEnergySource": "NG", "StartDate": 746841600000, "CEC_Jurisdictional": "0"}}, {"type": "Feature", "id": 7316, "geometry": {"type": "Point", "coordinates": [-117.939879946101, 34.1266739814824]}, "properties": {"OBJECTID": 7316, "CECPlantID": "G1072", "PlantName": "Irwindale Brew Yard LLC (formerly Molson, MillerCoors)", "Retired_Plant": 0, "OperatorCompanyID": "IBY, LLC", "County": "Los Angeles", "Capacity_Latest": 14.23, "Units": "D175, D176, S-1, T-100, T-200", "PriEnergySource": "OBG", "StartDate": 1138752000000, "CEC_Jurisdictional": "0"}}, {"type": "Feature", "id": 7320, "geometry": {"type": "Point", "coordinates": [-119.437860055983, 35.5683114948435]}, "properties": {"OBJECTID": 7320, "CECPlantID": "S9044", "PlantName": "Primex Farms LLC", "Retired_Plant": 0, "OperatorCompanyID": "Not Available", "County": "Kern", "Capacity_Latest": 1, "Units": "1", "PriEnergySource": "SUN", "StartDate": 1325376000000, "CEC_Jurisdictional": "0"}}, {"type": "Feature", "id": 7321, "geometry": {"type": "Point", "coordinates": [-117.057064259659, 33.2698937318318]}, "properties": {"OBJECTID": 7321, "CECPlantID": "S0937", "PlantName": "NLP Granger A82, LLC", "Retired_Plant": 0, "OperatorCompanyID": null, "County": "San Diego", "Capacity_Latest": 3, "Units": null, "PriEnergySource": "SUN", "StartDate": 1472688000000, "CEC_Jurisdictional": "0"}}, {"type": "Feature", "id": 7323, "geometry": {"type": "Point", "coordinates": [-119.406581728996, 35.5906163700706]}, "properties": {"OBJECTID": 7323, "CECPlantID": "S9165", "PlantName": "CA Dept of Correctionns WASCO (WSP)", "Retired_Plant": 0, "OperatorCompanyID": "Not Available", "County": "Kern", "Capacity_Latest": 2, "Units": "1", "PriEnergySource": "SUN", "StartDate": 1356998400000, "CEC_Jurisdictional": "0"}}, {"type": "Feature", "id": 7326, "geometry": {"type": "Point", "coordinates": [-119.359534776014, 35.5237356702636]}, "properties": {"OBJECTID": 7326, "CECPlantID": "S9198", "PlantName": "Ignite Solar LLC_(Merced Ave C)", "Retired_Plant": 0, "OperatorCompanyID": "Not Available", "County": "Kern", "Capacity_Latest": 1.5, "Units": "Unit 1", "PriEnergySource": "SUN", "StartDate": 1388448000000, "CEC_Jurisdictional": "0"}}, {"type": "Feature", "id": 7327, "geometry": {"type": "Point", "coordinates": [-117.795759027733, 34.1275334407604]}, "properties": {"OBJECTID": 7327, "CECPlantID": "H0437", "PlantName": "San Dimas Hydro Recovery Plant", "Retired_Plant": 0, "OperatorCompanyID": "Metropolitan Water District", "County": "Los Angeles", "Capacity_Latest": 9.92, "Units": "1", "PriEnergySource": "WAT", "StartDate": 352252800000, "CEC_Jurisdictional": "0"}}, {"type": "Feature", "id": 7328, "geometry": {"type": "Point", "coordinates": [-117.526131580213, 34.4338082895483]}, "properties": {"OBJECTID": 7328, "CECPlantID": "B0173", "PlantName": "Springbok 3 Solar Farm Hybrid", "Retired_Plant": 0, "OperatorCompanyID": "Not Available", "County": "San Bernardino", "Capacity_Latest": 1.5, "Units": null, "PriEnergySource": "BAT", "StartDate": 1561939200000, "CEC_Jurisdictional": "0"}}, {"type": "Feature", "id": 7330, "geometry": {"type": "Point", "coordinates": [-119.450329202935, 35.5568988679048]}, "properties": {"OBJECTID": 7330, "CECPlantID": "S9207", "PlantName": "Sequoia (Bena C)", "Retired_Plant": 0, "OperatorCompanyID": "Not Available", "County": "Kern", "Capacity_Latest": 1.5, "Units": "Unit 1", "PriEnergySource": "SUN", "StartDate": 1419984000000, "CEC_Jurisdictional": "0"}}, {"type": "Feature", "id": 7331, "geometry": {"type": "Point", "coordinates": [-117.255570000118, 33.1927476002621]}, "properties": {"OBJECTID": 7331, "CECPlantID": "S0913", "PlantName": "County San Diego - North County Regional Center at Vista", "Retired_Plant": 0, "OperatorCompanyID": null, "County": "San Diego", "Capacity_Latest": 1.8, "Units": null, "PriEnergySource": "SUN", "StartDate": 1614556800000, "CEC_Jurisdictional": "0"}}, {"type": "Feature", "id": 7332, "geometry": {"type": "Point", "coordinates": [-117.805064987038, 34.1241661448551]}, "properties": {"OBJECTID": 7332, "CECPlantID": "H0443", "PlantName": "San Dimas Wash", "Retired_Plant": 0, "OperatorCompanyID": "San Gabriel Valley Municipal Water District", "County": "Los Angeles", "Capacity_Latest": 1.05, "Units": "UNIT 1", "PriEnergySource": "WAT", "StartDate": 510019200000, "CEC_Jurisdictional": "0"}}, {"type": "Feature", "id": 7334, "geometry": {"type": "Point", "coordinates": [-119.149156178782, 35.547155771876]}, "properties": {"OBJECTID": 7334, "CECPlantID": "S9196", "PlantName": "Ignite Solar LLC_(Merced Ave A)", "Retired_Plant": 0, "OperatorCompanyID": "Not Available", "County": "Kern", "Capacity_Latest": 1.5, "Units": "Unit 1", "PriEnergySource": "SUN", "StartDate": 1388448000000, "CEC_Jurisdictional": "0"}}, {"type": "Feature", "id": 7335, "geometry": {"type": "Point", "coordinates": [-117.764723382818, 34.0953037229052]}, "properties": {"OBJECTID": 7335, "CECPlantID": "G0437", "PlantName": "Paper-Pak Industries (Shutdown 12/31/2008)", "Retired_Plant": 1, "OperatorCompanyID": "Paper-Pak Industries", "County": "Los Angeles", "Capacity_Latest": 0, "Units": "GEN1", "PriEnergySource": "NG", "StartDate": 441763200000, "CEC_Jurisdictional": "0"}}, {"type": "Feature", "id": 7336, "geometry": {"type": "Point", "coordinates": [-116.883606840046, 34.863913669721]}, "properties": {"OBJECTID": 7336, "CECPlantID": "B0206", "PlantName": "Daggett Solar 1 BESS", "Retired_Plant": 0, "OperatorCompanyID": "Not Available", "County": "San Bernardino", "Capacity_Latest": 113.5, "Units": null, "PriEnergySource": "BAT", "StartDate": 1757376000000, "CEC_Jurisdictional": "0"}}, {"type": "Feature", "id": 7338, "geometry": {"type": "Point", "coordinates": [-119.14981613489, 35.5471481008338]}, "properties": {"OBJECTID": 7338, "CECPlantID": "S9197", "PlantName": "Ignite Solar LLC_(Merced Ave B)", "Retired_Plant": 0, "OperatorCompanyID": "Not Available", "County": "Kern", "Capacity_Latest": 1.5, "Units": "Unit 1", "PriEnergySource": "SUN", "StartDate": 1388448000000, "CEC_Jurisdictional": "0"}}, {"type": "Feature", "id": 7339, "geometry": {"type": "Point", "coordinates": [-117.774089652449, 34.0590389003032]}, "properties": {"OBJECTID": 7339, "CECPlantID": "G0562", "PlantName": "AltaGas Pomona Energy Inc (cogen prior to 2016) (retired 9/6/2019)", "Retired_Plant": 1, "OperatorCompanyID": "North American Energy Services Company", "County": "Los Angeles", "Capacity_Latest": 0, "Units": "1", "PriEnergySource": "NG", "StartDate": 473472000000, "CEC_Jurisdictional": "0"}}, {"type": "Feature", "id": 7340, "geometry": {"type": "Point", "coordinates": [-117.543919999683, 33.5620399996212]}, "properties": {"OBJECTID": 7340, "CECPlantID": "B0174", "PlantName": "Ortega Highway Energy Storage", "Retired_Plant": 0, "OperatorCompanyID": "Not Available", "County": "Orange", "Capacity_Latest": 2, "Units": null, "PriEnergySource": "BAT", "StartDate": 1437091200000, "CEC_Jurisdictional": "0"}}, {"type": "Feature", "id": 7342, "geometry": {"type": "Point", "coordinates": [-118.985464518797, 35.6314111768215]}, "properties": {"OBJECTID": 7342, "CECPlantID": "E0232", "PlantName": "Mt. Poso Cogeneration", "Retired_Plant": 0, "OperatorCompanyID": "Mt Poso Cogeneration Co", "County": "Kern", "Capacity_Latest": 44, "Units": "412585", "PriEnergySource": "WDS", "StartDate": 1320105600000, "CEC_Jurisdictional": "0"}}, {"type": "Feature", "id": 7343, "geometry": {"type": "Point", "coordinates": [-117.07313178647, 33.7124414727174]}, "properties": {"OBJECTID": 7343, "CECPlantID": "S0918", "PlantName": "Diamond Valley Solar Project", "Retired_Plant": 0, "OperatorCompanyID": null, "County": "Riverside", "Capacity_Latest": 1.3, "Units": null, "PriEnergySource": "SUN", "StartDate": 1420070400000, "CEC_Jurisdictional": "0"}}, {"type": "Feature", "id": 7344, "geometry": {"type": "Point", "coordinates": [-117.784020299152, 34.0592271447636]}, "properties": {"OBJECTID": 7344, "CECPlantID": "G0565", "PlantName": "Blue Heron Paper - Retired 2006", "Retired_Plant": 1, "OperatorCompanyID": "Blue Heron Paper Co of California", "County": "Los Angeles", "Capacity_Latest": 0, "Units": "Unit 1", "PriEnergySource": "NG", "StartDate": -97372800000, "CEC_Jurisdictional": "0"}}, {"type": "Feature", "id": 7346, "geometry": {"type": "Point", "coordinates": [-119.006001622991, 35.5764789078875]}, "properties": {"OBJECTID": 7346, "CECPlantID": "C0016", "PlantName": "Mt. Poso Cogeneration - Retired November 2011", "Retired_Plant": 1, "OperatorCompanyID": "Mt Poso Cogeneration Co", "County": "Kern", "Capacity_Latest": 0, "Units": "S/N 412585", "PriEnergySource": "BIT", "StartDate": 589075200000, "CEC_Jurisdictional": "0"}}, {"type": "Feature", "id": 7347, "geometry": {"type": "Point", "coordinates": [-117.384854000286, 34.0387659999508]}, "properties": {"OBJECTID": 7347, "CECPlantID": "S0926", "PlantName": "IGS SBD1", "Retired_Plant": 0, "OperatorCompanyID": null, "County": "San Bernardino", "Capacity_Latest": 2.6, "Units": null, "PriEnergySource": "SUN", "StartDate": 1675209600000, "CEC_Jurisdictional": "0"}}, {"type": "Feature", "id": 7348, "geometry": {"type": "Point", "coordinates": [-117.9277168354, 34.0208890073603]}, "properties": {"OBJECTID": 7348, "CECPlantID": "G1042", "PlantName": "Pacific Palms Cogeneration (shutdown Dec 2014)", "Retired_Plant": 1, "OperatorCompanyID": "Intertie", "County": "Los Angeles", "Capacity_Latest": 0, "Units": "1", "PriEnergySource": "NG", "StartDate": 1036108800000, "CEC_Jurisdictional": "0"}}, {"type": "Feature", "id": 7351, "geometry": {"type": "Point", "coordinates": [-117.844827057437, 34.0095797947624]}, "properties": {"OBJECTID": 7351, "CECPlantID": "S0221", "PlantName": "Industry MetroLink PV 1", "Retired_Plant": 0, "OperatorCompanyID": "Intertie", "County": "Los Angeles", "Capacity_Latest": 1.5, "Units": "1", "PriEnergySource": "SUN", "StartDate": 1335830400000, "CEC_Jurisdictional": "0"}}, {"type": "Feature", "id": 7352, "geometry": {"type": "Point", "coordinates": [-119.075232683644, 35.5472869385372]}, "properties": {"OBJECTID": 7352, "CECPlantID": "C0022", "PlantName": "Rio Bravo Poso (Retired 2/12/2015)", "Retired_Plant": 1, "OperatorCompanyID": "IHI Power Services Corp", "County": "Kern", "Capacity_Latest": 0, "Units": "1", "PriEnergySource": "BIT", "StartDate": 620611200000, "CEC_Jurisdictional": "0"}}, {"type": "Feature", "id": 7354, "geometry": {"type": "Point", "coordinates": [-118.524513704126, 35.5879544493581]}, "properties": {"OBJECTID": 7354, "CECPlantID": "H0048", "PlantName": "Borel (retired 9/2017)", "Retired_Plant": 1, "OperatorCompanyID": "Southern California Edison (SCE)", "County": "Kern", "Capacity_Latest": 0, "Units": "1", "PriEnergySource": "WAT", "StartDate": -2053900800000, "CEC_Jurisdictional": "0"}}, {"type": "Feature", "id": 7356, "geometry": {"type": "Point", "coordinates": [-117.915551999921, 33.7033900003678]}, "properties": {"OBJECTID": 7356, "CECPlantID": "B0163", "PlantName": "DESI-2 (Titanium 1) BESS", "Retired_Plant": 0, "OperatorCompanyID": "Not Available", "County": "Orange", "Capacity_Latest": 1.4, "Units": null, "PriEnergySource": "BAT", "StartDate": 1495152000000, "CEC_Jurisdictional": "0"}}, {"type": "Feature", "id": 7357, "geometry": {"type": "Point", "coordinates": [-117.783593906046, 34.107769969235]}, "properties": {"OBJECTID": 7357, "CECPlantID": "S0527", "PlantName": "Weymouth Solar Plant", "Retired_Plant": 0, "OperatorCompanyID": "Metropolitan Water District", "County": "Los Angeles", "Capacity_Latest": 2.99, "Units": "Unit 1", "PriEnergySource": "SUN", "StartDate": 1464739200000, "CEC_Jurisdictional": "0"}}, {"type": "Feature", "id": 7358, "geometry": {"type": "Point", "coordinates": [-118.4819184023, 35.6441145979117]}, "properties": {"OBJECTID": 7358, "CECPlantID": "H0094", "PlantName": "Isabella", "Retired_Plant": 0, "OperatorCompanyID": "Isabella Partners", "County": "Kern", "Capacity_Latest": 13.9, "Units": "GEN1, GEN2", "PriEnergySource": "WAT", "StartDate": 631152000000, "CEC_Jurisdictional": "0"}}, {"type": "Feature", "id": 7360, "geometry": {"type": "Point", "coordinates": [-117.111281196657, 33.3575572572367]}, "properties": {"OBJECTID": 7360, "CECPlantID": "B0117", "PlantName": "Pala Gomez Creek BESS", "Retired_Plant": 0, "OperatorCompanyID": "Not Available", "County": "San Diego", "Capacity_Latest": 10, "Units": null, "PriEnergySource": "BAT", "StartDate": 1710374400000, "CEC_Jurisdictional": "0"}}, {"type": "Feature", "id": 7361, "geometry": {"type": "Point", "coordinates": [-117.654386095301, 35.6352737019959]}, "properties": {"OBJECTID": 7361, "CECPlantID": "S0297", "PlantName": "Naval Air Weapons Station China Lake", "Retired_Plant": 0, "OperatorCompanyID": "MN8 Energy", "County": "Kern", "Capacity_Latest": 13.78, "Units": "Unit 1", "PriEnergySource": "SUN", "StartDate": 1347840000000, "CEC_Jurisdictional": "0"}}, {"type": "Feature", "id": 7362, "geometry": {"type": "Point", "coordinates": [-117.80039943474, 34.1058054070625]}, "properties": {"OBJECTID": 7362, "CECPlantID": "S9258", "PlantName": "United States Department of Agriculture  Forest Service", "Retired_Plant": 0, "OperatorCompanyID": "Not Available", "County": "Los Angeles", "Capacity_Latest": 0.25, "Units": "Unit 1", "PriEnergySource": "SUN", "StartDate": 1419984000000, "CEC_Jurisdictional": "0"}}, {"type": "Feature", "id": 7365, "geometry": {"type": "Point", "coordinates": [-115.45171485938, 35.5354427084968]}, "properties": {"OBJECTID": 7365, "CECPlantID": "S0078", "PlantName": "Ivanpah I (Solar Partners II)", "Retired_Plant": 0, "OperatorCompanyID": "Solar Partners I II VIII LLC", "County": "San Bernardino", "Capacity_Latest": 126, "Units": "Ivanpah 1", "PriEnergySource": "SUN", "StartDate": 1388361600000, "CEC_Jurisdictional": "1"}}, {"type": "Feature", "id": 7366, "geometry": {"type": "Point", "coordinates": [-117.906167575781, 34.0335483739914]}, "properties": {"OBJECTID": 7366, "CECPlantID": "E0152", "PlantName": "MM West Covina LLC", "Retired_Plant": 0, "OperatorCompanyID": "OPAL Fuels", "County": "Los Angeles", "Capacity_Latest": 6.8, "Units": "GEN1, GEN2", "PriEnergySource": "LFG", "StartDate": 738892800000, "CEC_Jurisdictional": "0"}}, {"type": "Feature", "id": 7368, "geometry": {"type": "Point", "coordinates": [-115.512002646576, 32.9105234598252]}, "properties": {"OBJECTID": 7368, "CECPlantID": "S0927", "PlantName": "IGS Valencia 2, LLC", "Retired_Plant": 0, "OperatorCompanyID": null, "County": "Imperial", "Capacity_Latest": 3, "Units": null, "PriEnergySource": "SUN", "StartDate": 1606780800000, "CEC_Jurisdictional": "0"}}, {"type": "Feature", "id": 7369, "geometry": {"type": "Point", "coordinates": [-115.48295702974, 35.5755211622487]}, "properties": {"OBJECTID": 7369, "CECPlantID": "S0079", "PlantName": "Ivanpah II (Solar Partners I)", "Retired_Plant": 0, "OperatorCompanyID": "Solar Partners I II VIII LLC", "County": "San Bernardino", "Capacity_Latest": 133, "Units": "Ivanpah 2", "PriEnergySource": "SUN", "StartDate": 1388448000000, "CEC_Jurisdictional": "1"}}, {"type": "Feature", "id": 7371, "geometry": {"type": "Point", "coordinates": [-115.470222868712, 35.556887720861]}, "properties": {"OBJECTID": 7371, "CECPlantID": "S0080", "PlantName": "Ivanpah III (Solar Partners VIII)", "Retired_Plant": 0, "OperatorCompanyID": "Solar Partners I II VIII LLC", "County": "San Bernardino", "Capacity_Latest": 133, "Units": "Ivanpah 3", "PriEnergySource": "SUN", "StartDate": 1388448000000, "CEC_Jurisdictional": "1"}}, {"type": "Feature", "id": 7372, "geometry": {"type": "Point", "coordinates": [-117.82169731006, 34.040927943583]}, "properties": {"OBJECTID": 7372, "CECPlantID": "E0129", "PlantName": "Spadra Landfill Gas to Energy (Retired September 30, 2015)", "Retired_Plant": 1, "OperatorCompanyID": "Sanitation Districts of Los Angeles County", "County": "Los Angeles", "Capacity_Latest": 0, "Units": "GEN 1", "PriEnergySource": "LFG", "StartDate": 670723200000, "CEC_Jurisdictional": "0"}}, {"type": "Feature", "id": 7373, "geometry": {"type": "Point", "coordinates": [-118.220997921703, 33.8208553146223]}, "properties": {"OBJECTID": 7373, "CECPlantID": "B0138", "PlantName": "Cathode BESS", "Retired_Plant": 0, "OperatorCompanyID": "Not Available", "County": "Los Angeles", "Capacity_Latest": 200, "Units": null, "PriEnergySource": "BAT", "StartDate": 1719792000000, "CEC_Jurisdictional": "0"}}, {"type": "Feature", "id": 7375, "geometry": {"type": "Point", "coordinates": [-115.349825973047, 35.6241759991342]}, "properties": {"OBJECTID": 7375, "CECPlantID": "S0436", "PlantName": "Silver State Power South (NV)", "Retired_Plant": 0, "OperatorCompanyID": "Silver State Solar Power South, LLC", "County": "Clark", "Capacity_Latest": 250, "Units": "Unit 1", "PriEnergySource": "SUN", "StartDate": 1443657600000, "CEC_Jurisdictional": "0"}}, {"type": "Feature", "id": 7376, "geometry": {"type": "Point", "coordinates": [-117.234085571562, 32.9371682743442]}, "properties": {"OBJECTID": 7376, "CECPlantID": "S0930", "PlantName": "Kilroy Solar", "Retired_Plant": 0, "OperatorCompanyID": null, "County": "San Diego", "Capacity_Latest": 1.1, "Units": null, "PriEnergySource": "SUN", "StartDate": 1514764800000, "CEC_Jurisdictional": "0"}}, {"type": "Feature", "id": 7377, "geometry": {"type": "Point", "coordinates": [-117.851160476577, 34.0227098218785]}, "properties": {"OBJECTID": 7377, "CECPlantID": "S0709", "PlantName": "Walnut High", "Retired_Plant": 0, "OperatorCompanyID": "Tesla Inc.", "County": "Los Angeles", "Capacity_Latest": 1.23, "Units": "91714744-CA", "PriEnergySource": "SUN", "StartDate": 1569801600000, "CEC_Jurisdictional": "0"}}, {"type": "Feature", "id": 7379, "geometry": {"type": "Point", "coordinates": [-115.426967821021, 35.5911623885218]}, "properties": {"OBJECTID": 7379, "CECPlantID": "S0457", "PlantName": "Desert Stateline Solar Facility", "Retired_Plant": 0, "OperatorCompanyID": "Southern Power Company", "County": "San Bernardino", "Capacity_Latest": 299.99, "Units": "SLS1", "PriEnergySource": "SUN", "StartDate": 1449705600000, "CEC_Jurisdictional": "0"}}, {"type": "Feature", "id": 7380, "geometry": {"type": "Point", "coordinates": [-115.315612917286, 33.7010294752763]}, "properties": {"OBJECTID": 7380, "CECPlantID": "B0120", "PlantName": "Arica BESS", "Retired_Plant": 0, "OperatorCompanyID": "Not Available", "County": "Riverside", "Capacity_Latest": 136, "Units": null, "PriEnergySource": "BAT", "StartDate": 1711411200000, "CEC_Jurisdictional": "0"}}, {"type": "Feature", "id": 7381, "geometry": {"type": "Point", "coordinates": [-117.641022341553, 34.0561464014884]}, "properties": {"OBJECTID": 7381, "CECPlantID": "G0415", "PlantName": "Black Hills Ontario Facility -Retired February 2009", "Retired_Plant": 1, "OperatorCompanyID": "Black Hills Ontario LLC", "County": "San Bernardino", "Capacity_Latest": 0, "Units": "Unit 1, Unit 2", "PriEnergySource": "NG", "StartDate": 470707200000, "CEC_Jurisdictional": "0"}}, {"type": "Feature", "id": 7383, "geometry": {"type": "Point", "coordinates": [-120.883278294437, 35.7985837051608]}, "properties": {"OBJECTID": 7383, "CECPlantID": "H0341", "PlantName": "Nacimiento Hydro Project", "Retired_Plant": 0, "OperatorCompanyID": "Monterey County Water Resources Agency", "County": "Monterey", "Capacity_Latest": 4.36, "Units": "1, 2", "PriEnergySource": "WAT", "StartDate": 552096000000, "CEC_Jurisdictional": "0"}}, {"type": "Feature", "id": 7384, "geometry": {"type": "Point", "coordinates": [-115.285684099677, 33.7115063001926]}, "properties": {"OBJECTID": 7384, "CECPlantID": "B0122", "PlantName": "Victory Pass Solar BESS", "Retired_Plant": 0, "OperatorCompanyID": "Not Available", "County": "Riverside", "Capacity_Latest": 50, "Units": null, "PriEnergySource": "BAT", "StartDate": 1711497600000, "CEC_Jurisdictional": "0"}}, {"type": "Feature", "id": 7385, "geometry": {"type": "Point", "coordinates": [-117.700869228981, 33.9850284790931]}, "properties": {"OBJECTID": 7385, "CECPlantID": "S0118", "PlantName": "SPVP002 Chino Rooftop Solar (retired 12/31/2023)", "Retired_Plant": 1, "OperatorCompanyID": "Southern California Edison (SCE)", "County": "San Bernardino", "Capacity_Latest": 0, "Units": "1", "PriEnergySource": "SUN", "StartDate": 1254355200000, "CEC_Jurisdictional": "0"}}, {"type": "Feature", "id": 7387, "geometry": {"type": "Point", "coordinates": [-120.696908160787, 35.7624486657307]}, "properties": {"OBJECTID": 7387, "CECPlantID": "S9054", "PlantName": "San Miguel Winery", "Retired_Plant": 0, "OperatorCompanyID": "Not Available", "County": "San Luis Obispo", "Capacity_Latest": 1, "Units": "1", "PriEnergySource": "SUN", "StartDate": 1325376000000, "CEC_Jurisdictional": "0"}}, {"type": "Feature", "id": 7388, "geometry": {"type": "Point", "coordinates": [-115.505842523834, 32.8319648763127]}, "properties": {"OBJECTID": 7388, "CECPlantID": "S0929", "PlantName": "IVC Solar", "Retired_Plant": 0, "OperatorCompanyID": null, "County": "Imperial", "Capacity_Latest": 3, "Units": null, "PriEnergySource": "SUN", "StartDate": 1480550400000, "CEC_Jurisdictional": "0"}}, {"type": "Feature", "id": 7390, "geometry": {"type": "Point", "coordinates": [-120.734605699877, 35.7952717554292]}, "properties": {"OBJECTID": 7390, "CECPlantID": "S9299", "PlantName": "Pristine Sun Fund 7 San Luis Obispo PGE LLC_(2053_Pisciotta)", "Retired_Plant": 0, "OperatorCompanyID": "Not Available", "County": "Monterey", "Capacity_Latest": 0.25, "Units": "Unit 1", "PriEnergySource": "SUN", "StartDate": 1388448000000, "CEC_Jurisdictional": "0"}}, {"type": "Feature", "id": 7391, "geometry": {"type": "Point", "coordinates": [-117.571919157827, 34.0324595107053]}, "properties": {"OBJECTID": 7391, "CECPlantID": "S0199", "PlantName": "SPVP032 Ontario - Kennedy 2 (retired 12/31/2023)", "Retired_Plant": 1, "OperatorCompanyID": "Southern California Edison (SCE)", "County": "San Bernardino", "Capacity_Latest": 0, "Units": "1", "PriEnergySource": "SUN", "StartDate": 1324512000000, "CEC_Jurisdictional": "0"}}, {"type": "Feature", "id": 7392, "geometry": {"type": "Point", "coordinates": [-115.857337182016, 32.7931741865926]}, "properties": {"OBJECTID": 7392, "CECPlantID": "S0950", "PlantName": "USG 1", "Retired_Plant": 0, "OperatorCompanyID": null, "County": "Imperial", "Capacity_Latest": 1, "Units": null, "PriEnergySource": "SUN", "StartDate": 1396310400000, "CEC_Jurisdictional": "0"}}, {"type": "Feature", "id": 7395, "geometry": {"type": "Point", "coordinates": [-115.862737950783, 32.7904276419775]}, "properties": {"OBJECTID": 7395, "CECPlantID": "S0951", "PlantName": "USG 2", "Retired_Plant": 0, "OperatorCompanyID": null, "County": "Imperial", "Capacity_Latest": 1, "Units": null, "PriEnergySource": "SUN", "StartDate": 1448928000000, "CEC_Jurisdictional": "0"}}, {"type": "Feature", "id": 7397, "geometry": {"type": "Point", "coordinates": [-119.906109474002, 35.7287636951359]}, "properties": {"OBJECTID": 7397, "CECPlantID": "S0434", "PlantName": "Coronal Lost Hills Solar", "Retired_Plant": 0, "OperatorCompanyID": "CD Arevon USA Inc.", "County": "Kern", "Capacity_Latest": 20, "Units": "Unit 1", "PriEnergySource": "SUN", "StartDate": 1431907200000, "CEC_Jurisdictional": "0"}}, {"type": "Feature", "id": 7398, "geometry": {"type": "Point", "coordinates": [-118.193527999762, 34.0152539997439]}, "properties": {"OBJECTID": 7398, "CECPlantID": "S0935", "PlantName": "Big Bear", "Retired_Plant": 0, "OperatorCompanyID": null, "County": "Los Angeles", "Capacity_Latest": 5.5, "Units": null, "PriEnergySource": "SUN", "StartDate": 1606780800000, "CEC_Jurisdictional": "0"}}, {"type": "Feature", "id": 7400, "geometry": {"type": "Point", "coordinates": [-119.820666957996, 35.7364464753525]}, "properties": {"OBJECTID": 7400, "CECPlantID": "S0404", "PlantName": "Morelos Solar Facility", "Retired_Plant": 0, "OperatorCompanyID": "Morelos Solar LLC", "County": "Kern", "Capacity_Latest": 15, "Units": "MRLS", "PriEnergySource": "SUN", "StartDate": 1449014400000, "CEC_Jurisdictional": "0"}}, {"type": "Feature", "id": 7401, "geometry": {"type": "Point", "coordinates": [-117.050737261423, 32.594387405959]}, "properties": {"OBJECTID": 7401, "CECPlantID": "B0152", "PlantName": "EnerSmart Chula Vista", "Retired_Plant": 0, "OperatorCompanyID": "Not Available", "County": "San Diego", "Capacity_Latest": 6, "Units": null, "PriEnergySource": "BAT", "StartDate": 1730160000000, "CEC_Jurisdictional": "0"}}, {"type": "Feature", "id": 7403, "geometry": {"type": "Point", "coordinates": [-119.294498809802, 35.7907844514011]}, "properties": {"OBJECTID": 7403, "CECPlantID": "G1049", "PlantName": "Delano Energy Center  LLC", "Retired_Plant": 0, "OperatorCompanyID": "Wellhead Services Inc", "County": "Tulare", "Capacity_Latest": 49.9, "Units": "1", "PriEnergySource": "NG", "StartDate": 1358294400000, "CEC_Jurisdictional": "0"}}, {"type": "Feature", "id": 7404, "geometry": {"type": "Point", "coordinates": [-118.196509999842, 34.0713759997873]}, "properties": {"OBJECTID": 7404, "CECPlantID": "S0893", "PlantName": "Forever 21 Retail, Inc.", "Retired_Plant": 0, "OperatorCompanyID": null, "County": "Los Angeles", "Capacity_Latest": 1.3, "Units": null, "PriEnergySource": "SUN", "StartDate": 1422748800000, "CEC_Jurisdictional": "0"}}, {"type": "Feature", "id": 7414, "geometry": {"type": "Point", "coordinates": [-117.659063989383, 33.9667848743778]}, "properties": {"OBJECTID": 7414, "CECPlantID": "S0210", "PlantName": "SS San Antonio West  LLC", "Retired_Plant": 0, "OperatorCompanyID": "Not Available", "County": "San Bernardino", "Capacity_Latest": 1.87, "Units": "Unit 1", "PriEnergySource": "SUN", "StartDate": 1339632000000, "CEC_Jurisdictional": "0"}}, {"type": "Feature", "id": 7418, "geometry": {"type": "Point", "coordinates": [-119.45970994615, 35.8154733613107]}, "properties": {"OBJECTID": 7418, "CECPlantID": "S0336", "PlantName": "Atwell Island West LLC CED", "Retired_Plant": 0, "OperatorCompanyID": "RWE Clean Energy", "County": "Tulare", "Capacity_Latest": 19.8, "Units": "1", "PriEnergySource": "SUN", "StartDate": 1435190400000, "CEC_Jurisdictional": "0"}}, {"type": "Feature", "id": 7419, "geometry": {"type": "Point", "coordinates": [-118.284811999895, 33.7642999997882]}, "properties": {"OBJECTID": 7419, "CECPlantID": "S0958", "PlantName": "Westmont 400A", "Retired_Plant": 0, "OperatorCompanyID": null, "County": "Los Angeles", "Capacity_Latest": 2.3, "Units": null, "PriEnergySource": "SUN", "StartDate": 1498867200000, "CEC_Jurisdictional": "0"}}, {"type": "Feature", "id": 7421, "geometry": {"type": "Point", "coordinates": [-119.308999590895, 35.7774929381339]}, "properties": {"OBJECTID": 7421, "CECPlantID": "S0359", "PlantName": "North Kern State Prison II", "Retired_Plant": 0, "OperatorCompanyID": "Not Available", "County": "Kern", "Capacity_Latest": 4, "Units": "1", "PriEnergySource": "SUN", "StartDate": 1348790400000, "CEC_Jurisdictional": "0"}}, {"type": "Feature", "id": 7422, "geometry": {"type": "Point", "coordinates": [-118.284811999895, 33.7642999997882]}, "properties": {"OBJECTID": 7422, "CECPlantID": "S0959", "PlantName": "Westmont 400B", "Retired_Plant": 0, "OperatorCompanyID": null, "County": "Los Angeles", "Capacity_Latest": 2.2, "Units": null, "PriEnergySource": "SUN", "StartDate": 1498867200000, "CEC_Jurisdictional": "0"}}, {"type": "Feature", "id": 7424, "geometry": {"type": "Point", "coordinates": [-119.226532057208, 35.775590998207]}, "properties": {"OBJECTID": 7424, "CECPlantID": "S0358", "PlantName": "North Kern State Prison", "Retired_Plant": 0, "OperatorCompanyID": "Silicon Ranch Corporation", "County": "Kern", "Capacity_Latest": 0.99, "Units": "1", "PriEnergySource": "SUN", "StartDate": 1324512000000, "CEC_Jurisdictional": "0"}}, {"type": "Feature", "id": 7425, "geometry": {"type": "Point", "coordinates": [-114.754563337111, 33.6772085136908]}, "properties": {"OBJECTID": 7425, "CECPlantID": "B0033", "PlantName": "Dracker Solar Unit 2 BESS", "Retired_Plant": 0, "OperatorCompanyID": "Not Available", "County": "Riverside", "Capacity_Latest": 115, "Units": null, "PriEnergySource": "BAT", "StartDate": 1617840000000, "CEC_Jurisdictional": "0"}}, {"type": "Feature", "id": 7427, "geometry": {"type": "Point", "coordinates": [-119.244571695665, 35.7391250313657]}, "properties": {"OBJECTID": 7427, "CECPlantID": "S0648", "PlantName": "Delano Land 1", "Retired_Plant": 0, "OperatorCompanyID": "Not Available", "County": "Kern", "Capacity_Latest": 1, "Units": "Unit 1", "PriEnergySource": "SUN", "StartDate": 1514419200000, "CEC_Jurisdictional": "0"}}, {"type": "Feature", "id": 7428, "geometry": {"type": "Point", "coordinates": [-114.757044460345, 33.6743350281963]}, "properties": {"OBJECTID": 7428, "CECPlantID": "B0039", "PlantName": "Dracker Solar Unit 3 BESS", "Retired_Plant": 0, "OperatorCompanyID": "Not Available", "County": "Riverside", "Capacity_Latest": 115, "Units": null, "PriEnergySource": "BAT", "StartDate": 1626998400000, "CEC_Jurisdictional": "0"}}, {"type": "Feature", "id": 7430, "geometry": {"type": "Point", "coordinates": [-119.234508482102, 35.7191242089803]}, "properties": {"OBJECTID": 7430, "CECPlantID": "E0029", "PlantName": "Covanta Delano  Inc", "Retired_Plant": 0, "OperatorCompanyID": "Clean Energy Systems", "County": "Kern", "Capacity_Latest": 58, "Units": "Delano 1, Delano 2", "PriEnergySource": "WDS", "StartDate": 628473600000, "CEC_Jurisdictional": "0"}}, {"type": "Feature", "id": 7431, "geometry": {"type": "Point", "coordinates": [-117.605572334141, 34.0394154465969]}, "properties": {"OBJECTID": 7431, "CECPlantID": "S0433", "PlantName": "Terra Francesco", "Retired_Plant": 0, "OperatorCompanyID": "Kona Solar LLC", "County": "San Bernardino", "Capacity_Latest": 1.49, "Units": "TF", "PriEnergySource": "SUN", "StartDate": 1425168000000, "CEC_Jurisdictional": "0"}}, {"type": "Feature", "id": 7433, "geometry": {"type": "Point", "coordinates": [-114.756686717453, 33.676585348498]}, "properties": {"OBJECTID": 7433, "CECPlantID": "B0040", "PlantName": "Dracker Solar Unit 1 BESS", "Retired_Plant": 0, "OperatorCompanyID": "Not Available", "County": "Riverside", "Capacity_Latest": 63, "Units": null, "PriEnergySource": "BAT", "StartDate": 1628726400000, "CEC_Jurisdictional": "0"}}, {"type": "Feature", "id": 7435, "geometry": {"type": "Point", "coordinates": [-117.680854922937, 33.9895485507274]}, "properties": {"OBJECTID": 7435, "CECPlantID": "G0404", "PlantName": "Camchino Leasing, LLC", "Retired_Plant": 0, "OperatorCompanyID": "GE", "County": "San Bernardino", "Capacity_Latest": 31.200000000000003, "Units": "GEN 1, GEN 2", "PriEnergySource": "NG", "StartDate": 573177600000, "CEC_Jurisdictional": "0"}}, {"type": "Feature", "id": 7436, "geometry": {"type": "Point", "coordinates": [-114.755267284244, 33.6772546736586]}, "properties": {"OBJECTID": 7436, "CECPlantID": "B0078", "PlantName": "Dracker Solar Unit 4 BESS", "Retired_Plant": 0, "OperatorCompanyID": "Not Available", "County": "Riverside", "Capacity_Latest": 47, "Units": null, "PriEnergySource": "BAT", "StartDate": 1664323200000, "CEC_Jurisdictional": "0"}}, {"type": "Feature", "id": 7437, "geometry": {"type": "Point", "coordinates": [-119.067902772898, 35.845728457462]}, "properties": {"OBJECTID": 7437, "CECPlantID": "S0580", "PlantName": "Ducor Solar 2", "Retired_Plant": 0, "OperatorCompanyID": "RWE Clean Energy", "County": "Tulare", "Capacity_Latest": 20, "Units": "Unit 1", "PriEnergySource": "SUN", "StartDate": 1480464000000, "CEC_Jurisdictional": "0"}}, {"type": "Feature", "id": 7439, "geometry": {"type": "Point", "coordinates": [-117.638256290857, 34.1024040688629]}, "properties": {"OBJECTID": 7439, "CECPlantID": "G0522", "PlantName": "San Antonio Community Hospital", "Retired_Plant": 0, "OperatorCompanyID": "San Antonio Community Hospital", "County": "San Bernardino", "Capacity_Latest": 2.7, "Units": "Unit 1, Unit 2, Unit 3", "PriEnergySource": "NG", "StartDate": 473385600000, "CEC_Jurisdictional": "0"}}, {"type": "Feature", "id": 7440, "geometry": {"type": "Point", "coordinates": [-118.288536861378, 33.7625295723849]}, "properties": {"OBJECTID": 7440, "CECPlantID": "S0960", "PlantName": "Westmont 401", "Retired_Plant": 0, "OperatorCompanyID": null, "County": "Los Angeles", "Capacity_Latest": 2.9, "Units": null, "PriEnergySource": "SUN", "StartDate": 1509494400000, "CEC_Jurisdictional": "0"}}, {"type": "Feature", "id": 7441, "geometry": {"type": "Point", "coordinates": [-119.056992245067, 35.8453777861252]}, "properties": {"OBJECTID": 7441, "CECPlantID": "S0581", "PlantName": "Ducor Solar 3", "Retired_Plant": 0, "OperatorCompanyID": "RWE Clean Energy", "County": "Tulare", "Capacity_Latest": 15, "Units": "Unit 1", "PriEnergySource": "SUN", "StartDate": 1480550400000, "CEC_Jurisdictional": "0"}}, {"type": "Feature", "id": 7443, "geometry": {"type": "Point", "coordinates": [-117.591779463686, 34.0504892816265]}, "properties": {"OBJECTID": 7443, "CECPlantID": "S9412", "PlantName": "Jurupa Valley Solar PV", "Retired_Plant": 0, "OperatorCompanyID": "Sacramento PV Energy LLC", "County": "San Bernardino", "Capacity_Latest": 1.5, "Units": "1", "PriEnergySource": "SUN", "StartDate": 1388707200000, "CEC_Jurisdictional": "0"}}, {"type": "Feature", "id": 7444, "geometry": {"type": "Point", "coordinates": [-116.778110719833, 34.8664588702725]}, "properties": {"OBJECTID": 7444, "CECPlantID": "B0095", "PlantName": "Daggett Solar 3 a BESS", "Retired_Plant": 0, "OperatorCompanyID": "Not Available", "County": "San Bernardino", "Capacity_Latest": 149, "Units": null, "PriEnergySource": "BAT", "StartDate": 1700006400000, "CEC_Jurisdictional": "0"}}, {"type": "Feature", "id": 7447, "geometry": {"type": "Point", "coordinates": [-117.452965107867, 33.9632786505269]}, "properties": {"OBJECTID": 7447, "CECPlantID": "G0922", "PlantName": "Riverside Energy Resource Center", "Retired_Plant": 0, "OperatorCompanyID": "City of Riverside Public Utilities Department", "County": "Riverside", "Capacity_Latest": 192, "Units": "1, 2, 3, 4", "PriEnergySource": "NG", "StartDate": 1149120000000, "CEC_Jurisdictional": "0"}}, {"type": "Feature", "id": 7448, "geometry": {"type": "Point", "coordinates": [-119.049338448437, 35.8312086531742]}, "properties": {"OBJECTID": 7448, "CECPlantID": "S0538", "PlantName": "Nicolis", "Retired_Plant": 0, "OperatorCompanyID": "CD Arevon USA Inc.", "County": "Tulare", "Capacity_Latest": 20, "Units": "Unit 1", "PriEnergySource": "SUN", "StartDate": 1473897600000, "CEC_Jurisdictional": "0"}}, {"type": "Feature", "id": 7449, "geometry": {"type": "Point", "coordinates": [-116.273468387487, 32.6617617163071]}, "properties": {"OBJECTID": 7449, "CECPlantID": "B0133", "PlantName": "Boulevard Energy Storage", "Retired_Plant": 0, "OperatorCompanyID": "Not Available", "County": "San Diego", "Capacity_Latest": 10, "Units": null, "PriEnergySource": "BAT", "StartDate": 1716249600000, "CEC_Jurisdictional": "0"}}, {"type": "Feature", "id": 7451, "geometry": {"type": "Point", "coordinates": [-117.533899418047, 34.090439858414]}, "properties": {"OBJECTID": 7451, "CECPlantID": "G9333", "PlantName": "Etiwanda Peaker", "Retired_Plant": 0, "OperatorCompanyID": "Southern California Edison (SCE)", "County": "San Bernardino", "Capacity_Latest": 49, "Units": "1", "PriEnergySource": "NG", "StartDate": 1185926400000, "CEC_Jurisdictional": "0"}}, {"type": "Feature", "id": 7452, "geometry": {"type": "Point", "coordinates": [-119.037465173791, 35.8240628162065]}, "properties": {"OBJECTID": 7452, "CECPlantID": "S0539", "PlantName": "Tropico", "Retired_Plant": 0, "OperatorCompanyID": "CD Arevon USA Inc.", "County": "Tulare", "Capacity_Latest": 14, "Units": "Unit 1", "PriEnergySource": "SUN", "StartDate": 1473811200000, "CEC_Jurisdictional": "0"}}, {"type": "Feature", "id": 7453, "geometry": {"type": "Point", "coordinates": [-117.549134000292, 35.012609999555]}, "properties": {"OBJECTID": 7453, "CECPlantID": "B0090", "PlantName": "Resurgence 1 BESS", "Retired_Plant": 0, "OperatorCompanyID": "Not Available", "County": "San Bernardino", "Capacity_Latest": 75, "Units": null, "PriEnergySource": "BAT", "StartDate": 1688169600000, "CEC_Jurisdictional": "0"}}, {"type": "Feature", "id": 7454, "geometry": {"type": "Point", "coordinates": [-117.560843177735, 34.0053498062569]}, "properties": {"OBJECTID": 7454, "CECPlantID": "G9444", "PlantName": "Mira Loma Peaker", "Retired_Plant": 0, "OperatorCompanyID": "Southern California Edison (SCE)", "County": "San Bernardino", "Capacity_Latest": 49, "Units": "1", "PriEnergySource": "NG", "StartDate": 1185926400000, "CEC_Jurisdictional": "0"}}, {"type": "Feature", "id": 7455, "geometry": {"type": "Point", "coordinates": [-119.051301062141, 35.7415225269127]}, "properties": {"OBJECTID": 7455, "CECPlantID": "C0018", "PlantName": "Rio Bravo Jasmin (Retired 1/20/2016)", "Retired_Plant": 1, "OperatorCompanyID": "IHI Power Services Corp", "County": "Kern", "Capacity_Latest": 0, "Units": "Unit 1", "PriEnergySource": "BIT", "StartDate": 620611200000, "CEC_Jurisdictional": "0"}}, {"type": "Feature", "id": 7456, "geometry": {"type": "Point", "coordinates": [-117.549134000292, 35.012609999555]}, "properties": {"OBJECTID": 7456, "CECPlantID": "B0097", "PlantName": "Resurgence 2 BESS", "Retired_Plant": 0, "OperatorCompanyID": "Not Available", "County": "San Bernardino", "Capacity_Latest": 40, "Units": null, "PriEnergySource": "BAT", "StartDate": 1693353600000, "CEC_Jurisdictional": "0"}}, {"type": "Feature", "id": 7458, "geometry": {"type": "Point", "coordinates": [-117.525653615697, 34.1034208623497]}, "properties": {"OBJECTID": 7458, "CECPlantID": "H0174", "PlantName": "Etiwanda", "Retired_Plant": 0, "OperatorCompanyID": "Metropolitan Water District", "County": "San Bernardino", "Capacity_Latest": 23.9, "Units": "1", "PriEnergySource": "WAT", "StartDate": 773020800000, "CEC_Jurisdictional": "0"}}, {"type": "Feature", "id": 7459, "geometry": {"type": "Point", "coordinates": [-118.436215596204, 35.7761396675953]}, "properties": {"OBJECTID": 7459, "CECPlantID": "H0269", "PlantName": "Kern River 3", "Retired_Plant": 0, "OperatorCompanyID": "Southern California Edison (SCE)", "County": "Kern", "Capacity_Latest": 36.8, "Units": "UNIT 1", "PriEnergySource": "WAT", "StartDate": -1541203200000, "CEC_Jurisdictional": "0"}}, {"type": "Feature", "id": 7460, "geometry": {"type": "Point", "coordinates": [-116.755994689851, 34.8651982504415]}, "properties": {"OBJECTID": 7460, "CECPlantID": "B0108", "PlantName": "Daggett 2 a BESS", "Retired_Plant": 0, "OperatorCompanyID": "Not Available", "County": "San Bernardino", "Capacity_Latest": 131, "Units": null, "PriEnergySource": "BAT", "StartDate": 1700611200000, "CEC_Jurisdictional": "0"}}, {"type": "Feature", "id": 7462, "geometry": {"type": "Point", "coordinates": [-117.400039591406, 34.0941774204024]}, "properties": {"OBJECTID": 7462, "CECPlantID": "S0128", "PlantName": "SPVP003 Rialto (retired 12/31/2023)", "Retired_Plant": 1, "OperatorCompanyID": "Southern California Edison (SCE)", "County": "San Bernardino", "Capacity_Latest": 0, "Units": "1", "PriEnergySource": "SUN", "StartDate": 1298937600000, "CEC_Jurisdictional": "0"}}, {"type": "Feature", "id": 7463, "geometry": {"type": "Point", "coordinates": [-117.128305999667, 32.8173529996124]}, "properties": {"OBJECTID": 7463, "CECPlantID": "B0024", "PlantName": "Kearny Mesa Storage", "Retired_Plant": 0, "OperatorCompanyID": "Not Available", "County": "San Diego", "Capacity_Latest": 1, "Units": null, "PriEnergySource": "BAT", "StartDate": 1581552000000, "CEC_Jurisdictional": "0"}}, {"type": "Feature", "id": 7465, "geometry": {"type": "Point", "coordinates": [-117.383755221068, 35.765567387115]}, "properties": {"OBJECTID": 7465, "CECPlantID": "C0017", "PlantName": "Argus Cogen Plant", "Retired_Plant": 0, "OperatorCompanyID": "Searles Valley Minerals", "County": "San Bernardino", "Capacity_Latest": 62.5, "Units": "TG #5, TG #8, TG #9", "PriEnergySource": "BIT", "StartDate": -696988800000, "CEC_Jurisdictional": "0"}}, {"type": "Feature", "id": 7466, "geometry": {"type": "Point", "coordinates": [-117.571326432475, 34.0416794897824]}, "properties": {"OBJECTID": 7466, "CECPlantID": "S0136", "PlantName": "SPVP006 Ontario (retired 12/31/2023)", "Retired_Plant": 1, "OperatorCompanyID": "Southern California Edison (SCE)", "County": "San Bernardino", "Capacity_Latest": 0, "Units": "1", "PriEnergySource": "SUN", "StartDate": 1312156800000, "CEC_Jurisdictional": "0"}}, {"type": "Feature", "id": 7467, "geometry": {"type": "Point", "coordinates": [-118.275782005233, 33.7498262706786]}, "properties": {"OBJECTID": 7467, "CECPlantID": "S0903", "PlantName": "Catalina Express", "Retired_Plant": 0, "OperatorCompanyID": null, "County": "Los Angeles", "Capacity_Latest": 1, "Units": null, "PriEnergySource": "SUN", "StartDate": 1606780800000, "CEC_Jurisdictional": "0"}}, {"type": "Feature", "id": 7468, "geometry": {"type": "Point", "coordinates": [-117.378509773993, 35.763780198252]}, "properties": {"OBJECTID": 7468, "CECPlantID": "C0001", "PlantName": "ACE Cogeneration (ACE is Argus Cogen Expansion - Retired)", "Retired_Plant": 1, "OperatorCompanyID": "ACE Cogeneration Co", "County": "San Bernardino", "Capacity_Latest": 0, "Units": "GEN 1", "PriEnergySource": "PC", "StartDate": 660009600000, "CEC_Jurisdictional": "0"}}, {"type": "Feature", "id": 7470, "geometry": {"type": "Point", "coordinates": [-117.565685337542, 34.042066366144]}, "properties": {"OBJECTID": 7470, "CECPlantID": "S0186", "PlantName": "SPVP008 Ontario (retired 12/31/2023)", "Retired_Plant": 1, "OperatorCompanyID": "Southern California Edison (SCE)", "County": "San Bernardino", "Capacity_Latest": 0, "Units": "1", "PriEnergySource": "SUN", "StartDate": 1293667200000, "CEC_Jurisdictional": "0"}}, {"type": "Feature", "id": 7473, "geometry": {"type": "Point", "coordinates": [-117.377171144577, 35.7618360831254]}, "properties": {"OBJECTID": 7473, "CECPlantID": "G0396", "PlantName": "Westend Facility", "Retired_Plant": 0, "OperatorCompanyID": "Searles Valley Minerals", "County": "San Bernardino", "Capacity_Latest": 20, "Units": "PINA", "PriEnergySource": "NG", "StartDate": -50025600000, "CEC_Jurisdictional": "0"}}, {"type": "Feature", "id": 7474, "geometry": {"type": "Point", "coordinates": [-117.570591352456, 34.0429851489717]}, "properties": {"OBJECTID": 7474, "CECPlantID": "S0187", "PlantName": "SPVP009 Ontario (retired 12/31/2023)", "Retired_Plant": 1, "OperatorCompanyID": "Southern California Edison (SCE)", "County": "San Bernardino", "Capacity_Latest": 0, "Units": "1", "PriEnergySource": "SUN", "StartDate": 1294617600000, "CEC_Jurisdictional": "0"}}, {"type": "Feature", "id": 7475, "geometry": {"type": "Point", "coordinates": [-114.994152434298, 35.7884379164324]}, "properties": {"OBJECTID": 7475, "CECPlantID": "G1040", "PlantName": "Desert Star Energy Center (NV)", "Retired_Plant": 0, "OperatorCompanyID": "San Diego Gas & Electric - Desert Star", "County": "Clark", "Capacity_Latest": 536, "Units": "ED01, ED02, ED03", "PriEnergySource": "NG", "StartDate": 957398400000, "CEC_Jurisdictional": "0"}}, {"type": "Feature", "id": 7476, "geometry": {"type": "Point", "coordinates": [-116.873645072514, 33.9226540901867]}, "properties": {"OBJECTID": 7476, "CECPlantID": "B0211", "PlantName": "San Jacinto Grid", "Retired_Plant": 0, "OperatorCompanyID": "Not Available", "County": "Riverside", "Capacity_Latest": 65, "Units": null, "PriEnergySource": "BAT", "StartDate": 1759276800000, "CEC_Jurisdictional": "0"}}, {"type": "Feature", "id": 7478, "geometry": {"type": "Point", "coordinates": [-117.517121621905, 34.0748643555978]}, "properties": {"OBJECTID": 7478, "CECPlantID": "S0188", "PlantName": "SPVP010 Fontana (Etiwanda) (retired 12/31/2023)", "Retired_Plant": 1, "OperatorCompanyID": "Southern California Edison (SCE)", "County": "San Bernardino", "Capacity_Latest": 0, "Units": "1", "PriEnergySource": "SUN", "StartDate": 1305676800000, "CEC_Jurisdictional": "0"}}, {"type": "Feature", "id": 7479, "geometry": {"type": "Point", "coordinates": [-117.330302200421, 35.0212407996788]}, "properties": {"OBJECTID": 7479, "CECPlantID": "B0189", "PlantName": "Lockhart Solar CL ESS I", "Retired_Plant": 0, "OperatorCompanyID": "Not Available", "County": "San Bernardino", "Capacity_Latest": 69, "Units": null, "PriEnergySource": "BAT", "StartDate": 1748736000000, "CEC_Jurisdictional": "0"}}, {"type": "Feature", "id": 7480, "geometry": {"type": "Point", "coordinates": [-114.992752632421, 35.7818271697416]}, "properties": {"OBJECTID": 7480, "CECPlantID": "S0243", "PlantName": "Copper Mountain I (NV)", "Retired_Plant": 0, "OperatorCompanyID": "Copper Mountain Solar", "County": "Clark", "Capacity_Latest": 58, "Units": "CM10, CM48", "PriEnergySource": "SUN", "StartDate": 1340841600000, "CEC_Jurisdictional": "0"}}, {"type": "Feature", "id": 7482, "geometry": {"type": "Point", "coordinates": [-117.516725195275, 34.0802333612285]}, "properties": {"OBJECTID": 7482, "CECPlantID": "S0191", "PlantName": "SPVP015 Fontana (Etiwanda) includes SPVP001 (retired 12/31/2023)", "Retired_Plant": 1, "OperatorCompanyID": "Southern California Edison (SCE)", "County": "San Bernardino", "Capacity_Latest": 0, "Units": "1", "PriEnergySource": "SUN", "StartDate": 1293580800000, "CEC_Jurisdictional": "0"}}, {"type": "Feature", "id": 7483, "geometry": {"type": "Point", "coordinates": [-117.330302200421, 35.0212407996788]}, "properties": {"OBJECTID": 7483, "CECPlantID": "B0190", "PlantName": "Lockhart Solar CL ESS 2", "Retired_Plant": 0, "OperatorCompanyID": "Not Available", "County": "San Bernardino", "Capacity_Latest": 59.7, "Units": null, "PriEnergySource": "BAT", "StartDate": 1748736000000, "CEC_Jurisdictional": "0"}}, {"type": "Feature", "id": 7484, "geometry": {"type": "Point", "coordinates": [-117.330302200421, 35.0212407996788]}, "properties": {"OBJECTID": 7484, "CECPlantID": "B0140", "PlantName": "Lockhart Solar BESS 1", "Retired_Plant": 0, "OperatorCompanyID": "Not Available", "County": "San Bernardino", "Capacity_Latest": 45, "Units": null, "PriEnergySource": "BAT", "StartDate": 1720396800000, "CEC_Jurisdictional": "0"}}, {"type": "Feature", "id": 7485, "geometry": {"type": "Point", "coordinates": [-117.512925980072, 34.0734528206747]}, "properties": {"OBJECTID": 7485, "CECPlantID": "S0193", "PlantName": "SPVP017 Fontana (Etiwanda) (retired 12/31/2023)", "Retired_Plant": 1, "OperatorCompanyID": "Southern California Edison (SCE)", "County": "San Bernardino", "Capacity_Latest": 0, "Units": "1", "PriEnergySource": "SUN", "StartDate": 1323820800000, "CEC_Jurisdictional": "0"}}, {"type": "Feature", "id": 7486, "geometry": {"type": "Point", "coordinates": [-114.97651187529, 35.8016083430797]}, "properties": {"OBJECTID": 7486, "CECPlantID": "S0244", "PlantName": "Copper Mountain II (NV)", "Retired_Plant": 0, "OperatorCompanyID": "Copper Mountain Solar", "County": "Clark", "Capacity_Latest": 94.5, "Units": "CMS2", "PriEnergySource": "SUN", "StartDate": 1340841600000, "CEC_Jurisdictional": "0"}}, {"type": "Feature", "id": 7488, "geometry": {"type": "Point", "coordinates": [-117.516642735568, 34.0840014836601]}, "properties": {"OBJECTID": 7488, "CECPlantID": "S0194", "PlantName": "SPVP018 Fontana (Etiwanda) (retired 12/31/2023)", "Retired_Plant": 1, "OperatorCompanyID": "Southern California Edison (SCE)", "County": "San Bernardino", "Capacity_Latest": 0, "Units": "1", "PriEnergySource": "SUN", "StartDate": 1306108800000, "CEC_Jurisdictional": "0"}}, {"type": "Feature", "id": 7489, "geometry": {"type": "Point", "coordinates": [-116.922491000022, 32.591451000063]}, "properties": {"OBJECTID": 7489, "CECPlantID": "S0912", "PlantName": "County San Diego - CCA at EMDF at San Diego", "Retired_Plant": 0, "OperatorCompanyID": null, "County": "San Diego", "Capacity_Latest": 2.9, "Units": null, "PriEnergySource": "SUN", "StartDate": 1617235200000, "CEC_Jurisdictional": "0"}}, {"type": "Feature", "id": 7492, "geometry": {"type": "Point", "coordinates": [-117.520290608879, 34.0801574030186]}, "properties": {"OBJECTID": 7492, "CECPlantID": "S0196", "PlantName": "SPVP023 Fontana (Etiwanda) (retired 12/31/2023)", "Retired_Plant": 1, "OperatorCompanyID": "Southern California Edison (SCE)", "County": "San Bernardino", "Capacity_Latest": 0, "Units": "1", "PriEnergySource": "SUN", "StartDate": 1305158400000, "CEC_Jurisdictional": "0"}}, {"type": "Feature", "id": 7493, "geometry": {"type": "Point", "coordinates": [-118.229401721048, 34.6965790113806]}, "properties": {"OBJECTID": 7493, "CECPlantID": "S0915", "PlantName": "CSP Los Angeles", "Retired_Plant": 0, "OperatorCompanyID": null, "County": "Los Angeles", "Capacity_Latest": 2.3, "Units": null, "PriEnergySource": "SUN", "StartDate": 1664582400000, "CEC_Jurisdictional": "0"}}, {"type": "Feature", "id": 7494, "geometry": {"type": "Point", "coordinates": [-114.967199127672, 35.8026160177779]}, "properties": {"OBJECTID": 7494, "CECPlantID": "S0540", "PlantName": "Copper Mountain Solar 4 (NV)", "Retired_Plant": 0, "OperatorCompanyID": "Copper Mountain Solar", "County": "Clark", "Capacity_Latest": 93.6, "Units": "CMS4", "PriEnergySource": "SUN", "StartDate": 1475280000000, "CEC_Jurisdictional": "0"}}, {"type": "Feature", "id": 7496, "geometry": {"type": "Point", "coordinates": [-117.425354606876, 34.1323816723106]}, "properties": {"OBJECTID": 7496, "CECPlantID": "S0197", "PlantName": "SPVP026 Rialto (retired 12/31/2023)", "Retired_Plant": 1, "OperatorCompanyID": "Southern California Edison (SCE)", "County": "San Bernardino", "Capacity_Latest": 0, "Units": "1", "PriEnergySource": "SUN", "StartDate": 1314316800000, "CEC_Jurisdictional": "0"}}, {"type": "Feature", "id": 7497, "geometry": {"type": "Point", "coordinates": [-115.402564351475, 33.8092543828338]}, "properties": {"OBJECTID": 7497, "CECPlantID": "B0125", "PlantName": "Desert Sunlight PV II Storage 2", "Retired_Plant": 0, "OperatorCompanyID": "Not Available", "County": "Riverside", "Capacity_Latest": 230, "Units": null, "PriEnergySource": "BAT", "StartDate": 1712620800000, "CEC_Jurisdictional": "0"}}, {"type": "Feature", "id": 7500, "geometry": {"type": "Point", "coordinates": [-117.56869023029, 34.0326384629073]}, "properties": {"OBJECTID": 7500, "CECPlantID": "S0200", "PlantName": "SPVP033 Ontario - Kennedy 3 (retired 12/31/2023)", "Retired_Plant": 1, "OperatorCompanyID": "Southern California Edison (SCE)", "County": "San Bernardino", "Capacity_Latest": 0, "Units": "1", "PriEnergySource": "SUN", "StartDate": 1323648000000, "CEC_Jurisdictional": "0"}}, {"type": "Feature", "id": 7501, "geometry": {"type": "Point", "coordinates": [-115.404115052783, 33.8096150107932]}, "properties": {"OBJECTID": 7501, "CECPlantID": "B0074", "PlantName": "Desert Sunlight PV II Storage", "Retired_Plant": 0, "OperatorCompanyID": "Not Available", "County": "Riverside", "Capacity_Latest": 230, "Units": null, "PriEnergySource": "BAT", "StartDate": 1661644800000, "CEC_Jurisdictional": "0"}}, {"type": "Feature", "id": 7505, "geometry": {"type": "Point", "coordinates": [-118.139924739282, 35.0293833867391]}, "properties": {"OBJECTID": 7505, "CECPlantID": "B0066", "PlantName": "EdSan 1 Edwards 1", "Retired_Plant": 0, "OperatorCompanyID": "Not Available", "County": "Kern", "Capacity_Latest": 40, "Units": null, "PriEnergySource": "HBD", "StartDate": 1649808000000, "CEC_Jurisdictional": "0"}}, {"type": "Feature", "id": 7506, "geometry": {"type": "Point", "coordinates": [-117.425494996476, 34.1272040767149]}, "properties": {"OBJECTID": 7506, "CECPlantID": "S0227", "PlantName": "SPVP027 Rialto (retired 12/31/2023)", "Retired_Plant": 1, "OperatorCompanyID": "Southern California Edison (SCE)", "County": "San Bernardino", "Capacity_Latest": 0, "Units": "1", "PriEnergySource": "SUN", "StartDate": 1353974400000, "CEC_Jurisdictional": "0"}}, {"type": "Feature", "id": 7510, "geometry": {"type": "Point", "coordinates": [-117.41022182236, 33.9735088960868]}, "properties": {"OBJECTID": 7510, "CECPlantID": "S0444", "PlantName": "Tequesquite Landfill Solar PV Project", "Retired_Plant": 0, "OperatorCompanyID": "CD Arevon USA Inc.", "County": "Riverside", "Capacity_Latest": 7.5, "Units": "Unit 1", "PriEnergySource": "SUN", "StartDate": 1441756800000, "CEC_Jurisdictional": "0"}}, {"type": "Feature", "id": 7511, "geometry": {"type": "Point", "coordinates": [-118.139802768195, 35.0286413106665]}, "properties": {"OBJECTID": 7511, "CECPlantID": "B0044", "PlantName": "EdSan 1B", "Retired_Plant": 0, "OperatorCompanyID": "Not Available", "County": "Kern", "Capacity_Latest": 100, "Units": null, "PriEnergySource": "BAT", "StartDate": 1635724800000, "CEC_Jurisdictional": "0"}}, {"type": "Feature", "id": 7514, "geometry": {"type": "Point", "coordinates": [-117.553664426219, 34.1001110213907]}, "properties": {"OBJECTID": 7514, "CECPlantID": "S0446", "PlantName": "Rancho Cucamonga Distribution #1", "Retired_Plant": 0, "OperatorCompanyID": "Altus Power", "County": "San Bernardino", "Capacity_Latest": 1.75, "Units": "Unit 1", "PriEnergySource": "SUN", "StartDate": 1413849600000, "CEC_Jurisdictional": "0"}}, {"type": "Feature", "id": 7515, "geometry": {"type": "Point", "coordinates": [-118.139574690081, 35.0277973735893]}, "properties": {"OBJECTID": 7515, "CECPlantID": "B0047", "PlantName": "EdSan 1A", "Retired_Plant": 0, "OperatorCompanyID": "Not Available", "County": "Kern", "Capacity_Latest": 100, "Units": null, "PriEnergySource": "BAT", "StartDate": 1637280000000, "CEC_Jurisdictional": "0"}}, {"type": "Feature", "id": 7518, "geometry": {"type": "Point", "coordinates": [-117.544504315473, 34.0979245086614]}, "properties": {"OBJECTID": 7518, "CECPlantID": "S0447", "PlantName": "SunE - Rochester", "Retired_Plant": 0, "OperatorCompanyID": "Not Available", "County": "San Bernardino", "Capacity_Latest": 1, "Units": "Unit 1", "PriEnergySource": "SUN", "StartDate": 1444953600000, "CEC_Jurisdictional": "0"}}, {"type": "Feature", "id": 7519, "geometry": {"type": "Point", "coordinates": [-118.139024817216, 35.0303407058968]}, "properties": {"OBJECTID": 7519, "CECPlantID": "B0067", "PlantName": "EdSan 2 Sanborn 3", "Retired_Plant": 0, "OperatorCompanyID": "Not Available", "County": "Kern", "Capacity_Latest": 33, "Units": null, "PriEnergySource": "HBD", "StartDate": 1649808000000, "CEC_Jurisdictional": "0"}}, {"type": "Feature", "id": 7522, "geometry": {"type": "Point", "coordinates": [-117.517403921187, 34.0285620503319]}, "properties": {"OBJECTID": 7522, "CECPlantID": "S0448", "PlantName": "SunE - Mira Loma", "Retired_Plant": 0, "OperatorCompanyID": "Not Available", "County": "Riverside", "Capacity_Latest": 0.5, "Units": "Unit 1", "PriEnergySource": "SUN", "StartDate": 1444953600000, "CEC_Jurisdictional": "0"}}, {"type": "Feature", "id": 7523, "geometry": {"type": "Point", "coordinates": [-118.137246253142, 35.0216753050696]}, "properties": {"OBJECTID": 7523, "CECPlantID": "B0091", "PlantName": "Sanborn Solar 2 Edwards Sanborn S4", "Retired_Plant": 0, "OperatorCompanyID": "Not Available", "County": "Kern", "Capacity_Latest": 18.8, "Units": null, "PriEnergySource": "HBD", "StartDate": 1689033600000, "CEC_Jurisdictional": "0"}}, {"type": "Feature", "id": 7524, "geometry": {"type": "Point", "coordinates": [-118.139662921992, 35.0266314314582]}, "properties": {"OBJECTID": 7524, "CECPlantID": "B0100", "PlantName": "Sanborn Solar 2 SBESS 3", "Retired_Plant": 0, "OperatorCompanyID": "Not Available", "County": "Kern", "Capacity_Latest": 169, "Units": null, "PriEnergySource": "BAT", "StartDate": 1696982400000, "CEC_Jurisdictional": "0"}}, {"type": "Feature", "id": 7527, "geometry": {"type": "Point", "coordinates": [-118.138611346458, 35.0226363140907]}, "properties": {"OBJECTID": 7527, "CECPlantID": "B0103", "PlantName": "Edsan 2 Edwards Sanborn E1B", "Retired_Plant": 0, "OperatorCompanyID": "Not Available", "County": "Kern", "Capacity_Latest": 136, "Units": null, "PriEnergySource": "HBD", "StartDate": 1699488000000, "CEC_Jurisdictional": "0"}}, {"type": "Feature", "id": 7528, "geometry": {"type": "Point", "coordinates": [-117.553246922666, 34.0451462971936]}, "properties": {"OBJECTID": 7528, "CECPlantID": "S0449", "PlantName": "SunE - Dupont Ontario", "Retired_Plant": 0, "OperatorCompanyID": "Not Available", "County": "San Bernardino", "Capacity_Latest": 0.65, "Units": "Unit 1", "PriEnergySource": "SUN", "StartDate": 1444953600000, "CEC_Jurisdictional": "0"}}, {"type": "Feature", "id": 7529, "geometry": {"type": "Point", "coordinates": [-118.138205927728, 34.7315098655771]}, "properties": {"OBJECTID": 7529, "CECPlantID": "B0054", "PlantName": "SEPV Sierra NGR", "Retired_Plant": 0, "OperatorCompanyID": "Not Available", "County": "Los Angeles", "Capacity_Latest": 8.3, "Units": null, "PriEnergySource": "HBD", "StartDate": 1640131200000, "CEC_Jurisdictional": "0"}}, {"type": "Feature", "id": 7532, "geometry": {"type": "Point", "coordinates": [-117.534104864648, 34.0359910482344]}, "properties": {"OBJECTID": 7532, "CECPlantID": "S0453", "PlantName": "SunE - E Philadelphia Ontario", "Retired_Plant": 0, "OperatorCompanyID": "Not Available", "County": "San Bernardino", "Capacity_Latest": 1.3, "Units": "Unit 1", "PriEnergySource": "SUN", "StartDate": 1444953600000, "CEC_Jurisdictional": "0"}}, {"type": "Feature", "id": 7536, "geometry": {"type": "Point", "coordinates": [-117.519109705323, 34.0389569364151]}, "properties": {"OBJECTID": 7536, "CECPlantID": "S0454", "PlantName": "SunE - Jurupa Fontana", "Retired_Plant": 0, "OperatorCompanyID": "Not Available", "County": "San Bernardino", "Capacity_Latest": 1.19, "Units": "Unit 1", "PriEnergySource": "SUN", "StartDate": 1444953600000, "CEC_Jurisdictional": "0"}}, {"type": "Feature", "id": 7541, "geometry": {"type": "Point", "coordinates": [-117.517412672289, 34.0298039894723]}, "properties": {"OBJECTID": 7541, "CECPlantID": "S0572", "PlantName": "Dulles", "Retired_Plant": 0, "OperatorCompanyID": "Golden Solar LLC (Dulles)", "County": "Riverside", "Capacity_Latest": 2, "Units": "Unit 1", "PriEnergySource": "SUN", "StartDate": 1479340800000, "CEC_Jurisdictional": "0"}}, {"type": "Feature", "id": 7543, "geometry": {"type": "Point", "coordinates": [-117.568220043742, 34.0391953176762]}, "properties": {"OBJECTID": 7543, "CECPlantID": "S0595", "PlantName": "Milliken Landfill Solar", "Retired_Plant": 0, "OperatorCompanyID": "Not Available", "County": "San Bernardino", "Capacity_Latest": 3, "Units": "Unit 1", "PriEnergySource": "BAT", "StartDate": 1498176000000, "CEC_Jurisdictional": "0"}}, {"type": "Feature", "id": 7544, "geometry": {"type": "Point", "coordinates": [-118.124342442743, 34.7010260980796]}, "properties": {"OBJECTID": 7544, "CECPlantID": "S0932", "PlantName": "Kettering Solar 2", "Retired_Plant": 0, "OperatorCompanyID": null, "County": "Los Angeles", "Capacity_Latest": 1, "Units": null, "PriEnergySource": "SUN", "StartDate": 1401580800000, "CEC_Jurisdictional": "0"}}, {"type": "Feature", "id": 7546, "geometry": {"type": "Point", "coordinates": [-118.129876740326, 34.7085124795675]}, "properties": {"OBJECTID": 7546, "CECPlantID": "S0920", "PlantName": "Division 3", "Retired_Plant": 0, "OperatorCompanyID": null, "County": "Los Angeles", "Capacity_Latest": 1, "Units": null, "PriEnergySource": "SUN", "StartDate": 1403568000000, "CEC_Jurisdictional": "0"}}, {"type": "Feature", "id": 7548, "geometry": {"type": "Point", "coordinates": [-117.517036623425, 34.0814177403451]}, "properties": {"OBJECTID": 7548, "CECPlantID": "S0119", "PlantName": "SPVP001 Etiwanda Rooftop Solar (Merged with S0191)", "Retired_Plant": 1, "OperatorCompanyID": "Southern California Edison (SCE)", "County": "San Bernardino", "Capacity_Latest": 0, "Units": "1", "PriEnergySource": "SUN", "StartDate": 1225497600000, "CEC_Jurisdictional": "0"}}, {"type": "Feature", "id": 7552, "geometry": {"type": "Point", "coordinates": [-117.56187323689, 34.0420550703575]}, "properties": {"OBJECTID": 7552, "CECPlantID": "S9167", "PlantName": "SPVP012 Ontario (retired 12/31/2023)", "Retired_Plant": 1, "OperatorCompanyID": "Southern California Edison (SCE)", "County": "San Bernardino", "Capacity_Latest": 0, "Units": "1", "PriEnergySource": "SUN", "StartDate": 1293840000000, "CEC_Jurisdictional": "0"}}, {"type": "Feature", "id": 7556, "geometry": {"type": "Point", "coordinates": [-117.558681201892, 34.0364964929078]}, "properties": {"OBJECTID": 7556, "CECPlantID": "E0206", "PlantName": "MN Milliken Genco LLC (Retired 2014)", "Retired_Plant": 1, "OperatorCompanyID": "OPAL Fuels", "County": "San Bernardino", "Capacity_Latest": 0, "Units": "1, 2", "PriEnergySource": "LFG", "StartDate": 1057017600000, "CEC_Jurisdictional": "0"}}, {"type": "Feature", "id": 7560, "geometry": {"type": "Point", "coordinates": [-117.42734810605, 34.1425284133491]}, "properties": {"OBJECTID": 7560, "CECPlantID": "E0209", "PlantName": "MN Mid Valley Genco LLC (retired 12/31/2016)", "Retired_Plant": 1, "OperatorCompanyID": "OPAL Fuels", "County": "San Bernardino", "Capacity_Latest": 0, "Units": "1, 2", "PriEnergySource": "LFG", "StartDate": 1054425600000, "CEC_Jurisdictional": "0"}}, {"type": "Feature", "id": 7564, "geometry": {"type": "Point", "coordinates": [-117.540370887485, 34.0454017569481]}, "properties": {"OBJECTID": 7564, "CECPlantID": "G0280", "PlantName": "Ontario Mill (New-Indy Containerboard)", "Retired_Plant": 0, "OperatorCompanyID": "New-Indy Ontario LLC", "County": "San Bernardino", "Capacity_Latest": 32, "Units": "GEN1, North, South", "PriEnergySource": "NG", "StartDate": 1572998400000, "CEC_Jurisdictional": "0"}}, {"type": "Feature", "id": 7567, "geometry": {"type": "Point", "coordinates": [-119.514710962544, 34.409981057327]}, "properties": {"OBJECTID": 7567, "CECPlantID": "B0187", "PlantName": "PAINTER BESS", "Retired_Plant": 0, "OperatorCompanyID": "Not Available", "County": "Santa Barbara", "Capacity_Latest": 10, "Units": null, "PriEnergySource": "BAT", "StartDate": 1748563200000, "CEC_Jurisdictional": "0"}}, {"type": "Feature", "id": 7568, "geometry": {"type": "Point", "coordinates": [-117.527183612944, 34.090999548857]}, "properties": {"OBJECTID": 7568, "CECPlantID": "G0201", "PlantName": "Etiwanda Generating Station (Retired 6/1/2018)", "Retired_Plant": 1, "OperatorCompanyID": "NRG California South LP", "County": "San Bernardino", "Capacity_Latest": 0, "Units": "UNIT 1, UNIT 2, UNIT 3, UNIT 4, UNIT 5", "PriEnergySource": "NG", "StartDate": -520041600000, "CEC_Jurisdictional": "0"}}, {"type": "Feature", "id": 7571, "geometry": {"type": "Point", "coordinates": [-115.512312136277, 33.0161361469885]}, "properties": {"OBJECTID": 7571, "CECPlantID": "B0197", "PlantName": "North Brawley Solar", "Retired_Plant": 0, "OperatorCompanyID": "Not Available", "County": "Imperial", "Capacity_Latest": 35, "Units": null, "PriEnergySource": "BAT", "StartDate": 1766448000000, "CEC_Jurisdictional": "0"}}, {"type": "Feature", "id": 7572, "geometry": {"type": "Point", "coordinates": [-117.530822365791, 34.044660608402]}, "properties": {"OBJECTID": 7572, "CECPlantID": "S9414", "PlantName": "Champagne Solar PV", "Retired_Plant": 0, "OperatorCompanyID": "Sacramento PV Energy LLC", "County": "San Bernardino", "Capacity_Latest": 1.23, "Units": "1", "PriEnergySource": "SUN", "StartDate": 1388707200000, "CEC_Jurisdictional": "0"}}, {"type": "Feature", "id": 7574, "geometry": {"type": "Point", "coordinates": [-118.325218075785, 34.8071971876534]}, "properties": {"OBJECTID": 7574, "CECPlantID": "B0113", "PlantName": "Antelope Solar 2 Estrella BESS", "Retired_Plant": 0, "OperatorCompanyID": "Not Available", "County": "Los Angeles", "Capacity_Latest": 28, "Units": null, "PriEnergySource": "BAT", "StartDate": 1703808000000, "CEC_Jurisdictional": "0"}}, {"type": "Feature", "id": 7576, "geometry": {"type": "Point", "coordinates": [-117.183174204722, 32.8256592187827]}, "properties": {"OBJECTID": 7576, "CECPlantID": "B0123", "PlantName": "Clairemont Energy Storage", "Retired_Plant": 0, "OperatorCompanyID": "Not Available", "County": "San Diego", "Capacity_Latest": 9, "Units": null, "PriEnergySource": "BAT", "StartDate": 1711497600000, "CEC_Jurisdictional": "0"}}, {"type": "Feature", "id": 7578, "geometry": {"type": "Point", "coordinates": [-117.526454526325, 34.0849445392125]}, "properties": {"OBJECTID": 7578, "CECPlantID": "W0397", "PlantName": "IEUA", "Retired_Plant": 0, "OperatorCompanyID": "Foundation Windpower", "County": "San Bernardino", "Capacity_Latest": 1, "Units": "WPRS 1", "PriEnergySource": "WND", "StartDate": 1306886400000, "CEC_Jurisdictional": "0"}}, {"type": "Feature", "id": 7579, "geometry": {"type": "Point", "coordinates": [-119.512974583101, 34.4080806322303]}, "properties": {"OBJECTID": 7579, "CECPlantID": "B0029", "PlantName": "Vallecito Energy Storage", "Retired_Plant": 0, "OperatorCompanyID": "Not Available", "County": "Santa Barbara", "Capacity_Latest": 10, "Units": null, "PriEnergySource": "BAT", "StartDate": 1612396800000, "CEC_Jurisdictional": "0"}}, {"type": "Feature", "id": 7582, "geometry": {"type": "Point", "coordinates": [-117.360464059327, 34.0416220116488]}, "properties": {"OBJECTID": 7582, "CECPlantID": "G0911", "PlantName": "Agua Mansa Power Plant", "Retired_Plant": 0, "OperatorCompanyID": "Noresco El Colton LLC", "County": "San Bernardino", "Capacity_Latest": 60.5, "Units": "Unit 1", "PriEnergySource": "NG", "StartDate": 1053216000000, "CEC_Jurisdictional": "0"}}, {"type": "Feature", "id": 7586, "geometry": {"type": "Point", "coordinates": [-117.256786324957, 34.0843679713712]}, "properties": {"OBJECTID": 7586, "CECPlantID": "H0372", "PlantName": "Ontario 1", "Retired_Plant": 0, "OperatorCompanyID": "Southern California Edison (SCE)", "County": "San Bernardino", "Capacity_Latest": 0.6, "Units": "1", "PriEnergySource": "WAT", "StartDate": -2117059200000, "CEC_Jurisdictional": "0"}}, {"type": "Feature", "id": 7587, "geometry": {"type": "Point", "coordinates": [-117.252809009712, 33.2070445380821]}, "properties": {"OBJECTID": 7587, "CECPlantID": "B0118", "PlantName": "Melrose BESS", "Retired_Plant": 0, "OperatorCompanyID": "Not Available", "County": "San Diego", "Capacity_Latest": 20, "Units": null, "PriEnergySource": "BAT", "StartDate": 1710460800000, "CEC_Jurisdictional": "0"}}, {"type": "Feature", "id": 7590, "geometry": {"type": "Point", "coordinates": [-117.251833245199, 34.0855490747857]}, "properties": {"OBJECTID": 7590, "CECPlantID": "H0373", "PlantName": "Ontario 2", "Retired_Plant": 0, "OperatorCompanyID": "Southern California Edison (SCE)", "County": "San Bernardino", "Capacity_Latest": 0.32, "Units": "1", "PriEnergySource": "WAT", "StartDate": -207878400000, "CEC_Jurisdictional": "0"}}, {"type": "Feature", "id": 7594, "geometry": {"type": "Point", "coordinates": [-117.240725045993, 34.0819902430053]}, "properties": {"OBJECTID": 7594, "CECPlantID": "G0523", "PlantName": "Mountainview Power - Retired December 2005", "Retired_Plant": 1, "OperatorCompanyID": "Southern California Edison (SCE)", "County": "San Bernardino", "Capacity_Latest": 0, "Units": "MV 1, MV 2", "PriEnergySource": "NG", "StartDate": -394588800000, "CEC_Jurisdictional": "0"}}, {"type": "Feature", "id": 7598, "geometry": {"type": "Point", "coordinates": [-117.231116038689, 34.0863225090429]}, "properties": {"OBJECTID": 7598, "CECPlantID": "S0158", "PlantName": "SPVP005 Redlands (retired 12/31/2023)", "Retired_Plant": 1, "OperatorCompanyID": "Southern California Edison (SCE)", "County": "San Bernardino", "Capacity_Latest": 0, "Units": "1", "PriEnergySource": "SUN", "StartDate": 1312156800000, "CEC_Jurisdictional": "0"}}, {"type": "Feature", "id": 7601, "geometry": {"type": "Point", "coordinates": [-117.25359699964, 33.2042699997156]}, "properties": {"OBJECTID": 7601, "CECPlantID": "B0020", "PlantName": "Vista Energy Storage", "Retired_Plant": 0, "OperatorCompanyID": "Not Available", "County": "San Diego", "Capacity_Latest": 40, "Units": null, "PriEnergySource": "BAT", "StartDate": 1529971200000, "CEC_Jurisdictional": "0"}}, {"type": "Feature", "id": 7602, "geometry": {"type": "Point", "coordinates": [-117.228094511171, 34.0863693582187]}, "properties": {"OBJECTID": 7602, "CECPlantID": "S0185", "PlantName": "SPVP007 Redlands (retired 12/31/2023)", "Retired_Plant": 1, "OperatorCompanyID": "Southern California Edison (SCE)", "County": "San Bernardino", "Capacity_Latest": 0, "Units": "1", "PriEnergySource": "SUN", "StartDate": 1293580800000, "CEC_Jurisdictional": "0"}}, {"type": "Feature", "id": 7605, "geometry": {"type": "Point", "coordinates": [-116.641950325352, 33.5574672890337]}, "properties": {"OBJECTID": 7605, "CECPlantID": "S0947", "PlantName": "SunAnza Solar Project", "Retired_Plant": 0, "OperatorCompanyID": null, "County": "Riverside", "Capacity_Latest": 3.4, "Units": null, "PriEnergySource": "SUN", "StartDate": 1504224000000, "CEC_Jurisdictional": "0"}}, {"type": "Feature", "id": 7606, "geometry": {"type": "Point", "coordinates": [-117.241019377559, 34.0760327183071]}, "properties": {"OBJECTID": 7606, "CECPlantID": "S0189", "PlantName": "SPVP011 Redlands RDC 4 (retired 12/31/2023)", "Retired_Plant": 1, "OperatorCompanyID": "Southern California Edison (SCE)", "County": "San Bernardino", "Capacity_Latest": 0, "Units": "1", "PriEnergySource": "SUN", "StartDate": 1318204800000, "CEC_Jurisdictional": "0"}}, {"type": "Feature", "id": 7609, "geometry": {"type": "Point", "coordinates": [-116.640723206195, 33.5582171731889]}, "properties": {"OBJECTID": 7609, "CECPlantID": "B0027", "PlantName": "Anza", "Retired_Plant": 0, "OperatorCompanyID": "Not Available", "County": "Riverside", "Capacity_Latest": 4.4, "Units": null, "PriEnergySource": "BAT", "StartDate": 1606953600000, "CEC_Jurisdictional": "0"}}, {"type": "Feature", "id": 7610, "geometry": {"type": "Point", "coordinates": [-117.234824031102, 34.0835389105153]}, "properties": {"OBJECTID": 7610, "CECPlantID": "S0190", "PlantName": "SPVP013 Redlands (retired 12/31/2023)", "Retired_Plant": 1, "OperatorCompanyID": "Southern California Edison (SCE)", "County": "San Bernardino", "Capacity_Latest": 0, "Units": "1", "PriEnergySource": "SUN", "StartDate": 1316044800000, "CEC_Jurisdictional": "0"}}, {"type": "Feature", "id": 7612, "geometry": {"type": "Point", "coordinates": [-118.009927038373, 35.207808724883]}, "properties": {"OBJECTID": 7612, "CECPlantID": "S0981", "PlantName": "Eland 2", "Retired_Plant": 0, "OperatorCompanyID": "CD Arevon USA Inc.", "County": "Kern", "Capacity_Latest": 200, "Units": null, "PriEnergySource": "SUN", "StartDate": 1753833600000, "CEC_Jurisdictional": "0"}}, {"type": "Feature", "id": 7613, "geometry": {"type": "Point", "coordinates": [-117.234226013176, 34.0857124057977]}, "properties": {"OBJECTID": 7613, "CECPlantID": "S0192", "PlantName": "SPVP016 Redlands (retired 12/31/2023)", "Retired_Plant": 1, "OperatorCompanyID": "Southern California Edison (SCE)", "County": "San Bernardino", "Capacity_Latest": 0, "Units": "1", "PriEnergySource": "SUN", "StartDate": 1305676800000, "CEC_Jurisdictional": "0"}}, {"type": "Feature", "id": 7617, "geometry": {"type": "Point", "coordinates": [-117.213448960126, 34.0800083603166]}, "properties": {"OBJECTID": 7617, "CECPlantID": "S0195", "PlantName": "SPVP022 Redlands (retired 12/31/2023)", "Retired_Plant": 1, "OperatorCompanyID": "Southern California Edison (SCE)", "County": "San Bernardino", "Capacity_Latest": 0, "Units": "1", "PriEnergySource": "SUN", "StartDate": 1289779200000, "CEC_Jurisdictional": "0"}}, {"type": "Feature", "id": 7618, "geometry": {"type": "Point", "coordinates": [-115.387976012168, 32.8118967057892]}, "properties": {"OBJECTID": 7618, "CECPlantID": "B0167", "PlantName": "Holtville", "Retired_Plant": 0, "OperatorCompanyID": "Not Available", "County": "Imperial", "Capacity_Latest": 30, "Units": null, "PriEnergySource": "BAT", "StartDate": 1719792000000, "CEC_Jurisdictional": "0"}}, {"type": "Feature", "id": 7621, "geometry": {"type": "Point", "coordinates": [-117.274340837836, 34.0948400635772]}, "properties": {"OBJECTID": 7621, "CECPlantID": "S0198", "PlantName": "SPVP028 San Bernardino (Vista 28) (retired 12/31/2023)", "Retired_Plant": 1, "OperatorCompanyID": "Southern California Edison (SCE)", "County": "San Bernardino", "Capacity_Latest": 0, "Units": "1", "PriEnergySource": "SUN", "StartDate": 1324339200000, "CEC_Jurisdictional": "0"}}, {"type": "Feature", "id": 7625, "geometry": {"type": "Point", "coordinates": [-117.228091069869, 34.0826603227945]}, "properties": {"OBJECTID": 7625, "CECPlantID": "S0322", "PlantName": "SPVP048 Redlands (retired 12/31/2023)", "Retired_Plant": 1, "OperatorCompanyID": "Southern California Edison (SCE)", "County": "San Bernardino", "Capacity_Latest": 0, "Units": "1", "PriEnergySource": "SUN", "StartDate": 1407801600000, "CEC_Jurisdictional": "0"}}, {"type": "Feature", "id": 7626, "geometry": {"type": "Point", "coordinates": [-116.911589796743, 32.5716427662269]}, "properties": {"OBJECTID": 7626, "CECPlantID": "B0026", "PlantName": "Gateway Energy Storage", "Retired_Plant": 0, "OperatorCompanyID": "Not Available", "County": "San Diego", "Capacity_Latest": 250, "Units": null, "PriEnergySource": "BAT", "StartDate": 1600214400000, "CEC_Jurisdictional": "0"}}, {"type": "Feature", "id": 7629, "geometry": {"type": "Point", "coordinates": [-117.214600963424, 34.1424390713942]}, "properties": {"OBJECTID": 7629, "CECPlantID": "S0361", "PlantName": "Patton State Hospital II\u00e1", "Retired_Plant": 0, "OperatorCompanyID": "Not Available", "County": "San Bernardino", "Capacity_Latest": 0.99, "Units": "1", "PriEnergySource": "SUN", "StartDate": 1341273600000, "CEC_Jurisdictional": "0"}}, {"type": "Feature", "id": 7630, "geometry": {"type": "Point", "coordinates": [-120.453983575899, 35.0063939926681]}, "properties": {"OBJECTID": 7630, "CECPlantID": "B0161", "PlantName": "Caballero Storage", "Retired_Plant": 0, "OperatorCompanyID": "Not Available", "County": "San Luis Obispo", "Capacity_Latest": 99.7, "Units": null, "PriEnergySource": "BAT", "StartDate": 1738713600000, "CEC_Jurisdictional": "0"}}, {"type": "Feature", "id": 7634, "geometry": {"type": "Point", "coordinates": [-117.266782346537, 34.0948830950088]}, "properties": {"OBJECTID": 7634, "CECPlantID": "S0370", "PlantName": "Kohl's - San Bernardino - Mill", "Retired_Plant": 0, "OperatorCompanyID": "EDP Renewables North America LLC", "County": "San Bernardino", "Capacity_Latest": 1, "Units": "1", "PriEnergySource": "SUN", "StartDate": 1196208000000, "CEC_Jurisdictional": "0"}}, {"type": "Feature", "id": 7636, "geometry": {"type": "Point", "coordinates": [-117.267031914804, 34.0853659129073]}, "properties": {"OBJECTID": 7636, "CECPlantID": "S0377", "PlantName": "Kohl's - San Bernardino - Central", "Retired_Plant": 0, "OperatorCompanyID": "Silicon Ranch Corporation", "County": "San Bernardino", "Capacity_Latest": 1, "Units": "1", "PriEnergySource": "SUN", "StartDate": 1345766400000, "CEC_Jurisdictional": "0"}}, {"type": "Feature", "id": 7640, "geometry": {"type": "Point", "coordinates": [-117.247695814695, 34.1003807097149]}, "properties": {"OBJECTID": 7640, "CECPlantID": "S0451", "PlantName": "SunE - San Bernardino", "Retired_Plant": 0, "OperatorCompanyID": "Not Available", "County": "San Bernardino", "Capacity_Latest": 1.9, "Units": "Unit 1", "PriEnergySource": "SUN", "StartDate": 1444953600000, "CEC_Jurisdictional": "0"}}, {"type": "Feature", "id": 7644, "geometry": {"type": "Point", "coordinates": [-117.229493952585, 34.0762063819767]}, "properties": {"OBJECTID": 7644, "CECPlantID": "S0452", "PlantName": "SunE - Redlands", "Retired_Plant": 0, "OperatorCompanyID": "Not Available", "County": "San Bernardino", "Capacity_Latest": 1.83, "Units": "Unit 1", "PriEnergySource": "SUN", "StartDate": 1444953600000, "CEC_Jurisdictional": "0"}}, {"type": "Feature", "id": 7648, "geometry": {"type": "Point", "coordinates": [-117.250200078037, 34.0501509188282]}, "properties": {"OBJECTID": 7648, "CECPlantID": "S9153", "PlantName": "Loma Linda VA Health Care System", "Retired_Plant": 0, "OperatorCompanyID": "Not Available", "County": "San Bernardino", "Capacity_Latest": 2.83, "Units": "1, 2", "PriEnergySource": "SUN", "StartDate": 1325376000000, "CEC_Jurisdictional": "0"}}, {"type": "Feature", "id": 7649, "geometry": {"type": "Point", "coordinates": [-119.869299965595, 34.4327106239348]}, "properties": {"OBJECTID": 7649, "CECPlantID": "B0115", "PlantName": "Goleta Energy Storage", "Retired_Plant": 0, "OperatorCompanyID": "Not Available", "County": "Santa Barbara", "Capacity_Latest": 60, "Units": null, "PriEnergySource": "BAT", "StartDate": 1704499200000, "CEC_Jurisdictional": "0"}}, {"type": "Feature", "id": 7651, "geometry": {"type": "Point", "coordinates": [-117.340231562313, 34.0473480864407]}, "properties": {"OBJECTID": 7651, "CECPlantID": "E0204", "PlantName": "MN Colton Genco LLC (Retired 2013)", "Retired_Plant": 1, "OperatorCompanyID": "OPAL Fuels", "County": "San Bernardino", "Capacity_Latest": 0, "Units": "1", "PriEnergySource": "LFG", "StartDate": 1080777600000, "CEC_Jurisdictional": "0"}}, {"type": "Feature", "id": 7652, "geometry": {"type": "Point", "coordinates": [-117.049850274985, 32.7035501270616]}, "properties": {"OBJECTID": 7652, "CECPlantID": "B0134", "PlantName": "Paradise Energy Storage", "Retired_Plant": 0, "OperatorCompanyID": "Not Available", "County": "San Diego", "Capacity_Latest": 10, "Units": null, "PriEnergySource": "BAT", "StartDate": 1716249600000, "CEC_Jurisdictional": "0"}}, {"type": "Feature", "id": 7654, "geometry": {"type": "Point", "coordinates": [-117.262707700285, 34.0512799542535]}, "properties": {"OBJECTID": 7654, "CECPlantID": "G0317", "PlantName": "Loma Linda University Cogeneration", "Retired_Plant": 0, "OperatorCompanyID": "Loma Linda University", "County": "San Bernardino", "Capacity_Latest": 10.4, "Units": "GEN1, GEN2, GEN3", "PriEnergySource": "NG", "StartDate": 625881600000, "CEC_Jurisdictional": "0"}}, {"type": "Feature", "id": 7656, "geometry": {"type": "Point", "coordinates": [-117.167802111724, 32.8762233495645]}, "properties": {"OBJECTID": 7656, "CECPlantID": "B0038", "PlantName": "Top Gun Energy Storage", "Retired_Plant": 0, "OperatorCompanyID": "Not Available", "County": "San Diego", "Capacity_Latest": 30, "Units": null, "PriEnergySource": "BAT", "StartDate": 1625011200000, "CEC_Jurisdictional": "0"}}, {"type": "Feature", "id": 7659, "geometry": {"type": "Point", "coordinates": [-117.331440019828, 34.0230290531589]}, "properties": {"OBJECTID": 7659, "CECPlantID": "G0259", "PlantName": "Riverside Canal Power (Retired 12/31/2004)", "Retired_Plant": 1, "OperatorCompanyID": "Riverside Canal Power Co Inc", "County": "San Bernardino", "Capacity_Latest": 0, "Units": "RC 1, RC 2, RC 3, RC 4", "PriEnergySource": "NG", "StartDate": -552355200000, "CEC_Jurisdictional": "0"}}, {"type": "Feature", "id": 7660, "geometry": {"type": "Point", "coordinates": [-118.09995158333, 33.7702546076963]}, "properties": {"OBJECTID": 7660, "CECPlantID": "B0028", "PlantName": "Alamitos Energy Storage", "Retired_Plant": 0, "OperatorCompanyID": "Not Available", "County": "Los Angeles", "Capacity_Latest": 100.45, "Units": null, "PriEnergySource": "BAT", "StartDate": 1607040000000, "CEC_Jurisdictional": "0"}}, {"type": "Feature", "id": 7663, "geometry": {"type": "Point", "coordinates": [-117.241925282179, 34.0817280699076]}, "properties": {"OBJECTID": 7663, "CECPlantID": "G0795", "PlantName": "Mountainview Generating Station", "Retired_Plant": 0, "OperatorCompanyID": "Southern California Edison (SCE)", "County": "San Bernardino", "Capacity_Latest": 1110, "Units": "Unit 3, Unit 4", "PriEnergySource": "NG", "StartDate": 1134172800000, "CEC_Jurisdictional": "1"}}, {"type": "Feature", "id": 7664, "geometry": {"type": "Point", "coordinates": [-118.100837863463, 33.7700551946249]}, "properties": {"OBJECTID": 7664, "CECPlantID": "B0153", "PlantName": "Alamitos Energy Storage 2", "Retired_Plant": 0, "OperatorCompanyID": "Not Available", "County": "Los Angeles", "Capacity_Latest": 82, "Units": null, "PriEnergySource": "BAT", "StartDate": 1731542400000, "CEC_Jurisdictional": "0"}}, {"type": "Feature", "id": 7667, "geometry": {"type": "Point", "coordinates": [-117.353788070729, 34.0606850081984]}, "properties": {"OBJECTID": 7667, "CECPlantID": "G0821", "PlantName": "Alliance Drews (Agua Mansa Colton)", "Retired_Plant": 0, "OperatorCompanyID": "San Joaquin Energy - Century & Drews", "County": "San Bernardino", "Capacity_Latest": 45.56, "Units": "D1, D2, D3, D4", "PriEnergySource": "NG", "StartDate": 996624000000, "CEC_Jurisdictional": "1"}}, {"type": "Feature", "id": 7670, "geometry": {"type": "Point", "coordinates": [-117.307241382653, 34.0598524447258]}, "properties": {"OBJECTID": 7670, "CECPlantID": "G0842", "PlantName": "Alliance Century", "Retired_Plant": 0, "OperatorCompanyID": "San Joaquin Energy - Century & Drews", "County": "San Bernardino", "Capacity_Latest": 45.56, "Units": "Unit 1, Unit 2, Unit 3, Unit 4", "PriEnergySource": "NG", "StartDate": 999302400000, "CEC_Jurisdictional": "1"}}, {"type": "Feature", "id": 7676, "geometry": {"type": "Point", "coordinates": [-117.077318866097, 34.0739859022959]}, "properties": {"OBJECTID": 7676, "CECPlantID": "H0331", "PlantName": "Mill Creek 1", "Retired_Plant": 0, "OperatorCompanyID": "Southern California Edison (SCE)", "County": "San Bernardino", "Capacity_Latest": 0.8, "Units": "1", "PriEnergySource": "WAT", "StartDate": -1103155200000, "CEC_Jurisdictional": "0"}}, {"type": "Feature", "id": 7679, "geometry": {"type": "Point", "coordinates": [-117.068443918826, 34.0772623501728]}, "properties": {"OBJECTID": 7679, "CECPlantID": "H0332", "PlantName": "Mill Creek 2", "Retired_Plant": 0, "OperatorCompanyID": "Southern California Edison (SCE)", "County": "San Bernardino", "Capacity_Latest": 0.25, "Units": "1", "PriEnergySource": "WAT", "StartDate": -2064441600000, "CEC_Jurisdictional": "0"}}, {"type": "Feature", "id": 7682, "geometry": {"type": "Point", "coordinates": [-117.039445165673, 34.0879896800418]}, "properties": {"OBJECTID": 7682, "CECPlantID": "H0333", "PlantName": "Mill Creek 3", "Retired_Plant": 0, "OperatorCompanyID": "Southern California Edison (SCE)", "County": "San Bernardino", "Capacity_Latest": 3, "Units": "3, 4, 5", "PriEnergySource": "WAT", "StartDate": -2109283200000, "CEC_Jurisdictional": "0"}}, {"type": "Feature", "id": 7683, "geometry": {"type": "Point", "coordinates": [-118.258134000492, 33.97692399986]}, "properties": {"OBJECTID": 7683, "CECPlantID": "S0952", "PlantName": "USPS PV", "Retired_Plant": 0, "OperatorCompanyID": null, "County": "Los Angeles", "Capacity_Latest": 7.4, "Units": null, "PriEnergySource": "SUN", "StartDate": 1498867200000, "CEC_Jurisdictional": "0"}}, {"type": "Feature", "id": 7686, "geometry": {"type": "Point", "coordinates": [-117.099079384604, 34.1075966829333]}, "properties": {"OBJECTID": 7686, "CECPlantID": "H0462", "PlantName": "Santa Ana 3", "Retired_Plant": 0, "OperatorCompanyID": "Southern California Edison (SCE)", "County": "San Bernardino", "Capacity_Latest": 3.1, "Units": "1", "PriEnergySource": "WAT", "StartDate": -718070400000, "CEC_Jurisdictional": "0"}}, {"type": "Feature", "id": 7687, "geometry": {"type": "Point", "coordinates": [-115.496032701369, 33.166505716542]}, "properties": {"OBJECTID": 7687, "CECPlantID": "S0902", "PlantName": "Calipatria State Prison", "Retired_Plant": 0, "OperatorCompanyID": null, "County": "Imperial", "Capacity_Latest": 6, "Units": null, "PriEnergySource": "SUN", "StartDate": 1575158400000, "CEC_Jurisdictional": "0"}}, {"type": "Feature", "id": 7690, "geometry": {"type": "Point", "coordinates": [-117.121506646129, 33.9550741641226]}, "properties": {"OBJECTID": 7690, "CECPlantID": "E0210", "PlantName": "RCWMD Badlands Power Plant", "Retired_Plant": 1, "OperatorCompanyID": "Stewart & Stevenson Services", "County": "Riverside", "Capacity_Latest": 0, "Units": "1", "PriEnergySource": "LFG", "StartDate": 980985600000, "CEC_Jurisdictional": "0"}}, {"type": "Feature", "id": 7691, "geometry": {"type": "Point", "coordinates": [-118.262838058184, 35.0427914347433]}, "properties": {"OBJECTID": 7691, "CECPlantID": "B0087", "PlantName": "Sagebrush Solar 2", "Retired_Plant": 0, "OperatorCompanyID": "Not Available", "County": "Kern", "Capacity_Latest": 80, "Units": null, "PriEnergySource": "BAT", "StartDate": 1684800000000, "CEC_Jurisdictional": "0"}}, {"type": "Feature", "id": 7695, "geometry": {"type": "Point", "coordinates": [-116.894912225932, 34.0185702061411]}, "properties": {"OBJECTID": 7695, "CECPlantID": "H0445", "PlantName": "San Gorgonio 1", "Retired_Plant": 1, "OperatorCompanyID": "Southern California Edison (SCE)", "County": "Riverside", "Capacity_Latest": 0, "Units": "1", "PriEnergySource": "WAT", "StartDate": -1454371200000, "CEC_Jurisdictional": "0"}}, {"type": "Feature", "id": 7696, "geometry": {"type": "Point", "coordinates": [-116.370253683485, 34.1235539408738]}, "properties": {"OBJECTID": 7696, "CECPlantID": "S0972", "PlantName": "DG Morongo", "Retired_Plant": 0, "OperatorCompanyID": "NextEra Energy Resources LLC", "County": "San Bernardino", "Capacity_Latest": 3.24, "Units": null, "PriEnergySource": "SUN", "StartDate": 1577836800000, "CEC_Jurisdictional": "0"}}, {"type": "Feature", "id": 7699, "geometry": {"type": "Point", "coordinates": [-116.081495924133, 33.0867521931783]}, "properties": {"OBJECTID": 7699, "CECPlantID": "B0098", "PlantName": "Ocotillo Wells Solar and BESS", "Retired_Plant": 0, "OperatorCompanyID": "Not Available", "County": "San Diego", "Capacity_Latest": 50, "Units": null, "PriEnergySource": "HBD", "StartDate": 1693526400000, "CEC_Jurisdictional": "0"}}, {"type": "Feature", "id": 7700, "geometry": {"type": "Point", "coordinates": [-116.370258387486, 34.1235609418744]}, "properties": {"OBJECTID": 7700, "CECPlantID": "S0169", "PlantName": "Coronus Yucca Valley East 1", "Retired_Plant": 0, "OperatorCompanyID": "Belectric Inc", "County": "San Bernardino", "Capacity_Latest": 1.5, "Units": "Unit 1", "PriEnergySource": "SUN", "StartDate": 1373846400000, "CEC_Jurisdictional": "0"}}, {"type": "Feature", "id": 7703, "geometry": {"type": "Point", "coordinates": [-116.370445643519, 34.123554186863]}, "properties": {"OBJECTID": 7703, "CECPlantID": "S0170", "PlantName": "Coronus Yucca Valley East 2", "Retired_Plant": 0, "OperatorCompanyID": "Belectric Inc", "County": "San Bernardino", "Capacity_Latest": 1.5, "Units": "Unit 1", "PriEnergySource": "SUN", "StartDate": 1373846400000, "CEC_Jurisdictional": "0"}}, {"type": "Feature", "id": 7707, "geometry": {"type": "Point", "coordinates": [-116.370233440434, 34.122976643807]}, "properties": {"OBJECTID": 7707, "CECPlantID": "S0171", "PlantName": "Coronus Yucca Valley East 3", "Retired_Plant": 0, "OperatorCompanyID": "Belectric Inc", "County": "San Bernardino", "Capacity_Latest": 1.5, "Units": "Unit 1", "PriEnergySource": "SUN", "StartDate": 1405382400000, "CEC_Jurisdictional": "0"}}, {"type": "Feature", "id": 7711, "geometry": {"type": "Point", "coordinates": [-116.224508516572, 34.134144220326]}, "properties": {"OBJECTID": 7711, "CECPlantID": "S0172", "PlantName": "Coronus Joshua Tree East 1", "Retired_Plant": 0, "OperatorCompanyID": "Belectric Inc", "County": "San Bernardino", "Capacity_Latest": 1.5, "Units": "Unit 1", "PriEnergySource": "SUN", "StartDate": 1373846400000, "CEC_Jurisdictional": "0"}}, {"type": "Feature", "id": 7712, "geometry": {"type": "Point", "coordinates": [-116.982616945555, 32.6781681744372]}, "properties": {"OBJECTID": 7712, "CECPlantID": "B0022", "PlantName": "Miguel BESS", "Retired_Plant": 0, "OperatorCompanyID": "Not Available", "County": "San Diego", "Capacity_Latest": 2, "Units": null, "PriEnergySource": "BAT", "StartDate": 1544572800000, "CEC_Jurisdictional": "0"}}, {"type": "Feature", "id": 7715, "geometry": {"type": "Point", "coordinates": [-116.224370440547, 34.1341412853335]}, "properties": {"OBJECTID": 7715, "CECPlantID": "S0173", "PlantName": "Coronus Joshua Tree East 2", "Retired_Plant": 0, "OperatorCompanyID": "Belectric Inc", "County": "San Bernardino", "Capacity_Latest": 1.5, "Units": "Unit 1", "PriEnergySource": "SUN", "StartDate": 1373846400000, "CEC_Jurisdictional": "0"}}, {"type": "Feature", "id": 7718, "geometry": {"type": "Point", "coordinates": [-117.873356000369, 33.7992419995119]}, "properties": {"OBJECTID": 7718, "CECPlantID": "B0198", "PlantName": "DESI-1", "Retired_Plant": 0, "OperatorCompanyID": "Not Available", "County": "Orange", "Capacity_Latest": 2.4, "Units": null, "PriEnergySource": "BAT", "StartDate": 1480550400000, "CEC_Jurisdictional": "0"}}, {"type": "Feature", "id": 7719, "geometry": {"type": "Point", "coordinates": [-116.224232225523, 34.1341454133417]}, "properties": {"OBJECTID": 7719, "CECPlantID": "S0174", "PlantName": "Coronus Joshua Tree East 3", "Retired_Plant": 0, "OperatorCompanyID": "Belectric Inc", "County": "San Bernardino", "Capacity_Latest": 1.5, "Units": "Unit 1", "PriEnergySource": "SUN", "StartDate": 1373846400000, "CEC_Jurisdictional": "0"}}, {"type": "Feature", "id": 7723, "geometry": {"type": "Point", "coordinates": [-119.365050560534, 34.3186722624809]}, "properties": {"OBJECTID": 7723, "CECPlantID": "G0658", "PlantName": "Centaur Generator Facility (Shut Down 8/1/08)", "Retired_Plant": 1, "OperatorCompanyID": "Vintage Petroleum Inc", "County": "Ventura", "Capacity_Latest": 0, "Units": "HG88583", "PriEnergySource": "NG", "StartDate": 596937600000, "CEC_Jurisdictional": "0"}}, {"type": "Feature", "id": 7727, "geometry": {"type": "Point", "coordinates": [-119.247670131952, 34.2056379303327]}, "properties": {"OBJECTID": 7727, "CECPlantID": "G1041", "PlantName": "McGrath Peaker", "Retired_Plant": 0, "OperatorCompanyID": "Southern California Edison (SCE)", "County": "Ventura", "Capacity_Latest": 49, "Units": "1", "PriEnergySource": "NG", "StartDate": 1351728000000, "CEC_Jurisdictional": "0"}}, {"type": "Feature", "id": 7731, "geometry": {"type": "Point", "coordinates": [-119.134416256789, 34.2097103662754]}, "properties": {"OBJECTID": 7731, "CECPlantID": "S0368", "PlantName": "Procter & Gamble - Oxnard", "Retired_Plant": 0, "OperatorCompanyID": "EDP Renewables North America LLC", "County": "Ventura", "Capacity_Latest": 1, "Units": "1", "PriEnergySource": "SUN", "StartDate": 1253836800000, "CEC_Jurisdictional": "0"}}, {"type": "Feature", "id": 7737, "geometry": {"type": "Point", "coordinates": [-118.084663142283, 33.7516958804647]}, "properties": {"OBJECTID": 7737, "CECPlantID": "S0984", "PlantName": "BCE Seal Beach", "Retired_Plant": 0, "OperatorCompanyID": null, "County": "Orange", "Capacity_Latest": 10, "Units": null, "PriEnergySource": "SUN", "StartDate": 1761609600000, "CEC_Jurisdictional": "0"}}, {"type": "Feature", "id": 7738, "geometry": {"type": "Point", "coordinates": [-119.164132818222, 34.1925620297448]}, "properties": {"OBJECTID": 7738, "CECPlantID": "S0450", "PlantName": "SunE - Oxnard", "Retired_Plant": 0, "OperatorCompanyID": "Not Available", "County": "Ventura", "Capacity_Latest": 2.7, "Units": "Unit 1", "PriEnergySource": "SUN", "StartDate": 1444953600000, "CEC_Jurisdictional": "0"}}, {"type": "Feature", "id": 7740, "geometry": {"type": "Point", "coordinates": [-119.211481676353, 34.2333047363464]}, "properties": {"OBJECTID": 7740, "CECPlantID": "E0125", "PlantName": "Oxnard - Closed December 2009", "Retired_Plant": 1, "OperatorCompanyID": "Pacific Recovery Corp", "County": "Ventura", "Capacity_Latest": 0, "Units": "1, 1-3, 2, 3", "PriEnergySource": "LFG", "StartDate": 502243200000, "CEC_Jurisdictional": "0"}}, {"type": "Feature", "id": 7742, "geometry": {"type": "Point", "coordinates": [-118.087480999593, 33.7496170000759]}, "properties": {"OBJECTID": 7742, "CECPlantID": "B0215", "PlantName": "Seal Beach BESS", "Retired_Plant": 0, "OperatorCompanyID": "Not Available", "County": "Orange", "Capacity_Latest": 10, "Units": null, "PriEnergySource": "BAT", "StartDate": 1761609600000, "CEC_Jurisdictional": "0"}}, {"type": "Feature", "id": 7744, "geometry": {"type": "Point", "coordinates": [-119.166490435884, 34.1958832979624]}, "properties": {"OBJECTID": 7744, "CECPlantID": "G0180", "PlantName": "EF Oxnard  Inc.", "Retired_Plant": 0, "OperatorCompanyID": "EF Oxnard Inc", "County": "Ventura", "Capacity_Latest": 48.5, "Units": "Unit 1", "PriEnergySource": "NG", "StartDate": 644198400000, "CEC_Jurisdictional": "0"}}, {"type": "Feature", "id": 7746, "geometry": {"type": "Point", "coordinates": [-118.27524487849, 35.0452501112555]}, "properties": {"OBJECTID": 7746, "CECPlantID": "B0088", "PlantName": "Mojave 89 BESS 2B", "Retired_Plant": 0, "OperatorCompanyID": "Not Available", "County": "Kern", "Capacity_Latest": 70.6, "Units": null, "PriEnergySource": "BAT", "StartDate": 1684972800000, "CEC_Jurisdictional": "0"}}, {"type": "Feature", "id": 7747, "geometry": {"type": "Point", "coordinates": [-119.250852746547, 34.2065532522466]}, "properties": {"OBJECTID": 7747, "CECPlantID": "G0330", "PlantName": "Mandalay Generating Station (Retired 2/6/2018)", "Retired_Plant": 1, "OperatorCompanyID": "GenOn Holdings Inc.", "County": "Ventura", "Capacity_Latest": 0, "Units": "UNIT 1, UNIT 2, UNIT 3", "PriEnergySource": "NG", "StartDate": -336787200000, "CEC_Jurisdictional": "0"}}, {"type": "Feature", "id": 7750, "geometry": {"type": "Point", "coordinates": [-118.275503229508, 35.0449638572092]}, "properties": {"OBJECTID": 7750, "CECPlantID": "B0144", "PlantName": "Sagebrush Solar 2 ESS 59", "Retired_Plant": 0, "OperatorCompanyID": "Not Available", "County": "Kern", "Capacity_Latest": 59, "Units": null, "PriEnergySource": "BAT", "StartDate": 1723507200000, "CEC_Jurisdictional": "0"}}, {"type": "Feature", "id": 7751, "geometry": {"type": "Point", "coordinates": [-119.1405820228, 34.2097373169238]}, "properties": {"OBJECTID": 7751, "CECPlantID": "G0468", "PlantName": "The Procter & Gamble Paper Products Co.", "Retired_Plant": 0, "OperatorCompanyID": "Procter & Gamble Paper Products Company", "County": "Ventura", "Capacity_Latest": 69.8, "Units": "1, 2", "PriEnergySource": "NG", "StartDate": 383788800000, "CEC_Jurisdictional": "0"}}, {"type": "Feature", "id": 7754, "geometry": {"type": "Point", "coordinates": [-118.00631644915, 35.2010685973769]}, "properties": {"OBJECTID": 7754, "CECPlantID": "B0146", "PlantName": "Sagebrush Solar 2 ESS 40", "Retired_Plant": 0, "OperatorCompanyID": "Not Available", "County": "Kern", "Capacity_Latest": 40, "Units": null, "PriEnergySource": "BAT", "StartDate": 1726444800000, "CEC_Jurisdictional": "0"}}, {"type": "Feature", "id": 7755, "geometry": {"type": "Point", "coordinates": [-119.082870283724, 34.1781542558731]}, "properties": {"OBJECTID": 7755, "CECPlantID": "G1046", "PlantName": "Glass House Camarillo", "Retired_Plant": 0, "OperatorCompanyID": "Glass House Camarillo", "County": "Ventura", "Capacity_Latest": 13.049999999999999, "Units": "1, 2, 3", "PriEnergySource": "NG", "StartDate": 1346457600000, "CEC_Jurisdictional": "0"}}, {"type": "Feature", "id": 7758, "geometry": {"type": "Point", "coordinates": [-118.501297364551, 34.2255252683304]}, "properties": {"OBJECTID": 7758, "CECPlantID": "S0897", "PlantName": "8500 Balboa PV, LLC", "Retired_Plant": 0, "OperatorCompanyID": null, "County": "Los Angeles", "Capacity_Latest": 3.2, "Units": null, "PriEnergySource": "SUN", "StartDate": 1643673600000, "CEC_Jurisdictional": "0"}}, {"type": "Feature", "id": 7759, "geometry": {"type": "Point", "coordinates": [-119.06912564237, 34.2130194763804]}, "properties": {"OBJECTID": 7759, "CECPlantID": "H0076", "PlantName": "Springville Reservoir", "Retired_Plant": 0, "OperatorCompanyID": "Calleguas Municipal Water District", "County": "Ventura", "Capacity_Latest": 1, "Units": "1", "PriEnergySource": "WAT", "StartDate": 757382400000, "CEC_Jurisdictional": "0"}}, {"type": "Feature", "id": 7761, "geometry": {"type": "Point", "coordinates": [-119.047892455658, 34.1620918901623]}, "properties": {"OBJECTID": 7761, "CECPlantID": "G0403", "PlantName": "CI Power Cogeneration Plant (OLS Camarillo)", "Retired_Plant": 0, "OperatorCompanyID": "CI Power Cogeneration Plant", "County": "Ventura", "Capacity_Latest": 31.200000000000003, "Units": "Unit GTG, Unit STG", "PriEnergySource": "NG", "StartDate": 544233600000, "CEC_Jurisdictional": "0"}}, {"type": "Feature", "id": 7762, "geometry": {"type": "Point", "coordinates": [-115.504745146922, 33.2740426294216]}, "properties": {"OBJECTID": 7762, "CECPlantID": "S0890", "PlantName": "Wister Solar", "Retired_Plant": 0, "OperatorCompanyID": "Heber Geothermal Co", "County": "Imperial", "Capacity_Latest": 20, "Units": null, "PriEnergySource": "SUN", "StartDate": 1657843200000, "CEC_Jurisdictional": "0"}}, {"type": "Feature", "id": 7763, "geometry": {"type": "Point", "coordinates": [-118.721152607626, 34.1477710933062]}, "properties": {"OBJECTID": 7763, "CECPlantID": "E0227", "PlantName": "Calabasas Gas-to-Energy Facility", "Retired_Plant": 0, "OperatorCompanyID": "Sanitation Districts of Los Angeles County", "County": "Los Angeles", "Capacity_Latest": 13.799999999999999, "Units": "Gen-1, Gen-2, Gen-3", "PriEnergySource": "LFG", "StartDate": 1278892800000, "CEC_Jurisdictional": "0"}}, {"type": "Feature", "id": 7767, "geometry": {"type": "Point", "coordinates": [-118.801869580964, 34.2918391502101]}, "properties": {"OBJECTID": 7767, "CECPlantID": "E0208", "PlantName": "Simi Valley Landfill (Retired 9/30/2016)", "Retired_Plant": 1, "OperatorCompanyID": "WM Energy Solutions Inc", "County": "Ventura", "Capacity_Latest": 0, "Units": "1, 2", "PriEnergySource": "LFG", "StartDate": 1101859200000, "CEC_Jurisdictional": "0"}}, {"type": "Feature", "id": 7770, "geometry": {"type": "Point", "coordinates": [-117.460909999863, 34.5498280003448]}, "properties": {"OBJECTID": 7770, "CECPlantID": "S0910", "PlantName": "Coronus Adelanto West 1", "Retired_Plant": 0, "OperatorCompanyID": null, "County": "San Bernardino", "Capacity_Latest": 1.5, "Units": null, "PriEnergySource": "SUN", "StartDate": 1420070400000, "CEC_Jurisdictional": "0"}}, {"type": "Feature", "id": 7771, "geometry": {"type": "Point", "coordinates": [-118.624047789013, 34.262037803243]}, "properties": {"OBJECTID": 7771, "CECPlantID": "H0078", "PlantName": "East Portal Generator", "Retired_Plant": 0, "OperatorCompanyID": "Calleguas Municipal Water District", "County": "Los Angeles", "Capacity_Latest": 1.25, "Units": "4022", "PriEnergySource": "WAT", "StartDate": 441763200000, "CEC_Jurisdictional": "0"}}, {"type": "Feature", "id": 7774, "geometry": {"type": "Point", "coordinates": [-117.460909999863, 34.5498280003448]}, "properties": {"OBJECTID": 7774, "CECPlantID": "S0911", "PlantName": "Coronus Adelanto West 2", "Retired_Plant": 0, "OperatorCompanyID": null, "County": "San Bernardino", "Capacity_Latest": 1.5, "Units": null, "PriEnergySource": "SUN", "StartDate": 1420070400000, "CEC_Jurisdictional": "0"}}, {"type": "Feature", "id": 7775, "geometry": {"type": "Point", "coordinates": [-118.574695639304, 34.1837661605822]}, "properties": {"OBJECTID": 7775, "CECPlantID": "S0181", "PlantName": "Pierce College LACCD", "Retired_Plant": 0, "OperatorCompanyID": "Los Angeles Community College District", "County": "Los Angeles", "Capacity_Latest": 2.1, "Units": "3_SIPs", "PriEnergySource": "SUN", "StartDate": 1287446400000, "CEC_Jurisdictional": "0"}}, {"type": "Feature", "id": 7777, "geometry": {"type": "Point", "coordinates": [-117.966868465031, 35.1410102702951]}, "properties": {"OBJECTID": 7777, "CECPlantID": "S0899", "PlantName": "DG Cal City Solar", "Retired_Plant": 0, "OperatorCompanyID": "NextEra Energy Resources LLC", "County": "Kern", "Capacity_Latest": 3, "Units": null, "PriEnergySource": "SUN", "StartDate": 1572566400000, "CEC_Jurisdictional": "0"}}, {"type": "Feature", "id": 7778, "geometry": {"type": "Point", "coordinates": [-118.582351506725, 34.1855567153388]}, "properties": {"OBJECTID": 7778, "CECPlantID": "S0219", "PlantName": "LAPC Carport Shade Structures (Los Angeles Pierce College)", "Retired_Plant": 0, "OperatorCompanyID": "Los Angeles Community College District", "County": "Los Angeles", "Capacity_Latest": 2.09, "Units": "1, 2", "PriEnergySource": "SUN", "StartDate": 1282176000000, "CEC_Jurisdictional": "0"}}, {"type": "Feature", "id": 7780, "geometry": {"type": "Point", "coordinates": [-118.252706999787, 33.7928459997438]}, "properties": {"OBJECTID": 7780, "CECPlantID": "S0907", "PlantName": "Colon PV", "Retired_Plant": 0, "OperatorCompanyID": null, "County": "Los Angeles", "Capacity_Latest": 1.3, "Units": null, "PriEnergySource": "SUN", "StartDate": 1448928000000, "CEC_Jurisdictional": "0"}}, {"type": "Feature", "id": 7781, "geometry": {"type": "Point", "coordinates": [-118.580082974159, 34.1832823782214]}, "properties": {"OBJECTID": 7781, "CECPlantID": "S9158", "PlantName": "Los Angeles Community College District", "Retired_Plant": 0, "OperatorCompanyID": "Not Available", "County": "Los Angeles", "Capacity_Latest": 2.28, "Units": "1", "PriEnergySource": "SUN", "StartDate": 1356998400000, "CEC_Jurisdictional": "0"}}, {"type": "Feature", "id": 7784, "geometry": {"type": "Point", "coordinates": [-117.133916926795, 32.8334696212382]}, "properties": {"OBJECTID": 7784, "CECPlantID": "B0059", "PlantName": "Kearny North Energy Storage", "Retired_Plant": 0, "OperatorCompanyID": "Not Available", "County": "San Diego", "Capacity_Latest": 10, "Units": null, "PriEnergySource": "BAT", "StartDate": 1646870400000, "CEC_Jurisdictional": "0"}}, {"type": "Feature", "id": 7785, "geometry": {"type": "Point", "coordinates": [-120.514043695352, 34.748574827547]}, "properties": {"OBJECTID": 7785, "CECPlantID": "S0794", "PlantName": "Vandenberg Solar", "Retired_Plant": 0, "OperatorCompanyID": "MN8 Energy", "County": "Santa Barbara", "Capacity_Latest": 23.35, "Units": "M1369", "PriEnergySource": "SUN", "StartDate": 1515369600000, "CEC_Jurisdictional": "0"}}, {"type": "Feature", "id": 7786, "geometry": {"type": "Point", "coordinates": [-118.443952823411, 34.3263976466105]}, "properties": {"OBJECTID": 7786, "CECPlantID": "G0899", "PlantName": "Olive View Medical Center", "Retired_Plant": 0, "OperatorCompanyID": "LA County ISD (Health Services)", "County": "Los Angeles", "Capacity_Latest": 5.78, "Units": "GTU #1, GTU #2", "PriEnergySource": "NG", "StartDate": 489024000000, "CEC_Jurisdictional": "0"}}, {"type": "Feature", "id": 7788, "geometry": {"type": "Point", "coordinates": [-117.132014096371, 32.8321355221776]}, "properties": {"OBJECTID": 7788, "CECPlantID": "B0060", "PlantName": "Kearny South Energy Storage", "Retired_Plant": 0, "OperatorCompanyID": "Not Available", "County": "San Diego", "Capacity_Latest": 10, "Units": null, "PriEnergySource": "BAT", "StartDate": 1646870400000, "CEC_Jurisdictional": "0"}}, {"type": "Feature", "id": 7789, "geometry": {"type": "Point", "coordinates": [-118.494380643136, 34.3181964378072]}, "properties": {"OBJECTID": 7789, "CECPlantID": "H0189", "PlantName": "Foothill", "Retired_Plant": 0, "OperatorCompanyID": "Los Angeles Department of Water & Power (LADWP)", "County": "Los Angeles", "Capacity_Latest": 9.9, "Units": "Unit 1", "PriEnergySource": "WAT", "StartDate": 55555200000, "CEC_Jurisdictional": "0"}}, {"type": "Feature", "id": 7790, "geometry": {"type": "Point", "coordinates": [-120.512764920877, 34.5739477582723]}, "properties": {"OBJECTID": 7790, "CECPlantID": "W0485", "PlantName": "Strauss Wind Project", "Retired_Plant": 0, "OperatorCompanyID": "BayWa r.e. Wind, LLC", "County": "Santa Barbara", "Capacity_Latest": 95.25, "Units": "WPRS 1", "PriEnergySource": "WND", "StartDate": null, "CEC_Jurisdictional": "0"}}, {"type": "Feature", "id": 7793, "geometry": {"type": "Point", "coordinates": [-118.351538314094, 34.2080649220046]}, "properties": {"OBJECTID": 7793, "CECPlantID": "H0211", "PlantName": "Greg Avenue (Retired 3/6/2019)", "Retired_Plant": 1, "OperatorCompanyID": "Metropolitan Water District", "County": "Los Angeles", "Capacity_Latest": 0, "Units": "1", "PriEnergySource": "WAT", "StartDate": 304992000000, "CEC_Jurisdictional": "0"}}, {"type": "Feature", "id": 7794, "geometry": {"type": "Point", "coordinates": [-119.88708993602, 34.9760726892055]}, "properties": {"OBJECTID": 7794, "CECPlantID": "S0821", "PlantName": "SEPV Cuyama", "Retired_Plant": 0, "OperatorCompanyID": "B2U Storage Solutions", "County": "Santa Barbara", "Capacity_Latest": 1.6, "Units": "Unit 1", "PriEnergySource": "SUN", "StartDate": 1701561600000, "CEC_Jurisdictional": "0"}}, {"type": "Feature", "id": 7795, "geometry": {"type": "Point", "coordinates": [-116.493335513927, 33.8088785538973]}, "properties": {"OBJECTID": 7795, "CECPlantID": "B0183", "PlantName": "Carris Storage 1", "Retired_Plant": 0, "OperatorCompanyID": "Not Available", "County": "Riverside", "Capacity_Latest": 10, "Units": null, "PriEnergySource": "BAT", "StartDate": 1747094400000, "CEC_Jurisdictional": "0"}}, {"type": "Feature", "id": 7797, "geometry": {"type": "Point", "coordinates": [-118.385545543148, 34.2605749107986]}, "properties": {"OBJECTID": 7797, "CECPlantID": "H0438", "PlantName": "San Fernando", "Retired_Plant": 0, "OperatorCompanyID": "Los Angeles Department of Water & Power (LADWP)", "County": "Los Angeles", "Capacity_Latest": 6.4, "Units": "Unit 1, Unit 2", "PriEnergySource": "WAT", "StartDate": -1489363200000, "CEC_Jurisdictional": "0"}}, {"type": "Feature", "id": 7798, "geometry": {"type": "Point", "coordinates": [-118.599749113303, 35.1176498392433]}, "properties": {"OBJECTID": 7798, "CECPlantID": "G1082", "PlantName": "CEFF II Tehachapi Property, LLC (formerly SunSelect 1)", "Retired_Plant": 0, "OperatorCompanyID": "Millennium Pacific", "County": "Kern", "Capacity_Latest": 6.86, "Units": "Co-Gen 1, Co-Gen 2", "PriEnergySource": "NG", "StartDate": 1533081600000, "CEC_Jurisdictional": "0"}}, {"type": "Feature", "id": 7799, "geometry": {"type": "Point", "coordinates": [-116.493858682018, 33.8088688648673]}, "properties": {"OBJECTID": 7799, "CECPlantID": "B0184", "PlantName": "Hecate Energy Desert Storage 1", "Retired_Plant": 0, "OperatorCompanyID": "Not Available", "County": "Riverside", "Capacity_Latest": 10, "Units": null, "PriEnergySource": "BAT", "StartDate": 1747353600000, "CEC_Jurisdictional": "0"}}, {"type": "Feature", "id": 7801, "geometry": {"type": "Point", "coordinates": [-118.389689552425, 35.1200828113042]}, "properties": {"OBJECTID": 7801, "CECPlantID": "B0002", "PlantName": "Tehachapi Storage Project", "Retired_Plant": 0, "OperatorCompanyID": "Not Available", "County": "Kern", "Capacity_Latest": 8, "Units": "Unit 1", "PriEnergySource": "BAT", "StartDate": 1460073600000, "CEC_Jurisdictional": "0"}}, {"type": "Feature", "id": 7803, "geometry": {"type": "Point", "coordinates": [-118.390847344543, 34.1944917122692]}, "properties": {"OBJECTID": 7803, "CECPlantID": "H0616", "PlantName": "North Hollywood Pumping Plant (retired 7/2024)", "Retired_Plant": 1, "OperatorCompanyID": "Los Angeles Department of Water & Power (LADWP)", "County": "Los Angeles", "Capacity_Latest": 0, "Units": "Unit 1", "PriEnergySource": "WAT", "StartDate": 725846400000, "CEC_Jurisdictional": "0"}}, {"type": "Feature", "id": 7807, "geometry": {"type": "Point", "coordinates": [-118.47766667714, 34.2438951046871]}, "properties": {"OBJECTID": 7807, "CECPlantID": "S9155", "PlantName": "Sepulveda Ambulatory Care Center", "Retired_Plant": 0, "OperatorCompanyID": "Not Available", "County": "Los Angeles", "Capacity_Latest": 4, "Units": "1", "PriEnergySource": "SUN", "StartDate": 1325376000000, "CEC_Jurisdictional": "0"}}, {"type": "Feature", "id": 7809, "geometry": {"type": "Point", "coordinates": [-114.549175372413, 34.9942382702445]}, "properties": {"OBJECTID": 7809, "CECPlantID": "S0799", "PlantName": "Mohave Energy PV (Hybrid) (Not CAISO - it's WALC) (AZ)", "Retired_Plant": 0, "OperatorCompanyID": "EDP Renewables North America LLC", "County": "Mohave", "Capacity_Latest": 23.3, "Units": "Unit 1", "PriEnergySource": "SUN", "StartDate": 1700179200000, "CEC_Jurisdictional": "0"}}, {"type": "Feature", "id": 7810, "geometry": {"type": "Point", "coordinates": [-118.068240444807, 34.0045353726171]}, "properties": {"OBJECTID": 7810, "CECPlantID": "B0158", "PlantName": "Yorktown 1 BESS", "Retired_Plant": 0, "OperatorCompanyID": "Not Available", "County": "Los Angeles", "Capacity_Latest": 3, "Units": null, "PriEnergySource": "BAT", "StartDate": 1725148800000, "CEC_Jurisdictional": "0"}}, {"type": "Feature", "id": 7811, "geometry": {"type": "Point", "coordinates": [-118.380535656753, 34.2418755150427]}, "properties": {"OBJECTID": 7811, "CECPlantID": "E0153", "PlantName": "Bradley Landfill (Retired 12/20/2015)", "Retired_Plant": 1, "OperatorCompanyID": "Los Angeles Department of Water & Power (LADWP)", "County": "Los Angeles", "Capacity_Latest": 0, "Units": "1", "PriEnergySource": "LFG", "StartDate": 978307200000, "CEC_Jurisdictional": "0"}}, {"type": "Feature", "id": 7814, "geometry": {"type": "Point", "coordinates": [-118.068058679784, 34.0046286546377]}, "properties": {"OBJECTID": 7814, "CECPlantID": "B0159", "PlantName": "Cadillac 1 BESS", "Retired_Plant": 0, "OperatorCompanyID": "Not Available", "County": "Los Angeles", "Capacity_Latest": 3.5, "Units": null, "PriEnergySource": "BAT", "StartDate": 1725148800000, "CEC_Jurisdictional": "0"}}, {"type": "Feature", "id": 7815, "geometry": {"type": "Point", "coordinates": [-118.389573393496, 34.2926132510652]}, "properties": {"OBJECTID": 7815, "CECPlantID": "E0168", "PlantName": "MM Lopez Energy LLC", "Retired_Plant": 0, "OperatorCompanyID": "OPAL Fuels", "County": "Los Angeles", "Capacity_Latest": 3.05, "Units": "GEN 1, GEN 2", "PriEnergySource": "LFG", "StartDate": 915148800000, "CEC_Jurisdictional": "0"}}, {"type": "Feature", "id": 7818, "geometry": {"type": "Point", "coordinates": [-118.106824188464, 34.9594295001791]}, "properties": {"OBJECTID": 7818, "CECPlantID": "B0106", "PlantName": "Sanborn Solar 2", "Retired_Plant": 0, "OperatorCompanyID": "Not Available", "County": "Kern", "Capacity_Latest": 100, "Units": null, "PriEnergySource": "HBD", "StartDate": 1699920000000, "CEC_Jurisdictional": "0"}}, {"type": "Feature", "id": 7819, "geometry": {"type": "Point", "coordinates": [-118.379830862929, 34.2213583788394]}, "properties": {"OBJECTID": 7819, "CECPlantID": "E0142", "PlantName": "Penrose Landfill - Retired December 2005", "Retired_Plant": 1, "OperatorCompanyID": "SCS Energy", "County": "Los Angeles", "Capacity_Latest": 0, "Units": "1, 2, 3, 4, 5, G1, G2, G3, G4, G5", "PriEnergySource": "LFG", "StartDate": 502243200000, "CEC_Jurisdictional": "0"}}, {"type": "Feature", "id": 7822, "geometry": {"type": "Point", "coordinates": [-118.106798564421, 34.9589938891335]}, "properties": {"OBJECTID": 7822, "CECPlantID": "B0107", "PlantName": "Sanborn Solar 2 SBESS 4", "Retired_Plant": 0, "OperatorCompanyID": "Not Available", "County": "Kern", "Capacity_Latest": 47, "Units": null, "PriEnergySource": "BAT", "StartDate": 1700092800000, "CEC_Jurisdictional": "0"}}, {"type": "Feature", "id": 7823, "geometry": {"type": "Point", "coordinates": [-118.519192825739, 34.3356813602719]}, "properties": {"OBJECTID": 7823, "CECPlantID": "E0258", "PlantName": "Sunshine Gas Producers Renewable Energy Project", "Retired_Plant": 0, "OperatorCompanyID": "Archaea Energy Inc.", "County": "Los Angeles", "Capacity_Latest": 23, "Units": "1, 2, 3, 4, 5", "PriEnergySource": "LFG", "StartDate": 1409529600000, "CEC_Jurisdictional": "0"}}, {"type": "Feature", "id": 7825, "geometry": {"type": "Point", "coordinates": [-114.753002137435, 33.6980388593881]}, "properties": {"OBJECTID": 7825, "CECPlantID": "S0792", "PlantName": "Arlington II, LLC", "Retired_Plant": 0, "OperatorCompanyID": "NextEra Energy Resources LLC", "County": "Riverside", "Capacity_Latest": 233, "Units": "Unit 1", "PriEnergySource": "SUN", "StartDate": 1672444800000, "CEC_Jurisdictional": "0"}}, {"type": "Feature", "id": 7826, "geometry": {"type": "Point", "coordinates": [-118.390902419719, 34.2446692227531]}, "properties": {"OBJECTID": 7826, "CECPlantID": "G0648", "PlantName": "Valley Generating Station", "Retired_Plant": 0, "OperatorCompanyID": "Los Angeles Department of Water & Power (LADWP)", "County": "Los Angeles", "Capacity_Latest": 681.96, "Units": "Unit #1, Unit #2, Unit #3, Unit #4, Unit #5, Unit #6, Unit #7, Unit #8", "PriEnergySource": "NG", "StartDate": 1002067200000, "CEC_Jurisdictional": "0"}}, {"type": "Feature", "id": 7827, "geometry": {"type": "Point", "coordinates": [-118.107002537478, 34.9592497911489]}, "properties": {"OBJECTID": 7827, "CECPlantID": "B0160", "PlantName": "Sanborn Solar 2 Edwards 5", "Retired_Plant": 0, "OperatorCompanyID": "Not Available", "County": "Kern", "Capacity_Latest": 47, "Units": null, "PriEnergySource": "HBD", "StartDate": 1736208000000, "CEC_Jurisdictional": "0"}}, {"type": "Feature", "id": 7829, "geometry": {"type": "Point", "coordinates": [-114.765157164701, 33.6984751937854]}, "properties": {"OBJECTID": 7829, "CECPlantID": "S0793", "PlantName": "Arlington III, LLC", "Retired_Plant": 0, "OperatorCompanyID": "NextEra Energy Resources LLC", "County": "Riverside", "Capacity_Latest": 233, "Units": "Unit 1", "PriEnergySource": "SUN", "StartDate": 1659312000000, "CEC_Jurisdictional": "0"}}, {"type": "Feature", "id": 7830, "geometry": {"type": "Point", "coordinates": [-118.304925989183, 34.1462995088889]}, "properties": {"OBJECTID": 7830, "CECPlantID": "E0143", "PlantName": "Toyon Landfill Gas Conversion LLC (Indef Shutdown 6/2015)", "Retired_Plant": 0, "OperatorCompanyID": "SCS Energy", "County": "Los Angeles", "Capacity_Latest": 3.76, "Units": "1, 2, 3, 4, 5, G1, G2", "PriEnergySource": "LFG", "StartDate": 1125532800000, "CEC_Jurisdictional": "0"}}, {"type": "Feature", "id": 7831, "geometry": {"type": "Point", "coordinates": [-118.110295648851, 34.9571911467281]}, "properties": {"OBJECTID": 7831, "CECPlantID": "B0056", "PlantName": "EdSan 2 Edwards 3", "Retired_Plant": 0, "OperatorCompanyID": "Not Available", "County": "Kern", "Capacity_Latest": 11, "Units": null, "PriEnergySource": "HBD", "StartDate": 1640822400000, "CEC_Jurisdictional": "0"}}, {"type": "Feature", "id": 7833, "geometry": {"type": "Point", "coordinates": [-114.730580529537, 33.5839941622676]}, "properties": {"OBJECTID": 7833, "CECPlantID": "S0728", "PlantName": "Blythe Mesa Solar Project", "Retired_Plant": 0, "OperatorCompanyID": "Intersect Power", "County": "Riverside", "Capacity_Latest": 223.6, "Units": "Unit 1", "PriEnergySource": "SUN", "StartDate": 1671580800000, "CEC_Jurisdictional": "0"}}, {"type": "Feature", "id": 7834, "geometry": {"type": "Point", "coordinates": [-115.346936286997, 33.7528853939543]}, "properties": {"OBJECTID": 7834, "CECPlantID": "S0774", "PlantName": "Athos I", "Retired_Plant": 0, "OperatorCompanyID": "SE Athos I, LLC", "County": "Riverside", "Capacity_Latest": 250, "Units": "IPAT1", "PriEnergySource": "SUN", "StartDate": 1652400000000, "CEC_Jurisdictional": "0"}}, {"type": "Feature", "id": 7835, "geometry": {"type": "Point", "coordinates": [-115.347933622996, 33.7505582766139]}, "properties": {"OBJECTID": 7835, "CECPlantID": "S0775", "PlantName": "Athos II", "Retired_Plant": 0, "OperatorCompanyID": "SE Athos I, LLC", "County": "Riverside", "Capacity_Latest": 200, "Units": "IPAT2", "PriEnergySource": "SUN", "StartDate": 1639612800000, "CEC_Jurisdictional": "0"}}, {"type": "Feature", "id": 7836, "geometry": {"type": "Point", "coordinates": [-118.314761597395, 34.1773674087409]}, "properties": {"OBJECTID": 7836, "CECPlantID": "G0063", "PlantName": "Lake 1", "Retired_Plant": 0, "OperatorCompanyID": "Burbank Water and Power", "County": "Los Angeles", "Capacity_Latest": 60.5, "Units": "Lake 1", "PriEnergySource": "NG", "StartDate": 1024704000000, "CEC_Jurisdictional": "0"}}, {"type": "Feature", "id": 7837, "geometry": {"type": "Point", "coordinates": [-118.109561002718, 34.9570893257612]}, "properties": {"OBJECTID": 7837, "CECPlantID": "B0064", "PlantName": "EdSan 2", "Retired_Plant": 0, "OperatorCompanyID": "Not Available", "County": "Kern", "Capacity_Latest": 120, "Units": null, "PriEnergySource": "HBD", "StartDate": 1648857600000, "CEC_Jurisdictional": "0"}}, {"type": "Feature", "id": 7838, "geometry": {"type": "Point", "coordinates": [-118.278885144572, 34.1554365023778]}, "properties": {"OBJECTID": 7838, "CECPlantID": "G0236", "PlantName": "Grayson", "Retired_Plant": 0, "OperatorCompanyID": "City of Glendale", "County": "Los Angeles", "Capacity_Latest": 49, "Units": "1, 2, 3, 4, 5, 6, 7, 8-A, 8-B/C, 9", "PriEnergySource": "NG", "StartDate": 1073174400000, "CEC_Jurisdictional": "0"}}, {"type": "Feature", "id": 7839, "geometry": {"type": "Point", "coordinates": [-115.353500129764, 33.7474918909338]}, "properties": {"OBJECTID": 7839, "CECPlantID": "S0795", "PlantName": "IP Oberon I", "Retired_Plant": 0, "OperatorCompanyID": "Intersect Power", "County": "Riverside", "Capacity_Latest": 250, "Units": "Unit 1", "PriEnergySource": "SUN", "StartDate": 1688688000000, "CEC_Jurisdictional": "0"}}, {"type": "Feature", "id": 7841, "geometry": {"type": "Point", "coordinates": [-118.109655043757, 34.9573512977839]}, "properties": {"OBJECTID": 7841, "CECPlantID": "B0073", "PlantName": "EdSan 2 Edwards 1A", "Retired_Plant": 0, "OperatorCompanyID": "Not Available", "County": "Kern", "Capacity_Latest": 144, "Units": null, "PriEnergySource": "HBD", "StartDate": 1661558400000, "CEC_Jurisdictional": "0"}}, {"type": "Feature", "id": 7842, "geometry": {"type": "Point", "coordinates": [-115.356450469929, 33.7427713461928]}, "properties": {"OBJECTID": 7842, "CECPlantID": "S0796", "PlantName": "IP Oberon II", "Retired_Plant": 0, "OperatorCompanyID": "Intersect Power", "County": "Riverside", "Capacity_Latest": 250, "Units": "Unit 1", "PriEnergySource": "SUN", "StartDate": 1695254400000, "CEC_Jurisdictional": "0"}}, {"type": "Feature", "id": 7843, "geometry": {"type": "Point", "coordinates": [-118.314230220383, 34.1783014698737]}, "properties": {"OBJECTID": 7843, "CECPlantID": "G0329", "PlantName": "Magnolia", "Retired_Plant": 0, "OperatorCompanyID": "Burbank Water and Power", "County": "Los Angeles", "Capacity_Latest": 387.6, "Units": "4 - 5, GT, ST", "PriEnergySource": "NG", "StartDate": 1127347200000, "CEC_Jurisdictional": "1"}}, {"type": "Feature", "id": 7845, "geometry": {"type": "Point", "coordinates": [-115.532831227273, 33.1567577694101]}, "properties": {"OBJECTID": 7845, "CECPlantID": "S0618", "PlantName": "Midway Solar Farm III", "Retired_Plant": 0, "OperatorCompanyID": "Solar Frontier Development LLC", "County": "Imperial", "Capacity_Latest": 20, "Units": "Unit 1", "PriEnergySource": "SUN", "StartDate": 1536192000000, "CEC_Jurisdictional": "0"}}, {"type": "Feature", "id": 7846, "geometry": {"type": "Point", "coordinates": [-119.317724068358, 35.0809024135952]}, "properties": {"OBJECTID": 7846, "CECPlantID": "S0894", "PlantName": "Wheeler Ridge", "Retired_Plant": 0, "OperatorCompanyID": null, "County": "Kern", "Capacity_Latest": 4.5, "Units": null, "PriEnergySource": "SUN", "StartDate": 1693526400000, "CEC_Jurisdictional": "0"}}, {"type": "Feature", "id": 7847, "geometry": {"type": "Point", "coordinates": [-118.314434307299, 34.1768747037055]}, "properties": {"OBJECTID": 7847, "CECPlantID": "G0410", "PlantName": "Olive", "Retired_Plant": 0, "OperatorCompanyID": "Burbank Water and Power", "County": "Los Angeles", "Capacity_Latest": 109.8, "Units": "Olive 1, Olive 2, Olive 3, Olive 4", "PriEnergySource": "NG", "StartDate": -378691200000, "CEC_Jurisdictional": "0"}}, {"type": "Feature", "id": 7849, "geometry": {"type": "Point", "coordinates": [-115.569121851745, 32.9091375377257]}, "properties": {"OBJECTID": 7849, "CECPlantID": "G1078", "PlantName": "Spreckels Sugar Company", "Retired_Plant": 0, "OperatorCompanyID": "Spreckels Sugar Company Inc", "County": "Imperial", "Capacity_Latest": 8.9, "Units": "B10562", "PriEnergySource": "NG", "StartDate": null, "CEC_Jurisdictional": "0"}}, {"type": "Feature", "id": 7850, "geometry": {"type": "Point", "coordinates": [-119.700370168631, 35.6112720025656]}, "properties": {"OBJECTID": 7850, "CECPlantID": "B0214", "PlantName": "BTF Storage DIDF", "Retired_Plant": 0, "OperatorCompanyID": "Not Available", "County": "Kern", "Capacity_Latest": 2, "Units": null, "PriEnergySource": "BAT", "StartDate": 1759968000000, "CEC_Jurisdictional": "0"}}, {"type": "Feature", "id": 7851, "geometry": {"type": "Point", "coordinates": [-118.095146574766, 34.1685055302945]}, "properties": {"OBJECTID": 7851, "CECPlantID": "G0762", "PlantName": "St Luke Medical Center", "Retired_Plant": 1, "OperatorCompanyID": "St Luke Medical Center", "County": "Los Angeles", "Capacity_Latest": 0, "Units": "1", "PriEnergySource": "NG", "StartDate": 441763200000, "CEC_Jurisdictional": "0"}}, {"type": "Feature", "id": 7853, "geometry": {"type": "Point", "coordinates": [-118.548603635068, 34.8291867816718]}, "properties": {"OBJECTID": 7853, "CECPlantID": "S0731", "PlantName": "RE Gaskell West 2 LLC", "Retired_Plant": 0, "OperatorCompanyID": "Canadian Solar O&M (U.S.) LLC", "County": "Kern", "Capacity_Latest": 45, "Units": "Unit 1 - 2", "PriEnergySource": "SUN", "StartDate": 1683244800000, "CEC_Jurisdictional": "0"}}, {"type": "Feature", "id": 7855, "geometry": {"type": "Point", "coordinates": [-117.908378682098, 34.1550163374326]}, "properties": {"OBJECTID": 7855, "CECPlantID": "H0014", "PlantName": "Azusa", "Retired_Plant": 0, "OperatorCompanyID": "City of Pasadena", "County": "Los Angeles", "Capacity_Latest": 3, "Units": "1", "PriEnergySource": "WAT", "StartDate": -660009600000, "CEC_Jurisdictional": "0"}}, {"type": "Feature", "id": 7857, "geometry": {"type": "Point", "coordinates": [-114.773423829828, 33.6934271827056]}, "properties": {"OBJECTID": 7857, "CECPlantID": "B0071", "PlantName": "Arlington Solar Unit 1 BESS", "Retired_Plant": 0, "OperatorCompanyID": "Not Available", "County": "Riverside", "Capacity_Latest": 110, "Units": null, "PriEnergySource": "BAT", "StartDate": 1659312000000, "CEC_Jurisdictional": "0"}}, {"type": "Feature", "id": 7858, "geometry": {"type": "Point", "coordinates": [-118.541747908908, 34.8289821330599]}, "properties": {"OBJECTID": 7858, "CECPlantID": "S0732", "PlantName": "RE Gaskell West 3 LLC", "Retired_Plant": 0, "OperatorCompanyID": "Canadian Solar O&M (U.S.) LLC", "County": "Kern", "Capacity_Latest": 20, "Units": "Unit 1", "PriEnergySource": "SUN", "StartDate": null, "CEC_Jurisdictional": "0"}}, {"type": "Feature", "id": 7859, "geometry": {"type": "Point", "coordinates": [-117.855709623237, 34.2043159629321]}, "properties": {"OBJECTID": 7859, "CECPlantID": "H0442", "PlantName": "San Gabriel Hydroelectric Project", "Retired_Plant": 0, "OperatorCompanyID": "LA County Dept of Public Works", "County": "Los Angeles", "Capacity_Latest": 4.98, "Units": "U1, U2", "PriEnergySource": "WAT", "StartDate": 565315200000, "CEC_Jurisdictional": "0"}}, {"type": "Feature", "id": 7861, "geometry": {"type": "Point", "coordinates": [-114.775879565067, 33.6906914082299]}, "properties": {"OBJECTID": 7861, "CECPlantID": "B0072", "PlantName": "Arlington Solar Unit 2 BESS", "Retired_Plant": 0, "OperatorCompanyID": "Not Available", "County": "Riverside", "Capacity_Latest": 132, "Units": null, "PriEnergySource": "BAT", "StartDate": 1660608000000, "CEC_Jurisdictional": "0"}}, {"type": "Feature", "id": 7862, "geometry": {"type": "Point", "coordinates": [-118.532129427286, 34.8287774846132]}, "properties": {"OBJECTID": 7862, "CECPlantID": "S0733", "PlantName": "RE Gaskell West 4 LLC", "Retired_Plant": 0, "OperatorCompanyID": "Canadian Solar O&M (U.S.) LLC", "County": "Kern", "Capacity_Latest": 20, "Units": "Unit 1", "PriEnergySource": "SUN", "StartDate": null, "CEC_Jurisdictional": "0"}}, {"type": "Feature", "id": 7863, "geometry": {"type": "Point", "coordinates": [-117.683971797, 34.1554067652366]}, "properties": {"OBJECTID": 7863, "CECPlantID": "H0479", "PlantName": "Sierra", "Retired_Plant": 0, "OperatorCompanyID": "Southern California Edison (SCE)", "County": "Los Angeles", "Capacity_Latest": 0.48, "Units": "1, 2", "PriEnergySource": "WAT", "StartDate": -1514764800000, "CEC_Jurisdictional": "0"}}, {"type": "Feature", "id": 7865, "geometry": {"type": "Point", "coordinates": [-115.333978417749, 35.6413005761137]}, "properties": {"OBJECTID": 7865, "CECPlantID": "B0168", "PlantName": "Silver State South Solar Project Storage", "Retired_Plant": 0, "OperatorCompanyID": "Not Available", "County": "Clark", "Capacity_Latest": 200, "Units": null, "PriEnergySource": "BAT", "StartDate": 1743465600000, "CEC_Jurisdictional": "0"}}, {"type": "Feature", "id": 7866, "geometry": {"type": "Point", "coordinates": [-118.523841160908, 34.8288286471143]}, "properties": {"OBJECTID": 7866, "CECPlantID": "S0734", "PlantName": "RE Gaskell West 5 LLC", "Retired_Plant": 0, "OperatorCompanyID": "Canadian Solar O&M (U.S.) LLC", "County": "Kern", "Capacity_Latest": 20, "Units": "Unit 1", "PriEnergySource": "SUN", "StartDate": null, "CEC_Jurisdictional": "0"}}, {"type": "Feature", "id": 7867, "geometry": {"type": "Point", "coordinates": [-117.39731478494, 34.1552856045005]}, "properties": {"OBJECTID": 7867, "CECPlantID": "H0187", "PlantName": "Fontana", "Retired_Plant": 0, "OperatorCompanyID": "Southern California Edison (SCE)", "County": "San Bernardino", "Capacity_Latest": 1.9, "Units": "1", "PriEnergySource": "WAT", "StartDate": -1643673600000, "CEC_Jurisdictional": "0"}}, {"type": "Feature", "id": 7870, "geometry": {"type": "Point", "coordinates": [-119.160763347185, 34.1987378025948]}, "properties": {"OBJECTID": 7870, "CECPlantID": "S0386", "PlantName": "One Miracle Property LLC - One Miracle Property LLC", "Retired_Plant": 0, "OperatorCompanyID": "L-8 Solar Project LLC", "County": "Ventura", "Capacity_Latest": 0, "Units": "Unit 1", "PriEnergySource": "SUN", "StartDate": 946684800000, "CEC_Jurisdictional": "0"}}, {"type": "Feature", "id": 7872, "geometry": {"type": "Point", "coordinates": [-119.096469131175, 34.2048960689434]}, "properties": {"OBJECTID": 7872, "CECPlantID": "B0032", "PlantName": "Silverstrand BESS", "Retired_Plant": 0, "OperatorCompanyID": "Not Available", "County": "Ventura", "Capacity_Latest": 11, "Units": null, "PriEnergySource": "BAT", "StartDate": 1617235200000, "CEC_Jurisdictional": "0"}}, {"type": "Feature", "id": 7873, "geometry": {"type": "Point", "coordinates": [-115.980469061878, 33.5482915476601]}, "properties": {"OBJECTID": 7873, "CECPlantID": "S0680", "PlantName": "ColGreen North Shore", "Retired_Plant": 0, "OperatorCompanyID": "Not Available", "County": "Riverside", "Capacity_Latest": 74.8, "Units": "Unit 1", "PriEnergySource": "SUN", "StartDate": 1543622400000, "CEC_Jurisdictional": "0"}}, {"type": "Feature", "id": 7875, "geometry": {"type": "Point", "coordinates": [-117.486338885507, 34.2316283860799]}, "properties": {"OBJECTID": 7875, "CECPlantID": "H0298", "PlantName": "Lytle Creek", "Retired_Plant": 0, "OperatorCompanyID": "Southern California Edison (SCE)", "County": "San Bernardino", "Capacity_Latest": 0.5, "Units": "1", "PriEnergySource": "WAT", "StartDate": -708480000000, "CEC_Jurisdictional": "0"}}, {"type": "Feature", "id": 7876, "geometry": {"type": "Point", "coordinates": [-114.819121998946, 33.5730352371418]}, "properties": {"OBJECTID": 7876, "CECPlantID": "B0077", "PlantName": "Crimson", "Retired_Plant": 0, "OperatorCompanyID": "Not Available", "County": "Riverside", "Capacity_Latest": 350, "Units": null, "PriEnergySource": "BAT", "StartDate": 1663286400000, "CEC_Jurisdictional": "0"}}, {"type": "Feature", "id": 7877, "geometry": {"type": "Point", "coordinates": [-115.544682450742, 32.8028760756953]}, "properties": {"OBJECTID": 7877, "CECPlantID": "B0011", "PlantName": "El Centro Generating Station BESS", "Retired_Plant": 0, "OperatorCompanyID": "Imperial Irrigation District", "County": "Imperial", "Capacity_Latest": 29.7, "Units": "Unit 1", "PriEnergySource": "BAT", "StartDate": 1480550400000, "CEC_Jurisdictional": "0"}}, {"type": "Feature", "id": 7880, "geometry": {"type": "Point", "coordinates": [-117.324039365858, 34.1859203571431]}, "properties": {"OBJECTID": 7880, "CECPlantID": "G1048", "PlantName": "California State - San Bernardino Fuel Cell Unit (retired 6/30/2023)", "Retired_Plant": 1, "OperatorCompanyID": "Southern California Edison (SCE)", "County": "San Bernardino", "Capacity_Latest": 0, "Units": "1", "PriEnergySource": "NG", "StartDate": 1373673600000, "CEC_Jurisdictional": "0"}}, {"type": "Feature", "id": 7883, "geometry": {"type": "Point", "coordinates": [-117.334623026302, 34.2056159997802]}, "properties": {"OBJECTID": 7883, "CECPlantID": "H0137", "PlantName": "Devil Canyon", "Retired_Plant": 0, "OperatorCompanyID": "California Department of Water Resources", "County": "San Bernardino", "Capacity_Latest": 276.46, "Units": "1, 2, 3, 4", "PriEnergySource": "WAT", "StartDate": 92016000000, "CEC_Jurisdictional": "0"}}, {"type": "Feature", "id": 7884, "geometry": {"type": "Point", "coordinates": [-115.670394542306, 32.6901266592289]}, "properties": {"OBJECTID": 7884, "CECPlantID": "S0727", "PlantName": "Drew Solar, LLC", "Retired_Plant": 0, "OperatorCompanyID": "D. E. Shaw", "County": "Imperial", "Capacity_Latest": 100, "Units": "Unit 1", "PriEnergySource": "SUN", "StartDate": 1660608000000, "CEC_Jurisdictional": "0"}}, {"type": "Feature", "id": 7887, "geometry": {"type": "Point", "coordinates": [-117.32314318679, 34.3077641720295]}, "properties": {"OBJECTID": 7887, "CECPlantID": "H0337", "PlantName": "Mojave Siphon", "Retired_Plant": 0, "OperatorCompanyID": "California Department of Water Resources", "County": "San Bernardino", "Capacity_Latest": 32.79, "Units": "1, 2, 3", "PriEnergySource": "WAT", "StartDate": 838857600000, "CEC_Jurisdictional": "0"}}, {"type": "Feature", "id": 7888, "geometry": {"type": "Point", "coordinates": [-116.263183749418, 32.6864816098592]}, "properties": {"OBJECTID": 7888, "CECPlantID": "S9407", "PlantName": "Rugged Solar LLC - Not Operational", "Retired_Plant": 0, "OperatorCompanyID": "Rugged Solar LLC", "County": "San Diego", "Capacity_Latest": 0, "Units": null, "PriEnergySource": null, "StartDate": null, "CEC_Jurisdictional": "0"}}, {"type": "Feature", "id": 7890, "geometry": {"type": "Point", "coordinates": [-116.968437834737, 32.8549037742908]}, "properties": {"OBJECTID": 7890, "CECPlantID": "B0195", "PlantName": "Santee BESS", "Retired_Plant": 0, "OperatorCompanyID": "Not Available", "County": "San Diego", "Capacity_Latest": 10, "Units": null, "PriEnergySource": "BAT", "StartDate": 1750032000000, "CEC_Jurisdictional": "0"}}, {"type": "Feature", "id": 7891, "geometry": {"type": "Point", "coordinates": [-117.058685772703, 34.1454931385709]}, "properties": {"OBJECTID": 7891, "CECPlantID": "H0460", "PlantName": "Santa Ana 1", "Retired_Plant": 0, "OperatorCompanyID": "Southern California Edison (SCE)", "County": "San Bernardino", "Capacity_Latest": 3.2, "Units": "1, 2, 3, 4", "PriEnergySource": "WAT", "StartDate": null, "CEC_Jurisdictional": "0"}}, {"type": "Feature", "id": 7892, "geometry": {"type": "Point", "coordinates": [-116.260221276482, 32.666459911552]}, "properties": {"OBJECTID": 7892, "CECPlantID": "S9406", "PlantName": "LanEast Solar PV LLC - Not Operational", "Retired_Plant": 0, "OperatorCompanyID": "Lan East Solar PV LLC", "County": "San Diego", "Capacity_Latest": 0, "Units": "1", "PriEnergySource": "SUN", "StartDate": 1414713600000, "CEC_Jurisdictional": "0"}}, {"type": "Feature", "id": 7895, "geometry": {"type": "Point", "coordinates": [-116.8853155939, 34.2467295510656]}, "properties": {"OBJECTID": 7895, "CECPlantID": "G0930", "PlantName": "Bear Valley Power Plant", "Retired_Plant": 0, "OperatorCompanyID": "Golden State Water Company (BVES)", "County": "San Bernardino", "Capacity_Latest": 8.4, "Units": "1, 2, 3, 4, 5, 6, 7", "PriEnergySource": "NG", "StartDate": 1104537600000, "CEC_Jurisdictional": "0"}}, {"type": "Feature", "id": 7896, "geometry": {"type": "Point", "coordinates": [-116.318614912734, 32.6090147825622]}, "properties": {"OBJECTID": 7896, "CECPlantID": "S9408", "PlantName": "Tierra Del Sol Solar Farm LLC - Not Operational", "Retired_Plant": 0, "OperatorCompanyID": "Tierra del Sol Solar Farm LLC", "County": "San Diego", "Capacity_Latest": 0, "Units": null, "PriEnergySource": null, "StartDate": null, "CEC_Jurisdictional": "0"}}, {"type": "Feature", "id": 7897, "geometry": {"type": "Point", "coordinates": [-118.309522144806, 34.7460458769878]}, "properties": {"OBJECTID": 7897, "CECPlantID": "B0070", "PlantName": "Antelope Solar 2 Luna", "Retired_Plant": 0, "OperatorCompanyID": "Not Available", "County": "Los Angeles", "Capacity_Latest": 100, "Units": null, "PriEnergySource": "BAT", "StartDate": 1659139200000, "CEC_Jurisdictional": "0"}}, {"type": "Feature", "id": 7898, "geometry": {"type": "Point", "coordinates": [-116.815551325662, 34.2700358437298]}, "properties": {"OBJECTID": 7898, "CECPlantID": "G1074", "PlantName": "Big Bear Area Regional Wastewater Agency", "Retired_Plant": 0, "OperatorCompanyID": "Big Bear Area Regional Wastewater Agency", "County": "San Bernardino", "Capacity_Latest": 1.1, "Units": "Cummins 1, Cummins 2, Waukesha", "PriEnergySource": "NG", "StartDate": 1058227200000, "CEC_Jurisdictional": "0"}}, {"type": "Feature", "id": 7900, "geometry": {"type": "Point", "coordinates": [-116.982884722547, 32.54955289699]}, "properties": {"OBJECTID": 7900, "CECPlantID": "S0392", "PlantName": "Innovative Cold Storage Enterprises (ICE)", "Retired_Plant": 0, "OperatorCompanyID": "San Diego Gas & Electric", "County": "San Diego", "Capacity_Latest": 0.5, "Units": "1", "PriEnergySource": "SUN", "StartDate": 1228780800000, "CEC_Jurisdictional": "0"}}, {"type": "Feature", "id": 7901, "geometry": {"type": "Point", "coordinates": [-118.313145347415, 34.7460589047739]}, "properties": {"OBJECTID": 7901, "CECPlantID": "B0076", "PlantName": "Antelope Solar 2 LAB", "Retired_Plant": 0, "OperatorCompanyID": "Not Available", "County": "Los Angeles", "Capacity_Latest": 127, "Units": null, "PriEnergySource": "BAT", "StartDate": 1662076800000, "CEC_Jurisdictional": "0"}}, {"type": "Feature", "id": 7902, "geometry": {"type": "Point", "coordinates": [-116.153286218245, 34.1746832301362]}, "properties": {"OBJECTID": 7902, "CECPlantID": "S0164", "PlantName": "SEPV 2 (Gestamp - GASNA)", "Retired_Plant": 0, "OperatorCompanyID": "X-Elio North America Inc.", "County": "San Bernardino", "Capacity_Latest": 2, "Units": "1", "PriEnergySource": "SUN", "StartDate": 1338508800000, "CEC_Jurisdictional": "0"}}, {"type": "Feature", "id": 7904, "geometry": {"type": "Point", "coordinates": [-117.102648613672, 32.6268590432252]}, "properties": {"OBJECTID": 7904, "CECPlantID": "G0505", "PlantName": "Rohr Chula Vista Cogeneration Facility", "Retired_Plant": 0, "OperatorCompanyID": "University Technical Services", "County": "San Diego", "Capacity_Latest": 0, "Units": "1", "PriEnergySource": "NG", "StartDate": 946684800000, "CEC_Jurisdictional": "0"}}, {"type": "Feature", "id": 7906, "geometry": {"type": "Point", "coordinates": [-117.100856152507, 32.6995209719893]}, "properties": {"OBJECTID": 7906, "CECPlantID": "S0395", "PlantName": "SDCCD - Skills Center", "Retired_Plant": 0, "OperatorCompanyID": "San Diego Gas & Electric", "County": "San Diego", "Capacity_Latest": 0.05, "Units": "1", "PriEnergySource": "SUN", "StartDate": 1247011200000, "CEC_Jurisdictional": "0"}}, {"type": "Feature", "id": 7908, "geometry": {"type": "Point", "coordinates": [-116.072122059936, 34.1760978508819]}, "properties": {"OBJECTID": 7908, "CECPlantID": "S0165", "PlantName": "Coronus 29-Palms North 1", "Retired_Plant": 0, "OperatorCompanyID": "Belectric Inc", "County": "San Bernardino", "Capacity_Latest": 1.5, "Units": "Unit 1", "PriEnergySource": "SUN", "StartDate": 1389744000000, "CEC_Jurisdictional": "0"}}, {"type": "Feature", "id": 7909, "geometry": {"type": "Point", "coordinates": [-117.011574684996, 32.7824417594323]}, "properties": {"OBJECTID": 7909, "CECPlantID": "S0390", "PlantName": "Fairfield Grossmont Trolley", "Retired_Plant": 0, "OperatorCompanyID": "San Diego Gas & Electric", "County": "San Diego", "Capacity_Latest": 0.06, "Units": "1", "PriEnergySource": "SUN", "StartDate": 1272326400000, "CEC_Jurisdictional": "0"}}, {"type": "Feature", "id": 7911, "geometry": {"type": "Point", "coordinates": [-116.973278801314, 32.795658065969]}, "properties": {"OBJECTID": 7911, "CECPlantID": "B0013", "PlantName": "Eastern BESS 1", "Retired_Plant": 0, "OperatorCompanyID": "San Diego Gas & Electric", "County": "San Diego", "Capacity_Latest": 7.5, "Units": "BESS 1", "PriEnergySource": "BAT", "StartDate": 1488758400000, "CEC_Jurisdictional": "0"}}, {"type": "Feature", "id": 7913, "geometry": {"type": "Point", "coordinates": [-116.072123509942, 34.1761767298911]}, "properties": {"OBJECTID": 7913, "CECPlantID": "S0166", "PlantName": "Coronus 29-Palms North 2", "Retired_Plant": 0, "OperatorCompanyID": "Belectric Inc", "County": "San Bernardino", "Capacity_Latest": 1.5, "Units": "Unit 1", "PriEnergySource": "SUN", "StartDate": 1389744000000, "CEC_Jurisdictional": "0"}}, {"type": "Feature", "id": 7914, "geometry": {"type": "Point", "coordinates": [-117.19627697781, 32.8925318420262]}, "properties": {"OBJECTID": 7914, "CECPlantID": "S0398", "PlantName": "X-nth", "Retired_Plant": 0, "OperatorCompanyID": "San Diego Gas & Electric", "County": "San Diego", "Capacity_Latest": 0.1, "Units": "1", "PriEnergySource": "SUN", "StartDate": 1088121600000, "CEC_Jurisdictional": "0"}}, {"type": "Feature", "id": 7916, "geometry": {"type": "Point", "coordinates": [-116.072112675928, 34.1760184998729]}, "properties": {"OBJECTID": 7916, "CECPlantID": "S0167", "PlantName": "Coronus 29-Palms North 3", "Retired_Plant": 0, "OperatorCompanyID": "Belectric Inc", "County": "San Bernardino", "Capacity_Latest": 1.5, "Units": "Unit 1", "PriEnergySource": "SUN", "StartDate": 1389744000000, "CEC_Jurisdictional": "0"}}, {"type": "Feature", "id": 7917, "geometry": {"type": "Point", "coordinates": [-117.226196323462, 32.8856616006702]}, "properties": {"OBJECTID": 7917, "CECPlantID": "G0550", "PlantName": "Scripps Memorial Hospital", "Retired_Plant": 0, "OperatorCompanyID": "Scripps Memorial Hospital", "County": "San Diego", "Capacity_Latest": 0, "Units": "1", "PriEnergySource": "NG", "StartDate": 946684800000, "CEC_Jurisdictional": "0"}}, {"type": "Feature", "id": 7919, "geometry": {"type": "Point", "coordinates": [-116.236578019283, 34.1657168043774]}, "properties": {"OBJECTID": 7919, "CECPlantID": "S0289", "PlantName": "Cascade Solar PV", "Retired_Plant": 0, "OperatorCompanyID": "Longroad Energy", "County": "San Bernardino", "Capacity_Latest": 18.5, "Units": "1", "PriEnergySource": "SUN", "StartDate": 1395187200000, "CEC_Jurisdictional": "0"}}, {"type": "Feature", "id": 7920, "geometry": {"type": "Point", "coordinates": [-117.241943980314, 32.9014236357191]}, "properties": {"OBJECTID": 7920, "CECPlantID": "S0394", "PlantName": "Sanford-Burnhan Medical Research Institute I", "Retired_Plant": 0, "OperatorCompanyID": "San Diego Gas & Electric", "County": "San Diego", "Capacity_Latest": 0.22, "Units": "1", "PriEnergySource": "SUN", "StartDate": 1296172800000, "CEC_Jurisdictional": "0"}}, {"type": "Feature", "id": 7922, "geometry": {"type": "Point", "coordinates": [-116.15271024781, 34.1706124196867]}, "properties": {"OBJECTID": 7922, "CECPlantID": "S9409", "PlantName": "Highlander Solar 1 (SEPV8)", "Retired_Plant": 0, "OperatorCompanyID": "Clearway Energy", "County": "San Bernardino", "Capacity_Latest": 12, "Units": "SEPV8", "PriEnergySource": "SUN", "StartDate": 1370995200000, "CEC_Jurisdictional": "0"}}, {"type": "Feature", "id": 7923, "geometry": {"type": "Point", "coordinates": [-116.092133220749, 34.1914497095743]}, "properties": {"OBJECTID": 7923, "CECPlantID": "S9410", "PlantName": "Highlander Solar 2 (SEPV9)", "Retired_Plant": 0, "OperatorCompanyID": "Clearway Energy", "County": "San Bernardino", "Capacity_Latest": 9, "Units": "SEPV9", "PriEnergySource": "SUN", "StartDate": 1370908800000, "CEC_Jurisdictional": "0"}}, {"type": "Feature", "id": 7924, "geometry": {"type": "Point", "coordinates": [-117.076879917366, 32.9906955078289]}, "properties": {"OBJECTID": 7924, "CECPlantID": "G0591", "PlantName": "TRW ASD (Northrop Grumman)", "Retired_Plant": 1, "OperatorCompanyID": "TRW Inc", "County": "San Diego", "Capacity_Latest": 1.3, "Units": "EG-1, EG-2", "PriEnergySource": "NG", "StartDate": 460166400000, "CEC_Jurisdictional": "0"}}, {"type": "Feature", "id": 7926, "geometry": {"type": "Point", "coordinates": [-117.140678403417, 33.0184786217952]}, "properties": {"OBJECTID": 7926, "CECPlantID": "S0389", "PlantName": "Del Sur Elementary School", "Retired_Plant": 0, "OperatorCompanyID": "San Diego Gas & Electric", "County": "San Diego", "Capacity_Latest": 0.04, "Units": "1", "PriEnergySource": "SUN", "StartDate": 1220572800000, "CEC_Jurisdictional": "0"}}, {"type": "Feature", "id": 7928, "geometry": {"type": "Point", "coordinates": [-114.140279396433, 34.295326508199]}, "properties": {"OBJECTID": 7928, "CECPlantID": "H0381", "PlantName": "Parker", "Retired_Plant": 0, "OperatorCompanyID": "United States Bureau of Reclamation", "County": "San Bernardino", "Capacity_Latest": 120, "Units": "UNIT 1, UNIT 2, UNIT 3, UNIT 4", "PriEnergySource": "WAT", "StartDate": -854755200000, "CEC_Jurisdictional": "0"}}, {"type": "Feature", "id": 7929, "geometry": {"type": "Point", "coordinates": [-117.173855787567, 33.0515160909623]}, "properties": {"OBJECTID": 7929, "CECPlantID": "H0016", "PlantName": "Badger Filtration Plant (Retired 6/30/2017)", "Retired_Plant": 1, "OperatorCompanyID": "R E Badger Filtration Plant", "County": "San Diego", "Capacity_Latest": 1.49, "Units": "1", "PriEnergySource": "WAT", "StartDate": 552700800000, "CEC_Jurisdictional": "0"}}, {"type": "Feature", "id": 7931, "geometry": {"type": "Point", "coordinates": [-120.205117986774, 34.4752124515442]}, "properties": {"OBJECTID": 7931, "CECPlantID": "G0453", "PlantName": "Point Arguello Pipeline Co.(Gaviota) (Retired 12/31/2019)", "Retired_Plant": 1, "OperatorCompanyID": "Freeport-McMoRan Oil & Gas", "County": "Santa Barbara", "Capacity_Latest": 0, "Units": "GENA, GENB, GENC, GEND, GENE", "PriEnergySource": "NG", "StartDate": 565315200000, "CEC_Jurisdictional": "0"}}, {"type": "Feature", "id": 7932, "geometry": {"type": "Point", "coordinates": [-117.293192612539, 33.0438585198267]}, "properties": {"OBJECTID": 7932, "CECPlantID": "S0393", "PlantName": "Pacific Station", "Retired_Plant": 0, "OperatorCompanyID": "San Diego Gas & Electric", "County": "San Diego", "Capacity_Latest": 0.1, "Units": "1", "PriEnergySource": "SUN", "StartDate": 1337126400000, "CEC_Jurisdictional": "0"}}, {"type": "Feature", "id": 7934, "geometry": {"type": "Point", "coordinates": [-120.128308521739, 34.4771300242595]}, "properties": {"OBJECTID": 7934, "CECPlantID": "E0095", "PlantName": "MM Tajiguas Energy LLC", "Retired_Plant": 1, "OperatorCompanyID": "OPAL Fuels", "County": "Santa Barbara", "Capacity_Latest": 0, "Units": "Unit 1", "PriEnergySource": "LFG", "StartDate": 965088000000, "CEC_Jurisdictional": "0"}}, {"type": "Feature", "id": 7935, "geometry": {"type": "Point", "coordinates": [-117.248030072504, 33.0673155419436]}, "properties": {"OBJECTID": 7935, "CECPlantID": "H0615", "PlantName": "David C. McCollom WTP (Two 373 kW Gens)", "Retired_Plant": 0, "OperatorCompanyID": "Olivenhain Municipal Water District", "County": "San Diego", "Capacity_Latest": 0.74, "Units": "RPHES-GEN", "PriEnergySource": "WAT", "StartDate": 1169510400000, "CEC_Jurisdictional": "0"}}, {"type": "Feature", "id": 7937, "geometry": {"type": "Point", "coordinates": [-120.042357477609, 34.483592253975]}, "properties": {"OBJECTID": 7937, "CECPlantID": "G0202", "PlantName": "Sable Offshore Corp Las Flores Canyon", "Retired_Plant": 0, "OperatorCompanyID": "Sable Offshore Corp", "County": "Santa Barbara", "Capacity_Latest": 49.8, "Units": "ZAN-2501, ZAN-2507", "PriEnergySource": "NG", "StartDate": 748051200000, "CEC_Jurisdictional": "0"}}, {"type": "Feature", "id": 7938, "geometry": {"type": "Point", "coordinates": [-117.21918180921, 33.1034342797]}, "properties": {"OBJECTID": 7938, "CECPlantID": "S0391", "PlantName": "Hunter Industries", "Retired_Plant": 0, "OperatorCompanyID": "San Diego Gas & Electric", "County": "San Diego", "Capacity_Latest": 0.1, "Units": "1", "PriEnergySource": "SUN", "StartDate": 1196726400000, "CEC_Jurisdictional": "0"}}, {"type": "Feature", "id": 7940, "geometry": {"type": "Point", "coordinates": [-119.899994022398, 34.4313924210009]}, "properties": {"OBJECTID": 7940, "CECPlantID": "G0195", "PlantName": "Ellwood Generating Station", "Retired_Plant": 0, "OperatorCompanyID": "GenOn Holdings Inc.", "County": "Santa Barbara", "Capacity_Latest": 56.7, "Units": "UNIT 1", "PriEnergySource": "NG", "StartDate": 144547200000, "CEC_Jurisdictional": "0"}}, {"type": "Feature", "id": 7941, "geometry": {"type": "Point", "coordinates": [-117.114250573664, 33.1242889486631]}, "properties": {"OBJECTID": 7941, "CECPlantID": "B0008", "PlantName": "Escondido Energy Storage", "Retired_Plant": 0, "OperatorCompanyID": "San Diego Gas & Electric", "County": "San Diego", "Capacity_Latest": 30, "Units": "Unit 1, Unit 2, Unit 3", "PriEnergySource": "BAT", "StartDate": 1488758400000, "CEC_Jurisdictional": "0"}}, {"type": "Feature", "id": 7943, "geometry": {"type": "Point", "coordinates": [-117.22139972976, 33.1461130035965]}, "properties": {"OBJECTID": 7943, "CECPlantID": "S0397", "PlantName": "Wilco Investments", "Retired_Plant": 0, "OperatorCompanyID": "San Diego Gas & Electric", "County": "San Diego", "Capacity_Latest": 0.38, "Units": "1", "PriEnergySource": "SUN", "StartDate": 1274918400000, "CEC_Jurisdictional": "0"}}, {"type": "Feature", "id": 7944, "geometry": {"type": "Point", "coordinates": [-119.842776777872, 34.4154574897148]}, "properties": {"OBJECTID": 7944, "CECPlantID": "G0578", "PlantName": "UCSB Fuel Cell", "Retired_Plant": 0, "OperatorCompanyID": "Southern California Edison (SCE)", "County": "Santa Barbara", "Capacity_Latest": 0.2, "Units": "1", "PriEnergySource": "NG", "StartDate": 1344556800000, "CEC_Jurisdictional": "0"}}, {"type": "Feature", "id": 7945, "geometry": {"type": "Point", "coordinates": [-117.257083144573, 33.1282519286234]}, "properties": {"OBJECTID": 7945, "CECPlantID": "S0396", "PlantName": "Towers at Bressi Ranch", "Retired_Plant": 0, "OperatorCompanyID": "San Diego Gas & Electric", "County": "San Diego", "Capacity_Latest": 0.08, "Units": "1", "PriEnergySource": "SUN", "StartDate": 1204156800000, "CEC_Jurisdictional": "0"}}, {"type": "Feature", "id": 7947, "geometry": {"type": "Point", "coordinates": [-119.422809705027, 34.3555166669925]}, "properties": {"OBJECTID": 7947, "CECPlantID": "G0643", "PlantName": "Rincon Facility (Retired 12/31/2005)", "Retired_Plant": 1, "OperatorCompanyID": "Dos Cuadras Offshore Resources LLC", "County": "Ventura", "Capacity_Latest": 0, "Units": "GEN1", "PriEnergySource": "NG", "StartDate": 699408000000, "CEC_Jurisdictional": "0"}}, {"type": "Feature", "id": 7948, "geometry": {"type": "Point", "coordinates": [-116.60895711804, 33.9072487030964]}, "properties": {"OBJECTID": 7948, "CECPlantID": "W0488", "PlantName": "Mountain View Repower", "Retired_Plant": 0, "OperatorCompanyID": "S-Power (Sustainable Power Group)", "County": "Riverside", "Capacity_Latest": 66.6, "Units": "WPRS 1", "PriEnergySource": "WND", "StartDate": 1658880000000, "CEC_Jurisdictional": "0"}}, {"type": "Feature", "id": 7949, "geometry": {"type": "Point", "coordinates": [-116.807058006893, 34.8664141555493]}, "properties": {"OBJECTID": 7949, "CECPlantID": "S0800", "PlantName": "Daggett Solar 2", "Retired_Plant": 0, "OperatorCompanyID": "Clearway Energy", "County": "San Bernardino", "Capacity_Latest": 182, "Units": "Unit 1", "PriEnergySource": "SUN", "StartDate": 1699574400000, "CEC_Jurisdictional": "0"}}, {"type": "Feature", "id": 7951, "geometry": {"type": "Point", "coordinates": [-118.997916292454, 34.4008016244947]}, "properties": {"OBJECTID": 7951, "CECPlantID": "E0256", "PlantName": "Toland Road Landfill (Ventura) (Retired 6/1/2019)", "Retired_Plant": 1, "OperatorCompanyID": "Ventura Regional Sanitation District", "County": "Ventura", "Capacity_Latest": 0, "Units": "1", "PriEnergySource": "LFG", "StartDate": 1246406400000, "CEC_Jurisdictional": "0"}}, {"type": "Feature", "id": 7952, "geometry": {"type": "Point", "coordinates": [-116.807235063659, 34.8633789021939]}, "properties": {"OBJECTID": 7952, "CECPlantID": "S0801", "PlantName": "Daggett Solar 3", "Retired_Plant": 0, "OperatorCompanyID": "Clearway Energy", "County": "San Bernardino", "Capacity_Latest": 300, "Units": "Unit 1", "PriEnergySource": "SUN", "StartDate": 1689292800000, "CEC_Jurisdictional": "0"}}, {"type": "Feature", "id": 7954, "geometry": {"type": "Point", "coordinates": [-118.752421738947, 34.4595684770796]}, "properties": {"OBJECTID": 7954, "CECPlantID": "H0533", "PlantName": "Santa Felicia", "Retired_Plant": 0, "OperatorCompanyID": "United Water Conservation District", "County": "Ventura", "Capacity_Latest": 1.42, "Units": "UNIT 1, UNIT 2", "PriEnergySource": "WAT", "StartDate": 549504000000, "CEC_Jurisdictional": "0"}}, {"type": "Feature", "id": 7955, "geometry": {"type": "Point", "coordinates": [-117.549000472139, 35.0111451674015]}, "properties": {"OBJECTID": 7955, "CECPlantID": "S0797", "PlantName": "Resurgence Solar I", "Retired_Plant": 0, "OperatorCompanyID": "NextEra Energy Resources LLC", "County": "San Bernardino", "Capacity_Latest": 90, "Units": "SRE I", "PriEnergySource": "SUN", "StartDate": 1690934400000, "CEC_Jurisdictional": "0"}}, {"type": "Feature", "id": 7957, "geometry": {"type": "Point", "coordinates": [-118.609249590899, 34.5147374773736]}, "properties": {"OBJECTID": 7957, "CECPlantID": "H0188", "PlantName": "Foothill Feeder", "Retired_Plant": 0, "OperatorCompanyID": "Metropolitan Water District", "County": "Los Angeles", "Capacity_Latest": 9.04, "Units": "1, 2", "PriEnergySource": "WAT", "StartDate": 354931200000, "CEC_Jurisdictional": "0"}}, {"type": "Feature", "id": 7958, "geometry": {"type": "Point", "coordinates": [-117.548975177941, 35.0089699021632]}, "properties": {"OBJECTID": 7958, "CECPlantID": "S0798", "PlantName": "Resurgence Solar II", "Retired_Plant": 0, "OperatorCompanyID": "NextEra Energy Resources LLC", "County": "San Bernardino", "Capacity_Latest": 48, "Units": "SRE II", "PriEnergySource": "SUN", "StartDate": 1693440000000, "CEC_Jurisdictional": "0"}}, {"type": "Feature", "id": 7960, "geometry": {"type": "Point", "coordinates": [-118.525057669563, 34.5343613684195]}, "properties": {"OBJECTID": 7960, "CECPlantID": "H0440", "PlantName": "San Francisquito 2", "Retired_Plant": 0, "OperatorCompanyID": "Los Angeles Department of Water & Power (LADWP)", "County": "Los Angeles", "Capacity_Latest": 46, "Units": "Unit 1, Unit 2, Unit 3", "PriEnergySource": "WAT", "StartDate": -1593388800000, "CEC_Jurisdictional": "0"}}, {"type": "Feature", "id": 7961, "geometry": {"type": "Point", "coordinates": [-117.449969166683, 34.6048308881439]}, "properties": {"OBJECTID": 7961, "CECPlantID": "S0828", "PlantName": "Baldy Mesa", "Retired_Plant": 0, "OperatorCompanyID": "S-Power (Sustainable Power Group)", "County": "San Bernardino", "Capacity_Latest": 150, "Units": "Unit 1", "PriEnergySource": "SUN", "StartDate": 1714435200000, "CEC_Jurisdictional": "0"}}, {"type": "Feature", "id": 7962, "geometry": {"type": "Point", "coordinates": [-118.644370384546, 34.4302982572353]}, "properties": {"OBJECTID": 7962, "CECPlantID": "E0250", "PlantName": "Ameresco Chiquita Energy", "Retired_Plant": 0, "OperatorCompanyID": "Ameresco Inc", "County": "Los Angeles", "Capacity_Latest": 9.2, "Units": "Unit 1, Unit 2", "PriEnergySource": "LFG", "StartDate": 1290470400000, "CEC_Jurisdictional": "0"}}, {"type": "Feature", "id": 7964, "geometry": {"type": "Point", "coordinates": [-115.280567643778, 33.7247269821005]}, "properties": {"OBJECTID": 7964, "CECPlantID": "S0790", "PlantName": "Arica Solar", "Retired_Plant": 0, "OperatorCompanyID": "Clearway Energy", "County": "Riverside", "Capacity_Latest": 265, "Units": "Unit 1", "PriEnergySource": "SUN", "StartDate": 1697500800000, "CEC_Jurisdictional": "0"}}, {"type": "Feature", "id": 7965, "geometry": {"type": "Point", "coordinates": [-118.593556553939, 34.4637142437971]}, "properties": {"OBJECTID": 7965, "CECPlantID": "G0157", "PlantName": "Pitchess Cogeneration Station (Retired November 2, 2018)", "Retired_Plant": 1, "OperatorCompanyID": "LA County ISD (Sheriff Department)", "County": "Los Angeles", "Capacity_Latest": 0, "Units": "CTG, STG", "PriEnergySource": "NG", "StartDate": 554688000000, "CEC_Jurisdictional": "0"}}, {"type": "Feature", "id": 7967, "geometry": {"type": "Point", "coordinates": [-115.282233644059, 33.7244489819756]}, "properties": {"OBJECTID": 7967, "CECPlantID": "S0791", "PlantName": "Victory Pass", "Retired_Plant": 0, "OperatorCompanyID": "Clearway Energy", "County": "Riverside", "Capacity_Latest": 200, "Units": "Unit 1", "PriEnergySource": "SUN", "StartDate": 1697500800000, "CEC_Jurisdictional": "0"}}, {"type": "Feature", "id": 7968, "geometry": {"type": "Point", "coordinates": [-118.494885261763, 34.3840890349292]}, "properties": {"OBJECTID": 7968, "CECPlantID": "G0032", "PlantName": "Berry Placerita Cogen", "Retired_Plant": 0, "OperatorCompanyID": "Shadow Wolf Energy", "County": "Los Angeles", "Capacity_Latest": 42.8, "Units": "Cogen 42, Cogen 42-2", "PriEnergySource": "NG", "StartDate": 636249600000, "CEC_Jurisdictional": "0"}}, {"type": "Feature", "id": 7970, "geometry": {"type": "Point", "coordinates": [-117.010911187264, 33.7197291689797]}, "properties": {"OBJECTID": 7970, "CECPlantID": "S0805", "PlantName": "West Valley", "Retired_Plant": 0, "OperatorCompanyID": "S-Power (Sustainable Power Group)", "County": "Riverside", "Capacity_Latest": 1, "Units": "WEST", "PriEnergySource": "SUN", "StartDate": 1348704000000, "CEC_Jurisdictional": "0"}}, {"type": "Feature", "id": 7971, "geometry": {"type": "Point", "coordinates": [-118.500469013475, 34.3814930263239]}, "properties": {"OBJECTID": 7971, "CECPlantID": "G0006", "PlantName": "CES Placerita Inc.  (CESP) - Retired December 2010", "Retired_Plant": 1, "OperatorCompanyID": "Clean Energy Systems Inc", "County": "Los Angeles", "Capacity_Latest": 0, "Units": "UNIT 1, UNIT 2, UNIT 3", "PriEnergySource": "NG", "StartDate": 581126400000, "CEC_Jurisdictional": "0"}}, {"type": "Feature", "id": 7973, "geometry": {"type": "Point", "coordinates": [-117.085925174893, 33.7023737348456]}, "properties": {"OBJECTID": 7973, "CECPlantID": "S0806", "PlantName": "Winchester", "Retired_Plant": 0, "OperatorCompanyID": "S-Power (Sustainable Power Group)", "County": "Riverside", "Capacity_Latest": 1, "Units": "Unit 1", "PriEnergySource": "SUN", "StartDate": 1347235200000, "CEC_Jurisdictional": "0"}}, {"type": "Feature", "id": 7974, "geometry": {"type": "Point", "coordinates": [-117.916283228385, 34.5127075136537]}, "properties": {"OBJECTID": 7974, "CECPlantID": "S0543", "PlantName": "Pearblossom Solar", "Retired_Plant": 0, "OperatorCompanyID": "SunPower Capital Services", "County": "Los Angeles", "Capacity_Latest": 9.5, "Units": "M1340", "PriEnergySource": "SUN", "StartDate": 1482969600000, "CEC_Jurisdictional": "0"}}, {"type": "Feature", "id": 7976, "geometry": {"type": "Point", "coordinates": [-117.630010863936, 33.5563969132906]}, "properties": {"OBJECTID": 7976, "CECPlantID": "S0388", "PlantName": "Ladera Ranch I", "Retired_Plant": 0, "OperatorCompanyID": "San Diego Gas & Electric", "County": "Orange", "Capacity_Latest": 0.05, "Units": "1", "PriEnergySource": "SUN", "StartDate": 1185235200000, "CEC_Jurisdictional": "0"}}, {"type": "Feature", "id": 7977, "geometry": {"type": "Point", "coordinates": [-117.474853655075, 34.5124300183407]}, "properties": {"OBJECTID": 7977, "CECPlantID": "S0279", "PlantName": "RE Victor Phelan Solar One", "Retired_Plant": 0, "OperatorCompanyID": "MN8 Energy", "County": "San Bernardino", "Capacity_Latest": 17.5, "Units": "1", "PriEnergySource": "SUN", "StartDate": 1386288000000, "CEC_Jurisdictional": "0"}}, {"type": "Feature", "id": 7979, "geometry": {"type": "Point", "coordinates": [-117.33219594461, 33.969245377969]}, "properties": {"OBJECTID": 7979, "CECPlantID": "S0611", "PlantName": "UCR West Campus PV Project", "Retired_Plant": 0, "OperatorCompanyID": "Not Available", "County": "Riverside", "Capacity_Latest": 2.98, "Units": "Unit 1", "PriEnergySource": "SUN", "StartDate": 1483228800000, "CEC_Jurisdictional": "0"}}, {"type": "Feature", "id": 7980, "geometry": {"type": "Point", "coordinates": [-117.562245185724, 34.4731814348652]}, "properties": {"OBJECTID": 7980, "CECPlantID": "S0351", "PlantName": "Snowline - Duncan Road (North)", "Retired_Plant": 0, "OperatorCompanyID": "Not Available", "County": "San Bernardino", "Capacity_Latest": 1.5, "Units": "1", "PriEnergySource": "SUN", "StartDate": 1412208000000, "CEC_Jurisdictional": "0"}}, {"type": "Feature", "id": 7982, "geometry": {"type": "Point", "coordinates": [-117.382432905475, 33.9224040928047]}, "properties": {"OBJECTID": 7982, "CECPlantID": "B0012", "PlantName": "Los Angeles Air Force Base BESS", "Retired_Plant": 0, "OperatorCompanyID": "Not Available", "County": "Riverside", "Capacity_Latest": 0.53, "Units": "Unit 1", "PriEnergySource": "BAT", "StartDate": 1450396800000, "CEC_Jurisdictional": "0"}}, {"type": "Feature", "id": 7983, "geometry": {"type": "Point", "coordinates": [-117.563599133074, 34.4745826519434]}, "properties": {"OBJECTID": 7983, "CECPlantID": "S0352", "PlantName": "Snowline - Duncan Road (South)", "Retired_Plant": 0, "OperatorCompanyID": "Not Available", "County": "San Bernardino", "Capacity_Latest": 1, "Units": "1", "PriEnergySource": "SUN", "StartDate": 1412208000000, "CEC_Jurisdictional": "0"}}, {"type": "Feature", "id": 7985, "geometry": {"type": "Point", "coordinates": [-117.455228034197, 33.9625665573191]}, "properties": {"OBJECTID": 7985, "CECPlantID": "B0014", "PlantName": "Riverside RWQCP Fuel Cell (duplicate of F0001)", "Retired_Plant": 0, "OperatorCompanyID": "Fuel Cell Energy", "County": "Riverside", "Capacity_Latest": 1.4, "Units": "MB20", "PriEnergySource": "OBG", "StartDate": 1472688000000, "CEC_Jurisdictional": "0"}}, {"type": "Feature", "id": 7986, "geometry": {"type": "Point", "coordinates": [-117.469720132168, 34.4174985519802]}, "properties": {"OBJECTID": 7986, "CECPlantID": "S0353", "PlantName": "Snowline - White Road (North)", "Retired_Plant": 0, "OperatorCompanyID": "Not Available", "County": "San Bernardino", "Capacity_Latest": 1.5, "Units": "1", "PriEnergySource": "SUN", "StartDate": 1416873600000, "CEC_Jurisdictional": "0"}}, {"type": "Feature", "id": 7988, "geometry": {"type": "Point", "coordinates": [-117.455144115175, 33.9624733143132]}, "properties": {"OBJECTID": 7988, "CECPlantID": "E0315", "PlantName": "Riverside Water Quality Control Plant (retired 12/31/2016) (formerly G1035)", "Retired_Plant": 1, "OperatorCompanyID": "City of Riverside Regional Water Control Plant", "County": "Riverside", "Capacity_Latest": 0, "Units": "Cogen 1, Cogen 2, Cogen 3, Fuel Cell", "PriEnergySource": "OBG", "StartDate": 946684800000, "CEC_Jurisdictional": "0"}}, {"type": "Feature", "id": 7989, "geometry": {"type": "Point", "coordinates": [-117.469656480927, 34.4147553676754]}, "properties": {"OBJECTID": 7989, "CECPlantID": "S0354", "PlantName": "Snowline - White Road (South)", "Retired_Plant": 0, "OperatorCompanyID": "Not Available", "County": "San Bernardino", "Capacity_Latest": 1.5, "Units": "1", "PriEnergySource": "SUN", "StartDate": 1412208000000, "CEC_Jurisdictional": "0"}}, {"type": "Feature", "id": 7991, "geometry": {"type": "Point", "coordinates": [-117.45537256022, 33.9625385843079]}, "properties": {"OBJECTID": 7991, "CECPlantID": "F0001", "PlantName": "Riverside RWQCP Fuel Cell", "Retired_Plant": 0, "OperatorCompanyID": "Fuel Cell Energy", "County": "Riverside", "Capacity_Latest": 1.4, "Units": "MB20", "PriEnergySource": "OBG", "StartDate": 1472688000000, "CEC_Jurisdictional": "0"}}, {"type": "Feature", "id": 7992, "geometry": {"type": "Point", "coordinates": [-117.469537204729, 34.4126508644457]}, "properties": {"OBJECTID": 7992, "CECPlantID": "S0355", "PlantName": "Snowline - White Road (Central)", "Retired_Plant": 0, "OperatorCompanyID": "Not Available", "County": "San Bernardino", "Capacity_Latest": 1.5, "Units": "1", "PriEnergySource": "SUN", "StartDate": 1416873600000, "CEC_Jurisdictional": "0"}}, {"type": "Feature", "id": 7994, "geometry": {"type": "Point", "coordinates": [-117.56091430385, 34.0066175303966]}, "properties": {"OBJECTID": 7994, "CECPlantID": "B0005", "PlantName": "Mira Loma BESS A", "Retired_Plant": 0, "OperatorCompanyID": "Not Available", "County": "San Bernardino", "Capacity_Latest": 20, "Units": "Unit 1", "PriEnergySource": "BAT", "StartDate": 1483056000000, "CEC_Jurisdictional": "0"}}, {"type": "Feature", "id": 7995, "geometry": {"type": "Point", "coordinates": [-117.469902291996, 34.4979385230035]}, "properties": {"OBJECTID": 7995, "CECPlantID": "S0417", "PlantName": "Victor Dry Farm Ranch A", "Retired_Plant": 0, "OperatorCompanyID": "S-Power (Sustainable Power Group)", "County": "San Bernardino", "Capacity_Latest": 5, "Units": "VDFRA", "PriEnergySource": "SUN", "StartDate": 1433721600000, "CEC_Jurisdictional": "0"}}, {"type": "Feature", "id": 7997, "geometry": {"type": "Point", "coordinates": [-117.741535140918, 34.0713621225271]}, "properties": {"OBJECTID": 7997, "CECPlantID": "B0007", "PlantName": "AltaGas Pomona Energy Storage", "Retired_Plant": 0, "OperatorCompanyID": "Ormat", "County": "Los Angeles", "Capacity_Latest": 40, "Units": "Unit 1", "PriEnergySource": "BAT", "StartDate": 1483142400000, "CEC_Jurisdictional": "0"}}, {"type": "Feature", "id": 7998, "geometry": {"type": "Point", "coordinates": [-117.472339947408, 34.4978649098535]}, "properties": {"OBJECTID": 7998, "CECPlantID": "S0418", "PlantName": "Victor Dry Farm Ranch B", "Retired_Plant": 0, "OperatorCompanyID": "S-Power (Sustainable Power Group)", "County": "San Bernardino", "Capacity_Latest": 5, "Units": "VDFRB", "PriEnergySource": "SUN", "StartDate": 1433721600000, "CEC_Jurisdictional": "0"}}, {"type": "Feature", "id": 8000, "geometry": {"type": "Point", "coordinates": [-117.386996850729, 34.5094398481153]}, "properties": {"OBJECTID": 8000, "CECPlantID": "S0419", "PlantName": "Victor Mesa Linda D2", "Retired_Plant": 0, "OperatorCompanyID": "S-Power (Sustainable Power Group)", "County": "San Bernardino", "Capacity_Latest": 1.5, "Units": "VMLD2", "PriEnergySource": "SUN", "StartDate": 1414800000000, "CEC_Jurisdictional": "0"}}, {"type": "Feature", "id": 8001, "geometry": {"type": "Point", "coordinates": [-117.831459219655, 33.690393991527]}, "properties": {"OBJECTID": 8001, "CECPlantID": "B0004", "PlantName": "Millikan Avenue BESS", "Retired_Plant": 0, "OperatorCompanyID": "Not Available", "County": "Orange", "Capacity_Latest": 2, "Units": "Unit 1", "PriEnergySource": "BAT", "StartDate": 1483488000000, "CEC_Jurisdictional": "0"}}, {"type": "Feature", "id": 8003, "geometry": {"type": "Point", "coordinates": [-117.387548746769, 34.5087955250108]}, "properties": {"OBJECTID": 8003, "CECPlantID": "S0420", "PlantName": "Victor Mesa Linda E2", "Retired_Plant": 0, "OperatorCompanyID": "S-Power (Sustainable Power Group)", "County": "San Bernardino", "Capacity_Latest": 1.5, "Units": "VMLE2", "PriEnergySource": "SUN", "StartDate": 1414800000000, "CEC_Jurisdictional": "0"}}, {"type": "Feature", "id": 8004, "geometry": {"type": "Point", "coordinates": [-117.888382891935, 33.7869282602908]}, "properties": {"OBJECTID": 8004, "CECPlantID": "B0016", "PlantName": "UCI Fuel Cell (duplicate of F0003)", "Retired_Plant": 0, "OperatorCompanyID": "Fuel Cell Energy", "County": "Orange", "Capacity_Latest": 1.4, "Units": "MB16", "PriEnergySource": "NG", "StartDate": 1450137600000, "CEC_Jurisdictional": "0"}}, {"type": "Feature", "id": 8006, "geometry": {"type": "Point", "coordinates": [-117.387855554216, 34.5134397195153]}, "properties": {"OBJECTID": 8006, "CECPlantID": "S9274", "PlantName": "Victor Mesa Linda B2", "Retired_Plant": 0, "OperatorCompanyID": "S-Power (Sustainable Power Group)", "County": "San Bernardino", "Capacity_Latest": 1.5, "Units": "Unit 1", "PriEnergySource": "SUN", "StartDate": 1388448000000, "CEC_Jurisdictional": "0"}}, {"type": "Feature", "id": 8007, "geometry": {"type": "Point", "coordinates": [-117.845733364826, 33.8511222338939]}, "properties": {"OBJECTID": 8007, "CECPlantID": "G1071", "PlantName": "Kaiser Permanente", "Retired_Plant": 0, "OperatorCompanyID": "Not Available", "County": "Orange", "Capacity_Latest": 2.2, "Units": "Unit 1", "PriEnergySource": "NG", "StartDate": 1483228800000, "CEC_Jurisdictional": "0"}}, {"type": "Feature", "id": 8009, "geometry": {"type": "Point", "coordinates": [-117.386838419906, 34.5118478673954]}, "properties": {"OBJECTID": 8009, "CECPlantID": "S9285", "PlantName": "Victor Mesa Linda C2", "Retired_Plant": 0, "OperatorCompanyID": "S-Power (Sustainable Power Group)", "County": "San Bernardino", "Capacity_Latest": 1.5, "Units": "Unit 1", "PriEnergySource": "SUN", "StartDate": 1415577600000, "CEC_Jurisdictional": "0"}}, {"type": "Feature", "id": 8010, "geometry": {"type": "Point", "coordinates": [-117.917103370748, 33.8365289452806]}, "properties": {"OBJECTID": 8010, "CECPlantID": "G1070", "PlantName": "AT&T Services Inc", "Retired_Plant": 0, "OperatorCompanyID": "Not Available", "County": "Orange", "Capacity_Latest": 1.25, "Units": "Unit 1", "PriEnergySource": "NG", "StartDate": 1483228800000, "CEC_Jurisdictional": "0"}}, {"type": "Feature", "id": 8012, "geometry": {"type": "Point", "coordinates": [-117.9213532506, 33.8005629769986]}, "properties": {"OBJECTID": 8012, "CECPlantID": "S0610", "PlantName": "Anaheim Convention Center", "Retired_Plant": 0, "OperatorCompanyID": "Not Available", "County": "Orange", "Capacity_Latest": 2.4, "Units": "Unit 1", "PriEnergySource": "SUN", "StartDate": 1483228800000, "CEC_Jurisdictional": "0"}}, {"type": "Feature", "id": 8013, "geometry": {"type": "Point", "coordinates": [-117.376968225667, 34.4344963732575]}, "properties": {"OBJECTID": 8013, "CECPlantID": "S0168", "PlantName": "SunEdison Hesperia Solar PV", "Retired_Plant": 0, "OperatorCompanyID": "Not Available", "County": "San Bernardino", "Capacity_Latest": 1.5, "Units": "1", "PriEnergySource": "SUN", "StartDate": 1407110400000, "CEC_Jurisdictional": "0"}}, {"type": "Feature", "id": 8015, "geometry": {"type": "Point", "coordinates": [-118.086788684453, 33.8747241771056]}, "properties": {"OBJECTID": 8015, "CECPlantID": "G0401", "PlantName": "O'Brien California Cogen Ltd", "Retired_Plant": 0, "OperatorCompanyID": "NRG Operating Services Co", "County": "Los Angeles", "Capacity_Latest": 0, "Units": "1", "PriEnergySource": "NG", "StartDate": 946684800000, "CEC_Jurisdictional": "0"}}, {"type": "Feature", "id": 8016, "geometry": {"type": "Point", "coordinates": [-117.257370183913, 34.4801252113365]}, "properties": {"OBJECTID": 8016, "CECPlantID": "S0360", "PlantName": "SolFocus - Victor Valley Community College", "Retired_Plant": 0, "OperatorCompanyID": "Not Available", "County": "San Bernardino", "Capacity_Latest": 1.25, "Units": "1", "PriEnergySource": "SUN", "StartDate": 1277856000000, "CEC_Jurisdictional": "0"}}, {"type": "Feature", "id": 8018, "geometry": {"type": "Point", "coordinates": [-117.144138313739, 34.4966507867761]}, "properties": {"OBJECTID": 8018, "CECPlantID": "S9281", "PlantName": "Powhatan Solar Power Generation Station 1", "Retired_Plant": 0, "OperatorCompanyID": "S-Power (Sustainable Power Group)", "County": "San Bernardino", "Capacity_Latest": 1.5, "Units": "Unit 1", "PriEnergySource": "SUN", "StartDate": 1385856000000, "CEC_Jurisdictional": "0"}}, {"type": "Feature", "id": 8019, "geometry": {"type": "Point", "coordinates": [-118.290661062719, 33.8750116787515]}, "properties": {"OBJECTID": 8019, "CECPlantID": "G9900", "PlantName": "AT&T Services Inc.", "Retired_Plant": 0, "OperatorCompanyID": "Not Available", "County": "Los Angeles", "Capacity_Latest": 1, "Units": "1", "PriEnergySource": "NG", "StartDate": 1356998400000, "CEC_Jurisdictional": "0"}}, {"type": "Feature", "id": 8021, "geometry": {"type": "Point", "coordinates": [-117.153957165528, 34.5095148096655]}, "properties": {"OBJECTID": 8021, "CECPlantID": "S9283", "PlantName": "Drew Energy  LLC", "Retired_Plant": 0, "OperatorCompanyID": "Not Available", "County": "San Bernardino", "Capacity_Latest": 1, "Units": "Unit 1", "PriEnergySource": "SUN", "StartDate": 1419984000000, "CEC_Jurisdictional": "0"}}, {"type": "Feature", "id": 8022, "geometry": {"type": "Point", "coordinates": [-118.492729763298, 34.0088898601533]}, "properties": {"OBJECTID": 8022, "CECPlantID": "G0544", "PlantName": "Santa Monica Loews Hotel Cogen - Retired February 2000", "Retired_Plant": 1, "OperatorCompanyID": "Strategic Hotel Capital Inc", "County": "Los Angeles", "Capacity_Latest": 0, "Units": "Unit 1", "PriEnergySource": "NG", "StartDate": 631152000000, "CEC_Jurisdictional": "0"}}, {"type": "Feature", "id": 8024, "geometry": {"type": "Point", "coordinates": [-116.865863852007, 34.3970345734779]}, "properties": {"OBJECTID": 8024, "CECPlantID": "S0328", "PlantName": "Lone Valley Solar Park 1", "Retired_Plant": 0, "OperatorCompanyID": "EDP Renewables North America LLC", "County": "San Bernardino", "Capacity_Latest": 10, "Units": "1", "PriEnergySource": "SUN", "StartDate": 1412121600000, "CEC_Jurisdictional": "0"}}, {"type": "Feature", "id": 8025, "geometry": {"type": "Point", "coordinates": [-118.358710300335, 34.0750892170037]}, "properties": {"OBJECTID": 8025, "CECPlantID": "G9903", "PlantName": "CBS Television City", "Retired_Plant": 0, "OperatorCompanyID": "Not Available", "County": "Los Angeles", "Capacity_Latest": 1.75, "Units": "1", "PriEnergySource": "NG", "StartDate": 1356998400000, "CEC_Jurisdictional": "0"}}, {"type": "Feature", "id": 8027, "geometry": {"type": "Point", "coordinates": [-116.862499999367, 34.4083329989695]}, "properties": {"OBJECTID": 8027, "CECPlantID": "S0329", "PlantName": "Lone Valley Solar Park 2", "Retired_Plant": 0, "OperatorCompanyID": "EDP Renewables North America LLC", "County": "San Bernardino", "Capacity_Latest": 20, "Units": "2", "PriEnergySource": "SUN", "StartDate": 1412121600000, "CEC_Jurisdictional": "0"}}, {"type": "Feature", "id": 8028, "geometry": {"type": "Point", "coordinates": [-118.455892115866, 34.1516996888738]}, "properties": {"OBJECTID": 8028, "CECPlantID": "G9901", "PlantName": "AT&T Services Inc.", "Retired_Plant": 0, "OperatorCompanyID": "Not Available", "County": "Los Angeles", "Capacity_Latest": 1.05, "Units": "1", "PriEnergySource": "NG", "StartDate": 1356998400000, "CEC_Jurisdictional": "0"}}, {"type": "Feature", "id": 8030, "geometry": {"type": "Point", "coordinates": [-118.392045004645, 34.1449083287713]}, "properties": {"OBJECTID": 8030, "CECPlantID": "G9902", "PlantName": "CBS Studio Center (Radford Plaza)", "Retired_Plant": 0, "OperatorCompanyID": "Not Available", "County": "Los Angeles", "Capacity_Latest": 1.2, "Units": "1", "PriEnergySource": "NG", "StartDate": 1356998400000, "CEC_Jurisdictional": "0"}}, {"type": "Feature", "id": 8031, "geometry": {"type": "Point", "coordinates": [-118.788197555272, 34.6851925260566]}, "properties": {"OBJECTID": 8031, "CECPlantID": "H0567", "PlantName": "William E. Warne", "Retired_Plant": 0, "OperatorCompanyID": "California Department of Water Resources", "County": "Los Angeles", "Capacity_Latest": 74.3, "Units": "1, 2", "PriEnergySource": "WAT", "StartDate": 404956800000, "CEC_Jurisdictional": "0"}}, {"type": "Feature", "id": 8033, "geometry": {"type": "Point", "coordinates": [-118.283675338947, 34.1623753618678]}, "properties": {"OBJECTID": 8033, "CECPlantID": "B0017", "PlantName": "Glendale Battery Energy Storage (G2BESS)", "Retired_Plant": 0, "OperatorCompanyID": "City of Glendale", "County": "Los Angeles", "Capacity_Latest": 2, "Units": "Unit 1", "PriEnergySource": "BAT", "StartDate": 1506816000000, "CEC_Jurisdictional": "0"}}, {"type": "Feature", "id": 8034, "geometry": {"type": "Point", "coordinates": [-118.656347407902, 34.5867631693409]}, "properties": {"OBJECTID": 8034, "CECPlantID": "H0039", "PlantName": "Castaic Efficiency (Small Hydro)", "Retired_Plant": 0, "OperatorCompanyID": "Los Angeles Department of Water & Power (LADWP)", "County": "Los Angeles", "Capacity_Latest": 9, "Units": "Unit 1", "PriEnergySource": "WAT", "StartDate": 276048000000, "CEC_Jurisdictional": "0"}}, {"type": "Feature", "id": 8036, "geometry": {"type": "Point", "coordinates": [-118.372291515252, 34.2404073643553]}, "properties": {"OBJECTID": 8036, "CECPlantID": "S0804", "PlantName": "Sun Valley 1", "Retired_Plant": 0, "OperatorCompanyID": "S-Power (Sustainable Power Group)", "County": "Los Angeles", "Capacity_Latest": 1.88, "Units": "W7188", "PriEnergySource": "SUN", "StartDate": 1545264000000, "CEC_Jurisdictional": "0"}}, {"type": "Feature", "id": 8037, "geometry": {"type": "Point", "coordinates": [-118.656612118004, 34.5874363403974]}, "properties": {"OBJECTID": 8037, "CECPlantID": "H0090", "PlantName": "Castaic (Pumped Storage)", "Retired_Plant": 0, "OperatorCompanyID": "Los Angeles Department of Water & Power (LADWP)", "County": "Los Angeles", "Capacity_Latest": 1331, "Units": "Unit #1, Unit #2, Unit #3, Unit #4, Unit #5, Unit #6, Unit #7", "PriEnergySource": "WAT", "StartDate": 115689600000, "CEC_Jurisdictional": "0"}}, {"type": "Feature", "id": 8038, "geometry": {"type": "Point", "coordinates": [-118.013974952506, 34.6594419420552]}, "properties": {"OBJECTID": 8038, "CECPlantID": "S0380", "PlantName": "Heliocentric - Heliocentric LLC", "Retired_Plant": 0, "OperatorCompanyID": "Heliocentric LLC", "County": "Los Angeles", "Capacity_Latest": 1.5, "Units": "Unit 1", "PriEnergySource": "SUN", "StartDate": 1330560000000, "CEC_Jurisdictional": "0"}}, {"type": "Feature", "id": 8040, "geometry": {"type": "Point", "coordinates": [-118.454711832614, 34.5901741895718]}, "properties": {"OBJECTID": 8040, "CECPlantID": "H0441", "PlantName": "San Francisquito 1", "Retired_Plant": 0, "OperatorCompanyID": "Los Angeles Department of Water & Power (LADWP)", "County": "Los Angeles", "Capacity_Latest": 69.38, "Units": "Unit #1A, Unit #3, Unit #4, Unit #5A", "PriEnergySource": "WAT", "StartDate": 420595200000, "CEC_Jurisdictional": "0"}}, {"type": "Feature", "id": 8041, "geometry": {"type": "Point", "coordinates": [-118.135695580278, 34.7312008896923]}, "properties": {"OBJECTID": 8041, "CECPlantID": "S0744", "PlantName": "SEPV Sierra", "Retired_Plant": 0, "OperatorCompanyID": "B2U Storage Solutions", "County": "Los Angeles", "Capacity_Latest": 3, "Units": "Unit 1", "PriEnergySource": "SUN", "StartDate": 1588032000000, "CEC_Jurisdictional": "0"}}, {"type": "Feature", "id": 8043, "geometry": {"type": "Point", "coordinates": [-118.304721999767, 34.7088890002551]}, "properties": {"OBJECTID": 8043, "CECPlantID": "S0239", "PlantName": "TA High Desert Antelope Power Plant", "Retired_Plant": 0, "OperatorCompanyID": "Clearway Energy", "County": "Los Angeles", "Capacity_Latest": 20, "Units": "1", "PriEnergySource": "SUN", "StartDate": 1364169600000, "CEC_Jurisdictional": "0"}}, {"type": "Feature", "id": 8044, "geometry": {"type": "Point", "coordinates": [-118.323747756487, 34.9876191191413]}, "properties": {"OBJECTID": 8044, "CECPlantID": "S0788", "PlantName": "BigBeau Solar", "Retired_Plant": 0, "OperatorCompanyID": "EDF Renewable Energy Inc", "County": "Kern", "Capacity_Latest": 128, "Units": "Unit 1", "PriEnergySource": "SUN", "StartDate": 1672099200000, "CEC_Jurisdictional": "0"}}, {"type": "Feature", "id": 8046, "geometry": {"type": "Point", "coordinates": [-118.255425410589, 34.7674418175161]}, "properties": {"OBJECTID": 8046, "CECPlantID": "S0729", "PlantName": "Antelope Expansion 1B", "Retired_Plant": 0, "OperatorCompanyID": "S-Power (Sustainable Power Group)", "County": "Los Angeles", "Capacity_Latest": 17, "Units": "Unit 1", "PriEnergySource": "SUN", "StartDate": 1669766400000, "CEC_Jurisdictional": "0"}}, {"type": "Feature", "id": 8047, "geometry": {"type": "Point", "coordinates": [-118.288328178313, 34.6661812396001]}, "properties": {"OBJECTID": 8047, "CECPlantID": "S0261", "PlantName": "Radiance Solar 4", "Retired_Plant": 0, "OperatorCompanyID": "QE - Foresight Group US", "County": "Los Angeles", "Capacity_Latest": 1.5, "Units": "1", "PriEnergySource": "SUN", "StartDate": 1372636800000, "CEC_Jurisdictional": "0"}}, {"type": "Feature", "id": 8049, "geometry": {"type": "Point", "coordinates": [-118.292110245192, 34.8181763868128]}, "properties": {"OBJECTID": 8049, "CECPlantID": "S0803", "PlantName": "Estrella", "Retired_Plant": 0, "OperatorCompanyID": "S-Power (Sustainable Power Group)", "County": "Los Angeles", "Capacity_Latest": 56, "Units": "ESPV", "PriEnergySource": "SUN", "StartDate": 1703808000000, "CEC_Jurisdictional": "0"}}, {"type": "Feature", "id": 8050, "geometry": {"type": "Point", "coordinates": [-118.287017696961, 34.6646505485117]}, "properties": {"OBJECTID": 8050, "CECPlantID": "S0262", "PlantName": "Radiance Solar 5", "Retired_Plant": 0, "OperatorCompanyID": "QE - Foresight Group US", "County": "Los Angeles", "Capacity_Latest": 1.5, "Units": "1", "PriEnergySource": "SUN", "StartDate": 1372636800000, "CEC_Jurisdictional": "0"}}, {"type": "Feature", "id": 8052, "geometry": {"type": "Point", "coordinates": [-118.285830604304, 34.842846551849]}, "properties": {"OBJECTID": 8052, "CECPlantID": "S0807", "PlantName": "Raceway AV", "Retired_Plant": 0, "OperatorCompanyID": "S-Power (Sustainable Power Group)", "County": "Kern", "Capacity_Latest": 125, "Units": "Unit 1", "PriEnergySource": "SUN", "StartDate": 1711497600000, "CEC_Jurisdictional": "0"}}, {"type": "Feature", "id": 8053, "geometry": {"type": "Point", "coordinates": [-118.329981256065, 34.6865517673434]}, "properties": {"OBJECTID": 8053, "CECPlantID": "S0271", "PlantName": "Western Antelope Blue Sky Ranch A ", "Retired_Plant": 0, "OperatorCompanyID": "Sustainable Power", "County": "Los Angeles", "Capacity_Latest": 20, "Units": "1", "PriEnergySource": "SUN", "StartDate": 1414800000000, "CEC_Jurisdictional": "0"}}, {"type": "Feature", "id": 8056, "geometry": {"type": "Point", "coordinates": [-118.327825560305, 34.693486994221]}, "properties": {"OBJECTID": 8056, "CECPlantID": "S0318", "PlantName": "West Antelope Solar Park", "Retired_Plant": 0, "OperatorCompanyID": "Onward Energy", "County": "Los Angeles", "Capacity_Latest": 20, "Units": "1", "PriEnergySource": "SUN", "StartDate": 1415577600000, "CEC_Jurisdictional": "0"}}, {"type": "Feature", "id": 8058, "geometry": {"type": "Point", "coordinates": [-118.234259507691, 34.6945852408768]}, "properties": {"OBJECTID": 8058, "CECPlantID": "S0356", "PlantName": "CA State Prison LA County (CSPL)", "Retired_Plant": 0, "OperatorCompanyID": "Silicon Ranch Corporation", "County": "Los Angeles", "Capacity_Latest": 2, "Units": "1", "PriEnergySource": "SUN", "StartDate": 1355875200000, "CEC_Jurisdictional": "0"}}, {"type": "Feature", "id": 8062, "geometry": {"type": "Point", "coordinates": [-118.333842743141, 34.7030175238951]}, "properties": {"OBJECTID": 8062, "CECPlantID": "S0432", "PlantName": "Sierra Solar Greenworks LLC", "Retired_Plant": 0, "OperatorCompanyID": "S-Power (Sustainable Power Group)", "County": "Los Angeles", "Capacity_Latest": 20, "Units": "Unit 1", "PriEnergySource": "SUN", "StartDate": 1446336000000, "CEC_Jurisdictional": "0"}}, {"type": "Feature", "id": 8065, "geometry": {"type": "Point", "coordinates": [-118.287249770323, 34.6914769164046]}, "properties": {"OBJECTID": 8065, "CECPlantID": "S0548", "PlantName": "Antelope Big Sky Ranch", "Retired_Plant": 0, "OperatorCompanyID": "S-Power (Sustainable Power Group)", "County": "Los Angeles", "Capacity_Latest": 20, "Units": "Unit 1", "PriEnergySource": "SUN", "StartDate": 1471564800000, "CEC_Jurisdictional": "0"}}, {"type": "Feature", "id": 8066, "geometry": {"type": "Point", "coordinates": [-119.018824797115, 35.3733339601649]}, "properties": {"OBJECTID": 8066, "CECPlantID": "G0291", "PlantName": "Kern", "Retired_Plant": 1, "OperatorCompanyID": "Pacific Gas & Electric (PG&E)", "County": "Kern", "Capacity_Latest": 0, "Units": "1", "PriEnergySource": "NG", "StartDate": 946684800000, "CEC_Jurisdictional": "0"}}, {"type": "Feature", "id": 8067, "geometry": {"type": "Point", "coordinates": [-118.228664141273, 34.7006016158608]}, "properties": {"OBJECTID": 8067, "CECPlantID": "S0549", "PlantName": "Central Antelope Dry Ranch C", "Retired_Plant": 0, "OperatorCompanyID": "S-Power (Sustainable Power Group)", "County": "Los Angeles", "Capacity_Latest": 20, "Units": "Unit 1", "PriEnergySource": "SUN", "StartDate": 1462492800000, "CEC_Jurisdictional": "0"}}, {"type": "Feature", "id": 8069, "geometry": {"type": "Point", "coordinates": [-118.285593951981, 34.6560905146677]}, "properties": {"OBJECTID": 8069, "CECPlantID": "S0552", "PlantName": "Antelope DSR 1 - Big Sky Solar 1", "Retired_Plant": 0, "OperatorCompanyID": "S-Power (Sustainable Power Group)", "County": "Los Angeles", "Capacity_Latest": 50, "Units": "Unit 1", "PriEnergySource": "SUN", "StartDate": 1482192000000, "CEC_Jurisdictional": "0"}}, {"type": "Feature", "id": 8071, "geometry": {"type": "Point", "coordinates": [-118.313321233942, 34.6596600744176]}, "properties": {"OBJECTID": 8071, "CECPlantID": "S0553", "PlantName": "Antelope DSR 2 - Big Sky Solar 2", "Retired_Plant": 0, "OperatorCompanyID": "S-Power (Sustainable Power Group)", "County": "Los Angeles", "Capacity_Latest": 5, "Units": "Unit 1", "PriEnergySource": "SUN", "StartDate": 1482192000000, "CEC_Jurisdictional": "0"}}, {"type": "Feature", "id": 8073, "geometry": {"type": "Point", "coordinates": [-117.034187471833, 33.2183460469721]}, "properties": {"OBJECTID": 8073, "CECPlantID": "H0411", "PlantName": "Rincon", "Retired_Plant": 0, "OperatorCompanyID": "City of Escondido", "County": "San Diego", "Capacity_Latest": 0, "Units": "1", "PriEnergySource": "WAT", "StartDate": 946684800000, "CEC_Jurisdictional": "0"}}, {"type": "Feature", "id": 8074, "geometry": {"type": "Point", "coordinates": [-118.303390873111, 34.7269230802846]}, "properties": {"OBJECTID": 8074, "CECPlantID": "S0556", "PlantName": "Elevation Solar C", "Retired_Plant": 0, "OperatorCompanyID": "S-Power (Sustainable Power Group)", "County": "Los Angeles", "Capacity_Latest": 40, "Units": "Unit 1", "PriEnergySource": "SUN", "StartDate": 1480636800000, "CEC_Jurisdictional": "0"}}, {"type": "Feature", "id": 8076, "geometry": {"type": "Point", "coordinates": [-120.659974076552, 35.2826104279526]}, "properties": {"OBJECTID": 8076, "CECPlantID": "H0455", "PlantName": "San Luis Obispo 1", "Retired_Plant": 0, "OperatorCompanyID": "California Department of Water Resources", "County": "San Luis Obispo", "Capacity_Latest": 0, "Units": "1", "PriEnergySource": "WAT", "StartDate": 1420070400000, "CEC_Jurisdictional": "0"}}, {"type": "Feature", "id": 8077, "geometry": {"type": "Point", "coordinates": [-118.293631077781, 34.6613015917581]}, "properties": {"OBJECTID": 8077, "CECPlantID": "S0558", "PlantName": "Solverde 1", "Retired_Plant": 0, "OperatorCompanyID": "S-Power (Sustainable Power Group)", "County": "Los Angeles", "Capacity_Latest": 85, "Units": "Unit 1", "PriEnergySource": "SUN", "StartDate": 1482192000000, "CEC_Jurisdictional": "0"}}, {"type": "Feature", "id": 8078, "geometry": {"type": "Point", "coordinates": [-117.186909980275, 34.1134948216491]}, "properties": {"OBJECTID": 8078, "CECPlantID": "H0461", "PlantName": "Santa Ana 2 (Non-operational)", "Retired_Plant": 1, "OperatorCompanyID": "Southern California Edison (SCE)", "County": "San Bernardino", "Capacity_Latest": 0, "Units": "1, 2", "PriEnergySource": "WAT", "StartDate": -2040854400000, "CEC_Jurisdictional": "0"}}, {"type": "Feature", "id": 8079, "geometry": {"type": "Point", "coordinates": [-118.312761169706, 34.7156866845139]}, "properties": {"OBJECTID": 8079, "CECPlantID": "S0559", "PlantName": "Summer Solar", "Retired_Plant": 0, "OperatorCompanyID": "S-Power (Sustainable Power Group)", "County": "Los Angeles", "Capacity_Latest": 20, "Units": "Unit 1", "PriEnergySource": "SUN", "StartDate": 1469404800000, "CEC_Jurisdictional": "0"}}, {"type": "Feature", "id": 8081, "geometry": {"type": "Point", "coordinates": [-118.312641159674, 34.7270461297492]}, "properties": {"OBJECTID": 8081, "CECPlantID": "S0560", "PlantName": "North Lancaster Ranch", "Retired_Plant": 0, "OperatorCompanyID": "S-Power (Sustainable Power Group)", "County": "Los Angeles", "Capacity_Latest": 20, "Units": "Unit 1", "PriEnergySource": "SUN", "StartDate": 1483142400000, "CEC_Jurisdictional": "0"}}, {"type": "Feature", "id": 8083, "geometry": {"type": "Point", "coordinates": [-118.312855516253, 34.687240454431]}, "properties": {"OBJECTID": 8083, "CECPlantID": "S0568", "PlantName": "Western Antelope Blue Sky Ranch B", "Retired_Plant": 0, "OperatorCompanyID": "S-Power (Sustainable Power Group)", "County": "Los Angeles", "Capacity_Latest": 20, "Units": "Unit 1", "PriEnergySource": "SUN", "StartDate": 1480636800000, "CEC_Jurisdictional": "0"}}, {"type": "Feature", "id": 8085, "geometry": {"type": "Point", "coordinates": [-119.692888283886, 35.6161537115267]}, "properties": {"OBJECTID": 8085, "CECPlantID": "S0371", "PlantName": "SCE - Isis", "Retired_Plant": 0, "OperatorCompanyID": "Not Available", "County": "Kern", "Capacity_Latest": 0, "Units": "1", "PriEnergySource": "SUN", "StartDate": 946684800000, "CEC_Jurisdictional": "0"}}, {"type": "Feature", "id": 8086, "geometry": {"type": "Point", "coordinates": [-118.305606126608, 34.7168601440649]}, "properties": {"OBJECTID": 8086, "CECPlantID": "S0592", "PlantName": "Lancaster B", "Retired_Plant": 0, "OperatorCompanyID": "Not Available", "County": "Los Angeles", "Capacity_Latest": 3, "Units": "Unit 1", "PriEnergySource": "SUN", "StartDate": 1492819200000, "CEC_Jurisdictional": "0"}}, {"type": "Feature", "id": 8087, "geometry": {"type": "Point", "coordinates": [-119.692781063869, 35.6161537115335]}, "properties": {"OBJECTID": 8087, "CECPlantID": "S0456", "PlantName": "Kern Solar Ranch", "Retired_Plant": 0, "OperatorCompanyID": "Clearlight Energy", "County": "Kern", "Capacity_Latest": 0, "Units": null, "PriEnergySource": null, "StartDate": null, "CEC_Jurisdictional": "0"}}, {"type": "Feature", "id": 8089, "geometry": {"type": "Point", "coordinates": [-118.281530419623, 34.7175060085619]}, "properties": {"OBJECTID": 8089, "CECPlantID": "S0597", "PlantName": "Portal Ridge B, LLC", "Retired_Plant": 0, "OperatorCompanyID": "D. E. Shaw", "County": "Los Angeles", "Capacity_Latest": 20, "Units": "PRB", "PriEnergySource": "SUN", "StartDate": 1487116800000, "CEC_Jurisdictional": "0"}}, {"type": "Feature", "id": 8092, "geometry": {"type": "Point", "coordinates": [-118.30520712418, 34.712704084639]}, "properties": {"OBJECTID": 8092, "CECPlantID": "S0598", "PlantName": "Portal Ridge C, LLC", "Retired_Plant": 0, "OperatorCompanyID": "D. E. Shaw", "County": "Los Angeles", "Capacity_Latest": 11.4, "Units": "PRC", "PriEnergySource": "SUN", "StartDate": 1492732800000, "CEC_Jurisdictional": "0"}}, {"type": "Feature", "id": 8094, "geometry": {"type": "Point", "coordinates": [-118.314087436685, 34.6783048973911]}, "properties": {"OBJECTID": 8094, "CECPlantID": "S0613", "PlantName": "Bayshore Solar B", "Retired_Plant": 0, "OperatorCompanyID": "S-Power (Sustainable Power Group)", "County": "Los Angeles", "Capacity_Latest": 20, "Units": "Unit 1", "PriEnergySource": "SUN", "StartDate": 1513728000000, "CEC_Jurisdictional": "0"}}, {"type": "Feature", "id": 8096, "geometry": {"type": "Point", "coordinates": [-118.314194262966, 34.6813428397136]}, "properties": {"OBJECTID": 8096, "CECPlantID": "S0614", "PlantName": "Bayshore Solar C", "Retired_Plant": 0, "OperatorCompanyID": "S-Power (Sustainable Power Group)", "County": "Los Angeles", "Capacity_Latest": 20, "Units": "Unit 1", "PriEnergySource": "SUN", "StartDate": 1513728000000, "CEC_Jurisdictional": "0"}}, {"type": "Feature", "id": 8099, "geometry": {"type": "Point", "coordinates": [-118.298350000136, 34.6678175351855]}, "properties": {"OBJECTID": 8099, "CECPlantID": "S0615", "PlantName": "Bayshore Solar A", "Retired_Plant": 0, "OperatorCompanyID": "S-Power (Sustainable Power Group)", "County": "Los Angeles", "Capacity_Latest": 20, "Units": "Unit 1", "PriEnergySource": "SUN", "StartDate": 1513728000000, "CEC_Jurisdictional": "0"}}, {"type": "Feature", "id": 8100, "geometry": {"type": "Point", "coordinates": [-118.181531993413, 34.7244422532407]}, "properties": {"OBJECTID": 8100, "CECPlantID": "S0627", "PlantName": "Rite Aid - Lancaster", "Retired_Plant": 0, "OperatorCompanyID": "Tesla Inc.", "County": "Los Angeles", "Capacity_Latest": 1.1, "Units": "9352376-CA", "PriEnergySource": "SUN", "StartDate": 1426464000000, "CEC_Jurisdictional": "0"}}, {"type": "Feature", "id": 8101, "geometry": {"type": "Point", "coordinates": [-118.187730711607, 34.6916139143063]}, "properties": {"OBJECTID": 8101, "CECPlantID": "S0645", "PlantName": "Antelope Valley Lancaster Solar 1 (Avenue F)", "Retired_Plant": 0, "OperatorCompanyID": "Tesla Inc.", "County": "Los Angeles", "Capacity_Latest": 3.8, "Units": "Unit 1", "PriEnergySource": "SUN", "StartDate": 1503619200000, "CEC_Jurisdictional": "0"}}, {"type": "Feature", "id": 8102, "geometry": {"type": "Point", "coordinates": [-118.435412339915, 35.1403650436757]}, "properties": {"OBJECTID": 8102, "CECPlantID": "W0486", "PlantName": "Wind Wall Monolith I", "Retired_Plant": 0, "OperatorCompanyID": "Eolus Vind", "County": "Kern", "Capacity_Latest": 19.85, "Units": "WPRS 1", "PriEnergySource": "WND", "StartDate": 1617148800000, "CEC_Jurisdictional": "0"}}, {"type": "Feature", "id": 8104, "geometry": {"type": "Point", "coordinates": [-118.308907194489, 34.7206192602758]}, "properties": {"OBJECTID": 8104, "CECPlantID": "S0669", "PlantName": "Delsur Solar", "Retired_Plant": 0, "OperatorCompanyID": "Not Available", "County": "Los Angeles", "Capacity_Latest": 10, "Units": "Unit 1", "PriEnergySource": "SUN", "StartDate": 1458086400000, "CEC_Jurisdictional": "0"}}, {"type": "Feature", "id": 8105, "geometry": {"type": "Point", "coordinates": [-118.299873373098, 34.7335498972098]}, "properties": {"OBJECTID": 8105, "CECPlantID": "S0694", "PlantName": "Antelope DSR 3", "Retired_Plant": 0, "OperatorCompanyID": "S-Power (Sustainable Power Group)", "County": "Los Angeles", "Capacity_Latest": 20, "Units": "Unit 1", "PriEnergySource": "SUN", "StartDate": 1569456000000, "CEC_Jurisdictional": "0"}}, {"type": "Feature", "id": 8107, "geometry": {"type": "Point", "coordinates": [-118.201830599709, 34.7000205003857]}, "properties": {"OBJECTID": 8107, "CECPlantID": "S9210", "PlantName": "Abby Power  LLC", "Retired_Plant": 0, "OperatorCompanyID": "Not Available", "County": "Los Angeles", "Capacity_Latest": 1.5, "Units": "Unit 1", "PriEnergySource": "SUN", "StartDate": 1419984000000, "CEC_Jurisdictional": "0"}}, {"type": "Feature", "id": 8109, "geometry": {"type": "Point", "coordinates": [-118.432807525439, 35.1399235497877]}, "properties": {"OBJECTID": 8109, "CECPlantID": "W0487", "PlantName": "Wind Wall Monolith II", "Retired_Plant": 0, "OperatorCompanyID": "Eolus Vind", "County": "Kern", "Capacity_Latest": 23.66, "Units": "WPRS 1", "PriEnergySource": "WND", "StartDate": 1617148800000, "CEC_Jurisdictional": "0"}}, {"type": "Feature", "id": 8110, "geometry": {"type": "Point", "coordinates": [-118.201830599709, 34.7000205003857]}, "properties": {"OBJECTID": 8110, "CECPlantID": "S9211", "PlantName": "Amy Solar  LLC", "Retired_Plant": 0, "OperatorCompanyID": "Not Available", "County": "Los Angeles", "Capacity_Latest": 1.5, "Units": "Unit 1", "PriEnergySource": "SUN", "StartDate": 1419984000000, "CEC_Jurisdictional": "0"}}, {"type": "Feature", "id": 8113, "geometry": {"type": "Point", "coordinates": [-118.201830599709, 34.7000205003857]}, "properties": {"OBJECTID": 8113, "CECPlantID": "S9213", "PlantName": "Ayden Power  LLC", "Retired_Plant": 0, "OperatorCompanyID": "Not Available", "County": "Los Angeles", "Capacity_Latest": 1.5, "Units": "Unit 1", "PriEnergySource": "SUN", "StartDate": 1419984000000, "CEC_Jurisdictional": "0"}}, {"type": "Feature", "id": 8115, "geometry": {"type": "Point", "coordinates": [-118.201830599709, 34.7000205003857]}, "properties": {"OBJECTID": 8115, "CECPlantID": "S9215", "PlantName": "Carly Solar  LLC", "Retired_Plant": 0, "OperatorCompanyID": "Not Available", "County": "Los Angeles", "Capacity_Latest": 1, "Units": "Unit 1", "PriEnergySource": "SUN", "StartDate": 1419984000000, "CEC_Jurisdictional": "0"}}, {"type": "Feature", "id": 8118, "geometry": {"type": "Point", "coordinates": [-118.201830599709, 34.7000205003857]}, "properties": {"OBJECTID": 8118, "CECPlantID": "S9217", "PlantName": "CSC Solar I  LLC", "Retired_Plant": 0, "OperatorCompanyID": "Not Available", "County": "Los Angeles", "Capacity_Latest": 1.5, "Units": "Unit 1", "PriEnergySource": "SUN", "StartDate": 1419984000000, "CEC_Jurisdictional": "0"}}, {"type": "Feature", "id": 8121, "geometry": {"type": "Point", "coordinates": [-118.201830599709, 34.7000205003857]}, "properties": {"OBJECTID": 8121, "CECPlantID": "S9218", "PlantName": "CSC Solar II  LLC", "Retired_Plant": 0, "OperatorCompanyID": "Not Available", "County": "Los Angeles", "Capacity_Latest": 1, "Units": "Unit 1", "PriEnergySource": "SUN", "StartDate": 1419984000000, "CEC_Jurisdictional": "0"}}, {"type": "Feature", "id": 8124, "geometry": {"type": "Point", "coordinates": [-118.201830599709, 34.7000205003857]}, "properties": {"OBJECTID": 8124, "CECPlantID": "S9219", "PlantName": "CSC Solar  LLC", "Retired_Plant": 0, "OperatorCompanyID": "Not Available", "County": "Los Angeles", "Capacity_Latest": 1.5, "Units": "Unit 1", "PriEnergySource": "SUN", "StartDate": 1419984000000, "CEC_Jurisdictional": "0"}}, {"type": "Feature", "id": 8127, "geometry": {"type": "Point", "coordinates": [-118.201830599709, 34.7000205003857]}, "properties": {"OBJECTID": 8127, "CECPlantID": "S9220", "PlantName": "D2 Solar 1  LLC", "Retired_Plant": 0, "OperatorCompanyID": "Not Available", "County": "Los Angeles", "Capacity_Latest": 1.5, "Units": "Unit 1", "PriEnergySource": "SUN", "StartDate": 1419984000000, "CEC_Jurisdictional": "0"}}, {"type": "Feature", "id": 8128, "geometry": {"type": "Point", "coordinates": [-117.55410200047, 33.9916110000777]}, "properties": {"OBJECTID": 8128, "CECPlantID": "S0832", "PlantName": "Amazon - Eastvale - DCA2", "Retired_Plant": 0, "OperatorCompanyID": "MN8 Energy", "County": "Riverside", "Capacity_Latest": 1.5, "Units": "GEN1", "PriEnergySource": "SUN", "StartDate": 1544832000000, "CEC_Jurisdictional": "0"}}, {"type": "Feature", "id": 8130, "geometry": {"type": "Point", "coordinates": [-118.201830599709, 34.7000205003857]}, "properties": {"OBJECTID": 8130, "CECPlantID": "S9221", "PlantName": "D2 Solar 2  LLC", "Retired_Plant": 0, "OperatorCompanyID": "Not Available", "County": "Los Angeles", "Capacity_Latest": 1.5, "Units": "Unit 1", "PriEnergySource": "SUN", "StartDate": 1419984000000, "CEC_Jurisdictional": "0"}}, {"type": "Feature", "id": 8132, "geometry": {"type": "Point", "coordinates": [-118.201830599709, 34.7000205003857]}, "properties": {"OBJECTID": 8132, "CECPlantID": "S9223", "PlantName": "DT Solar 1  LLC", "Retired_Plant": 0, "OperatorCompanyID": "Not Available", "County": "Los Angeles", "Capacity_Latest": 1.5, "Units": "Unit 1", "PriEnergySource": "SUN", "StartDate": 1419984000000, "CEC_Jurisdictional": "0"}}, {"type": "Feature", "id": 8134, "geometry": {"type": "Point", "coordinates": [-117.552824999741, 33.9976619998356]}, "properties": {"OBJECTID": 8134, "CECPlantID": "S0833", "PlantName": "Amazon - Eastvale - LGB3", "Retired_Plant": 0, "OperatorCompanyID": "MN8 Energy", "County": "Riverside", "Capacity_Latest": 2.4, "Units": "GEN1", "PriEnergySource": "SUN", "StartDate": 1551312000000, "CEC_Jurisdictional": "0"}}, {"type": "Feature", "id": 8135, "geometry": {"type": "Point", "coordinates": [-118.201830599709, 34.7000205003857]}, "properties": {"OBJECTID": 8135, "CECPlantID": "S9224", "PlantName": "DT Solar 2  LLC", "Retired_Plant": 0, "OperatorCompanyID": "Not Available", "County": "Los Angeles", "Capacity_Latest": 1.5, "Units": "Unit 1", "PriEnergySource": "SUN", "StartDate": 1419984000000, "CEC_Jurisdictional": "0"}}, {"type": "Feature", "id": 8138, "geometry": {"type": "Point", "coordinates": [-118.201830599709, 34.7000205003857]}, "properties": {"OBJECTID": 8138, "CECPlantID": "S9225", "PlantName": "DT Solar 3  LLC", "Retired_Plant": 0, "OperatorCompanyID": "Not Available", "County": "Los Angeles", "Capacity_Latest": 1, "Units": "Unit 1", "PriEnergySource": "SUN", "StartDate": 1419984000000, "CEC_Jurisdictional": "0"}}, {"type": "Feature", "id": 8139, "geometry": {"type": "Point", "coordinates": [-117.203701000272, 34.0779029996249]}, "properties": {"OBJECTID": 8139, "CECPlantID": "S0834", "PlantName": "Amazon - Redland - LGB4", "Retired_Plant": 0, "OperatorCompanyID": "MN8 Energy", "County": "San Bernardino", "Capacity_Latest": 1.9, "Units": "GEN1", "PriEnergySource": "SUN", "StartDate": 1551916800000, "CEC_Jurisdictional": "0"}}, {"type": "Feature", "id": 8141, "geometry": {"type": "Point", "coordinates": [-118.174963188012, 34.5937405154016]}, "properties": {"OBJECTID": 8141, "CECPlantID": "S9226", "PlantName": "Erika Solar  LLC", "Retired_Plant": 0, "OperatorCompanyID": "Not Available", "County": "Los Angeles", "Capacity_Latest": 1.5, "Units": "Unit 1", "PriEnergySource": "SUN", "StartDate": 1419984000000, "CEC_Jurisdictional": "0"}}, {"type": "Feature", "id": 8143, "geometry": {"type": "Point", "coordinates": [-118.201830599709, 34.7000205003857]}, "properties": {"OBJECTID": 8143, "CECPlantID": "S9230", "PlantName": "Kell Solar 1  LLC", "Retired_Plant": 0, "OperatorCompanyID": "Not Available", "County": "Los Angeles", "Capacity_Latest": 1, "Units": "Unit 1", "PriEnergySource": "SUN", "StartDate": 1419984000000, "CEC_Jurisdictional": "0"}}, {"type": "Feature", "id": 8145, "geometry": {"type": "Point", "coordinates": [-118.201830599709, 34.7000205003857]}, "properties": {"OBJECTID": 8145, "CECPlantID": "S9231", "PlantName": "Kell Solar 2  LLC", "Retired_Plant": 0, "OperatorCompanyID": "Not Available", "County": "Los Angeles", "Capacity_Latest": 1, "Units": "Unit 1", "PriEnergySource": "SUN", "StartDate": 1419984000000, "CEC_Jurisdictional": "0"}}, {"type": "Feature", "id": 8148, "geometry": {"type": "Point", "coordinates": [-118.201830599709, 34.7000205003857]}, "properties": {"OBJECTID": 8148, "CECPlantID": "S9232", "PlantName": "Lancaster Del Sur Ranch C2 LLC", "Retired_Plant": 0, "OperatorCompanyID": "Not Available", "County": "Los Angeles", "Capacity_Latest": 1.5, "Units": "Unit 1", "PriEnergySource": "SUN", "StartDate": 1419984000000, "CEC_Jurisdictional": "0"}}, {"type": "Feature", "id": 8150, "geometry": {"type": "Point", "coordinates": [-117.4036189999, 34.1293910002023]}, "properties": {"OBJECTID": 8150, "CECPlantID": "S0835", "PlantName": "Amazon - Rialto - LGB8", "Retired_Plant": 0, "OperatorCompanyID": "MN8 Energy", "County": "San Bernardino", "Capacity_Latest": 2.2, "Units": "GEN1", "PriEnergySource": "SUN", "StartDate": 1544832000000, "CEC_Jurisdictional": "0"}}, {"type": "Feature", "id": 8152, "geometry": {"type": "Point", "coordinates": [-118.18188437352, 34.7249923772796]}, "properties": {"OBJECTID": 8152, "CECPlantID": "S9237", "PlantName": "Lola Energy 1  LLC", "Retired_Plant": 0, "OperatorCompanyID": "Not Available", "County": "Los Angeles", "Capacity_Latest": 1, "Units": "Unit 1", "PriEnergySource": "SUN", "StartDate": 1419984000000, "CEC_Jurisdictional": "0"}}, {"type": "Feature", "id": 8155, "geometry": {"type": "Point", "coordinates": [-118.180904646355, 34.7249923783377]}, "properties": {"OBJECTID": 8155, "CECPlantID": "S9238", "PlantName": "Lola Energy 2  LLC", "Retired_Plant": 0, "OperatorCompanyID": "Not Available", "County": "Los Angeles", "Capacity_Latest": 1, "Units": "Unit 1", "PriEnergySource": "SUN", "StartDate": 1419984000000, "CEC_Jurisdictional": "0"}}, {"type": "Feature", "id": 8156, "geometry": {"type": "Point", "coordinates": [-117.298752999741, 33.8806269996803]}, "properties": {"OBJECTID": 8156, "CECPlantID": "S0836", "PlantName": "Amazon - Riverside - LGB6", "Retired_Plant": 0, "OperatorCompanyID": "MN8 Energy", "County": "Riverside", "Capacity_Latest": 2.4, "Units": "GEN1", "PriEnergySource": "SUN", "StartDate": 1545091200000, "CEC_Jurisdictional": "0"}}, {"type": "Feature", "id": 8157, "geometry": {"type": "Point", "coordinates": [-118.171466599721, 34.5855492997134]}, "properties": {"OBJECTID": 8157, "CECPlantID": "S9239", "PlantName": "Niner Energy 1 LLC", "Retired_Plant": 0, "OperatorCompanyID": "Not Available", "County": "Los Angeles", "Capacity_Latest": 1.5, "Units": "Unit 1", "PriEnergySource": "SUN", "StartDate": 1419984000000, "CEC_Jurisdictional": "0"}}, {"type": "Feature", "id": 8158, "geometry": {"type": "Point", "coordinates": [-120.13080132759, 34.4824278596504]}, "properties": {"OBJECTID": 8158, "CECPlantID": "E0316", "PlantName": "Tajiguas Biogas Engines (CAISO)", "Retired_Plant": 0, "OperatorCompanyID": "Not Available", "County": "Santa Barbara", "Capacity_Latest": 1.99, "Units": "Unit 1", "PriEnergySource": "OBG", "StartDate": 1656028800000, "CEC_Jurisdictional": "0"}}, {"type": "Feature", "id": 8159, "geometry": {"type": "Point", "coordinates": [-118.171466599721, 34.5855492997134]}, "properties": {"OBJECTID": 8159, "CECPlantID": "S9240", "PlantName": "Niner Energy 2 LLC", "Retired_Plant": 0, "OperatorCompanyID": "Not Available", "County": "Los Angeles", "Capacity_Latest": 1.5, "Units": "Unit 1", "PriEnergySource": "SUN", "StartDate": 1419984000000, "CEC_Jurisdictional": "0"}}, {"type": "Feature", "id": 8160, "geometry": {"type": "Point", "coordinates": [-119.395081942063, 35.2139165704976]}, "properties": {"OBJECTID": 8160, "CECPlantID": "S0770", "PlantName": "Eagle Creek (CAISO)", "Retired_Plant": 0, "OperatorCompanyID": "Not Available", "County": "Kern", "Capacity_Latest": 3, "Units": "Unit 1", "PriEnergySource": "SUN", "StartDate": 1576886400000, "CEC_Jurisdictional": "0"}}, {"type": "Feature", "id": 8162, "geometry": {"type": "Point", "coordinates": [-117.355641687217, 35.7971609953193]}, "properties": {"OBJECTID": 8162, "CECPlantID": "S0817", "PlantName": "Trona Solar III (CAISO)", "Retired_Plant": 0, "OperatorCompanyID": "Not Available", "County": "Inyo", "Capacity_Latest": 2, "Units": "Unit 1", "PriEnergySource": "SUN", "StartDate": 1681344000000, "CEC_Jurisdictional": "0"}}, {"type": "Feature", "id": 8163, "geometry": {"type": "Point", "coordinates": [-118.171466599721, 34.5855492997134]}, "properties": {"OBJECTID": 8163, "CECPlantID": "S9241", "PlantName": "Niner Energy 3 LLC", "Retired_Plant": 0, "OperatorCompanyID": "Not Available", "County": "Los Angeles", "Capacity_Latest": 1, "Units": "Unit 1", "PriEnergySource": "SUN", "StartDate": 1419984000000, "CEC_Jurisdictional": "0"}}, {"type": "Feature", "id": 8166, "geometry": {"type": "Point", "coordinates": [-118.290606953848, 34.7140681026518]}, "properties": {"OBJECTID": 8166, "CECPlantID": "S9242", "PlantName": "Rodeo Solar A2 LLC", "Retired_Plant": 0, "OperatorCompanyID": "Not Available", "County": "Los Angeles", "Capacity_Latest": 1.5, "Units": "Unit 1", "PriEnergySource": "SUN", "StartDate": 1419984000000, "CEC_Jurisdictional": "0"}}, {"type": "Feature", "id": 8168, "geometry": {"type": "Point", "coordinates": [-119.138358247373, 34.2089851449717]}, "properties": {"OBJECTID": 8168, "CECPlantID": "G1081", "PlantName": "Procter and Gamble Oxnard I (duplicate of G0468)", "Retired_Plant": 0, "OperatorCompanyID": null, "County": "Ventura", "Capacity_Latest": 19.9, "Units": "Unit 1", "PriEnergySource": "NG", "StartDate": 1596240000000, "CEC_Jurisdictional": "0"}}, {"type": "Feature", "id": 8169, "geometry": {"type": "Point", "coordinates": [-118.293167524122, 34.7122780493063]}, "properties": {"OBJECTID": 8169, "CECPlantID": "S9243", "PlantName": "Rodeo Solar B2 LLC", "Retired_Plant": 0, "OperatorCompanyID": "Not Available", "County": "Los Angeles", "Capacity_Latest": 1.5, "Units": "Unit 1", "PriEnergySource": "SUN", "StartDate": 1419984000000, "CEC_Jurisdictional": "0"}}, {"type": "Feature", "id": 8170, "geometry": {"type": "Point", "coordinates": [-117.272353000155, 34.0784219998136]}, "properties": {"OBJECTID": 8170, "CECPlantID": "S0838", "PlantName": "Amazon - San Bernadino - SNA7", "Retired_Plant": 0, "OperatorCompanyID": "MN8 Energy", "County": "San Bernardino", "Capacity_Latest": 1.95, "Units": "GEN1", "PriEnergySource": "SUN", "StartDate": 1544140800000, "CEC_Jurisdictional": "0"}}, {"type": "Feature", "id": 8171, "geometry": {"type": "Point", "coordinates": [-119.085938241158, 34.2254101327341]}, "properties": {"OBJECTID": 8171, "CECPlantID": "H0631", "PlantName": "Springville Hydroelectric Generator (CAISO) (duplicate of H0076)", "Retired_Plant": 0, "OperatorCompanyID": "Not Available", "County": "Ventura", "Capacity_Latest": 1, "Units": "Unit 1", "PriEnergySource": "WAT", "StartDate": 1461024000000, "CEC_Jurisdictional": "0"}}, {"type": "Feature", "id": 8172, "geometry": {"type": "Point", "coordinates": [-118.292051286936, 34.7122846183732]}, "properties": {"OBJECTID": 8172, "CECPlantID": "S9244", "PlantName": "Rodeo Solar C2 LLC", "Retired_Plant": 0, "OperatorCompanyID": "S-Power (Sustainable Power Group)", "County": "Los Angeles", "Capacity_Latest": 1.5, "Units": "Unit 1", "PriEnergySource": "SUN", "StartDate": 1402012800000, "CEC_Jurisdictional": "0"}}, {"type": "Feature", "id": 8174, "geometry": {"type": "Point", "coordinates": [-115.581609050873, 32.6686097840042]}, "properties": {"OBJECTID": 8174, "CECPlantID": "S0741", "PlantName": "Silver Ridge Mount Signal 2 (CAISO)", "Retired_Plant": 0, "OperatorCompanyID": "Not Available", "County": "Imperial", "Capacity_Latest": 150, "Units": "Unit 1", "PriEnergySource": "SUN", "StartDate": 1575590400000, "CEC_Jurisdictional": "0"}}, {"type": "Feature", "id": 8175, "geometry": {"type": "Point", "coordinates": [-118.290602686696, 34.7123233664632]}, "properties": {"OBJECTID": 8175, "CECPlantID": "S9245", "PlantName": "Rodeo Solar D2 LLC", "Retired_Plant": 0, "OperatorCompanyID": "S-Power (Sustainable Power Group)", "County": "Los Angeles", "Capacity_Latest": 1.5, "Units": "Unit 1", "PriEnergySource": "SUN", "StartDate": 1402012800000, "CEC_Jurisdictional": "0"}}, {"type": "Feature", "id": 8177, "geometry": {"type": "Point", "coordinates": [-115.671673596107, 32.6840511554049]}, "properties": {"OBJECTID": 8177, "CECPlantID": "S0738", "PlantName": "Blue Hornet Solar (CAISO) (duplicate of S0727)", "Retired_Plant": 0, "OperatorCompanyID": "Not Available", "County": "Imperial", "Capacity_Latest": 100, "Units": "Unit 1", "PriEnergySource": "SUN", "StartDate": 1667520000000, "CEC_Jurisdictional": "0"}}, {"type": "Feature", "id": 8178, "geometry": {"type": "Point", "coordinates": [-117.99748199966, 33.8780700004642]}, "properties": {"OBJECTID": 8178, "CECPlantID": "S0839", "PlantName": "Amway", "Retired_Plant": 0, "OperatorCompanyID": "MN8 Energy", "County": "Orange", "Capacity_Latest": 1.18, "Units": "GEN1", "PriEnergySource": "SUN", "StartDate": 1511222400000, "CEC_Jurisdictional": "0"}}, {"type": "Feature", "id": 8179, "geometry": {"type": "Point", "coordinates": [-118.274167000638, 34.7088890000651]}, "properties": {"OBJECTID": 8179, "CECPlantID": "S9246", "PlantName": "Sandra Energy  LLC", "Retired_Plant": 0, "OperatorCompanyID": "Not Available", "County": "Los Angeles", "Capacity_Latest": 1.5, "Units": "Unit 1", "PriEnergySource": "SUN", "StartDate": 1419984000000, "CEC_Jurisdictional": "0"}}, {"type": "Feature", "id": 8180, "geometry": {"type": "Point", "coordinates": [-116.085300278631, 33.0843532996871]}, "properties": {"OBJECTID": 8180, "CECPlantID": "S0824", "PlantName": "Ocotillo Wells (Hybrid) (CAISO)", "Retired_Plant": 0, "OperatorCompanyID": "Not Available", "County": "San Diego", "Capacity_Latest": 50, "Units": "Unit 1", "PriEnergySource": "SUN", "StartDate": 1693526400000, "CEC_Jurisdictional": "0"}}, {"type": "Feature", "id": 8182, "geometry": {"type": "Point", "coordinates": [-118.296549400373, 34.7316339241999]}, "properties": {"OBJECTID": 8182, "CECPlantID": "S9247", "PlantName": "Summer Solar A2 LLC", "Retired_Plant": 0, "OperatorCompanyID": "S-Power (Sustainable Power Group)", "County": "Los Angeles", "Capacity_Latest": 1.5, "Units": "Unit 1", "PriEnergySource": "SUN", "StartDate": 1403740800000, "CEC_Jurisdictional": "0"}}, {"type": "Feature", "id": 8183, "geometry": {"type": "Point", "coordinates": [-117.981301999986, 35.1577100002221]}, "properties": {"OBJECTID": 8183, "CECPlantID": "S0840", "PlantName": "California City", "Retired_Plant": 0, "OperatorCompanyID": "MN8 Energy", "County": "Kern", "Capacity_Latest": 1.92, "Units": "GEN1", "PriEnergySource": "SUN", "StartDate": 1530403200000, "CEC_Jurisdictional": "0"}}, {"type": "Feature", "id": 8184, "geometry": {"type": "Point", "coordinates": [-118.296375580978, 34.7274308277556]}, "properties": {"OBJECTID": 8184, "CECPlantID": "S9248", "PlantName": "Summer Solar B2 LLC", "Retired_Plant": 0, "OperatorCompanyID": "S-Power (Sustainable Power Group)", "County": "Los Angeles", "Capacity_Latest": 1.5, "Units": "Unit 1", "PriEnergySource": "SUN", "StartDate": 1403740800000, "CEC_Jurisdictional": "0"}}, {"type": "Feature", "id": 8186, "geometry": {"type": "Point", "coordinates": [-117.328683936946, 35.0190415695318]}, "properties": {"OBJECTID": 8186, "CECPlantID": "S0812", "PlantName": "Lockhart Solar 1 PV (CAISO)", "Retired_Plant": 0, "OperatorCompanyID": "Not Available", "County": "San Bernardino", "Capacity_Latest": 85, "Units": "Unit 1", "PriEnergySource": "SUN", "StartDate": 1689638400000, "CEC_Jurisdictional": "0"}}, {"type": "Feature", "id": 8187, "geometry": {"type": "Point", "coordinates": [-117.127456370142, 32.5869598502067]}, "properties": {"OBJECTID": 8187, "CECPlantID": "S0841", "PlantName": "County of San Diego SBRC", "Retired_Plant": 0, "OperatorCompanyID": "MN8 Energy", "County": "San Diego", "Capacity_Latest": 1.31, "Units": "GEN1", "PriEnergySource": "SUN", "StartDate": 1545868800000, "CEC_Jurisdictional": "0"}}, {"type": "Feature", "id": 8189, "geometry": {"type": "Point", "coordinates": [-118.292049562994, 34.724461570691]}, "properties": {"OBJECTID": 8189, "CECPlantID": "S9249", "PlantName": "Summer Solar C2 LLC", "Retired_Plant": 0, "OperatorCompanyID": "S-Power (Sustainable Power Group)", "County": "Los Angeles", "Capacity_Latest": 1.5, "Units": "Unit 1", "PriEnergySource": "SUN", "StartDate": 1403740800000, "CEC_Jurisdictional": "0"}}, {"type": "Feature", "id": 8190, "geometry": {"type": "Point", "coordinates": [-117.336094223846, 35.0147806546128]}, "properties": {"OBJECTID": 8190, "CECPlantID": "S0813", "PlantName": "Lockhart Solar 2 (CAISO)", "Retired_Plant": 0, "OperatorCompanyID": "Not Available", "County": "San Bernardino", "Capacity_Latest": 75, "Units": "Unit 1", "PriEnergySource": "SUN", "StartDate": 1690329600000, "CEC_Jurisdictional": "0"}}, {"type": "Feature", "id": 8191, "geometry": {"type": "Point", "coordinates": [-118.115352999916, 33.7827620002418]}, "properties": {"OBJECTID": 8191, "CECPlantID": "S0842", "PlantName": "CSU Long Beach - Lot 14", "Retired_Plant": 0, "OperatorCompanyID": "MN8 Energy", "County": "Los Angeles", "Capacity_Latest": 3.72, "Units": "GEN1", "PriEnergySource": "SUN", "StartDate": 1513728000000, "CEC_Jurisdictional": "0"}}, {"type": "Feature", "id": 8192, "geometry": {"type": "Point", "coordinates": [-118.292605781163, 34.7253321707521]}, "properties": {"OBJECTID": 8192, "CECPlantID": "S9250", "PlantName": "Summer Solar D2 LLC", "Retired_Plant": 0, "OperatorCompanyID": "S-Power (Sustainable Power Group)", "County": "Los Angeles", "Capacity_Latest": 1.5, "Units": "Unit 1", "PriEnergySource": "SUN", "StartDate": 1403740800000, "CEC_Jurisdictional": "0"}}, {"type": "Feature", "id": 8193, "geometry": {"type": "Point", "coordinates": [-117.579219457632, 34.5790084136959]}, "properties": {"OBJECTID": 8193, "CECPlantID": "S0816", "PlantName": "Sheep Creek (CAISO)", "Retired_Plant": 0, "OperatorCompanyID": "Not Available", "County": "San Bernardino", "Capacity_Latest": 3, "Units": "Unit 1", "PriEnergySource": "SUN", "StartDate": 1690502400000, "CEC_Jurisdictional": "0"}}, {"type": "Feature", "id": 8195, "geometry": {"type": "Point", "coordinates": [-118.302938412233, 34.7291903675566]}, "properties": {"OBJECTID": 8195, "CECPlantID": "S9251", "PlantName": "Summer North Solar 6.5", "Retired_Plant": 0, "OperatorCompanyID": "S-Power (Sustainable Power Group)", "County": "Los Angeles", "Capacity_Latest": 6.5, "Units": "Unit 1", "PriEnergySource": "SUN", "StartDate": 1418947200000, "CEC_Jurisdictional": "0"}}, {"type": "Feature", "id": 8196, "geometry": {"type": "Point", "coordinates": [-117.347033527766, 34.1731605183857]}, "properties": {"OBJECTID": 8196, "CECPlantID": "E0317", "PlantName": "San Bernardino Biogas (CAISO)", "Retired_Plant": 0, "OperatorCompanyID": "Not Available", "County": "San Bernardino", "Capacity_Latest": 2.6, "Units": "Unit 1", "PriEnergySource": "OBG", "StartDate": 1688083200000, "CEC_Jurisdictional": "0"}}, {"type": "Feature", "id": 8197, "geometry": {"type": "Point", "coordinates": [-117.889427999725, 33.8822819999662]}, "properties": {"OBJECTID": 8197, "CECPlantID": "S0843", "PlantName": "CSUF Nutwood", "Retired_Plant": 0, "OperatorCompanyID": "MN8 Energy", "County": "Orange", "Capacity_Latest": 1.95, "Units": "GEN1", "PriEnergySource": "SUN", "StartDate": 1481846400000, "CEC_Jurisdictional": "0"}}, {"type": "Feature", "id": 8198, "geometry": {"type": "Point", "coordinates": [-118.051762971458, 33.7984862375294]}, "properties": {"OBJECTID": 8198, "CECPlantID": "S0819", "PlantName": "Los Alamitos 1 (Hybrid) (CAISO)", "Retired_Plant": 0, "OperatorCompanyID": "Not Available", "County": "Orange", "Capacity_Latest": 10, "Units": "Unit 1", "PriEnergySource": "SUN", "StartDate": 1699574400000, "CEC_Jurisdictional": "0"}}, {"type": "Feature", "id": 8199, "geometry": {"type": "Point", "coordinates": [-118.295903092573, 34.7236816523781]}, "properties": {"OBJECTID": 8199, "CECPlantID": "S9252", "PlantName": "Summer Solar F2 LLC", "Retired_Plant": 0, "OperatorCompanyID": "Not Available", "County": "Los Angeles", "Capacity_Latest": 1.5, "Units": "Unit 1", "PriEnergySource": "SUN", "StartDate": 1419984000000, "CEC_Jurisdictional": "0"}}, {"type": "Feature", "id": 8201, "geometry": {"type": "Point", "coordinates": [-118.052154235525, 33.7985040215097]}, "properties": {"OBJECTID": 8201, "CECPlantID": "S0820", "PlantName": "Los Alamitos 2 (Hybrid) (CAISO)", "Retired_Plant": 0, "OperatorCompanyID": "Not Available", "County": "Orange", "Capacity_Latest": 10, "Units": "Unit 1", "PriEnergySource": "SUN", "StartDate": 1699574400000, "CEC_Jurisdictional": "0"}}, {"type": "Feature", "id": 8202, "geometry": {"type": "Point", "coordinates": [-118.29576048426, 34.7203606180273]}, "properties": {"OBJECTID": 8202, "CECPlantID": "S9253", "PlantName": "Summer Solar G2 LLC", "Retired_Plant": 0, "OperatorCompanyID": "Not Available", "County": "Los Angeles", "Capacity_Latest": 1.5, "Units": "Unit 1", "PriEnergySource": "SUN", "StartDate": 1419984000000, "CEC_Jurisdictional": "0"}}, {"type": "Feature", "id": 8203, "geometry": {"type": "Point", "coordinates": [-117.889427999725, 33.8822819999662]}, "properties": {"OBJECTID": 8203, "CECPlantID": "S0844", "PlantName": "CSUF State College", "Retired_Plant": 0, "OperatorCompanyID": "MN8 Energy", "County": "Orange", "Capacity_Latest": 1.08, "Units": "GEN1", "PriEnergySource": "SUN", "StartDate": 1481846400000, "CEC_Jurisdictional": "0"}}, {"type": "Feature", "id": 8204, "geometry": {"type": "Point", "coordinates": [-118.220394391201, 33.7781863419053]}, "properties": {"OBJECTID": 8204, "CECPlantID": "E0318", "PlantName": "LB Trigen Fuel Cell 1 (CAISO)", "Retired_Plant": 0, "OperatorCompanyID": "Not Available", "County": "Los Angeles", "Capacity_Latest": 2.8, "Units": "Unit 1", "PriEnergySource": "OBG", "StartDate": 1698364800000, "CEC_Jurisdictional": "0"}}, {"type": "Feature", "id": 8205, "geometry": {"type": "Point", "coordinates": [-118.300514079343, 34.7236425821004]}, "properties": {"OBJECTID": 8205, "CECPlantID": "S9254", "PlantName": "Summer Solar H2 LLC", "Retired_Plant": 0, "OperatorCompanyID": "Not Available", "County": "Los Angeles", "Capacity_Latest": 1.5, "Units": "Unit 1", "PriEnergySource": "SUN", "StartDate": 1419984000000, "CEC_Jurisdictional": "0"}}, {"type": "Feature", "id": 8207, "geometry": {"type": "Point", "coordinates": [-118.05347420075, 34.6544211121774]}, "properties": {"OBJECTID": 8207, "CECPlantID": "S0815", "PlantName": "Arrache 8083 (CAISO)", "Retired_Plant": 0, "OperatorCompanyID": "Not Available", "County": "Los Angeles", "Capacity_Latest": 4, "Units": "Unit 1", "PriEnergySource": "SUN", "StartDate": 1687910400000, "CEC_Jurisdictional": "0"}}, {"type": "Feature", "id": 8208, "geometry": {"type": "Point", "coordinates": [-118.163069418376, 34.6444601676303]}, "properties": {"OBJECTID": 8208, "CECPlantID": "S9259", "PlantName": "Voyager Solar 1  LLC", "Retired_Plant": 0, "OperatorCompanyID": "Not Available", "County": "Los Angeles", "Capacity_Latest": 1.5, "Units": "Unit 1", "PriEnergySource": "SUN", "StartDate": 1419984000000, "CEC_Jurisdictional": "0"}}, {"type": "Feature", "id": 8209, "geometry": {"type": "Point", "coordinates": [-116.986308000494, 32.7806329995077]}, "properties": {"OBJECTID": 8209, "CECPlantID": "S0845", "PlantName": "Grossmont Grossmont HS", "Retired_Plant": 0, "OperatorCompanyID": "MN8 Energy", "County": "San Diego", "Capacity_Latest": 1.35, "Units": "GEN1", "PriEnergySource": "SUN", "StartDate": 1544745600000, "CEC_Jurisdictional": "0"}}, {"type": "Feature", "id": 8210, "geometry": {"type": "Point", "coordinates": [-118.061997192556, 34.647085511873]}, "properties": {"OBJECTID": 8210, "CECPlantID": "S0814", "PlantName": "Arrache 4013 (CAISO)", "Retired_Plant": 0, "OperatorCompanyID": "Not Available", "County": "Los Angeles", "Capacity_Latest": 1.5, "Units": "Unit 1", "PriEnergySource": "SUN", "StartDate": 1701993600000, "CEC_Jurisdictional": "0"}}, {"type": "Feature", "id": 8211, "geometry": {"type": "Point", "coordinates": [-118.161182856058, 34.6444539597409]}, "properties": {"OBJECTID": 8211, "CECPlantID": "S9260", "PlantName": "Voyager Solar 2  LLC", "Retired_Plant": 0, "OperatorCompanyID": "Not Available", "County": "Los Angeles", "Capacity_Latest": 1.5, "Units": "Unit 1", "PriEnergySource": "SUN", "StartDate": 1419984000000, "CEC_Jurisdictional": "0"}}, {"type": "Feature", "id": 8213, "geometry": {"type": "Point", "coordinates": [-118.102360413134, 34.9642014919641]}, "properties": {"OBJECTID": 8213, "CECPlantID": "S0739", "PlantName": "Sanborn Solar 2 (CAISO)", "Retired_Plant": 0, "OperatorCompanyID": "Not Available", "County": "Kern", "Capacity_Latest": 132, "Units": "Unit 1", "PriEnergySource": "SUN", "StartDate": 1671148800000, "CEC_Jurisdictional": "0"}}, {"type": "Feature", "id": 8214, "geometry": {"type": "Point", "coordinates": [-118.162988603239, 34.6430238614786]}, "properties": {"OBJECTID": 8214, "CECPlantID": "S9261", "PlantName": "Voyager Solar 3  LLC", "Retired_Plant": 0, "OperatorCompanyID": "Not Available", "County": "Los Angeles", "Capacity_Latest": 1, "Units": "Unit 1", "PriEnergySource": "SUN", "StartDate": 1419984000000, "CEC_Jurisdictional": "0"}}, {"type": "Feature", "id": 8215, "geometry": {"type": "Point", "coordinates": [-118.174450000455, 34.0508219997612]}, "properties": {"OBJECTID": 8215, "CECPlantID": "S0846", "PlantName": "Internal Services Dept - ISD", "Retired_Plant": 0, "OperatorCompanyID": "MN8 Energy", "County": "Los Angeles", "Capacity_Latest": 1.91, "Units": "GEN1", "PriEnergySource": "SUN", "StartDate": 1600732800000, "CEC_Jurisdictional": "0"}}, {"type": "Feature", "id": 8216, "geometry": {"type": "Point", "coordinates": [-118.089270881939, 34.9643793387713]}, "properties": {"OBJECTID": 8216, "CECPlantID": "S0823", "PlantName": "Sanborn Solar 2 Edwards 5 (Hybrid) (CAISO)", "Retired_Plant": 0, "OperatorCompanyID": "Not Available", "County": "Kern", "Capacity_Latest": 116, "Units": "Unit 1", "PriEnergySource": "SUN", "StartDate": 1700179200000, "CEC_Jurisdictional": "0"}}, {"type": "Feature", "id": 8217, "geometry": {"type": "Point", "coordinates": [-118.320759230487, 34.68619099685]}, "properties": {"OBJECTID": 8217, "CECPlantID": "S9263", "PlantName": "Western Antelope Dry Ranch", "Retired_Plant": 0, "OperatorCompanyID": "S-Power (Sustainable Power Group)", "County": "Los Angeles", "Capacity_Latest": 10, "Units": "Unit 1", "PriEnergySource": "SUN", "StartDate": 1480550400000, "CEC_Jurisdictional": "0"}}, {"type": "Feature", "id": 8218, "geometry": {"type": "Point", "coordinates": [-118.292372250434, 34.7173963489074]}, "properties": {"OBJECTID": 8218, "CECPlantID": "S9413", "PlantName": "Lancaster Dry Farm Ranch B", "Retired_Plant": 0, "OperatorCompanyID": "S-Power (Sustainable Power Group)", "County": "Los Angeles", "Capacity_Latest": 5, "Units": "Unit 1", "PriEnergySource": "SUN", "StartDate": 1418860800000, "CEC_Jurisdictional": "0"}}, {"type": "Feature", "id": 8219, "geometry": {"type": "Point", "coordinates": [-118.116712657554, 34.9641659220962]}, "properties": {"OBJECTID": 8219, "CECPlantID": "S0776", "PlantName": "EdSan 2 Edwards 1A (Hybrid) (CAISO)", "Retired_Plant": 0, "OperatorCompanyID": "Not Available", "County": "Kern", "Capacity_Latest": 166, "Units": "Unit 1", "PriEnergySource": "SUN", "StartDate": 1661558400000, "CEC_Jurisdictional": "0"}}, {"type": "Feature", "id": 8220, "geometry": {"type": "Point", "coordinates": [-118.233706189667, 34.695372228995]}, "properties": {"OBJECTID": 8220, "CECPlantID": "W0466", "PlantName": "CDCR-LAC", "Retired_Plant": 0, "OperatorCompanyID": "Not Available", "County": "Los Angeles", "Capacity_Latest": 1.85, "Units": "WPRS 1", "PriEnergySource": "WND", "StartDate": 1514764800000, "CEC_Jurisdictional": "0"}}, {"type": "Feature", "id": 8222, "geometry": {"type": "Point", "coordinates": [-118.1248046918, 34.962814286463]}, "properties": {"OBJECTID": 8222, "CECPlantID": "S0777", "PlantName": "EdSan 2 Edwards 3 (Hybrid) (CAISO)", "Retired_Plant": 0, "OperatorCompanyID": "Not Available", "County": "Kern", "Capacity_Latest": 24, "Units": "Unit 1", "PriEnergySource": "SUN", "StartDate": 1640822400000, "CEC_Jurisdictional": "0"}}, {"type": "Feature", "id": 8223, "geometry": {"type": "Point", "coordinates": [-118.289210327968, 34.7181457801759]}, "properties": {"OBJECTID": 8223, "CECPlantID": "S0698", "PlantName": "San Pablo Raceway", "Retired_Plant": 0, "OperatorCompanyID": "S-Power (Sustainable Power Group)", "County": "Los Angeles", "Capacity_Latest": 100, "Units": "Unit 1", "PriEnergySource": "SUN", "StartDate": 1564790400000, "CEC_Jurisdictional": "0"}}, {"type": "Feature", "id": 8224, "geometry": {"type": "Point", "coordinates": [-119.148147999603, 35.4188179997958]}, "properties": {"OBJECTID": 8224, "CECPlantID": "S0847", "PlantName": "Kern_Frontier", "Retired_Plant": 0, "OperatorCompanyID": "MN8 Energy", "County": "Kern", "Capacity_Latest": 1.48, "Units": "GEN1", "PriEnergySource": "SUN", "StartDate": 1544659200000, "CEC_Jurisdictional": "0"}}, {"type": "Feature", "id": 8225, "geometry": {"type": "Point", "coordinates": [-118.089474827783, 34.9734908237453]}, "properties": {"OBJECTID": 8225, "CECPlantID": "S0778", "PlantName": "EdSan 2 (Hybrid) (CAISO)", "Retired_Plant": 0, "OperatorCompanyID": "Not Available", "County": "Kern", "Capacity_Latest": 151, "Units": "Unit 1", "PriEnergySource": "SUN", "StartDate": 1648857600000, "CEC_Jurisdictional": "0"}}, {"type": "Feature", "id": 8226, "geometry": {"type": "Point", "coordinates": [-118.324251955526, 34.7259474899417]}, "properties": {"OBJECTID": 8226, "CECPlantID": "S0716", "PlantName": "Antelope Expansion 3A", "Retired_Plant": 0, "OperatorCompanyID": "S-Power (Sustainable Power Group)", "County": "Los Angeles", "Capacity_Latest": 15, "Units": "Unit 1", "PriEnergySource": "SUN", "StartDate": 1624320000000, "CEC_Jurisdictional": "0"}}, {"type": "Feature", "id": 8228, "geometry": {"type": "Point", "coordinates": [-118.133950290071, 35.027108156855]}, "properties": {"OBJECTID": 8228, "CECPlantID": "S0751", "PlantName": "Edsan 2 Edwards Sanborn E1B (CAISO)", "Retired_Plant": 0, "OperatorCompanyID": "Not Available", "County": "Kern", "Capacity_Latest": 166, "Units": "Unit 1", "PriEnergySource": "SUN", "StartDate": 1668902400000, "CEC_Jurisdictional": "0"}}, {"type": "Feature", "id": 8229, "geometry": {"type": "Point", "coordinates": [-118.32439230955, 34.7259564209343]}, "properties": {"OBJECTID": 8229, "CECPlantID": "S0717", "PlantName": "Antelope Expansion 3B", "Retired_Plant": 0, "OperatorCompanyID": "S-Power (Sustainable Power Group)", "County": "Los Angeles", "Capacity_Latest": 5, "Units": "Unit 1", "PriEnergySource": "SUN", "StartDate": 1624320000000, "CEC_Jurisdictional": "0"}}, {"type": "Feature", "id": 8231, "geometry": {"type": "Point", "coordinates": [-118.133000485529, 35.0228340354512]}, "properties": {"OBJECTID": 8231, "CECPlantID": "S0752", "PlantName": "EdSan 2 Sanborn 3 (CAISO)", "Retired_Plant": 0, "OperatorCompanyID": "Not Available", "County": "Kern", "Capacity_Latest": 42, "Units": "Unit 1", "PriEnergySource": "SUN", "StartDate": 1649808000000, "CEC_Jurisdictional": "0"}}, {"type": "Feature", "id": 8232, "geometry": {"type": "Point", "coordinates": [-117.973238729242, 34.655143851985]}, "properties": {"OBJECTID": 8232, "CECPlantID": "S0226", "PlantName": "L-8 Solar Project", "Retired_Plant": 0, "OperatorCompanyID": "West Hills Construction Inc", "County": "Los Angeles", "Capacity_Latest": 1.5, "Units": "1", "PriEnergySource": "SUN", "StartDate": 1337212800000, "CEC_Jurisdictional": "0"}}, {"type": "Feature", "id": 8233, "geometry": {"type": "Point", "coordinates": [-119.128787999542, 35.3662369995994]}, "properties": {"OBJECTID": 8233, "CECPlantID": "S0848", "PlantName": "Kern_Liberty", "Retired_Plant": 0, "OperatorCompanyID": "MN8 Energy", "County": "Kern", "Capacity_Latest": 1.47, "Units": "GEN1", "PriEnergySource": "SUN", "StartDate": 1544659200000, "CEC_Jurisdictional": "0"}}, {"type": "Feature", "id": 8234, "geometry": {"type": "Point", "coordinates": [-118.077349406398, 34.6499757902843]}, "properties": {"OBJECTID": 8234, "CECPlantID": "S0338", "PlantName": "Oasis Solar", "Retired_Plant": 0, "OperatorCompanyID": "Clearway Energy", "County": "Los Angeles", "Capacity_Latest": 20, "Units": "1", "PriEnergySource": "SUN", "StartDate": 1453161600000, "CEC_Jurisdictional": "0"}}, {"type": "Feature", "id": 8235, "geometry": {"type": "Point", "coordinates": [-118.12669106701, 35.0177457952834]}, "properties": {"OBJECTID": 8235, "CECPlantID": "S0753", "PlantName": "Sanborn Solar 2 Edwards Sanborn S4 (CAISO)", "Retired_Plant": 0, "OperatorCompanyID": "Not Available", "County": "Kern", "Capacity_Latest": 36, "Units": "Unit 1", "PriEnergySource": "SUN", "StartDate": 1667174400000, "CEC_Jurisdictional": "0"}}, {"type": "Feature", "id": 8237, "geometry": {"type": "Point", "coordinates": [-118.121942042875, 35.0140144181675]}, "properties": {"OBJECTID": 8237, "CECPlantID": "S0782", "PlantName": "EdSan 1 Edwards 1 (Hybrid) (CAISO)", "Retired_Plant": 0, "OperatorCompanyID": "Not Available", "County": "Kern", "Capacity_Latest": 51, "Units": "Unit 1", "PriEnergySource": "SUN", "StartDate": 1649808000000, "CEC_Jurisdictional": "0"}}, {"type": "Feature", "id": 8238, "geometry": {"type": "Point", "coordinates": [-118.087534762417, 34.6650261753277]}, "properties": {"OBJECTID": 8238, "CECPlantID": "S0435", "PlantName": "Morgan Lancaster I LLC", "Retired_Plant": 0, "OperatorCompanyID": "Coronal Lost Hills, LLC", "County": "Los Angeles", "Capacity_Latest": 1.5, "Units": "Unit 1", "PriEnergySource": "SUN", "StartDate": 1450483200000, "CEC_Jurisdictional": "0"}}, {"type": "Feature", "id": 8240, "geometry": {"type": "Point", "coordinates": [-118.169505020592, 34.6691312819375]}, "properties": {"OBJECTID": 8240, "CECPlantID": "S0737", "PlantName": "Antelope Solar 1B (CAISO) (duplicate of S0729)", "Retired_Plant": 0, "OperatorCompanyID": "Not Available", "County": "Los Angeles", "Capacity_Latest": 17, "Units": "Unit 1", "PriEnergySource": "SUN", "StartDate": 1669161600000, "CEC_Jurisdictional": "0"}}, {"type": "Feature", "id": 8241, "geometry": {"type": "Point", "coordinates": [-118.129269893209, 34.7083442645851]}, "properties": {"OBJECTID": 8241, "CECPlantID": "S0624", "PlantName": "US-TOPCO: Division Site 3 45404", "Retired_Plant": 0, "OperatorCompanyID": "Tesla Inc.", "County": "Los Angeles", "Capacity_Latest": 1, "Units": "9351022-CA", "PriEnergySource": "SUN", "StartDate": 1403568000000, "CEC_Jurisdictional": "0"}}, {"type": "Feature", "id": 8242, "geometry": {"type": "Point", "coordinates": [-118.242804999574, 33.9231689997678]}, "properties": {"OBJECTID": 8242, "CECPlantID": "S0849", "PlantName": "MLK Jr. Hospital - MLK", "Retired_Plant": 0, "OperatorCompanyID": "MN8 Energy", "County": "Los Angeles", "Capacity_Latest": 1.65, "Units": "GEN1", "PriEnergySource": "SUN", "StartDate": 1598313600000, "CEC_Jurisdictional": "0"}}, {"type": "Feature", "id": 8243, "geometry": {"type": "Point", "coordinates": [-118.274724942902, 34.7223564744904]}, "properties": {"OBJECTID": 8243, "CECPlantID": "S0809", "PlantName": "Horn (CAISO)", "Retired_Plant": 0, "OperatorCompanyID": "Not Available", "County": "Los Angeles", "Capacity_Latest": 1.5, "Units": "Unit 1", "PriEnergySource": "SUN", "StartDate": 1692662400000, "CEC_Jurisdictional": "0"}}, {"type": "Feature", "id": 8244, "geometry": {"type": "Point", "coordinates": [-118.129395528187, 34.707841722523]}, "properties": {"OBJECTID": 8244, "CECPlantID": "S0625", "PlantName": "US-TOPCO: Division Site 3 45406", "Retired_Plant": 0, "OperatorCompanyID": "Tesla Inc.", "County": "Los Angeles", "Capacity_Latest": 1.72, "Units": "9351023-CA", "PriEnergySource": "SUN", "StartDate": 1403568000000, "CEC_Jurisdictional": "0"}}, {"type": "Feature", "id": 8246, "geometry": {"type": "Point", "coordinates": [-118.33040348276, 34.8652719335982]}, "properties": {"OBJECTID": 8246, "CECPlantID": "S0822", "PlantName": "Willy 9 Chap (Hybrid) (CAISO)", "Retired_Plant": 0, "OperatorCompanyID": "Not Available", "County": "Kern", "Capacity_Latest": 174, "Units": "Unit 1", "PriEnergySource": "SUN", "StartDate": 1678233600000, "CEC_Jurisdictional": "0"}}, {"type": "Feature", "id": 8247, "geometry": {"type": "Point", "coordinates": [-118.124919892882, 34.7014959000966]}, "properties": {"OBJECTID": 8247, "CECPlantID": "S0626", "PlantName": "US-TOPCO: Kettering Site 1", "Retired_Plant": 0, "OperatorCompanyID": "Tesla Inc.", "County": "Los Angeles", "Capacity_Latest": 1, "Units": "9351024-CA", "PriEnergySource": "SUN", "StartDate": 1405555200000, "CEC_Jurisdictional": "0"}}, {"type": "Feature", "id": 8248, "geometry": {"type": "Point", "coordinates": [-117.200697460158, 33.541172179852]}, "properties": {"OBJECTID": 8248, "CECPlantID": "S0850", "PlantName": "Rancho Water District", "Retired_Plant": 0, "OperatorCompanyID": "MN8 Energy", "County": "Riverside", "Capacity_Latest": 4, "Units": "GEN1", "PriEnergySource": "SUN", "StartDate": 1466640000000, "CEC_Jurisdictional": "0"}}, {"type": "Feature", "id": 8249, "geometry": {"type": "Point", "coordinates": [-118.384698780649, 34.8515299398707]}, "properties": {"OBJECTID": 8249, "CECPlantID": "S0746", "PlantName": "Rosamond West Solar Clean (CAISO) (duplicate of S0700)", "Retired_Plant": 0, "OperatorCompanyID": "Not Available", "County": "Kern", "Capacity_Latest": 40, "Units": "Unit 1", "PriEnergySource": "SUN", "StartDate": 1608508800000, "CEC_Jurisdictional": "0"}}, {"type": "Feature", "id": 8250, "geometry": {"type": "Point", "coordinates": [-118.087951157185, 34.6615257719209]}, "properties": {"OBJECTID": 8250, "CECPlantID": "S0628", "PlantName": "US-TOPCO: Soccer Center", "Retired_Plant": 0, "OperatorCompanyID": "Tesla Inc.", "County": "Los Angeles", "Capacity_Latest": 3.3, "Units": "9353058-CA", "PriEnergySource": "SUN", "StartDate": 1502323200000, "CEC_Jurisdictional": "0"}}, {"type": "Feature", "id": 8252, "geometry": {"type": "Point", "coordinates": [-118.384088191651, 34.8413534588138]}, "properties": {"OBJECTID": 8252, "CECPlantID": "S0747", "PlantName": "Rosamond West Solar East Bay 3 (CAISO) (duplicate of S0700)", "Retired_Plant": 0, "OperatorCompanyID": "Not Available", "County": "Kern", "Capacity_Latest": 56, "Units": "Unit 1", "PriEnergySource": "SUN", "StartDate": 1608508800000, "CEC_Jurisdictional": "0"}}, {"type": "Feature", "id": 8253, "geometry": {"type": "Point", "coordinates": [-117.989624999884, 34.688334999656]}, "properties": {"OBJECTID": 8253, "CECPlantID": "S0666", "PlantName": "Green Beanworks B", "Retired_Plant": 0, "OperatorCompanyID": "S-Power (Sustainable Power Group)", "County": "Los Angeles", "Capacity_Latest": 3, "Units": "Unit 1", "PriEnergySource": "SUN", "StartDate": 1545955200000, "CEC_Jurisdictional": "0"}}, {"type": "Feature", "id": 8254, "geometry": {"type": "Point", "coordinates": [-117.276623250483, 34.1102004302023]}, "properties": {"OBJECTID": 8254, "CECPlantID": "S0851", "PlantName": "RPU - Scheuer", "Retired_Plant": 0, "OperatorCompanyID": "MN8 Energy", "County": "San Bernardino", "Capacity_Latest": 3, "Units": "GEN1", "PriEnergySource": "SUN", "StartDate": 1529280000000, "CEC_Jurisdictional": "0"}}, {"type": "Feature", "id": 8255, "geometry": {"type": "Point", "coordinates": [-118.374590142637, 34.8592640653067]}, "properties": {"OBJECTID": 8255, "CECPlantID": "S0748", "PlantName": "Rosamond West Solar East Bay 4 (CAISO) (duplicate of S0700)", "Retired_Plant": 0, "OperatorCompanyID": "Not Available", "County": "Kern", "Capacity_Latest": 56, "Units": "Unit 1", "PriEnergySource": "SUN", "StartDate": 1608508800000, "CEC_Jurisdictional": "0"}}, {"type": "Feature", "id": 8256, "geometry": {"type": "Point", "coordinates": [-118.081312046536, 34.6554056206439]}, "properties": {"OBJECTID": 8256, "CECPlantID": "S0668", "PlantName": "Green Beanworks D", "Retired_Plant": 0, "OperatorCompanyID": "S-Power (Sustainable Power Group)", "County": "Los Angeles", "Capacity_Latest": 3, "Units": "Unit 1", "PriEnergySource": "SUN", "StartDate": 1535068800000, "CEC_Jurisdictional": "0"}}, {"type": "Feature", "id": 8258, "geometry": {"type": "Point", "coordinates": [-118.374522299491, 34.8463738559255]}, "properties": {"OBJECTID": 8258, "CECPlantID": "S0749", "PlantName": "Rosamond West Solar Palo Alto (CAISO) (duplicate of S0700)", "Retired_Plant": 0, "OperatorCompanyID": "Not Available", "County": "Kern", "Capacity_Latest": 26, "Units": "Unit 1", "PriEnergySource": "SUN", "StartDate": 1608508800000, "CEC_Jurisdictional": "0"}}, {"type": "Feature", "id": 8259, "geometry": {"type": "Point", "coordinates": [-118.140176693599, 34.6685381146043]}, "properties": {"OBJECTID": 8259, "CECPlantID": "S0670", "PlantName": "Lancaster Solar", "Retired_Plant": 0, "OperatorCompanyID": "Not Available", "County": "Los Angeles", "Capacity_Latest": 5.5, "Units": "Unit 1", "PriEnergySource": "SUN", "StartDate": 1491868800000, "CEC_Jurisdictional": "0"}}, {"type": "Feature", "id": 8260, "geometry": {"type": "Point", "coordinates": [-118.365702682557, 34.8525475881168]}, "properties": {"OBJECTID": 8260, "CECPlantID": "S0750", "PlantName": "Rosamond West Solar Rosie X (CAISO) (duplicate of S0700)", "Retired_Plant": 0, "OperatorCompanyID": "Not Available", "County": "Kern", "Capacity_Latest": 13.6, "Units": "Unit 1", "PriEnergySource": "SUN", "StartDate": 1608508800000, "CEC_Jurisdictional": "0"}}, {"type": "Feature", "id": 8261, "geometry": {"type": "Point", "coordinates": [-118.077422619227, 34.6478519850478]}, "properties": {"OBJECTID": 8261, "CECPlantID": "S0671", "PlantName": "Oasis Solar", "Retired_Plant": 0, "OperatorCompanyID": "Not Available", "County": "Los Angeles", "Capacity_Latest": 13.5, "Units": "Unit 1", "PriEnergySource": "SUN", "StartDate": 1458086400000, "CEC_Jurisdictional": "0"}}, {"type": "Feature", "id": 8263, "geometry": {"type": "Point", "coordinates": [-118.13857091678, 34.7313914205426]}, "properties": {"OBJECTID": 8263, "CECPlantID": "S0117", "PlantName": "Sierra SunTower- Retired 12/31/14", "Retired_Plant": 1, "OperatorCompanyID": "eSolar Inc", "County": "Los Angeles", "Capacity_Latest": 0, "Units": "Unit 1", "PriEnergySource": "SUN", "StartDate": 1248220800000, "CEC_Jurisdictional": "0"}}, {"type": "Feature", "id": 8266, "geometry": {"type": "Point", "coordinates": [-118.051907008181, 34.6509009948848]}, "properties": {"OBJECTID": 8266, "CECPlantID": "S9212", "PlantName": "Annie Power  LLC", "Retired_Plant": 0, "OperatorCompanyID": "Not Available", "County": "Los Angeles", "Capacity_Latest": 1.5, "Units": "Unit 1", "PriEnergySource": "SUN", "StartDate": 1419984000000, "CEC_Jurisdictional": "0"}}, {"type": "Feature", "id": 8268, "geometry": {"type": "Point", "coordinates": [-118.060937186288, 34.669209180354]}, "properties": {"OBJECTID": 8268, "CECPlantID": "S9214", "PlantName": "Becca Solar  LLC", "Retired_Plant": 0, "OperatorCompanyID": "Not Available", "County": "Los Angeles", "Capacity_Latest": 1.5, "Units": "Unit 1", "PriEnergySource": "SUN", "StartDate": 1419984000000, "CEC_Jurisdictional": "0"}}, {"type": "Feature", "id": 8269, "geometry": {"type": "Point", "coordinates": [-119.185493000199, 35.4453220001809]}, "properties": {"OBJECTID": 8269, "CECPlantID": "S0853", "PlantName": "TGT - Shafter - T0593", "Retired_Plant": 0, "OperatorCompanyID": "MN8 Energy", "County": "Kern", "Capacity_Latest": 1.58, "Units": "GEN1", "PriEnergySource": "SUN", "StartDate": 1537920000000, "CEC_Jurisdictional": "0"}}, {"type": "Feature", "id": 8271, "geometry": {"type": "Point", "coordinates": [-118.129842652816, 34.7026964789362]}, "properties": {"OBJECTID": 8271, "CECPlantID": "S9216", "PlantName": "Central Antelope Dry Ranch B2 LLC", "Retired_Plant": 0, "OperatorCompanyID": "Silicon Ranch Corporation", "County": "Los Angeles", "Capacity_Latest": 3, "Units": "Unit 1", "PriEnergySource": "SUN", "StartDate": 1419984000000, "CEC_Jurisdictional": "0"}}, {"type": "Feature", "id": 8273, "geometry": {"type": "Point", "coordinates": [-117.32363292201, 34.5116599590494]}, "properties": {"OBJECTID": 8273, "CECPlantID": "S0740", "PlantName": "High 5 Solar (CAISO) (duplicate of S0725)", "Retired_Plant": 0, "OperatorCompanyID": null, "County": "San Bernardino", "Capacity_Latest": 100, "Units": "Unit 1", "PriEnergySource": "SUN", "StartDate": 1628467200000, "CEC_Jurisdictional": "0"}}, {"type": "Feature", "id": 8274, "geometry": {"type": "Point", "coordinates": [-118.062519634892, 34.6962140032105]}, "properties": {"OBJECTID": 8274, "CECPlantID": "S9222", "PlantName": "Dreamer Solar  LLC", "Retired_Plant": 0, "OperatorCompanyID": "Not Available", "County": "Los Angeles", "Capacity_Latest": 1.5, "Units": "Unit 1", "PriEnergySource": "SUN", "StartDate": 1419984000000, "CEC_Jurisdictional": "0"}}, {"type": "Feature", "id": 8276, "geometry": {"type": "Point", "coordinates": [-117.317277856826, 35.0060749907764]}, "properties": {"OBJECTID": 8276, "CECPlantID": "S0743", "PlantName": "Kramer Junction 9 (CAISO) (duplicate of S0073)", "Retired_Plant": 0, "OperatorCompanyID": null, "County": "San Bernardino", "Capacity_Latest": 92, "Units": "Unit 1", "PriEnergySource": "SUN", "StartDate": 1619136000000, "CEC_Jurisdictional": "0"}}, {"type": "Feature", "id": 8277, "geometry": {"type": "Point", "coordinates": [-118.060479833323, 34.6473557369918]}, "properties": {"OBJECTID": 8277, "CECPlantID": "S9227", "PlantName": "JRam Solar 1  LLC", "Retired_Plant": 0, "OperatorCompanyID": "Not Available", "County": "Los Angeles", "Capacity_Latest": 1.5, "Units": "Unit 1", "PriEnergySource": "SUN", "StartDate": 1419984000000, "CEC_Jurisdictional": "0"}}, {"type": "Feature", "id": 8278, "geometry": {"type": "Point", "coordinates": [-118.172877849297, 35.0233173880928]}, "properties": {"OBJECTID": 8278, "CECPlantID": "S0755", "PlantName": "Windhub Solar A (CAISO)", "Retired_Plant": 0, "OperatorCompanyID": "Not Available", "County": "Kern", "Capacity_Latest": 20, "Units": "Unit 1", "PriEnergySource": "SUN", "StartDate": 1576627200000, "CEC_Jurisdictional": "0"}}, {"type": "Feature", "id": 8280, "geometry": {"type": "Point", "coordinates": [-118.060527464475, 34.649019604171]}, "properties": {"OBJECTID": 8280, "CECPlantID": "S9228", "PlantName": "JRam Solar 2  LLC", "Retired_Plant": 0, "OperatorCompanyID": "Not Available", "County": "Los Angeles", "Capacity_Latest": 1.5, "Units": "Unit 1", "PriEnergySource": "SUN", "StartDate": 1419984000000, "CEC_Jurisdictional": "0"}}, {"type": "Feature", "id": 8282, "geometry": {"type": "Point", "coordinates": [-118.220711907666, 33.8209935976536]}, "properties": {"OBJECTID": 8282, "CECPlantID": "S0756", "PlantName": "Sun Streams Solar 2 (duplicate of S0730)", "Retired_Plant": 0, "OperatorCompanyID": null, "County": "Los Angeles", "Capacity_Latest": 150, "Units": "Unit 1", "PriEnergySource": "SUN", "StartDate": 1624579200000, "CEC_Jurisdictional": "0"}}, {"type": "Feature", "id": 8283, "geometry": {"type": "Point", "coordinates": [-118.062574120827, 34.649098664059]}, "properties": {"OBJECTID": 8283, "CECPlantID": "S9229", "PlantName": "JRam Solar 3  LLC", "Retired_Plant": 0, "OperatorCompanyID": "Not Available", "County": "Los Angeles", "Capacity_Latest": 1, "Units": "Unit 1", "PriEnergySource": "SUN", "StartDate": 1419984000000, "CEC_Jurisdictional": "0"}}, {"type": "Feature", "id": 8284, "geometry": {"type": "Point", "coordinates": [-117.332077999635, 33.9698060000397]}, "properties": {"OBJECTID": 8284, "CECPlantID": "S0857", "PlantName": "UC Riverside - Lot 30", "Retired_Plant": 0, "OperatorCompanyID": "MN8 Energy", "County": "Riverside", "Capacity_Latest": 3.34, "Units": "GEN1", "PriEnergySource": "SUN", "StartDate": 1512691200000, "CEC_Jurisdictional": "0"}}, {"type": "Feature", "id": 8285, "geometry": {"type": "Point", "coordinates": [-118.144536852846, 34.6975467865062]}, "properties": {"OBJECTID": 8285, "CECPlantID": "S0761", "PlantName": "Lancaster Psomas PV (CAISO) (duplicate of S9233 and S9234)", "Retired_Plant": 0, "OperatorCompanyID": null, "County": "Los Angeles", "Capacity_Latest": 3, "Units": "Unit 1", "PriEnergySource": "SUN", "StartDate": 1658707200000, "CEC_Jurisdictional": "0"}}, {"type": "Feature", "id": 8286, "geometry": {"type": "Point", "coordinates": [-117.332077999635, 33.9698060000397]}, "properties": {"OBJECTID": 8286, "CECPlantID": "S0858", "PlantName": "UC Riverside", "Retired_Plant": 0, "OperatorCompanyID": "MN8 Energy", "County": "Riverside", "Capacity_Latest": 3, "Units": "GEN1", "PriEnergySource": "SUN", "StartDate": 1411689600000, "CEC_Jurisdictional": "0"}}, {"type": "Feature", "id": 8287, "geometry": {"type": "Point", "coordinates": [-118.094298838888, 34.7150090513812]}, "properties": {"OBJECTID": 8287, "CECPlantID": "S9233", "PlantName": "Lancaster Solar 1 LLC", "Retired_Plant": 0, "OperatorCompanyID": "Boralex", "County": "Los Angeles", "Capacity_Latest": 1.5, "Units": "Unit 1", "PriEnergySource": "SUN", "StartDate": 1418342400000, "CEC_Jurisdictional": "0"}}, {"type": "Feature", "id": 8288, "geometry": {"type": "Point", "coordinates": [-118.144519525832, 34.6974205454935]}, "properties": {"OBJECTID": 8288, "CECPlantID": "S0764", "PlantName": "Antelope Valley Solar (CAISO)", "Retired_Plant": 0, "OperatorCompanyID": "Not Available", "County": "Los Angeles", "Capacity_Latest": 3, "Units": "Unit 1", "PriEnergySource": "SUN", "StartDate": 1549238400000, "CEC_Jurisdictional": "0"}}, {"type": "Feature", "id": 8289, "geometry": {"type": "Point", "coordinates": [-119.853513529986, 34.4200596995596]}, "properties": {"OBJECTID": 8289, "CECPlantID": "S0859", "PlantName": "UCSB Lot 38", "Retired_Plant": 0, "OperatorCompanyID": "MN8 Energy", "County": "Santa Barbara", "Capacity_Latest": 1.77, "Units": "GEN1", "PriEnergySource": "SUN", "StartDate": 1481587200000, "CEC_Jurisdictional": "0"}}, {"type": "Feature", "id": 8290, "geometry": {"type": "Point", "coordinates": [-118.103944643756, 34.6831795563401]}, "properties": {"OBJECTID": 8290, "CECPlantID": "S9234", "PlantName": "Lancaster Solar 2 LLC", "Retired_Plant": 0, "OperatorCompanyID": "Boralex", "County": "Los Angeles", "Capacity_Latest": 1.5, "Units": "Unit 1", "PriEnergySource": "SUN", "StartDate": 1418342400000, "CEC_Jurisdictional": "0"}}, {"type": "Feature", "id": 8292, "geometry": {"type": "Point", "coordinates": [-116.510121308025, 33.9614370439622]}, "properties": {"OBJECTID": 8292, "CECPlantID": "S0759", "PlantName": "Caliente Solar 2 (CAISO)", "Retired_Plant": 0, "OperatorCompanyID": "Not Available", "County": "Riverside", "Capacity_Latest": 1, "Units": "Unit 1", "PriEnergySource": "SUN", "StartDate": 1526601600000, "CEC_Jurisdictional": "0"}}, {"type": "Feature", "id": 8293, "geometry": {"type": "Point", "coordinates": [-118.072434146818, 34.664453056156]}, "properties": {"OBJECTID": 8293, "CECPlantID": "S9235", "PlantName": "Leolani Solar 1  LLC", "Retired_Plant": 0, "OperatorCompanyID": "Not Available", "County": "Los Angeles", "Capacity_Latest": 1.5, "Units": "Unit 1", "PriEnergySource": "SUN", "StartDate": 1419984000000, "CEC_Jurisdictional": "0"}}, {"type": "Feature", "id": 8294, "geometry": {"type": "Point", "coordinates": [-116.687293179686, 33.9313500895698]}, "properties": {"OBJECTID": 8294, "CECPlantID": "W0490", "PlantName": "AM Wind Repower LLC", "Retired_Plant": 0, "OperatorCompanyID": "Brookfield Renewable Power Group", "County": "Riverside", "Capacity_Latest": 29.4, "Units": "WPRS 1", "PriEnergySource": "WND", "StartDate": null, "CEC_Jurisdictional": "0"}}, {"type": "Feature", "id": 8295, "geometry": {"type": "Point", "coordinates": [-118.051108386368, 34.65463270634]}, "properties": {"OBJECTID": 8295, "CECPlantID": "S9255", "PlantName": "Treen Solar 1  LLC", "Retired_Plant": 0, "OperatorCompanyID": "Not Available", "County": "Los Angeles", "Capacity_Latest": 1, "Units": "Unit 1", "PriEnergySource": "SUN", "StartDate": 1419984000000, "CEC_Jurisdictional": "0"}}, {"type": "Feature", "id": 8296, "geometry": {"type": "Point", "coordinates": [-118.008011199558, 35.2023993004169]}, "properties": {"OBJECTID": 8296, "CECPlantID": "S0861", "PlantName": "Eland 1", "Retired_Plant": 0, "OperatorCompanyID": "CD Arevon USA Inc.", "County": "Kern", "Capacity_Latest": 200, "Units": "68SF8", "PriEnergySource": "SUN", "StartDate": 1731974400000, "CEC_Jurisdictional": "0"}}, {"type": "Feature", "id": 8297, "geometry": {"type": "Point", "coordinates": [-118.051173752535, 34.6564345455332]}, "properties": {"OBJECTID": 8297, "CECPlantID": "S9256", "PlantName": "Treen Solar 2  LLC", "Retired_Plant": 0, "OperatorCompanyID": "Not Available", "County": "Los Angeles", "Capacity_Latest": 1, "Units": "Unit 1", "PriEnergySource": "SUN", "StartDate": 1419984000000, "CEC_Jurisdictional": "0"}}, {"type": "Feature", "id": 8298, "geometry": {"type": "Point", "coordinates": [-117.949786355514, 34.5998795752953]}, "properties": {"OBJECTID": 8298, "CECPlantID": "S0589", "PlantName": "Little Rock Pham Solar", "Retired_Plant": 0, "OperatorCompanyID": "Not Available", "County": "Los Angeles", "Capacity_Latest": 3, "Units": "Unit 1", "PriEnergySource": "SUN", "StartDate": 1458604800000, "CEC_Jurisdictional": "0"}}, {"type": "Feature", "id": 8299, "geometry": {"type": "Point", "coordinates": [-117.936579818446, 34.6134950215678]}, "properties": {"OBJECTID": 8299, "CECPlantID": "S0163", "PlantName": "SEPV 1 (Gestamp - GASNA)", "Retired_Plant": 0, "OperatorCompanyID": "X-Elio North America Inc.", "County": "Los Angeles", "Capacity_Latest": 2, "Units": "1", "PriEnergySource": "SUN", "StartDate": 1335139200000, "CEC_Jurisdictional": "0"}}, {"type": "Feature", "id": 8300, "geometry": {"type": "Point", "coordinates": [-117.941106312084, 34.6119929021368]}, "properties": {"OBJECTID": 8300, "CECPlantID": "S0415", "PlantName": "SEPV Palmdale East LLC", "Retired_Plant": 0, "OperatorCompanyID": "S-Power (Sustainable Power Group)", "County": "Los Angeles", "Capacity_Latest": 10, "Units": "PLMD", "PriEnergySource": "SUN", "StartDate": 1438300800000, "CEC_Jurisdictional": "0"}}, {"type": "Feature", "id": 8301, "geometry": {"type": "Point", "coordinates": [-117.939333737419, 34.6193918770543]}, "properties": {"OBJECTID": 8301, "CECPlantID": "S0557", "PlantName": "SEPV 18 - Palmdale 18", "Retired_Plant": 0, "OperatorCompanyID": "S-Power (Sustainable Power Group)", "County": "Los Angeles", "Capacity_Latest": 1.5, "Units": "Unit 1", "PriEnergySource": "SUN", "StartDate": 1451865600000, "CEC_Jurisdictional": "0"}}, {"type": "Feature", "id": 8302, "geometry": {"type": "Point", "coordinates": [-117.939372265292, 34.617836179881]}, "properties": {"OBJECTID": 8302, "CECPlantID": "S0641", "PlantName": "One Ten Partners", "Retired_Plant": 0, "OperatorCompanyID": "Not Available", "County": "Los Angeles", "Capacity_Latest": 2, "Units": "Unit 1", "PriEnergySource": "SUN", "StartDate": 1506729600000, "CEC_Jurisdictional": "0"}}, {"type": "Feature", "id": 8303, "geometry": {"type": "Point", "coordinates": [-117.931841363239, 34.5971523150484]}, "properties": {"OBJECTID": 8303, "CECPlantID": "S0667", "PlantName": "Green Beanworks C", "Retired_Plant": 0, "OperatorCompanyID": "S-Power (Sustainable Power Group)", "County": "Los Angeles", "Capacity_Latest": 3, "Units": "Unit 1", "PriEnergySource": "SUN", "StartDate": 1534550400000, "CEC_Jurisdictional": "0"}}]}