{"type": "FeatureCollection", "features": [{"type": "Feature", "geometry": {"type": "Point", "coordinates": [-115.4084507, 32.6556153]}, "properties": {"osm_id": 1227434285, "osm_type": "node", "name": null, "voltage": null, "substation": null, "operator": null}}, {"type": "Feature", "geometry": {"type": "Point", "coordinates": [-116.643398, 32.5749586]}, "properties": {"osm_id": 1641497721, "osm_type": "node", "name": null, "voltage": null, "substation": null, "operator": null}}, {"type": "Feature", "geometry": {"type": "Point", "coordinates": [-118.4397801, 34.6748642]}, "properties": {"osm_id": 1742528740, "osm_type": "node", "name": null, "voltage": null, "substation": null, "operator": null}}, {"type": "Feature", "geometry": {"type": "Point", "coordinates": [-116.9438971, 32.5667881]}, "properties": {"osm_id": 4173398686, "osm_type": "node", "name": null, "voltage": null, "substation": null, "operator": null}}, {"type": "Feature", "geometry": {"type": "Point", "coordinates": [-116.9445154, 32.5667994]}, "properties": {"osm_id": 4173398687, "osm_type": "node", "name": null, "voltage": null, "substation": null, "operator": null}}, {"type": "Feature", "geometry": {"type": "Point", "coordinates": [-117.22372, 32.8711785]}, "properties": {"osm_id": 8692039105, "osm_type": "node", "name": null, "voltage": null, "substation": "minor_distribution", "operator": "San Diego Gas & Electric"}}, {"type": "Feature", "geometry": {"type": "Point", "coordinates": [-117.223679, 32.8711619]}, "properties": {"osm_id": 8692039106, "osm_type": "node", "name": null, "voltage": null, "substation": "minor_distribution", "operator": "San Diego Gas & Electric"}}, {"type": "Feature", "geometry": {"type": "Point", "coordinates": [-118.283028, 34.0341613]}, "properties": {"osm_id": 9345288210, "osm_type": "node", "name": "Distributing Station 31", "voltage": "34500;4800", "substation": "distribution", "operator": "Los Angeles Department of Water and Power"}}, {"type": "Feature", "geometry": {"type": "Point", "coordinates": [-119.6094732, 35.3148304]}, "properties": {"osm_id": 24333027, "osm_type": "way", "name": null, "voltage": null, "substation": null, "operator": null}}, {"type": "Feature", "geometry": {"type": "Point", "coordinates": [-119.4522985, 35.4029429]}, "properties": {"osm_id": 24333232, "osm_type": "way", "name": "Midway Substation", "voltage": "500000;230000", "substation": null, "operator": "Pacific Gas and Electric Company"}}, {"type": "Feature", "geometry": {"type": "Point", "coordinates": [-117.5542219, 33.3696964]}, "properties": {"osm_id": 24400771, "osm_type": "way", "name": null, "voltage": "230000", "substation": null, "operator": null}}, {"type": "Feature", "geometry": {"type": "Point", "coordinates": [-120.8472939, 35.2161759]}, "properties": {"osm_id": 24400937, "osm_type": "way", "name": "Diablo Canyon", "voltage": "500000", "substation": "generation", "operator": "Pacific Gas and Electric Company"}}, {"type": "Feature", "geometry": {"type": "Point", "coordinates": [-120.8511175, 35.2160115]}, "properties": {"osm_id": 24401024, "osm_type": "way", "name": "Diablo Canyon", "voltage": "230000", "substation": "generation", "operator": null}}, {"type": "Feature", "geometry": {"type": "Point", "coordinates": [-117.2190783, 32.9179868]}, "properties": {"osm_id": 25453503, "osm_type": "way", "name": "Pe\u00f1asquitos Substation", "voltage": "230000;138000;69000", "substation": "transmission", "operator": "San Diego Gas & Electric"}}, {"type": "Feature", "geometry": {"type": "Point", "coordinates": [-117.0161974, 32.6378496]}, "properties": {"osm_id": 25720675, "osm_type": "way", "name": null, "voltage": "138000", "substation": "distribution", "operator": null}}, {"type": "Feature", "geometry": {"type": "Point", "coordinates": [-116.9867618, 32.6650617]}, "properties": {"osm_id": 25720848, "osm_type": "way", "name": "Proctor Valley Substation", "voltage": "138000", "substation": "distribution", "operator": null}}, {"type": "Feature", "geometry": {"type": "Point", "coordinates": [-117.1088663, 32.9582981]}, "properties": {"osm_id": 26254174, "osm_type": "way", "name": "Azuaga Street Substation", "voltage": null, "substation": null, "operator": null}}, {"type": "Feature", "geometry": {"type": "Point", "coordinates": [-117.2206664, 32.9587616]}, "properties": {"osm_id": 26587310, "osm_type": "way", "name": "North City West Substation", "voltage": "69000", "substation": "distribution", "operator": "San Diego Gas & Electric"}}, {"type": "Feature", "geometry": {"type": "Point", "coordinates": [-117.3325682, 33.1372649]}, "properties": {"osm_id": 26587777, "osm_type": "way", "name": null, "voltage": "138000", "substation": null, "operator": null}}, {"type": "Feature", "geometry": {"type": "Point", "coordinates": [-118.1003958, 33.7719723]}, "properties": {"osm_id": 27186604, "osm_type": "way", "name": null, "voltage": "220000;66000", "substation": "transmission", "operator": "Southern California Edison"}}, {"type": "Feature", "geometry": {"type": "Point", "coordinates": [-118.9030822, 34.2811367]}, "properties": {"osm_id": 27340751, "osm_type": "way", "name": "Moorpark Substation", "voltage": "220000;66000;16000", "substation": "transmission", "operator": "Southern California Edison"}}, {"type": "Feature", "geometry": {"type": "Point", "coordinates": [-118.1204944, 33.8423262]}, "properties": {"osm_id": 27593176, "osm_type": "way", "name": "Lucas Substation (electricity)", "voltage": "66000", "substation": "distribution", "operator": "Southern California Edison"}}, {"type": "Feature", "geometry": {"type": "Point", "coordinates": [-117.0966838, 32.7630789]}, "properties": {"osm_id": 27769782, "osm_type": "way", "name": null, "voltage": null, "substation": null, "operator": null}}, {"type": "Feature", "geometry": {"type": "Point", "coordinates": [-117.7685585, 33.6649231]}, "properties": {"osm_id": 29175070, "osm_type": "way", "name": "Santiago Substation", "voltage": "220000;66000;12000", "substation": "transmission", "operator": "Southern California Edison"}}, {"type": "Feature", "geometry": {"type": "Point", "coordinates": [-117.7490005, 33.5976509]}, "properties": {"osm_id": 30045395, "osm_type": "way", "name": "Borrego Substation", "voltage": "66000;12000", "substation": "distribution", "operator": "Southern California Edison"}}, {"type": "Feature", "geometry": {"type": "Point", "coordinates": [-117.66628, 33.5126117]}, "properties": {"osm_id": 30050587, "osm_type": "way", "name": "Capistrano Substation", "voltage": null, "substation": null, "operator": "San Diego Gas & Electric"}}, {"type": "Feature", "geometry": {"type": "Point", "coordinates": [-117.9196429, 34.5090168]}, "properties": {"osm_id": 30371205, "osm_type": "way", "name": null, "voltage": "220000", "substation": null, "operator": null}}, {"type": "Feature", "geometry": {"type": "Point", "coordinates": [-118.1196772, 34.4859441]}, "properties": {"osm_id": 30567721, "osm_type": "way", "name": "Vincent Substation", "voltage": "500000;220000", "substation": null, "operator": "Southern California Edison"}}, {"type": "Feature", "geometry": {"type": "Point", "coordinates": [-117.4372077, 34.5512641]}, "properties": {"osm_id": 30620967, "osm_type": "way", "name": "Adelanto Converter Station", "voltage": "500000", "substation": "converter", "operator": "Intermountain Power Agency"}}, {"type": "Feature", "geometry": {"type": "Point", "coordinates": [-117.3883217, 34.5049596]}, "properties": {"osm_id": 30733362, "osm_type": "way", "name": null, "voltage": null, "substation": null, "operator": "Southern California Edison"}}, {"type": "Feature", "geometry": {"type": "Point", "coordinates": [-117.6280692, 33.5497273]}, "properties": {"osm_id": 30995423, "osm_type": "way", "name": "Margarita Substation", "voltage": "138000", "substation": "distribution", "operator": null}}, {"type": "Feature", "geometry": {"type": "Point", "coordinates": [-118.1871012, 34.2214825]}, "properties": {"osm_id": 31173635, "osm_type": "way", "name": "Gould Substation", "voltage": "220000;66000", "substation": null, "operator": "Southern California Edison"}}, {"type": "Feature", "geometry": {"type": "Point", "coordinates": [-118.3973768, 34.0731087]}, "properties": {"osm_id": 31503319, "osm_type": "way", "name": "Beverly Substation", "voltage": "66000;16000;4000", "substation": "distribution", "operator": "Southern California Edison"}}, {"type": "Feature", "geometry": {"type": "Point", "coordinates": [-118.2105809, 34.2051762]}, "properties": {"osm_id": 31779344, "osm_type": "way", "name": "La Canada Substation", "voltage": null, "substation": "distribution", "operator": null}}, {"type": "Feature", "geometry": {"type": "Point", "coordinates": [-117.2299896, 32.9015437]}, "properties": {"osm_id": 31807059, "osm_type": "way", "name": null, "voltage": null, "substation": null, "operator": null}}, {"type": "Feature", "geometry": {"type": "Point", "coordinates": [-117.0776605, 32.9937908]}, "properties": {"osm_id": 31809170, "osm_type": "way", "name": "Rancho Carmel Substation", "voltage": "69000", "substation": "distribution", "operator": "San Diego Gas & Electric"}}, {"type": "Feature", "geometry": {"type": "Point", "coordinates": [-117.2225083, 32.8836062]}, "properties": {"osm_id": 31841298, "osm_type": "way", "name": null, "voltage": null, "substation": null, "operator": null}}, {"type": "Feature", "geometry": {"type": "Point", "coordinates": [-118.3140565, 34.1763142]}, "properties": {"osm_id": 31958095, "osm_type": "way", "name": null, "voltage": null, "substation": null, "operator": null}}, {"type": "Feature", "geometry": {"type": "Point", "coordinates": [-118.3161702, 34.1778294]}, "properties": {"osm_id": 31958115, "osm_type": "way", "name": null, "voltage": null, "substation": null, "operator": null}}, {"type": "Feature", "geometry": {"type": "Point", "coordinates": [-118.2960936, 34.165948]}, "properties": {"osm_id": 31987249, "osm_type": "way", "name": null, "voltage": null, "substation": null, "operator": null}}, {"type": "Feature", "geometry": {"type": "Point", "coordinates": [-118.2802232, 34.1578695]}, "properties": {"osm_id": 32008208, "osm_type": "way", "name": "Airway Substation", "voltage": "230000;69000", "substation": "transmission", "operator": "Glendale Water and Power"}}, {"type": "Feature", "geometry": {"type": "Point", "coordinates": [-118.2777507, 34.1560386]}, "properties": {"osm_id": 32008433, "osm_type": "way", "name": null, "voltage": null, "substation": null, "operator": null}}, {"type": "Feature", "geometry": {"type": "Point", "coordinates": [-118.3395745, 34.1541085]}, "properties": {"osm_id": 32012723, "osm_type": "way", "name": "Hollywood Way Distributing Station", "voltage": "66000", "substation": "distribution", "operator": "City of Burbank"}}, {"type": "Feature", "geometry": {"type": "Point", "coordinates": [-118.3213128, 34.259283]}, "properties": {"osm_id": 32020824, "osm_type": "way", "name": "Distributing Station 72", "voltage": "34500;4800", "substation": "distribution", "operator": "Los Angeles Department of Water and Power"}}, {"type": "Feature", "geometry": {"type": "Point", "coordinates": [-118.0974269, 33.8481378]}, "properties": {"osm_id": 32223005, "osm_type": "way", "name": "Del Amo Substation", "voltage": "220000;66000", "substation": "transmission", "operator": "Southern California Edison"}}, {"type": "Feature", "geometry": {"type": "Point", "coordinates": [-118.5437398, 34.1793184]}, "properties": {"osm_id": 32663174, "osm_type": "way", "name": "Receiving Station U - Tarzana", "voltage": "230000", "substation": "yes", "operator": "Los Angeles Department of Water and Power"}}, {"type": "Feature", "geometry": {"type": "Point", "coordinates": [-118.5189904, 34.1934604]}, "properties": {"osm_id": 32693136, "osm_type": "way", "name": "LADWP Distributing Station No. 127", "voltage": "34500;4800", "substation": "distribution", "operator": "Los Angeles Department of Water and Power"}}, {"type": "Feature", "geometry": {"type": "Point", "coordinates": [-118.5256303, 34.165427]}, "properties": {"osm_id": 32695399, "osm_type": "way", "name": "DISTRIBUTING STATION 78", "voltage": "34500;4800", "substation": "distribution", "operator": "Los Angeles Department of Water and Power"}}, {"type": "Feature", "geometry": {"type": "Point", "coordinates": [-118.493173, 34.2579771]}, "properties": {"osm_id": 32728060, "osm_type": "way", "name": "LADWP Distributing Station No. 92", "voltage": "34500;4800", "substation": "distribution", "operator": "Los Angeles Department of Water and Power"}}, {"type": "Feature", "geometry": {"type": "Point", "coordinates": [-118.4841197, 34.1935935]}, "properties": {"osm_id": 32818047, "osm_type": "way", "name": "LADWP Distributing Station No. 60", "voltage": "34500;4800", "substation": "distribution", "operator": "Los Angeles Department of Water and Power"}}, {"type": "Feature", "geometry": {"type": "Point", "coordinates": [-118.4852011, 34.2716136]}, "properties": {"osm_id": 32844093, "osm_type": "way", "name": "LADWP Distributing Station No. 142", "voltage": "34500;4800", "substation": "distribution", "operator": "Los Angeles Department of Water and Power"}}, {"type": "Feature", "geometry": {"type": "Point", "coordinates": [-117.3206273, 34.0406913]}, "properties": {"osm_id": 33604800, "osm_type": "way", "name": "Vista Substation", "voltage": "220000", "substation": null, "operator": "Southern California Edison"}}, {"type": "Feature", "geometry": {"type": "Point", "coordinates": [-117.6785183, 33.998587]}, "properties": {"osm_id": 33605206, "osm_type": "way", "name": "Chino Substation", "voltage": "220000;66000;12000", "substation": "transmission", "operator": "Southern California Edison"}}, {"type": "Feature", "geometry": {"type": "Point", "coordinates": [-118.5750053, 34.4221008]}, "properties": {"osm_id": 33808384, "osm_type": "way", "name": "Saugus Substation", "voltage": "220000;66000;16000", "substation": "transmission", "operator": "Southern California Edison"}}, {"type": "Feature", "geometry": {"type": "Point", "coordinates": [-119.2468823, 34.2077559]}, "properties": {"osm_id": 37692542, "osm_type": "way", "name": "Mandalay Switchyard", "voltage": "66000", "substation": "subtransmission", "operator": "Southern California Edison"}}, {"type": "Feature", "geometry": {"type": "Point", "coordinates": [-119.2490824, 34.2073313]}, "properties": {"osm_id": 37692543, "osm_type": "way", "name": null, "voltage": null, "substation": null, "operator": null}}, {"type": "Feature", "geometry": {"type": "Point", "coordinates": [-119.1669579, 34.1310311]}, "properties": {"osm_id": 37692647, "osm_type": "way", "name": null, "voltage": "220000", "substation": "transmission", "operator": "Southern California Edison"}}, {"type": "Feature", "geometry": {"type": "Point", "coordinates": [-118.0826651, 34.0921435]}, "properties": {"osm_id": 38508396, "osm_type": "way", "name": "Rosemead Substation", "voltage": "66000;16000", "substation": "distribution", "operator": "Southern California Edison"}}, {"type": "Feature", "geometry": {"type": "Point", "coordinates": [-118.1835025, 34.1488975]}, "properties": {"osm_id": 39515679, "osm_type": "way", "name": null, "voltage": "66000", "substation": null, "operator": null}}, {"type": "Feature", "geometry": {"type": "Point", "coordinates": [-118.1843149, 34.1508286]}, "properties": {"osm_id": 39515681, "osm_type": "way", "name": "Eagle Rock Switchyard", "voltage": "220000", "substation": "transmission", "operator": null}}, {"type": "Feature", "geometry": {"type": "Point", "coordinates": [-119.1854388, 34.3021917]}, "properties": {"osm_id": 40309253, "osm_type": "way", "name": "Santa Clara Substation", "voltage": "220000;66000;16340", "substation": "transmission", "operator": "Southern California Edison"}}, {"type": "Feature", "geometry": {"type": "Point", "coordinates": [-117.8651711, 33.6081674]}, "properties": {"osm_id": 41939674, "osm_type": "way", "name": "Crown Substation", "voltage": "66000;12000", "substation": "distribution", "operator": "Southern California Edison"}}, {"type": "Feature", "geometry": {"type": "Point", "coordinates": [-119.8513928, 34.4194577]}, "properties": {"osm_id": 42968434, "osm_type": "way", "name": null, "voltage": null, "substation": null, "operator": null}}, {"type": "Feature", "geometry": {"type": "Point", "coordinates": [-119.2221444, 34.1817713]}, "properties": {"osm_id": 43911451, "osm_type": "way", "name": "Channel Island Substation", "voltage": "66000;16340", "substation": "distribution", "operator": "Southern California Edison"}}, {"type": "Feature", "geometry": {"type": "Point", "coordinates": [-117.9777885, 33.646109]}, "properties": {"osm_id": 45074901, "osm_type": "way", "name": null, "voltage": "220000", "substation": "transmission", "operator": "Southern California Edison"}}, {"type": "Feature", "geometry": {"type": "Point", "coordinates": [-118.3940718, 33.9903075]}, "properties": {"osm_id": 48802108, "osm_type": "way", "name": null, "voltage": "66000", "substation": "distribution", "operator": "Southern California Edison"}}, {"type": "Feature", "geometry": {"type": "Point", "coordinates": [-118.2553146, 33.9479894]}, "properties": {"osm_id": 49048130, "osm_type": "way", "name": "Receiving Station B", "voltage": "287000;230000;138000", "substation": "transmission", "operator": "Los Angeles Department of Water and Power"}}, {"type": "Feature", "geometry": {"type": "Point", "coordinates": [-118.4230825, 33.9084277]}, "properties": {"osm_id": 49715848, "osm_type": "way", "name": null, "voltage": "220000", "substation": null, "operator": null}}, {"type": "Feature", "geometry": {"type": "Point", "coordinates": [-118.4253357, 33.918964]}, "properties": {"osm_id": 49715851, "osm_type": "way", "name": "Scattergood Substation", "voltage": "230000;138000", "substation": null, "operator": null}}, {"type": "Feature", "geometry": {"type": "Point", "coordinates": [-116.8835335, 32.515445]}, "properties": {"osm_id": 50834713, "osm_type": "way", "name": "Tijuana 1", "voltage": "230000;115000", "substation": "transmission", "operator": "Comisi\u00f3n Federal de Electricidad"}}, {"type": "Feature", "geometry": {"type": "Point", "coordinates": [-115.3478821, 32.5142557]}, "properties": {"osm_id": 52131031, "osm_type": "way", "name": "Subestaci\u00f3n Sider\u00fargica", "voltage": "230000", "substation": "industrial", "operator": null}}, {"type": "Feature", "geometry": {"type": "Point", "coordinates": [-115.6764876, 32.5968844]}, "properties": {"osm_id": 52173997, "osm_type": "way", "name": "La Rosita", "voltage": "230000", "substation": "transmission", "operator": null}}, {"type": "Feature", "geometry": {"type": "Point", "coordinates": [-115.6674225, 32.6510182]}, "properties": {"osm_id": 52174006, "osm_type": "way", "name": null, "voltage": "69000", "substation": "industrial", "operator": null}}, {"type": "Feature", "geometry": {"type": "Point", "coordinates": [-115.4592927, 32.6050066]}, "properties": {"osm_id": 52174012, "osm_type": "way", "name": "Mexicali 2", "voltage": "230000;161000", "substation": "transmission", "operator": null}}, {"type": "Feature", "geometry": {"type": "Point", "coordinates": [-115.333212, 32.5797156]}, "properties": {"osm_id": 52174018, "osm_type": "way", "name": "Gonz\u00e1les Ortega", "voltage": "161000;34500;13800", "substation": "distribution", "operator": null}}, {"type": "Feature", "geometry": {"type": "Point", "coordinates": [-115.3981884, 32.6393445]}, "properties": {"osm_id": 52174020, "osm_type": "way", "name": "Cetys", "voltage": "230000;161000", "substation": "transmission", "operator": null}}, {"type": "Feature", "geometry": {"type": "Point", "coordinates": [-115.7155553, 32.7179069]}, "properties": {"osm_id": 52183964, "osm_type": "way", "name": "Imperial Valley Substation", "voltage": "500000;230000", "substation": "transmission", "operator": null}}, {"type": "Feature", "geometry": {"type": "Point", "coordinates": [-115.5690323, 32.6320561]}, "properties": {"osm_id": 52301113, "osm_type": "way", "name": "Santa Isabel", "voltage": "230000;161000", "substation": "transmission", "operator": null}}, {"type": "Feature", "geometry": {"type": "Point", "coordinates": [-115.4216084, 32.5882455]}, "properties": {"osm_id": 52301827, "osm_type": "way", "name": null, "voltage": "230000", "substation": "transmission", "operator": null}}, {"type": "Feature", "geometry": {"type": "Point", "coordinates": [-115.5215692, 32.6029413]}, "properties": {"osm_id": 52302686, "osm_type": "way", "name": "Wisteria", "voltage": "230000;13800", "substation": "distribution", "operator": null}}, {"type": "Feature", "geometry": {"type": "Point", "coordinates": [-116.6277183, 32.5418452]}, "properties": {"osm_id": 52477200, "osm_type": "way", "name": null, "voltage": "115000", "substation": "transmission", "operator": null}}, {"type": "Feature", "geometry": {"type": "Point", "coordinates": [-115.5207204, 32.629641]}, "properties": {"osm_id": 54354749, "osm_type": "way", "name": "Substacion Orizaba", "voltage": "230000", "substation": "transmission", "operator": null}}, {"type": "Feature", "geometry": {"type": "Point", "coordinates": [-115.4468386, 32.6251003]}, "properties": {"osm_id": 54845889, "osm_type": "way", "name": null, "voltage": null, "substation": null, "operator": null}}, {"type": "Feature", "geometry": {"type": "Point", "coordinates": [-115.3572084, 32.6542058]}, "properties": {"osm_id": 54846182, "osm_type": "way", "name": "Mexicali Oriente", "voltage": "161000;34500;13800", "substation": "distribution", "operator": "Comisi\u00f3n Federal de Electricidad"}}, {"type": "Feature", "geometry": {"type": "Point", "coordinates": [-116.73463, 33.9171376]}, "properties": {"osm_id": 55616710, "osm_type": "way", "name": null, "voltage": "115000", "substation": null, "operator": null}}, {"type": "Feature", "geometry": {"type": "Point", "coordinates": [-117.6424464, 33.666879]}, "properties": {"osm_id": 59238979, "osm_type": "way", "name": "Viejo Substation", "voltage": "220000;66000", "substation": "transmission", "operator": "Southern California Edison"}}, {"type": "Feature", "geometry": {"type": "Point", "coordinates": [-117.6886543, 33.6502255]}, "properties": {"osm_id": 59585249, "osm_type": "way", "name": "Limestone Substation", "voltage": "66000;12000", "substation": "distribution", "operator": "Southern California Edison"}}, {"type": "Feature", "geometry": {"type": "Point", "coordinates": [-117.6056527, 33.643124]}, "properties": {"osm_id": 60118528, "osm_type": "way", "name": "O'Neill Substation", "voltage": null, "substation": "yes", "operator": "Southern California Edison"}}, {"type": "Feature", "geometry": {"type": "Point", "coordinates": [-117.6317921, 33.6296313]}, "properties": {"osm_id": 60118533, "osm_type": "way", "name": "Chiquita Substation", "voltage": "66000", "substation": "distribution", "operator": "Southern California Edison"}}, {"type": "Feature", "geometry": {"type": "Point", "coordinates": [-117.8606227, 33.6605972]}, "properties": {"osm_id": 60494304, "osm_type": "way", "name": "Chip Substation", "voltage": "66000;12000", "substation": "distribution", "operator": "Southern California Edison"}}, {"type": "Feature", "geometry": {"type": "Point", "coordinates": [-114.8375446, 32.5009947]}, "properties": {"osm_id": 60919770, "osm_type": "way", "name": "Ruiz Cortinez", "voltage": "230000;161000", "substation": "transmission", "operator": "Comisi\u00f3n Federal de Electricidad"}}, {"type": "Feature", "geometry": {"type": "Point", "coordinates": [-119.2246028, 34.1885529]}, "properties": {"osm_id": 61014380, "osm_type": "way", "name": null, "voltage": null, "substation": null, "operator": null}}, {"type": "Feature", "geometry": {"type": "Point", "coordinates": [-115.5155803, 35.2522438]}, "properties": {"osm_id": 61417688, "osm_type": "way", "name": "Cima Substation", "voltage": "230000", "substation": null, "operator": null}}, {"type": "Feature", "geometry": {"type": "Point", "coordinates": [-116.3673893, 33.8178295]}, "properties": {"osm_id": 61430457, "osm_type": "way", "name": null, "voltage": "230000", "substation": null, "operator": null}}, {"type": "Feature", "geometry": {"type": "Point", "coordinates": [-116.3695726, 33.8183451]}, "properties": {"osm_id": 61430458, "osm_type": "way", "name": null, "voltage": "220000", "substation": null, "operator": null}}, {"type": "Feature", "geometry": {"type": "Point", "coordinates": [-116.5766239, 33.9379937]}, "properties": {"osm_id": 61430467, "osm_type": "way", "name": "Devers Substation", "voltage": "500000", "substation": "distribution", "operator": "Southern California Edison"}}, {"type": "Feature", "geometry": {"type": "Point", "coordinates": [-117.1564367, 33.7395005]}, "properties": {"osm_id": 61601149, "osm_type": "way", "name": "Valley Substation", "voltage": "500000;115000", "substation": "transmission", "operator": "Southern California Edison"}}, {"type": "Feature", "geometry": {"type": "Point", "coordinates": [-117.8475997, 33.6718006]}, "properties": {"osm_id": 61878181, "osm_type": "way", "name": "Cabrillo Substation", "voltage": "66000;12000", "substation": "distribution", "operator": "Southern California Edison"}}, {"type": "Feature", "geometry": {"type": "Point", "coordinates": [-117.6976435, 33.6091216]}, "properties": {"osm_id": 61878182, "osm_type": "way", "name": "Moulton Substation", "voltage": "66000;12000", "substation": "distribution", "operator": "Southern California Edison"}}, {"type": "Feature", "geometry": {"type": "Point", "coordinates": [-117.8848796, 33.6076934]}, "properties": {"osm_id": 61878191, "osm_type": "way", "name": "Edgewater Substation", "voltage": null, "substation": null, "operator": "Southern California Edison"}}, {"type": "Feature", "geometry": {"type": "Point", "coordinates": [-117.8498738, 33.7331976]}, "properties": {"osm_id": 61960833, "osm_type": "way", "name": "Chestnut Substation", "voltage": "66000", "substation": null, "operator": "Southern California Edison"}}, {"type": "Feature", "geometry": {"type": "Point", "coordinates": [-117.8341037, 33.8149647]}, "properties": {"osm_id": 61960845, "osm_type": "way", "name": "Villa Park Substation", "voltage": "220000;66000;12000", "substation": "transmission", "operator": "Southern California Edison"}}, {"type": "Feature", "geometry": {"type": "Point", "coordinates": [-117.802724, 33.7882515]}, "properties": {"osm_id": 61960851, "osm_type": "way", "name": "Modena Substation", "voltage": "66000;12000", "substation": "distribution", "operator": "Southern California Edison"}}, {"type": "Feature", "geometry": {"type": "Point", "coordinates": [-117.8285735, 33.6875019]}, "properties": {"osm_id": 61961946, "osm_type": "way", "name": "Estrella Substation", "voltage": "66000;12000", "substation": "distribution", "operator": "Southern California Edison"}}, {"type": "Feature", "geometry": {"type": "Point", "coordinates": [-117.8526051, 33.7132628]}, "properties": {"osm_id": 61961948, "osm_type": "way", "name": "Johanna Substation", "voltage": "220000;66000;12000", "substation": "transmission", "operator": "Southern California Edison"}}, {"type": "Feature", "geometry": {"type": "Point", "coordinates": [-117.2778643, 34.1021892]}, "properties": {"osm_id": 62206934, "osm_type": "way", "name": "Cardiff Substation", "voltage": "66000;33000", "substation": null, "operator": "Southern California Edison"}}, {"type": "Feature", "geometry": {"type": "Point", "coordinates": [-116.3846841, 34.7816651]}, "properties": {"osm_id": 62235860, "osm_type": "way", "name": "Pisgah Switchyard", "voltage": "230000", "substation": null, "operator": null}}, {"type": "Feature", "geometry": {"type": "Point", "coordinates": [-115.0084794, 35.7973353]}, "properties": {"osm_id": 62315137, "osm_type": "way", "name": "Eldorado Substation", "voltage": "500000;230000", "substation": "transmission", "operator": "Southern California Edison"}}, {"type": "Feature", "geometry": {"type": "Point", "coordinates": [-117.9431126, 33.6852045]}, "properties": {"osm_id": 62333225, "osm_type": "way", "name": "Ellis Substation", "voltage": "220000;66000;12000", "substation": "transmission", "operator": "Southern California Edison"}}, {"type": "Feature", "geometry": {"type": "Point", "coordinates": [-117.9527068, 33.6545245]}, "properties": {"osm_id": 62333226, "osm_type": "way", "name": null, "voltage": "66000", "substation": "distribution", "operator": "Southern California Edison"}}, {"type": "Feature", "geometry": {"type": "Point", "coordinates": [-118.827152, 34.7904804]}, "properties": {"osm_id": 63908845, "osm_type": "way", "name": "Gorman Substation", "voltage": null, "substation": null, "operator": null}}, {"type": "Feature", "geometry": {"type": "Point", "coordinates": [-114.9666496, 34.8449565]}, "properties": {"osm_id": 64083268, "osm_type": "way", "name": null, "voltage": "230000", "substation": null, "operator": null}}, {"type": "Feature", "geometry": {"type": "Point", "coordinates": [-118.7746647, 34.7766122]}, "properties": {"osm_id": 64130145, "osm_type": "way", "name": "Bailey Substation", "voltage": "220000", "substation": null, "operator": null}}, {"type": "Feature", "geometry": {"type": "Point", "coordinates": [-117.7897166, 33.8289323]}, "properties": {"osm_id": 64161681, "osm_type": "way", "name": "Serrano Substation", "voltage": "500000;220000", "substation": "transmission", "operator": "Southern California Edison"}}, {"type": "Feature", "geometry": {"type": "Point", "coordinates": [-118.2223341, 33.8190324]}, "properties": {"osm_id": 65411731, "osm_type": "way", "name": "Hinson Substation", "voltage": "220000;66000", "substation": "transmission", "operator": "Southern California Edison"}}, {"type": "Feature", "geometry": {"type": "Point", "coordinates": [-118.2439274, 33.8174681]}, "properties": {"osm_id": 65481169, "osm_type": "way", "name": null, "voltage": "220000", "substation": "transition", "operator": null}}, {"type": "Feature", "geometry": {"type": "Point", "coordinates": [-117.9827195, 33.808726]}, "properties": {"osm_id": 65596865, "osm_type": "way", "name": "Barre Substation", "voltage": "220000;66000;12000", "substation": "transmission", "operator": "Southern California Edison"}}, {"type": "Feature", "geometry": {"type": "Point", "coordinates": [-117.9795659, 33.7661247]}, "properties": {"osm_id": 65801366, "osm_type": "way", "name": "Trask Substation", "voltage": "66000;12000", "substation": "distribution", "operator": "Southern California Edison"}}, {"type": "Feature", "geometry": {"type": "Point", "coordinates": [-118.1751865, 33.8802903]}, "properties": {"osm_id": 66157642, "osm_type": "way", "name": "Lighthipe Substation", "voltage": "220000;66000;12000", "substation": "transmission", "operator": "Southern California Edison"}}, {"type": "Feature", "geometry": {"type": "Point", "coordinates": [-118.1057084, 33.9288306]}, "properties": {"osm_id": 66158393, "osm_type": "way", "name": "Center Substation", "voltage": "220000;66000;12000", "substation": "transmission", "operator": "Southern California Edison"}}, {"type": "Feature", "geometry": {"type": "Point", "coordinates": [-118.1116208, 34.0365975]}, "properties": {"osm_id": 66209607, "osm_type": "way", "name": "Mesa Substation", "voltage": "500000;220000;66000;16000;12000", "substation": "transmission", "operator": "Southern California Edison"}}, {"type": "Feature", "geometry": {"type": "Point", "coordinates": [-117.8023175, 33.7345423]}, "properties": {"osm_id": 66983703, "osm_type": "way", "name": "Bryan Substation", "voltage": "66000;12000", "substation": "distribution", "operator": "Southern California Edison"}}, {"type": "Feature", "geometry": {"type": "Point", "coordinates": [-117.7422782, 33.6830442]}, "properties": {"osm_id": 66983705, "osm_type": "way", "name": "Irvine Substation", "voltage": "66000;16000;12000", "substation": "distribution", "operator": "Southern California Edison"}}, {"type": "Feature", "geometry": {"type": "Point", "coordinates": [-117.2370217, 32.8444239]}, "properties": {"osm_id": 67264544, "osm_type": "way", "name": "Rose Canyon Substation", "voltage": "69000", "substation": "distribution", "operator": "San Diego Gas & Electric"}}, {"type": "Feature", "geometry": {"type": "Point", "coordinates": [-117.1436743, 32.6947441]}, "properties": {"osm_id": 67487406, "osm_type": "way", "name": "SDGE Electric Power Substation", "voltage": null, "substation": "distribution", "operator": "San Diego Gas & Electric"}}, {"type": "Feature", "geometry": {"type": "Point", "coordinates": [-118.3598529, 34.1756538]}, "properties": {"osm_id": 71817088, "osm_type": "way", "name": "Receiving Station E - Toluca", "voltage": "500000;230000;34500", "substation": "transmission", "operator": "Los Angeles Department of Water and Power"}}, {"type": "Feature", "geometry": {"type": "Point", "coordinates": [-118.2171518, 33.819366]}, "properties": {"osm_id": 74839034, "osm_type": "way", "name": null, "voltage": null, "substation": null, "operator": null}}, {"type": "Feature", "geometry": {"type": "Point", "coordinates": [-118.3329261, 33.8571762]}, "properties": {"osm_id": 74839036, "osm_type": "way", "name": null, "voltage": "66000", "substation": "industrial", "operator": null}}, {"type": "Feature", "geometry": {"type": "Point", "coordinates": [-118.3018746, 33.8471055]}, "properties": {"osm_id": 74839040, "osm_type": "way", "name": null, "voltage": null, "substation": null, "operator": null}}, {"type": "Feature", "geometry": {"type": "Point", "coordinates": [-118.3034491, 33.8477342]}, "properties": {"osm_id": 74839059, "osm_type": "way", "name": null, "voltage": "138000", "substation": "transmission", "operator": "Los Angeles Department of Water and Power"}}, {"type": "Feature", "geometry": {"type": "Point", "coordinates": [-118.3329363, 33.8688713]}, "properties": {"osm_id": 74839063, "osm_type": "way", "name": "La Fresa Substation", "voltage": "220000;66000;16000", "substation": "transmission", "operator": null}}, {"type": "Feature", "geometry": {"type": "Point", "coordinates": [-118.395105, 33.8516645]}, "properties": {"osm_id": 75206069, "osm_type": "way", "name": "66kV Switching Station", "voltage": "66000", "substation": "transmission", "operator": "Southern California Edison"}}, {"type": "Feature", "geometry": {"type": "Point", "coordinates": [-118.3727161, 33.8961005]}, "properties": {"osm_id": 75206072, "osm_type": "way", "name": null, "voltage": "220000;66000;16000", "substation": "transmission", "operator": "Southern California Edison"}}, {"type": "Feature", "geometry": {"type": "Point", "coordinates": [-118.3937996, 33.8525365]}, "properties": {"osm_id": 75206115, "osm_type": "way", "name": "230kV Switching Station", "voltage": "220000", "substation": "transmission", "operator": "Southern California Edison"}}, {"type": "Feature", "geometry": {"type": "Point", "coordinates": [-114.6361944, 35.1266854]}, "properties": {"osm_id": 75355423, "osm_type": "way", "name": null, "voltage": "69000", "substation": "distribution", "operator": null}}, {"type": "Feature", "geometry": {"type": "Point", "coordinates": [-114.5654631, 35.1946849]}, "properties": {"osm_id": 75355478, "osm_type": "way", "name": null, "voltage": "230000", "substation": "distribution", "operator": null}}, {"type": "Feature", "geometry": {"type": "Point", "coordinates": [-114.5480589, 35.1536468]}, "properties": {"osm_id": 75490150, "osm_type": "way", "name": null, "voltage": "69000", "substation": "distribution", "operator": null}}, {"type": "Feature", "geometry": {"type": "Point", "coordinates": [-114.4549981, 34.9082301]}, "properties": {"osm_id": 75776191, "osm_type": "way", "name": null, "voltage": "230000", "substation": "distribution", "operator": null}}, {"type": "Feature", "geometry": {"type": "Point", "coordinates": [-114.3458183, 34.5618575]}, "properties": {"osm_id": 75776195, "osm_type": "way", "name": null, "voltage": "230000", "substation": "distribution", "operator": null}}, {"type": "Feature", "geometry": {"type": "Point", "coordinates": [-114.2113887, 34.4171185]}, "properties": {"osm_id": 75776205, "osm_type": "way", "name": "Black Mesa Substation", "voltage": "230000", "substation": "distribution", "operator": null}}, {"type": "Feature", "geometry": {"type": "Point", "coordinates": [-118.5434568, 34.2294469]}, "properties": {"osm_id": 76344891, "osm_type": "way", "name": "LADWP Receiving Station J - Northridge", "voltage": "230000;34500;4800", "substation": "transmission", "operator": "Los Angeles Department of Water and Power"}}, {"type": "Feature", "geometry": {"type": "Point", "coordinates": [-118.379642, 34.1912401]}, "properties": {"osm_id": 77003956, "osm_type": "way", "name": "DISTRIBUTING STATION 85", "voltage": "34500;4800", "substation": "distribution", "operator": "Los Angeles Department of Water and Power"}}, {"type": "Feature", "geometry": {"type": "Point", "coordinates": [-114.1712775, 34.2911053]}, "properties": {"osm_id": 77275131, "osm_type": "way", "name": "Gene Substation", "voltage": "230000", "substation": null, "operator": null}}, {"type": "Feature", "geometry": {"type": "Point", "coordinates": [-114.1720716, 34.2926245]}, "properties": {"osm_id": 77275161, "osm_type": "way", "name": null, "voltage": "230000", "substation": null, "operator": null}}, {"type": "Feature", "geometry": {"type": "Point", "coordinates": [-114.1724867, 34.2937382]}, "properties": {"osm_id": 77275215, "osm_type": "way", "name": null, "voltage": null, "substation": null, "operator": null}}, {"type": "Feature", "geometry": {"type": "Point", "coordinates": [-114.1713069, 34.2921214]}, "properties": {"osm_id": 77275237, "osm_type": "way", "name": null, "voltage": "230000", "substation": null, "operator": null}}, {"type": "Feature", "geometry": {"type": "Point", "coordinates": [-114.1577818, 34.3151478]}, "properties": {"osm_id": 77275238, "osm_type": "way", "name": null, "voltage": "69000", "substation": null, "operator": null}}, {"type": "Feature", "geometry": {"type": "Point", "coordinates": [-114.1711322, 34.289537]}, "properties": {"osm_id": 77275240, "osm_type": "way", "name": null, "voltage": "69000", "substation": null, "operator": null}}, {"type": "Feature", "geometry": {"type": "Point", "coordinates": [-114.1414137, 34.2909308]}, "properties": {"osm_id": 77275243, "osm_type": "way", "name": "Havasu Tap", "voltage": "230000", "substation": "distribution", "operator": null}}, {"type": "Feature", "geometry": {"type": "Point", "coordinates": [-114.2777094, 34.1613635]}, "properties": {"osm_id": 77275282, "osm_type": "way", "name": "Headgate Rock Substation", "voltage": "161000", "substation": "distribution", "operator": null}}, {"type": "Feature", "geometry": {"type": "Point", "coordinates": [-117.0074106, 33.7336277]}, "properties": {"osm_id": 77338036, "osm_type": "way", "name": "Stetson Substation", "voltage": "115000", "substation": null, "operator": "Southern California Edison"}}, {"type": "Feature", "geometry": {"type": "Point", "coordinates": [-117.5642244, 34.0080322]}, "properties": {"osm_id": 77339440, "osm_type": "way", "name": "Mira Loma Substation", "voltage": "500000;220000;66000", "substation": "distribution", "operator": "Southern California Edison"}}, {"type": "Feature", "geometry": {"type": "Point", "coordinates": [-117.527171, 34.0884983]}, "properties": {"osm_id": 77452154, "osm_type": "way", "name": null, "voltage": "220000", "substation": null, "operator": null}}, {"type": "Feature", "geometry": {"type": "Point", "coordinates": [-117.5337016, 34.087978]}, "properties": {"osm_id": 77452171, "osm_type": "way", "name": "Rancho Vista Substation", "voltage": "500000;220000", "substation": null, "operator": "Southern California Edison"}}, {"type": "Feature", "geometry": {"type": "Point", "coordinates": [-117.6954104, 33.9639864]}, "properties": {"osm_id": 77593908, "osm_type": "way", "name": null, "voltage": "66000", "substation": null, "operator": null}}, {"type": "Feature", "geometry": {"type": "Point", "coordinates": [-118.5816499, 34.4231807]}, "properties": {"osm_id": 77857453, "osm_type": "way", "name": null, "voltage": null, "substation": "gas", "operator": "Pacific Gas and Electric Company"}}, {"type": "Feature", "geometry": {"type": "Point", "coordinates": [-117.9875512, 33.7163677]}, "properties": {"osm_id": 78488978, "osm_type": "way", "name": null, "voltage": "66000", "substation": null, "operator": "Southern California Edison"}}, {"type": "Feature", "geometry": {"type": "Point", "coordinates": [-117.9128855, 33.6873024]}, "properties": {"osm_id": 78488984, "osm_type": "way", "name": "Gisler Substation", "voltage": "66000;12000", "substation": "distribution", "operator": "Southern California Edison"}}, {"type": "Feature", "geometry": {"type": "Point", "coordinates": [-118.1478598, 33.975758]}, "properties": {"osm_id": 78797580, "osm_type": "way", "name": "Laguna Bell Substation", "voltage": "220000;66000;16000", "substation": "transmission", "operator": "Southern California Edison"}}, {"type": "Feature", "geometry": {"type": "Point", "coordinates": [-118.1956315, 33.8817527]}, "properties": {"osm_id": 78797598, "osm_type": "way", "name": null, "voltage": "16000;4000", "substation": "distribution", "operator": "Southern California Edison"}}, {"type": "Feature", "geometry": {"type": "Point", "coordinates": [-118.6573924, 34.5874916]}, "properties": {"osm_id": 79123590, "osm_type": "way", "name": null, "voltage": "230000", "substation": null, "operator": null}}, {"type": "Feature", "geometry": {"type": "Point", "coordinates": [-117.7332827, 33.9963055]}, "properties": {"osm_id": 79440937, "osm_type": "way", "name": null, "voltage": "66000", "substation": "distribution", "operator": "Southern California Edison"}}, {"type": "Feature", "geometry": {"type": "Point", "coordinates": [-117.9221717, 33.9462399]}, "properties": {"osm_id": 79440943, "osm_type": "way", "name": "Olinda Substation", "voltage": "220000;66000;12000", "substation": "transmission", "operator": "Southern California Edison"}}, {"type": "Feature", "geometry": {"type": "Point", "coordinates": [-118.1276597, 34.0067343]}, "properties": {"osm_id": 79649407, "osm_type": "way", "name": null, "voltage": "66000", "substation": "distribution", "operator": "Southern California Edison"}}, {"type": "Feature", "geometry": {"type": "Point", "coordinates": [-115.0113645, 35.8192314]}, "properties": {"osm_id": 79671026, "osm_type": "way", "name": "Marketplace Substation", "voltage": "500000", "substation": null, "operator": null}}, {"type": "Feature", "geometry": {"type": "Point", "coordinates": [-115.0130133, 35.8038852]}, "properties": {"osm_id": 79671032, "osm_type": "way", "name": "McCullough Substation", "voltage": "500000;230000", "substation": "transmission", "operator": "Los Angeles Department of Water and Power"}}, {"type": "Feature", "geometry": {"type": "Point", "coordinates": [-114.9942489, 35.7900276]}, "properties": {"osm_id": 79671040, "osm_type": "way", "name": "Merchant Substation", "voltage": "230000", "substation": null, "operator": null}}, {"type": "Feature", "geometry": {"type": "Point", "coordinates": [-115.3568826, 35.6149096]}, "properties": {"osm_id": 79875883, "osm_type": "way", "name": null, "voltage": "230000", "substation": null, "operator": null}}, {"type": "Feature", "geometry": {"type": "Point", "coordinates": [-116.1141712, 35.3897105]}, "properties": {"osm_id": 79885277, "osm_type": "way", "name": null, "voltage": null, "substation": null, "operator": null}}, {"type": "Feature", "geometry": {"type": "Point", "coordinates": [-116.0744455, 35.2788987]}, "properties": {"osm_id": 80105953, "osm_type": "way", "name": "Baker Substation", "voltage": null, "substation": null, "operator": "Southern California Edison"}}, {"type": "Feature", "geometry": {"type": "Point", "coordinates": [-115.5521851, 35.5015735]}, "properties": {"osm_id": 80177263, "osm_type": "way", "name": null, "voltage": null, "substation": null, "operator": null}}, {"type": "Feature", "geometry": {"type": "Point", "coordinates": [-118.2649665, 33.7702772]}, "properties": {"osm_id": 80213754, "osm_type": "way", "name": null, "voltage": "138000", "substation": "transmission", "operator": "Los Angeles Department of Water and Power"}}, {"type": "Feature", "geometry": {"type": "Point", "coordinates": [-118.2580886, 33.7978192]}, "properties": {"osm_id": 80213764, "osm_type": "way", "name": "Receiving Station C", "voltage": "138000", "substation": "transmission", "operator": "Los Angeles Department of Water and Power"}}, {"type": "Feature", "geometry": {"type": "Point", "coordinates": [-118.1070993, 33.7957894]}, "properties": {"osm_id": 80361728, "osm_type": "way", "name": null, "voltage": "66000", "substation": "distribution", "operator": "Southern California Edison"}}, {"type": "Feature", "geometry": {"type": "Point", "coordinates": [-116.8541398, 34.8631915]}, "properties": {"osm_id": 81232560, "osm_type": "way", "name": null, "voltage": "230000", "substation": null, "operator": null}}, {"type": "Feature", "geometry": {"type": "Point", "coordinates": [-116.8548872, 34.8604205]}, "properties": {"osm_id": 81232561, "osm_type": "way", "name": null, "voltage": "115000", "substation": null, "operator": null}}, {"type": "Feature", "geometry": {"type": "Point", "coordinates": [-116.4400806, 35.0494486]}, "properties": {"osm_id": 81232912, "osm_type": "way", "name": null, "voltage": null, "substation": null, "operator": null}}, {"type": "Feature", "geometry": {"type": "Point", "coordinates": [-115.3346915, 35.7845061]}, "properties": {"osm_id": 81288294, "osm_type": "way", "name": null, "voltage": null, "substation": "distribution", "operator": null}}, {"type": "Feature", "geometry": {"type": "Point", "coordinates": [-115.3742146, 35.6783957]}, "properties": {"osm_id": 81288298, "osm_type": "way", "name": null, "voltage": null, "substation": "distribution", "operator": null}}, {"type": "Feature", "geometry": {"type": "Point", "coordinates": [-116.8664567, 34.8589869]}, "properties": {"osm_id": 81540064, "osm_type": "way", "name": null, "voltage": null, "substation": null, "operator": null}}, {"type": "Feature", "geometry": {"type": "Point", "coordinates": [-117.3125179, 34.5659622]}, "properties": {"osm_id": 81605626, "osm_type": "way", "name": null, "voltage": null, "substation": null, "operator": null}}, {"type": "Feature", "geometry": {"type": "Point", "coordinates": [-117.0308909, 34.8631924]}, "properties": {"osm_id": 81605627, "osm_type": "way", "name": null, "voltage": "115000", "substation": null, "operator": "Southern California Edison"}}, {"type": "Feature", "geometry": {"type": "Point", "coordinates": [-114.581651, 35.15819]}, "properties": {"osm_id": 81737508, "osm_type": "way", "name": "Big Bend Substation", "voltage": "69000", "substation": null, "operator": null}}, {"type": "Feature", "geometry": {"type": "Point", "coordinates": [-114.4282113, 34.9961382]}, "properties": {"osm_id": 81757616, "osm_type": "way", "name": null, "voltage": "69000", "substation": "distribution", "operator": null}}, {"type": "Feature", "geometry": {"type": "Point", "coordinates": [-114.5544177, 34.9681821]}, "properties": {"osm_id": 81757624, "osm_type": "way", "name": null, "voltage": "69000", "substation": "distribution", "operator": null}}, {"type": "Feature", "geometry": {"type": "Point", "coordinates": [-114.3765673, 35.0460024]}, "properties": {"osm_id": 81945604, "osm_type": "way", "name": null, "voltage": "69000", "substation": "industrial", "operator": null}}, {"type": "Feature", "geometry": {"type": "Point", "coordinates": [-114.1845004, 35.0922892]}, "properties": {"osm_id": 82005360, "osm_type": "way", "name": null, "voltage": "69000", "substation": "distribution", "operator": null}}, {"type": "Feature", "geometry": {"type": "Point", "coordinates": [-114.2043848, 35.3189558]}, "properties": {"osm_id": 82254663, "osm_type": "way", "name": null, "voltage": "69000", "substation": "distribution", "operator": null}}, {"type": "Feature", "geometry": {"type": "Point", "coordinates": [-114.1489739, 35.2431332]}, "properties": {"osm_id": 82254665, "osm_type": "way", "name": null, "voltage": "69000", "substation": "distribution", "operator": null}}, {"type": "Feature", "geometry": {"type": "Point", "coordinates": [-114.3561811, 35.5320899]}, "properties": {"osm_id": 82254669, "osm_type": "way", "name": null, "voltage": "69000", "substation": "distribution", "operator": null}}, {"type": "Feature", "geometry": {"type": "Point", "coordinates": [-114.4878165, 35.7219069]}, "properties": {"osm_id": 82360286, "osm_type": "way", "name": null, "voltage": "69000", "substation": "distribution", "operator": null}}, {"type": "Feature", "geometry": {"type": "Point", "coordinates": [-114.8248585, 35.7077504]}, "properties": {"osm_id": 82360297, "osm_type": "way", "name": "Nelson Substation", "voltage": "69000", "substation": null, "operator": null}}, {"type": "Feature", "geometry": {"type": "Point", "coordinates": [-118.2378379, 33.7594583]}, "properties": {"osm_id": 83394044, "osm_type": "way", "name": null, "voltage": "66000", "substation": null, "operator": null}}, {"type": "Feature", "geometry": {"type": "Point", "coordinates": [-117.2282561, 32.7598414]}, "properties": {"osm_id": 85586683, "osm_type": "way", "name": null, "voltage": null, "substation": null, "operator": "San Diego Gas & Electric"}}, {"type": "Feature", "geometry": {"type": "Point", "coordinates": [-117.2334812, 32.7414519]}, "properties": {"osm_id": 85586689, "osm_type": "way", "name": "Point Loma Substation", "voltage": "69000", "substation": "distribution", "operator": "San Diego Gas & Electric"}}, {"type": "Feature", "geometry": {"type": "Point", "coordinates": [-117.506197, 34.0112567]}, "properties": {"osm_id": 85900473, "osm_type": "way", "name": null, "voltage": "66000", "substation": null, "operator": null}}, {"type": "Feature", "geometry": {"type": "Point", "coordinates": [-118.0667378, 34.0049524]}, "properties": {"osm_id": 86092401, "osm_type": "way", "name": null, "voltage": "66000", "substation": "distribution", "operator": null}}, {"type": "Feature", "geometry": {"type": "Point", "coordinates": [-117.979947, 34.0995372]}, "properties": {"osm_id": 86094411, "osm_type": "way", "name": null, "voltage": null, "substation": null, "operator": null}}, {"type": "Feature", "geometry": {"type": "Point", "coordinates": [-117.980363, 34.1050306]}, "properties": {"osm_id": 86094474, "osm_type": "way", "name": "Rio Hondo Substation", "voltage": "220000", "substation": null, "operator": null}}, {"type": "Feature", "geometry": {"type": "Point", "coordinates": [-117.8720979, 34.1190343]}, "properties": {"osm_id": 86198913, "osm_type": "way", "name": "Citrus Substation", "voltage": "66000;12000", "substation": "distribution", "operator": "Southern California Edison"}}, {"type": "Feature", "geometry": {"type": "Point", "coordinates": [-117.7319349, 34.121121]}, "properties": {"osm_id": 86292411, "osm_type": "way", "name": "Live Oak Substation", "voltage": "66000", "substation": "distribution", "operator": "Southern California Edison"}}, {"type": "Feature", "geometry": {"type": "Point", "coordinates": [-117.6394233, 34.1202242]}, "properties": {"osm_id": 86294229, "osm_type": "way", "name": null, "voltage": "220000;66000", "substation": null, "operator": "Southern California Edison"}}, {"type": "Feature", "geometry": {"type": "Point", "coordinates": [-117.3693963, 34.3658218]}, "properties": {"osm_id": 86369466, "osm_type": "way", "name": "Lugo Substation", "voltage": "500000;220000", "substation": null, "operator": "Southern California Edison"}}, {"type": "Feature", "geometry": {"type": "Point", "coordinates": [-118.2261612, 34.0670879]}, "properties": {"osm_id": 86454167, "osm_type": "way", "name": "Receiving Station A", "voltage": "230000", "substation": "transmission", "operator": "Los Angeles Department of Water and Power"}}, {"type": "Feature", "geometry": {"type": "Point", "coordinates": [-116.7332627, 35.2228952]}, "properties": {"osm_id": 87098556, "osm_type": "way", "name": null, "voltage": null, "substation": null, "operator": null}}, {"type": "Feature", "geometry": {"type": "Point", "coordinates": [-116.7808344, 35.2741196]}, "properties": {"osm_id": 87098579, "osm_type": "way", "name": null, "voltage": null, "substation": null, "operator": null}}, {"type": "Feature", "geometry": {"type": "Point", "coordinates": [-118.2981161, 34.6858079]}, "properties": {"osm_id": 88776835, "osm_type": "way", "name": "Antelope Substation", "voltage": "500000;220000", "substation": null, "operator": "Southern California Edison"}}, {"type": "Feature", "geometry": {"type": "Point", "coordinates": [-118.2888624, 34.7180347]}, "properties": {"osm_id": 88777861, "osm_type": "way", "name": null, "voltage": "66000", "substation": null, "operator": "Southern California Edison"}}, {"type": "Feature", "geometry": {"type": "Point", "coordinates": [-115.4907845, 32.6870632]}, "properties": {"osm_id": 90744992, "osm_type": "way", "name": null, "voltage": "92000", "substation": null, "operator": null}}, {"type": "Feature", "geometry": {"type": "Point", "coordinates": [-115.7784191, 32.793734]}, "properties": {"osm_id": 90745011, "osm_type": "way", "name": null, "voltage": "92000", "substation": null, "operator": null}}, {"type": "Feature", "geometry": {"type": "Point", "coordinates": [-115.5779831, 32.8178626]}, "properties": {"osm_id": 90745030, "osm_type": "way", "name": null, "voltage": "92000", "substation": null, "operator": null}}, {"type": "Feature", "geometry": {"type": "Point", "coordinates": [-115.6804109, 32.8114114]}, "properties": {"osm_id": 90745032, "osm_type": "way", "name": null, "voltage": "92000", "substation": null, "operator": null}}, {"type": "Feature", "geometry": {"type": "Point", "coordinates": [-115.537548, 32.8023286]}, "properties": {"osm_id": 90915109, "osm_type": "way", "name": "El Centro Substation", "voltage": "230000;161000;92000", "substation": null, "operator": "Imperial Irrigation District"}}, {"type": "Feature", "geometry": {"type": "Point", "coordinates": [-115.2178956, 32.7060708]}, "properties": {"osm_id": 90915165, "osm_type": "way", "name": "Drop 4", "voltage": "92000", "substation": null, "operator": null}}, {"type": "Feature", "geometry": {"type": "Point", "coordinates": [-114.714637, 32.7365988]}, "properties": {"osm_id": 90961064, "osm_type": "way", "name": null, "voltage": "161000;92000", "substation": "transmission", "operator": null}}, {"type": "Feature", "geometry": {"type": "Point", "coordinates": [-114.7486409, 32.7604299]}, "properties": {"osm_id": 90961067, "osm_type": "way", "name": "Knob Substation", "voltage": "161000", "substation": "transmission", "operator": null}}, {"type": "Feature", "geometry": {"type": "Point", "coordinates": [-114.7126545, 32.7364696]}, "properties": {"osm_id": 90961069, "osm_type": "way", "name": "Pilot Knob Substation", "voltage": "161000", "substation": "transmission", "operator": null}}, {"type": "Feature", "geometry": {"type": "Point", "coordinates": [-114.7096262, 32.7200573]}, "properties": {"osm_id": 90961473, "osm_type": "way", "name": "Yucca Substation", "voltage": "69000", "substation": "transmission", "operator": null}}, {"type": "Feature", "geometry": {"type": "Point", "coordinates": [-114.7107722, 32.7198569]}, "properties": {"osm_id": 90961476, "osm_type": "way", "name": null, "voltage": "161000", "substation": "transmission", "operator": null}}, {"type": "Feature", "geometry": {"type": "Point", "coordinates": [-114.7050636, 32.7277499]}, "properties": {"osm_id": 90961477, "osm_type": "way", "name": null, "voltage": "161000", "substation": "industrial", "operator": null}}, {"type": "Feature", "geometry": {"type": "Point", "coordinates": [-114.4912811, 32.7456924]}, "properties": {"osm_id": 90966380, "osm_type": "way", "name": "North Gila Substation", "voltage": "500000", "substation": "transmission", "operator": "Arizona Public Service"}}, {"type": "Feature", "geometry": {"type": "Point", "coordinates": [-114.3968497, 32.7685005]}, "properties": {"osm_id": 91020505, "osm_type": "way", "name": "Dome Tap Substation", "voltage": "161000", "substation": "distribution", "operator": null}}, {"type": "Feature", "geometry": {"type": "Point", "coordinates": [-114.3473753, 32.8679987]}, "properties": {"osm_id": 91020511, "osm_type": "way", "name": null, "voltage": null, "substation": "distribution", "operator": null}}, {"type": "Feature", "geometry": {"type": "Point", "coordinates": [-114.3271131, 32.7108526]}, "properties": {"osm_id": 91042835, "osm_type": "way", "name": null, "voltage": null, "substation": "distribution", "operator": null}}, {"type": "Feature", "geometry": {"type": "Point", "coordinates": [-114.2649875, 32.6665417]}, "properties": {"osm_id": 91042863, "osm_type": "way", "name": "Wellton-Mohawk Ligurta Substation", "voltage": "161000", "substation": "distribution", "operator": null}}, {"type": "Feature", "geometry": {"type": "Point", "coordinates": [-114.4700165, 32.6848773]}, "properties": {"osm_id": 91042866, "osm_type": "way", "name": "Gila Substation", "voltage": "161000", "substation": "distribution", "operator": null}}, {"type": "Feature", "geometry": {"type": "Point", "coordinates": [-116.498294, 32.7983244]}, "properties": {"osm_id": 91193822, "osm_type": "way", "name": null, "voltage": "69000", "substation": null, "operator": null}}, {"type": "Feature", "geometry": {"type": "Point", "coordinates": [-118.4586766, 34.2734732]}, "properties": {"osm_id": 91530350, "osm_type": "way", "name": "San Fernando Substation", "voltage": "66000", "substation": null, "operator": null}}, {"type": "Feature", "geometry": {"type": "Point", "coordinates": [-118.5590591, 34.3791522]}, "properties": {"osm_id": 91530354, "osm_type": "way", "name": "Newhall Substation", "voltage": "66000", "substation": "distribution", "operator": "Southern California Edison"}}, {"type": "Feature", "geometry": {"type": "Point", "coordinates": [-118.5826225, 34.4397943]}, "properties": {"osm_id": 91834998, "osm_type": "way", "name": "Pardee Substation", "voltage": "220000", "substation": "transmission", "operator": "Southern California Edison"}}, {"type": "Feature", "geometry": {"type": "Point", "coordinates": [-120.680366, 35.5550486]}, "properties": {"osm_id": 93420666, "osm_type": "way", "name": "Templeton", "voltage": "21000", "substation": null, "operator": "Pacific Gas and Electric Company"}}, {"type": "Feature", "geometry": {"type": "Point", "coordinates": [-120.8550446, 35.3752988]}, "properties": {"osm_id": 93420667, "osm_type": "way", "name": null, "voltage": null, "substation": null, "operator": null}}, {"type": "Feature", "geometry": {"type": "Point", "coordinates": [-120.8555879, 35.3738781]}, "properties": {"osm_id": 93420676, "osm_type": "way", "name": "Morro Bay", "voltage": "230000;115000", "substation": null, "operator": "Pacific Gas and Electric Company"}}, {"type": "Feature", "geometry": {"type": "Point", "coordinates": [-119.6962548, 35.3827737]}, "properties": {"osm_id": 93521008, "osm_type": "way", "name": null, "voltage": null, "substation": null, "operator": null}}, {"type": "Feature", "geometry": {"type": "Point", "coordinates": [-115.1219114, 34.149181]}, "properties": {"osm_id": 93581423, "osm_type": "way", "name": null, "voltage": "230000", "substation": null, "operator": null}}, {"type": "Feature", "geometry": {"type": "Point", "coordinates": [-115.1214945, 34.1503742]}, "properties": {"osm_id": 93581443, "osm_type": "way", "name": null, "voltage": "230000", "substation": null, "operator": null}}, {"type": "Feature", "geometry": {"type": "Point", "coordinates": [-118.3574404, 34.1429562]}, "properties": {"osm_id": 94064537, "osm_type": "way", "name": "Southern Califorina Edison Power Substation: Studio Master Substation", "voltage": null, "substation": null, "operator": null}}, {"type": "Feature", "geometry": {"type": "Point", "coordinates": [-118.3591279, 34.1429667]}, "properties": {"osm_id": 94066289, "osm_type": "way", "name": "Southern California Edison Electrical Substation: Edison Universal Substation", "voltage": null, "substation": null, "operator": "Southern California Edison"}}, {"type": "Feature", "geometry": {"type": "Point", "coordinates": [-119.9137391, 35.7755843]}, "properties": {"osm_id": 94670675, "osm_type": "way", "name": null, "voltage": null, "substation": null, "operator": null}}, {"type": "Feature", "geometry": {"type": "Point", "coordinates": [-118.7886869, 34.6851994]}, "properties": {"osm_id": 94788736, "osm_type": "way", "name": null, "voltage": "220000", "substation": null, "operator": null}}, {"type": "Feature", "geometry": {"type": "Point", "coordinates": [-118.5987988, 34.4310299]}, "properties": {"osm_id": 94788738, "osm_type": "way", "name": null, "voltage": null, "substation": null, "operator": null}}, {"type": "Feature", "geometry": {"type": "Point", "coordinates": [-116.4235078, 34.1108347]}, "properties": {"osm_id": 95894421, "osm_type": "way", "name": "Yucca Substation", "voltage": "115000", "substation": null, "operator": null}}, {"type": "Feature", "geometry": {"type": "Point", "coordinates": [-119.7280325, 34.5017797]}, "properties": {"osm_id": 96961241, "osm_type": "way", "name": null, "voltage": null, "substation": null, "operator": null}}, {"type": "Feature", "geometry": {"type": "Point", "coordinates": [-116.9573439, 32.7440926]}, "properties": {"osm_id": 97576454, "osm_type": "way", "name": "Jamacha Substation", "voltage": "69000", "substation": "transmission", "operator": "San Diego Gas & Electric"}}, {"type": "Feature", "geometry": {"type": "Point", "coordinates": [-117.0703778, 33.1367122]}, "properties": {"osm_id": 97903711, "osm_type": "way", "name": null, "voltage": null, "substation": null, "operator": "San Diego Gas & Electric"}}, {"type": "Feature", "geometry": {"type": "Point", "coordinates": [-117.2504357, 33.1011253]}, "properties": {"osm_id": 99497746, "osm_type": "way", "name": null, "voltage": "230000;138000", "substation": null, "operator": "San Diego Gas & Electric"}}, {"type": "Feature", "geometry": {"type": "Point", "coordinates": [-118.3670013, 35.0881639]}, "properties": {"osm_id": 99599945, "osm_type": "way", "name": null, "voltage": null, "substation": null, "operator": null}}, {"type": "Feature", "geometry": {"type": "Point", "coordinates": [-118.3378003, 35.098241]}, "properties": {"osm_id": 99599948, "osm_type": "way", "name": null, "voltage": null, "substation": null, "operator": null}}, {"type": "Feature", "geometry": {"type": "Point", "coordinates": [-118.3781916, 35.0994493]}, "properties": {"osm_id": 99599957, "osm_type": "way", "name": null, "voltage": "220000", "substation": null, "operator": null}}, {"type": "Feature", "geometry": {"type": "Point", "coordinates": [-118.2808562, 35.0349893]}, "properties": {"osm_id": 99599964, "osm_type": "way", "name": "Windhub Substation", "voltage": "500000;220000", "substation": "transmission", "operator": "Southern California Edison"}}, {"type": "Feature", "geometry": {"type": "Point", "coordinates": [-118.3203877, 35.0730779]}, "properties": {"osm_id": 99599967, "osm_type": "way", "name": null, "voltage": null, "substation": null, "operator": null}}, {"type": "Feature", "geometry": {"type": "Point", "coordinates": [-118.3049786, 35.0791463]}, "properties": {"osm_id": 99599973, "osm_type": "way", "name": null, "voltage": null, "substation": null, "operator": null}}, {"type": "Feature", "geometry": {"type": "Point", "coordinates": [-118.2763356, 35.0437771]}, "properties": {"osm_id": 99599975, "osm_type": "way", "name": null, "voltage": "220000", "substation": null, "operator": null}}, {"type": "Feature", "geometry": {"type": "Point", "coordinates": [-118.3345494, 35.0990635]}, "properties": {"osm_id": 99599982, "osm_type": "way", "name": null, "voltage": null, "substation": null, "operator": null}}, {"type": "Feature", "geometry": {"type": "Point", "coordinates": [-118.3524346, 35.0352327]}, "properties": {"osm_id": 99599988, "osm_type": "way", "name": null, "voltage": null, "substation": null, "operator": null}}, {"type": "Feature", "geometry": {"type": "Point", "coordinates": [-118.2762877, 35.0446725]}, "properties": {"osm_id": 99599991, "osm_type": "way", "name": null, "voltage": null, "substation": null, "operator": null}}, {"type": "Feature", "geometry": {"type": "Point", "coordinates": [-118.3111318, 35.078079]}, "properties": {"osm_id": 99599994, "osm_type": "way", "name": null, "voltage": null, "substation": null, "operator": null}}, {"type": "Feature", "geometry": {"type": "Point", "coordinates": [-118.2698884, 35.0587653]}, "properties": {"osm_id": 99599999, "osm_type": "way", "name": null, "voltage": null, "substation": null, "operator": null}}, {"type": "Feature", "geometry": {"type": "Point", "coordinates": [-118.2808696, 35.046037]}, "properties": {"osm_id": 99600003, "osm_type": "way", "name": null, "voltage": null, "substation": null, "operator": null}}, {"type": "Feature", "geometry": {"type": "Point", "coordinates": [-118.3092111, 35.0787655]}, "properties": {"osm_id": 99600008, "osm_type": "way", "name": null, "voltage": null, "substation": null, "operator": null}}, {"type": "Feature", "geometry": {"type": "Point", "coordinates": [-118.2704413, 35.0537049]}, "properties": {"osm_id": 99600011, "osm_type": "way", "name": null, "voltage": null, "substation": null, "operator": null}}, {"type": "Feature", "geometry": {"type": "Point", "coordinates": [-116.5436773, 33.9014571]}, "properties": {"osm_id": 99625445, "osm_type": "way", "name": null, "voltage": "115000", "substation": "transmission", "operator": null}}, {"type": "Feature", "geometry": {"type": "Point", "coordinates": [-117.0309422, 32.9172568]}, "properties": {"osm_id": 99645329, "osm_type": "way", "name": "Sycamore Canyon Substation", "voltage": "230000;138000;69000", "substation": "transmission", "operator": "San Diego Gas & Electric"}}, {"type": "Feature", "geometry": {"type": "Point", "coordinates": [-117.1167373, 33.1257327]}, "properties": {"osm_id": 99650319, "osm_type": "way", "name": "Escondido Substation", "voltage": "230000;69000", "substation": "transmission", "operator": "San Diego Gas & Electric"}}, {"type": "Feature", "geometry": {"type": "Point", "coordinates": [-118.3625538, 34.2066845]}, "properties": {"osm_id": 99870791, "osm_type": "way", "name": null, "voltage": null, "substation": null, "operator": null}}, {"type": "Feature", "geometry": {"type": "Point", "coordinates": [-116.6656064, 33.951285]}, "properties": {"osm_id": 101677519, "osm_type": "way", "name": null, "voltage": "115000", "substation": "transmission", "operator": null}}, {"type": "Feature", "geometry": {"type": "Point", "coordinates": [-116.6668838, 33.9500207]}, "properties": {"osm_id": 101677534, "osm_type": "way", "name": null, "voltage": "115000", "substation": "transmission", "operator": null}}, {"type": "Feature", "geometry": {"type": "Point", "coordinates": [-116.6633063, 33.9461842]}, "properties": {"osm_id": 101677540, "osm_type": "way", "name": null, "voltage": null, "substation": "transmission", "operator": null}}, {"type": "Feature", "geometry": {"type": "Point", "coordinates": [-116.5798714, 33.9073035]}, "properties": {"osm_id": 102118056, "osm_type": "way", "name": null, "voltage": "115000", "substation": "generation", "operator": null}}, {"type": "Feature", "geometry": {"type": "Point", "coordinates": [-116.5793173, 33.9072131]}, "properties": {"osm_id": 102118057, "osm_type": "way", "name": null, "voltage": "115000", "substation": "transmission", "operator": null}}, {"type": "Feature", "geometry": {"type": "Point", "coordinates": [-114.5998604, 33.6059811]}, "properties": {"osm_id": 103497525, "osm_type": "way", "name": null, "voltage": null, "substation": null, "operator": null}}, {"type": "Feature", "geometry": {"type": "Point", "coordinates": [-117.089273, 33.1156579]}, "properties": {"osm_id": 104056366, "osm_type": "way", "name": null, "voltage": null, "substation": null, "operator": "San Diego Gas & Electric"}}, {"type": "Feature", "geometry": {"type": "Point", "coordinates": [-117.58835, 33.857814]}, "properties": {"osm_id": 104907571, "osm_type": "way", "name": "Jefferson Substation", "voltage": "66000;12000", "substation": "distribution", "operator": "Southern California Edison"}}, {"type": "Feature", "geometry": {"type": "Point", "coordinates": [-115.5591773, 33.671401]}, "properties": {"osm_id": 105199139, "osm_type": "way", "name": null, "voltage": "500000", "substation": "distribution", "operator": "Southern California Edison"}}, {"type": "Feature", "geometry": {"type": "Point", "coordinates": [-117.1986182, 33.014257]}, "properties": {"osm_id": 105230909, "osm_type": "way", "name": null, "voltage": null, "substation": null, "operator": "San Diego Gas & Electric"}}, {"type": "Feature", "geometry": {"type": "Point", "coordinates": [-117.1355952, 32.8940473]}, "properties": {"osm_id": 105232646, "osm_type": "way", "name": "Miramar Substation", "voltage": "69000", "substation": "transmission", "operator": "San Diego Gas & Electric"}}, {"type": "Feature", "geometry": {"type": "Point", "coordinates": [-117.3345198, 33.2112992]}, "properties": {"osm_id": 105825880, "osm_type": "way", "name": "San Luis Rey Substation", "voltage": "230000", "substation": "transmission", "operator": "San Diego Gas & Electric"}}, {"type": "Feature", "geometry": {"type": "Point", "coordinates": [-117.335154, 33.3091432]}, "properties": {"osm_id": 105828292, "osm_type": "way", "name": null, "voltage": null, "substation": null, "operator": null}}, {"type": "Feature", "geometry": {"type": "Point", "coordinates": [-117.1404573, 33.5037193]}, "properties": {"osm_id": 109609240, "osm_type": "way", "name": null, "voltage": "115000", "substation": null, "operator": null}}, {"type": "Feature", "geometry": {"type": "Point", "coordinates": [-117.2034045, 33.557875]}, "properties": {"osm_id": 110573544, "osm_type": "way", "name": null, "voltage": "115000", "substation": null, "operator": null}}, {"type": "Feature", "geometry": {"type": "Point", "coordinates": [-117.1108903, 32.7300976]}, "properties": {"osm_id": 116427264, "osm_type": "way", "name": "Wabash Substation", "voltage": null, "substation": "transmission", "operator": "San Diego Gas & Electric"}}, {"type": "Feature", "geometry": {"type": "Point", "coordinates": [-117.1259419, 32.7549329]}, "properties": {"osm_id": 116428566, "osm_type": "way", "name": null, "voltage": null, "substation": null, "operator": "San Diego Gas & Electric"}}, {"type": "Feature", "geometry": {"type": "Point", "coordinates": [-117.5714849, 33.4532061]}, "properties": {"osm_id": 116440984, "osm_type": "way", "name": "Talega Substation", "voltage": "230000;138000;69000", "substation": "transmission", "operator": "San Diego Gas & Electric"}}, {"type": "Feature", "geometry": {"type": "Point", "coordinates": [-117.259812, 33.9087628]}, "properties": {"osm_id": 116790727, "osm_type": "way", "name": null, "voltage": "115000", "substation": null, "operator": null}}, {"type": "Feature", "geometry": {"type": "Point", "coordinates": [-117.3235224, 34.3074444]}, "properties": {"osm_id": 118400846, "osm_type": "way", "name": null, "voltage": "115000", "substation": null, "operator": null}}, {"type": "Feature", "geometry": {"type": "Point", "coordinates": [-117.1923901, 32.7660854]}, "properties": {"osm_id": 119718455, "osm_type": "way", "name": "Old Town Substation", "voltage": "230000;69000", "substation": "transmission", "operator": "San Diego Gas & Electric"}}, {"type": "Feature", "geometry": {"type": "Point", "coordinates": [-117.200837, 32.8848282]}, "properties": {"osm_id": 119718456, "osm_type": "way", "name": "Eastgate Substation", "voltage": "69000", "substation": "distribution", "operator": "San Diego Gas & Electric"}}, {"type": "Feature", "geometry": {"type": "Point", "coordinates": [-117.1383422, 32.7848113]}, "properties": {"osm_id": 119718924, "osm_type": "way", "name": null, "voltage": null, "substation": "transmission", "operator": "San Diego Gas & Electric"}}, {"type": "Feature", "geometry": {"type": "Point", "coordinates": [-117.1644077, 32.7717391]}, "properties": {"osm_id": 119718926, "osm_type": "way", "name": "Friars Substation", "voltage": null, "substation": null, "operator": null}}, {"type": "Feature", "geometry": {"type": "Point", "coordinates": [-117.137179, 32.7838747]}, "properties": {"osm_id": 119718927, "osm_type": "way", "name": "Mission Substation", "voltage": "138000;69000", "substation": "transmission", "operator": "San Diego Gas & Electric"}}, {"type": "Feature", "geometry": {"type": "Point", "coordinates": [-117.555775, 34.4241254]}, "properties": {"osm_id": 120259296, "osm_type": "way", "name": null, "voltage": null, "substation": null, "operator": "Southern California Edison"}}, {"type": "Feature", "geometry": {"type": "Point", "coordinates": [-117.2941019, 34.4740368]}, "properties": {"osm_id": 120878575, "osm_type": "way", "name": null, "voltage": null, "substation": null, "operator": "Southern California Edison"}}, {"type": "Feature", "geometry": {"type": "Point", "coordinates": [-118.5561619, 34.271287]}, "properties": {"osm_id": 122211839, "osm_type": "way", "name": "Distributing Station No. 82", "voltage": "34500;4800", "substation": "distribution", "operator": "Los Angeles Department of Water and Power"}}, {"type": "Feature", "geometry": {"type": "Point", "coordinates": [-117.0693729, 33.0614334]}, "properties": {"osm_id": 124476233, "osm_type": "way", "name": null, "voltage": null, "substation": null, "operator": null}}, {"type": "Feature", "geometry": {"type": "Point", "coordinates": [-117.2515759, 34.1499526]}, "properties": {"osm_id": 124693313, "osm_type": "way", "name": null, "voltage": "66000", "substation": null, "operator": null}}, {"type": "Feature", "geometry": {"type": "Point", "coordinates": [-117.1868247, 34.1078568]}, "properties": {"osm_id": 124955100, "osm_type": "way", "name": null, "voltage": "66000", "substation": null, "operator": null}}, {"type": "Feature", "geometry": {"type": "Point", "coordinates": [-117.898929, 33.8094615]}, "properties": {"osm_id": 126153864, "osm_type": "way", "name": "Lewis Substation", "voltage": "220000;69000;12000", "substation": "transmission", "operator": "Anaheim Public Utilities"}}, {"type": "Feature", "geometry": {"type": "Point", "coordinates": [-117.2354476, 33.3290743]}, "properties": {"osm_id": 126265491, "osm_type": "way", "name": null, "voltage": null, "substation": null, "operator": null}}, {"type": "Feature", "geometry": {"type": "Point", "coordinates": [-118.2378552, 34.0388744]}, "properties": {"osm_id": 131472567, "osm_type": "way", "name": null, "voltage": "34500;4800", "substation": "distribution", "operator": "Los Angeles Department of Water and Power"}}, {"type": "Feature", "geometry": {"type": "Point", "coordinates": [-118.212275, 33.7689049]}, "properties": {"osm_id": 132107032, "osm_type": "way", "name": null, "voltage": null, "substation": null, "operator": null}}, {"type": "Feature", "geometry": {"type": "Point", "coordinates": [-118.2084147, 33.7742947]}, "properties": {"osm_id": 132119247, "osm_type": "way", "name": null, "voltage": null, "substation": null, "operator": null}}, {"type": "Feature", "geometry": {"type": "Point", "coordinates": [-120.0419735, 34.4774058]}, "properties": {"osm_id": 133439972, "osm_type": "way", "name": null, "voltage": null, "substation": null, "operator": null}}, {"type": "Feature", "geometry": {"type": "Point", "coordinates": [-120.0423098, 34.4766846]}, "properties": {"osm_id": 133439974, "osm_type": "way", "name": null, "voltage": null, "substation": null, "operator": null}}, {"type": "Feature", "geometry": {"type": "Point", "coordinates": [-119.8843266, 34.4686423]}, "properties": {"osm_id": 133585863, "osm_type": "way", "name": "Goleta Substation", "voltage": "220000;66000;16340", "substation": "transmission", "operator": "Southern California Edison"}}, {"type": "Feature", "geometry": {"type": "Point", "coordinates": [-117.2442851, 34.0621171]}, "properties": {"osm_id": 134477832, "osm_type": "way", "name": "Timoteo Substation", "voltage": "66000", "substation": null, "operator": null}}, {"type": "Feature", "geometry": {"type": "Point", "coordinates": [-118.1421024, 33.7910335]}, "properties": {"osm_id": 134636655, "osm_type": "way", "name": "Hathaway Substation", "voltage": "66000", "substation": "distribution", "operator": "Southern California Edison"}}, {"type": "Feature", "geometry": {"type": "Point", "coordinates": [-118.1833324, 33.7786069]}, "properties": {"osm_id": 134659111, "osm_type": "way", "name": null, "voltage": null, "substation": null, "operator": null}}, {"type": "Feature", "geometry": {"type": "Point", "coordinates": [-117.7148248, 33.5638693]}, "properties": {"osm_id": 137932368, "osm_type": "way", "name": "Niguel Substation", "voltage": "66000;12000", "substation": "distribution", "operator": "Southern California Edison"}}, {"type": "Feature", "geometry": {"type": "Point", "coordinates": [-117.5421983, 34.9896952]}, "properties": {"osm_id": 141726016, "osm_type": "way", "name": "Kramer Substation", "voltage": "230000", "substation": "yes", "operator": "Southern California Edison"}}, {"type": "Feature", "geometry": {"type": "Point", "coordinates": [-115.5778413, 32.7810808]}, "properties": {"osm_id": 147193868, "osm_type": "way", "name": null, "voltage": "92000", "substation": null, "operator": null}}, {"type": "Feature", "geometry": {"type": "Point", "coordinates": [-118.7761091, 34.0447549]}, "properties": {"osm_id": 149304418, "osm_type": "way", "name": null, "voltage": null, "substation": null, "operator": null}}, {"type": "Feature", "geometry": {"type": "Point", "coordinates": [-118.3378199, 34.1241694]}, "properties": {"osm_id": 158586539, "osm_type": "way", "name": null, "voltage": "230000", "substation": null, "operator": null}}, {"type": "Feature", "geometry": {"type": "Point", "coordinates": [-120.6347848, 35.2617226]}, "properties": {"osm_id": 159088979, "osm_type": "way", "name": "PG&E Substation", "voltage": "115000;70000", "substation": null, "operator": "Pacific Gas and Electric Company"}}, {"type": "Feature", "geometry": {"type": "Point", "coordinates": [-118.3593136, 33.9891465]}, "properties": {"osm_id": 159759778, "osm_type": "way", "name": null, "voltage": "138000", "substation": "transition", "operator": "Los Angeles Department of Water and Power"}}, {"type": "Feature", "geometry": {"type": "Point", "coordinates": [-118.3590387, 33.9961547]}, "properties": {"osm_id": 159759790, "osm_type": "way", "name": "Windsor Hills Substation", "voltage": "66000;16000;4000", "substation": "distribution", "operator": "Southern California Edison"}}, {"type": "Feature", "geometry": {"type": "Point", "coordinates": [-120.6580681, 35.3040221]}, "properties": {"osm_id": 159761230, "osm_type": "way", "name": "Mustang Substation (75)", "voltage": "70000;12470", "substation": "distribution", "operator": "Cal Poly SLO"}}, {"type": "Feature", "geometry": {"type": "Point", "coordinates": [-118.1723288, 33.793221]}, "properties": {"osm_id": 160066107, "osm_type": "way", "name": null, "voltage": null, "substation": null, "operator": null}}, {"type": "Feature", "geometry": {"type": "Point", "coordinates": [-118.2543462, 34.1095081]}, "properties": {"osm_id": 160544538, "osm_type": "way", "name": "Receiving Station G - Atwater", "voltage": "230000", "substation": "transmission", "operator": "Los Angeles Department of Water and Power"}}, {"type": "Feature", "geometry": {"type": "Point", "coordinates": [-114.9820103, 35.7967505]}, "properties": {"osm_id": 160599813, "osm_type": "way", "name": null, "voltage": "230000", "substation": null, "operator": null}}, {"type": "Feature", "geometry": {"type": "Point", "coordinates": [-118.168207, 33.8113592]}, "properties": {"osm_id": 160842897, "osm_type": "way", "name": "Edison", "voltage": null, "substation": null, "operator": null}}, {"type": "Feature", "geometry": {"type": "Point", "coordinates": [-117.7958919, 35.6526475]}, "properties": {"osm_id": 164758876, "osm_type": "way", "name": "Inyokern Substation", "voltage": "115000", "substation": "yes", "operator": null}}, {"type": "Feature", "geometry": {"type": "Point", "coordinates": [-117.3987838, 35.7000399]}, "properties": {"osm_id": 164758880, "osm_type": "way", "name": null, "voltage": "115000", "substation": null, "operator": null}}, {"type": "Feature", "geometry": {"type": "Point", "coordinates": [-117.6472764, 35.36529]}, "properties": {"osm_id": 164758882, "osm_type": "way", "name": null, "voltage": "115000", "substation": null, "operator": null}}, {"type": "Feature", "geometry": {"type": "Point", "coordinates": [-117.6977277, 34.9300955]}, "properties": {"osm_id": 164767008, "osm_type": "way", "name": null, "voltage": "115000", "substation": null, "operator": null}}, {"type": "Feature", "geometry": {"type": "Point", "coordinates": [-117.698082, 34.9304895]}, "properties": {"osm_id": 164767010, "osm_type": "way", "name": null, "voltage": null, "substation": null, "operator": null}}, {"type": "Feature", "geometry": {"type": "Point", "coordinates": [-117.8909666, 34.9846746]}, "properties": {"osm_id": 164863244, "osm_type": "way", "name": null, "voltage": "115000", "substation": null, "operator": null}}, {"type": "Feature", "geometry": {"type": "Point", "coordinates": [-117.8959179, 34.9614278]}, "properties": {"osm_id": 164863245, "osm_type": "way", "name": null, "voltage": null, "substation": null, "operator": null}}, {"type": "Feature", "geometry": {"type": "Point", "coordinates": [-117.8911526, 34.983909]}, "properties": {"osm_id": 164863246, "osm_type": "way", "name": null, "voltage": null, "substation": null, "operator": null}}, {"type": "Feature", "geometry": {"type": "Point", "coordinates": [-117.1540223, 34.9072492]}, "properties": {"osm_id": 164878786, "osm_type": "way", "name": null, "voltage": null, "substation": null, "operator": null}}, {"type": "Feature", "geometry": {"type": "Point", "coordinates": [-118.3850507, 33.9660562]}, "properties": {"osm_id": 165256674, "osm_type": "way", "name": "Distributing Station 58", "voltage": "34500;4800", "substation": "distribution", "operator": "Los Angeles Department of Water and Power"}}, {"type": "Feature", "geometry": {"type": "Point", "coordinates": [-117.3482994, 35.0268214]}, "properties": {"osm_id": 165359319, "osm_type": "way", "name": null, "voltage": "230000", "substation": null, "operator": null}}, {"type": "Feature", "geometry": {"type": "Point", "coordinates": [-117.1459177, 33.6875325]}, "properties": {"osm_id": 165502301, "osm_type": "way", "name": "SCE Suncity Substation", "voltage": "115000", "substation": null, "operator": "Southern California Edison"}}, {"type": "Feature", "geometry": {"type": "Point", "coordinates": [-117.1375011, 33.5972617]}, "properties": {"osm_id": 165502975, "osm_type": "way", "name": null, "voltage": "115000", "substation": "yes", "operator": "Southern California Edison"}}, {"type": "Feature", "geometry": {"type": "Point", "coordinates": [-118.3658536, 34.0254517]}, "properties": {"osm_id": 165771650, "osm_type": "way", "name": "Distributing Station 56", "voltage": "138000;", "substation": "distribution", "operator": "Los Angeles Department of Water and Power"}}, {"type": "Feature", "geometry": {"type": "Point", "coordinates": [-116.2844874, 33.7734734]}, "properties": {"osm_id": 166510328, "osm_type": "way", "name": null, "voltage": "92000", "substation": null, "operator": null}}, {"type": "Feature", "geometry": {"type": "Point", "coordinates": [-116.1965834, 33.7429006]}, "properties": {"osm_id": 166510331, "osm_type": "way", "name": null, "voltage": "92000", "substation": null, "operator": null}}, {"type": "Feature", "geometry": {"type": "Point", "coordinates": [-116.2549639, 33.7428509]}, "properties": {"osm_id": 166510336, "osm_type": "way", "name": null, "voltage": "92000", "substation": null, "operator": null}}, {"type": "Feature", "geometry": {"type": "Point", "coordinates": [-116.2871019, 33.7975596]}, "properties": {"osm_id": 166549841, "osm_type": "way", "name": null, "voltage": "92000", "substation": null, "operator": null}}, {"type": "Feature", "geometry": {"type": "Point", "coordinates": [-114.6802861, 33.6112925]}, "properties": {"osm_id": 166649166, "osm_type": "way", "name": null, "voltage": "161000", "substation": "transmission", "operator": null}}, {"type": "Feature", "geometry": {"type": "Point", "coordinates": [-115.4345258, 33.1922938]}, "properties": {"osm_id": 166649170, "osm_type": "way", "name": null, "voltage": "220000", "substation": "distribution", "operator": null}}, {"type": "Feature", "geometry": {"type": "Point", "coordinates": [-114.6846393, 33.6162055]}, "properties": {"osm_id": 166649172, "osm_type": "way", "name": null, "voltage": "230000", "substation": "generation", "operator": null}}, {"type": "Feature", "geometry": {"type": "Point", "coordinates": [-115.5001812, 33.2431815]}, "properties": {"osm_id": 166649174, "osm_type": "way", "name": null, "voltage": "92000", "substation": "generation", "operator": null}}, {"type": "Feature", "geometry": {"type": "Point", "coordinates": [-115.5011502, 33.2422601]}, "properties": {"osm_id": 166649175, "osm_type": "way", "name": null, "voltage": "161000", "substation": null, "operator": null}}, {"type": "Feature", "geometry": {"type": "Point", "coordinates": [-114.3723485, 34.1309702]}, "properties": {"osm_id": 166649176, "osm_type": "way", "name": null, "voltage": null, "substation": null, "operator": null}}, {"type": "Feature", "geometry": {"type": "Point", "coordinates": [-114.8842328, 33.0469581]}, "properties": {"osm_id": 166658928, "osm_type": "way", "name": null, "voltage": "161000", "substation": "distribution", "operator": null}}, {"type": "Feature", "geometry": {"type": "Point", "coordinates": [-117.137832, 32.7849919]}, "properties": {"osm_id": 167005121, "osm_type": "way", "name": null, "voltage": null, "substation": "transmission", "operator": "San Diego Gas & Electric"}}, {"type": "Feature", "geometry": {"type": "Point", "coordinates": [-117.0119855, 32.8549207]}, "properties": {"osm_id": 167005125, "osm_type": "way", "name": "Carlton Hills Substation", "voltage": "138000", "substation": null, "operator": "San Diego Gas & Electric"}}, {"type": "Feature", "geometry": {"type": "Point", "coordinates": [-116.8992272, 32.8597308]}, "properties": {"osm_id": 167005126, "osm_type": "way", "name": "Los Coches Substation", "voltage": "138000;69000", "substation": "transmission", "operator": "San Diego Gas & Electric"}}, {"type": "Feature", "geometry": {"type": "Point", "coordinates": [-117.1383642, 32.7861059]}, "properties": {"osm_id": 167005130, "osm_type": "way", "name": "Mission Substation", "voltage": "230000", "substation": "transmission", "operator": "San Diego Gas & Electric"}}, {"type": "Feature", "geometry": {"type": "Point", "coordinates": [-117.1568252, 32.7790239]}, "properties": {"osm_id": 167029616, "osm_type": "way", "name": null, "voltage": null, "substation": null, "operator": null}}, {"type": "Feature", "geometry": {"type": "Point", "coordinates": [-117.1836658, 32.8258058]}, "properties": {"osm_id": 167029619, "osm_type": "way", "name": "Clairemont Substation", "voltage": "69000", "substation": "distribution", "operator": "San Diego Gas & Electric"}}, {"type": "Feature", "geometry": {"type": "Point", "coordinates": [-117.2135966, 32.8795875]}, "properties": {"osm_id": 167029631, "osm_type": "way", "name": "Genesee Substation", "voltage": "69000", "substation": "distribution", "operator": "San Diego Gas & Electric"}}, {"type": "Feature", "geometry": {"type": "Point", "coordinates": [-117.2879008, 33.1228402]}, "properties": {"osm_id": 167143651, "osm_type": "way", "name": "Palomar Airport Substation", "voltage": "138000", "substation": null, "operator": null}}, {"type": "Feature", "geometry": {"type": "Point", "coordinates": [-117.1341732, 33.0211211]}, "properties": {"osm_id": 167143653, "osm_type": "way", "name": null, "voltage": null, "substation": null, "operator": null}}, {"type": "Feature", "geometry": {"type": "Point", "coordinates": [-117.238851, 33.1414668]}, "properties": {"osm_id": 167143659, "osm_type": "way", "name": "Shadowridge Substation", "voltage": null, "substation": null, "operator": null}}, {"type": "Feature", "geometry": {"type": "Point", "coordinates": [-117.1563539, 32.8949446]}, "properties": {"osm_id": 167143660, "osm_type": "way", "name": "Fenton Substation", "voltage": null, "substation": null, "operator": null}}, {"type": "Feature", "geometry": {"type": "Point", "coordinates": [-117.589184, 33.4568298]}, "properties": {"osm_id": 167242261, "osm_type": "way", "name": "Pico Substation", "voltage": "138000", "substation": null, "operator": null}}, {"type": "Feature", "geometry": {"type": "Point", "coordinates": [-118.7846778, 34.1861817]}, "properties": {"osm_id": 167413743, "osm_type": "way", "name": null, "voltage": "66000;16000", "substation": "distribution", "operator": "Southern California Edison"}}, {"type": "Feature", "geometry": {"type": "Point", "coordinates": [-118.7149187, 34.1069588]}, "properties": {"osm_id": 167413781, "osm_type": "way", "name": null, "voltage": null, "substation": null, "operator": "Southern California Edison"}}, {"type": "Feature", "geometry": {"type": "Point", "coordinates": [-118.6644854, 34.1493053]}, "properties": {"osm_id": 167413782, "osm_type": "way", "name": null, "voltage": null, "substation": null, "operator": null}}, {"type": "Feature", "geometry": {"type": "Point", "coordinates": [-118.8347698, 34.1616042]}, "properties": {"osm_id": 167413792, "osm_type": "way", "name": "Potrero Substation", "voltage": "66000;16000", "substation": "distribution", "operator": "Southern California Edison"}}, {"type": "Feature", "geometry": {"type": "Point", "coordinates": [-118.7614511, 34.1474957]}, "properties": {"osm_id": 167413795, "osm_type": "way", "name": "Malibu Substation", "voltage": "66000;16000", "substation": "distribution", "operator": "Southern California Edison"}}, {"type": "Feature", "geometry": {"type": "Point", "coordinates": [-118.8717342, 34.1874837]}, "properties": {"osm_id": 167421253, "osm_type": "way", "name": "Thousand Oaks Substation", "voltage": "66000;16000", "substation": "distribution", "operator": "Southern California Edison"}}, {"type": "Feature", "geometry": {"type": "Point", "coordinates": [-119.6853935, 34.4230644]}, "properties": {"osm_id": 168216614, "osm_type": "way", "name": null, "voltage": null, "substation": null, "operator": null}}, {"type": "Feature", "geometry": {"type": "Point", "coordinates": [-119.5151221, 34.4093022]}, "properties": {"osm_id": 168216618, "osm_type": "way", "name": null, "voltage": null, "substation": null, "operator": "Southern California Edison"}}, {"type": "Feature", "geometry": {"type": "Point", "coordinates": [-119.7614899, 34.4519857]}, "properties": {"osm_id": 168216625, "osm_type": "way", "name": "San Marcos Substation", "voltage": null, "substation": null, "operator": null}}, {"type": "Feature", "geometry": {"type": "Point", "coordinates": [-119.1666627, 34.30052]}, "properties": {"osm_id": 168216627, "osm_type": "way", "name": "Saticoy Substation", "voltage": "66000;16340", "substation": "distribution", "operator": "Southern California Edison"}}, {"type": "Feature", "geometry": {"type": "Point", "coordinates": [-119.3092764, 34.3625169]}, "properties": {"osm_id": 168216632, "osm_type": "way", "name": "Casitas Substation", "voltage": "66000;16340", "substation": "distribution", "operator": "Southern California Edison"}}, {"type": "Feature", "geometry": {"type": "Point", "coordinates": [-119.8712403, 34.4330299]}, "properties": {"osm_id": 168222306, "osm_type": "way", "name": null, "voltage": null, "substation": null, "operator": null}}, {"type": "Feature", "geometry": {"type": "Point", "coordinates": [-118.5804049, 34.4577705]}, "properties": {"osm_id": 168229988, "osm_type": "way", "name": null, "voltage": null, "substation": null, "operator": null}}, {"type": "Feature", "geometry": {"type": "Point", "coordinates": [-118.6164345, 34.491093]}, "properties": {"osm_id": 168229990, "osm_type": "way", "name": null, "voltage": null, "substation": null, "operator": null}}, {"type": "Feature", "geometry": {"type": "Point", "coordinates": [-118.6584954, 34.5882168]}, "properties": {"osm_id": 168229991, "osm_type": "way", "name": null, "voltage": "230000", "substation": null, "operator": null}}, {"type": "Feature", "geometry": {"type": "Point", "coordinates": [-118.9227967, 35.3611831]}, "properties": {"osm_id": 168525615, "osm_type": "way", "name": "Magunden Substation", "voltage": "220000", "substation": "transmission", "operator": "Southern California Edison"}}, {"type": "Feature", "geometry": {"type": "Point", "coordinates": [-119.0677089, 35.3170932]}, "properties": {"osm_id": 168525616, "osm_type": "way", "name": null, "voltage": null, "substation": null, "operator": null}}, {"type": "Feature", "geometry": {"type": "Point", "coordinates": [-118.8429736, 34.9351833]}, "properties": {"osm_id": 168525650, "osm_type": "way", "name": "Pastoria Substation", "voltage": "220000", "substation": null, "operator": null}}, {"type": "Feature", "geometry": {"type": "Point", "coordinates": [-118.8781441, 35.0924551]}, "properties": {"osm_id": 168525662, "osm_type": "way", "name": null, "voltage": null, "substation": null, "operator": null}}, {"type": "Feature", "geometry": {"type": "Point", "coordinates": [-118.8625149, 35.2970776]}, "properties": {"osm_id": 168525664, "osm_type": "way", "name": null, "voltage": null, "substation": null, "operator": null}}, {"type": "Feature", "geometry": {"type": "Point", "coordinates": [-119.0045113, 35.387369]}, "properties": {"osm_id": 168937713, "osm_type": "way", "name": null, "voltage": null, "substation": null, "operator": null}}, {"type": "Feature", "geometry": {"type": "Point", "coordinates": [-118.9839789, 35.4514275]}, "properties": {"osm_id": 168937751, "osm_type": "way", "name": null, "voltage": "220000", "substation": null, "operator": null}}, {"type": "Feature", "geometry": {"type": "Point", "coordinates": [-119.0119355, 35.4156685]}, "properties": {"osm_id": 168937752, "osm_type": "way", "name": null, "voltage": null, "substation": null, "operator": null}}, {"type": "Feature", "geometry": {"type": "Point", "coordinates": [-118.95691, 35.4624039]}, "properties": {"osm_id": 168937756, "osm_type": "way", "name": null, "voltage": null, "substation": null, "operator": null}}, {"type": "Feature", "geometry": {"type": "Point", "coordinates": [-119.0205335, 35.4406836]}, "properties": {"osm_id": 168937758, "osm_type": "way", "name": null, "voltage": null, "substation": null, "operator": null}}, {"type": "Feature", "geometry": {"type": "Point", "coordinates": [-118.9920249, 35.4547003]}, "properties": {"osm_id": 168937760, "osm_type": "way", "name": null, "voltage": null, "substation": null, "operator": null}}, {"type": "Feature", "geometry": {"type": "Point", "coordinates": [-119.0073079, 35.4170468]}, "properties": {"osm_id": 168937765, "osm_type": "way", "name": null, "voltage": null, "substation": null, "operator": null}}, {"type": "Feature", "geometry": {"type": "Point", "coordinates": [-119.0973892, 35.3797211]}, "properties": {"osm_id": 169286802, "osm_type": "way", "name": null, "voltage": "220000", "substation": "transmission", "operator": null}}, {"type": "Feature", "geometry": {"type": "Point", "coordinates": [-119.0402314, 35.3740787]}, "properties": {"osm_id": 169286846, "osm_type": "way", "name": null, "voltage": null, "substation": null, "operator": null}}, {"type": "Feature", "geometry": {"type": "Point", "coordinates": [-119.0927399, 35.3772722]}, "properties": {"osm_id": 169286850, "osm_type": "way", "name": null, "voltage": null, "substation": null, "operator": null}}, {"type": "Feature", "geometry": {"type": "Point", "coordinates": [-119.0772946, 35.3770785]}, "properties": {"osm_id": 169286852, "osm_type": "way", "name": null, "voltage": null, "substation": null, "operator": null}}, {"type": "Feature", "geometry": {"type": "Point", "coordinates": [-119.0780832, 35.3770747]}, "properties": {"osm_id": 169286864, "osm_type": "way", "name": null, "voltage": null, "substation": null, "operator": null}}, {"type": "Feature", "geometry": {"type": "Point", "coordinates": [-119.0846351, 35.8412308]}, "properties": {"osm_id": 169403015, "osm_type": "way", "name": "Vestal Substation", "voltage": "220000", "substation": "transmission", "operator": "Southern California Edison"}}, {"type": "Feature", "geometry": {"type": "Point", "coordinates": [-118.1709273, 33.9994777]}, "properties": {"osm_id": 169674599, "osm_type": "way", "name": "Bandini", "voltage": "66000", "substation": null, "operator": "Southern California Edison"}}, {"type": "Feature", "geometry": {"type": "Point", "coordinates": [-118.0857912, 34.162218]}, "properties": {"osm_id": 169880227, "osm_type": "way", "name": "Eaton Substation", "voltage": "66000;16000", "substation": "distribution", "operator": "Southern California Edison"}}, {"type": "Feature", "geometry": {"type": "Point", "coordinates": [-118.2061537, 33.9979877]}, "properties": {"osm_id": 169880228, "osm_type": "way", "name": null, "voltage": "66000", "substation": null, "operator": null}}, {"type": "Feature", "geometry": {"type": "Point", "coordinates": [-118.2053899, 33.9826871]}, "properties": {"osm_id": 169880229, "osm_type": "way", "name": "Randolph Substation", "voltage": "66000;16000", "substation": "distribution", "operator": "Southern California Edison"}}, {"type": "Feature", "geometry": {"type": "Point", "coordinates": [-118.2298849, 34.0376263]}, "properties": {"osm_id": 169880235, "osm_type": "way", "name": "River Switching Station", "voltage": "230000", "substation": "transmission", "operator": "Los Angeles Department of Water and Power"}}, {"type": "Feature", "geometry": {"type": "Point", "coordinates": [-118.0880101, 34.1511141]}, "properties": {"osm_id": 169880237, "osm_type": "way", "name": "T. M. Goodrich Substation", "voltage": "220000;34500", "substation": "transmission", "operator": "Southern California Edison"}}, {"type": "Feature", "geometry": {"type": "Point", "coordinates": [-118.2039727, 34.0150843]}, "properties": {"osm_id": 169880238, "osm_type": "way", "name": "Receiving Station F", "voltage": "230000", "substation": "transmission", "operator": "Los Angeles Department of Water and Power"}}, {"type": "Feature", "geometry": {"type": "Point", "coordinates": [-118.129092, 34.0456954]}, "properties": {"osm_id": 169880246, "osm_type": "way", "name": null, "voltage": "66000", "substation": "distribution", "operator": "Southern California Edison"}}, {"type": "Feature", "geometry": {"type": "Point", "coordinates": [-119.1640527, 35.3876859]}, "properties": {"osm_id": 169886042, "osm_type": "way", "name": null, "voltage": null, "substation": null, "operator": null}}, {"type": "Feature", "geometry": {"type": "Point", "coordinates": [-120.6795071, 35.6156318]}, "properties": {"osm_id": 170833620, "osm_type": "way", "name": "Paso Robles", "voltage": "12000", "substation": null, "operator": "Pacific Gas and Electric Company"}}, {"type": "Feature", "geometry": {"type": "Point", "coordinates": [-119.0216915, 35.2955029]}, "properties": {"osm_id": 171335846, "osm_type": "way", "name": null, "voltage": null, "substation": null, "operator": null}}, {"type": "Feature", "geometry": {"type": "Point", "coordinates": [-117.1147711, 33.5420983]}, "properties": {"osm_id": 172455386, "osm_type": "way", "name": "Triton Substation", "voltage": "115000", "substation": null, "operator": "Southern California Edison"}}, {"type": "Feature", "geometry": {"type": "Point", "coordinates": [-114.1023284, 34.2871717]}, "properties": {"osm_id": 172869327, "osm_type": "way", "name": null, "voltage": null, "substation": "distribution", "operator": null}}, {"type": "Feature", "geometry": {"type": "Point", "coordinates": [-114.1075575, 35.1999023]}, "properties": {"osm_id": 172983657, "osm_type": "way", "name": null, "voltage": "69000", "substation": "distribution", "operator": null}}, {"type": "Feature", "geometry": {"type": "Point", "coordinates": [-114.5174918, 35.1949518]}, "properties": {"osm_id": 172983658, "osm_type": "way", "name": null, "voltage": "69000", "substation": "distribution", "operator": null}}, {"type": "Feature", "geometry": {"type": "Point", "coordinates": [-114.1337332, 35.0555076]}, "properties": {"osm_id": 172983659, "osm_type": "way", "name": null, "voltage": "230000", "substation": "transmission", "operator": null}}, {"type": "Feature", "geometry": {"type": "Point", "coordinates": [-114.2170639, 33.9977868]}, "properties": {"osm_id": 173109930, "osm_type": "way", "name": "Black Peak Substation", "voltage": "161000;69000", "substation": "distribution", "operator": "Arizona Public Service"}}, {"type": "Feature", "geometry": {"type": "Point", "coordinates": [-117.6889085, 35.6218268]}, "properties": {"osm_id": 174012681, "osm_type": "way", "name": "Downs Substation+", "voltage": "12000", "substation": "yes", "operator": "Southern California Edison"}}, {"type": "Feature", "geometry": {"type": "Point", "coordinates": [-119.4819164, 35.1360304]}, "properties": {"osm_id": 174574972, "osm_type": "way", "name": null, "voltage": null, "substation": null, "operator": null}}, {"type": "Feature", "geometry": {"type": "Point", "coordinates": [-120.4484022, 34.8283424]}, "properties": {"osm_id": 175152840, "osm_type": "way", "name": null, "voltage": "115000", "substation": null, "operator": null}}, {"type": "Feature", "geometry": {"type": "Point", "coordinates": [-119.2424371, 35.7753889]}, "properties": {"osm_id": 175370656, "osm_type": "way", "name": null, "voltage": null, "substation": null, "operator": null}}, {"type": "Feature", "geometry": {"type": "Point", "coordinates": [-119.3261876, 35.6019402]}, "properties": {"osm_id": 175370658, "osm_type": "way", "name": "Wasco Substation", "voltage": "115000", "substation": null, "operator": "Pacific Gas and Electric Company"}}, {"type": "Feature", "geometry": {"type": "Point", "coordinates": [-119.8052984, 35.5410385]}, "properties": {"osm_id": 175771682, "osm_type": "way", "name": null, "voltage": null, "substation": null, "operator": null}}, {"type": "Feature", "geometry": {"type": "Point", "coordinates": [-118.4784272, 35.6324011]}, "properties": {"osm_id": 176160370, "osm_type": "way", "name": null, "voltage": null, "substation": null, "operator": null}}, {"type": "Feature", "geometry": {"type": "Point", "coordinates": [-119.3252475, 35.6081967]}, "properties": {"osm_id": 176726311, "osm_type": "way", "name": "Charca Substation", "voltage": "115000", "substation": null, "operator": "Pacific Gas and Electric"}}, {"type": "Feature", "geometry": {"type": "Point", "coordinates": [-117.9007216, 33.8043908]}, "properties": {"osm_id": 177490615, "osm_type": "way", "name": "Katella Substation", "voltage": "69000;12000", "substation": "distribution", "operator": "Anaheim Public Utilities"}}, {"type": "Feature", "geometry": {"type": "Point", "coordinates": [-119.1315376, 35.4399537]}, "properties": {"osm_id": 178576323, "osm_type": "way", "name": null, "voltage": null, "substation": null, "operator": null}}, {"type": "Feature", "geometry": {"type": "Point", "coordinates": [-118.2373425, 34.8643016]}, "properties": {"osm_id": 179886362, "osm_type": "way", "name": null, "voltage": null, "substation": null, "operator": "Southern California Edison"}}, {"type": "Feature", "geometry": {"type": "Point", "coordinates": [-118.7171181, 34.2795374]}, "properties": {"osm_id": 179988922, "osm_type": "way", "name": null, "voltage": null, "substation": null, "operator": null}}, {"type": "Feature", "geometry": {"type": "Point", "coordinates": [-114.7141751, 32.7381876]}, "properties": {"osm_id": 180622018, "osm_type": "way", "name": null, "voltage": "34500", "substation": null, "operator": null}}, {"type": "Feature", "geometry": {"type": "Point", "coordinates": [-116.2542524, 33.7258792]}, "properties": {"osm_id": 180762505, "osm_type": "way", "name": null, "voltage": "92000", "substation": null, "operator": null}}, {"type": "Feature", "geometry": {"type": "Point", "coordinates": [-116.9287371, 33.9266831]}, "properties": {"osm_id": 180763882, "osm_type": "way", "name": null, "voltage": null, "substation": null, "operator": null}}, {"type": "Feature", "geometry": {"type": "Point", "coordinates": [-117.238988, 34.0822599]}, "properties": {"osm_id": 181492749, "osm_type": "way", "name": null, "voltage": "220000", "substation": null, "operator": null}}, {"type": "Feature", "geometry": {"type": "Point", "coordinates": [-117.3171981, 34.0934496]}, "properties": {"osm_id": 181492758, "osm_type": "way", "name": "Calectric Substation", "voltage": "115000", "substation": null, "operator": null}}, {"type": "Feature", "geometry": {"type": "Point", "coordinates": [-117.2389874, 34.0799529]}, "properties": {"osm_id": 181492780, "osm_type": "way", "name": "San Bernardino Substation", "voltage": "220000", "substation": null, "operator": null}}, {"type": "Feature", "geometry": {"type": "Point", "coordinates": [-116.923265, 33.9477209]}, "properties": {"osm_id": 181546687, "osm_type": "way", "name": null, "voltage": null, "substation": "distribution", "operator": null}}, {"type": "Feature", "geometry": {"type": "Point", "coordinates": [-118.9904179, 35.4522413]}, "properties": {"osm_id": 182050413, "osm_type": "way", "name": null, "voltage": null, "substation": null, "operator": null}}, {"type": "Feature", "geometry": {"type": "Point", "coordinates": [-118.826163, 34.9412983]}, "properties": {"osm_id": 182050458, "osm_type": "way", "name": "Edmonston Substation", "voltage": "220000", "substation": null, "operator": null}}, {"type": "Feature", "geometry": {"type": "Point", "coordinates": [-120.4530998, 35.0083488]}, "properties": {"osm_id": 182102249, "osm_type": "way", "name": "Mesa Substation", "voltage": "230000;115000", "substation": null, "operator": "Pacific Gas and Electric Company"}}, {"type": "Feature", "geometry": {"type": "Point", "coordinates": [-117.8494704, 33.6779827]}, "properties": {"osm_id": 184093235, "osm_type": "way", "name": null, "voltage": null, "substation": null, "operator": null}}, {"type": "Feature", "geometry": {"type": "Point", "coordinates": [-117.8504611, 33.6767917]}, "properties": {"osm_id": 184094642, "osm_type": "way", "name": null, "voltage": null, "substation": null, "operator": null}}, {"type": "Feature", "geometry": {"type": "Point", "coordinates": [-117.8505981, 33.6766585]}, "properties": {"osm_id": 184094643, "osm_type": "way", "name": null, "voltage": null, "substation": null, "operator": null}}, {"type": "Feature", "geometry": {"type": "Point", "coordinates": [-117.8505703, 33.6768176]}, "properties": {"osm_id": 184094644, "osm_type": "way", "name": null, "voltage": null, "substation": null, "operator": null}}, {"type": "Feature", "geometry": {"type": "Point", "coordinates": [-117.8885727, 33.7841928]}, "properties": {"osm_id": 184314047, "osm_type": "way", "name": "Edison substation", "voltage": null, "substation": null, "operator": null}}, {"type": "Feature", "geometry": {"type": "Point", "coordinates": [-114.450067, 32.9656066]}, "properties": {"osm_id": 184601778, "osm_type": "way", "name": null, "voltage": null, "substation": "distribution", "operator": null}}, {"type": "Feature", "geometry": {"type": "Point", "coordinates": [-117.1614202, 32.7197071]}, "properties": {"osm_id": 184696201, "osm_type": "way", "name": "SDG&E 4th and Ash Sub Station", "voltage": null, "substation": null, "operator": "San Diego Gas & Electric"}}, {"type": "Feature", "geometry": {"type": "Point", "coordinates": [-118.4883582, 34.0681773]}, "properties": {"osm_id": 184909077, "osm_type": "way", "name": "Kenter Canyon", "voltage": "230000", "substation": "transition", "operator": "Los Angeles Department of Water and Power"}}, {"type": "Feature", "geometry": {"type": "Point", "coordinates": [-117.8498515, 33.6403394]}, "properties": {"osm_id": 184993874, "osm_type": "way", "name": null, "voltage": null, "substation": null, "operator": null}}, {"type": "Feature", "geometry": {"type": "Point", "coordinates": [-117.1574101, 33.5178825]}, "properties": {"osm_id": 187579783, "osm_type": "way", "name": null, "voltage": null, "substation": null, "operator": null}}, {"type": "Feature", "geometry": {"type": "Point", "coordinates": [-117.1572492, 33.5177015]}, "properties": {"osm_id": 187579785, "osm_type": "way", "name": null, "voltage": null, "substation": null, "operator": null}}, {"type": "Feature", "geometry": {"type": "Point", "coordinates": [-117.1570804, 33.5178483]}, "properties": {"osm_id": 187579786, "osm_type": "way", "name": null, "voltage": null, "substation": null, "operator": null}}, {"type": "Feature", "geometry": {"type": "Point", "coordinates": [-117.1570208, 33.517583]}, "properties": {"osm_id": 187579788, "osm_type": "way", "name": null, "voltage": null, "substation": null, "operator": null}}, {"type": "Feature", "geometry": {"type": "Point", "coordinates": [-117.1585612, 33.5169785]}, "properties": {"osm_id": 187582590, "osm_type": "way", "name": null, "voltage": null, "substation": null, "operator": null}}, {"type": "Feature", "geometry": {"type": "Point", "coordinates": [-117.1588373, 33.517678]}, "properties": {"osm_id": 187582591, "osm_type": "way", "name": null, "voltage": null, "substation": null, "operator": null}}, {"type": "Feature", "geometry": {"type": "Point", "coordinates": [-117.1590247, 33.5177935]}, "properties": {"osm_id": 187582592, "osm_type": "way", "name": null, "voltage": "115000", "substation": null, "operator": null}}, {"type": "Feature", "geometry": {"type": "Point", "coordinates": [-117.1587163, 33.5174721]}, "properties": {"osm_id": 187582593, "osm_type": "way", "name": null, "voltage": null, "substation": null, "operator": null}}, {"type": "Feature", "geometry": {"type": "Point", "coordinates": [-117.1581983, 33.5174721]}, "properties": {"osm_id": 187582594, "osm_type": "way", "name": null, "voltage": null, "substation": null, "operator": null}}, {"type": "Feature", "geometry": {"type": "Point", "coordinates": [-115.5003476, 32.6690461]}, "properties": {"osm_id": 192435055, "osm_type": "way", "name": "Calexico Substation", "voltage": "92000", "substation": null, "operator": null}}, {"type": "Feature", "geometry": {"type": "Point", "coordinates": [-115.5085571, 32.6859748]}, "properties": {"osm_id": 192543558, "osm_type": "way", "name": "Pruett Substation", "voltage": "92000", "substation": null, "operator": null}}, {"type": "Feature", "geometry": {"type": "Point", "coordinates": [-115.524377, 32.7290841]}, "properties": {"osm_id": 192653254, "osm_type": "way", "name": null, "voltage": "92000", "substation": null, "operator": null}}, {"type": "Feature", "geometry": {"type": "Point", "coordinates": [-115.4773336, 32.6449466]}, "properties": {"osm_id": 193808882, "osm_type": "way", "name": "Centro", "voltage": "230000;161000;34500;13800", "substation": "transmission", "operator": null}}, {"type": "Feature", "geometry": {"type": "Point", "coordinates": [-115.4285718, 32.6624578]}, "properties": {"osm_id": 194026764, "osm_type": "way", "name": "Aeropuerto Dos", "voltage": "230000", "substation": "transmission", "operator": null}}, {"type": "Feature", "geometry": {"type": "Point", "coordinates": [-121.0554628, 35.5709061]}, "properties": {"osm_id": 194519256, "osm_type": "way", "name": "Perry", "voltage": "12000", "substation": null, "operator": "Pacific Gas and Electric Company"}}, {"type": "Feature", "geometry": {"type": "Point", "coordinates": [-118.1648742, 34.6426466]}, "properties": {"osm_id": 196813668, "osm_type": "way", "name": null, "voltage": null, "substation": null, "operator": null}}, {"type": "Feature", "geometry": {"type": "Point", "coordinates": [-117.4866367, 33.9147099]}, "properties": {"osm_id": 199582149, "osm_type": "way", "name": "Harvey Lynn Substation", "voltage": "66000", "substation": null, "operator": null}}, {"type": "Feature", "geometry": {"type": "Point", "coordinates": [-117.879551, 33.910112]}, "properties": {"osm_id": 200209234, "osm_type": "way", "name": null, "voltage": "66000", "substation": "distribution", "operator": "Southern California Edison"}}, {"type": "Feature", "geometry": {"type": "Point", "coordinates": [-117.3350554, 34.6014397]}, "properties": {"osm_id": 205000596, "osm_type": "way", "name": null, "voltage": null, "substation": null, "operator": null}}, {"type": "Feature", "geometry": {"type": "Point", "coordinates": [-118.2366813, 34.0397793]}, "properties": {"osm_id": 207068105, "osm_type": "way", "name": "LADWP Distributing Station No. 144", "voltage": "34500;4800", "substation": "distribution", "operator": "Los Angeles Department of Water and Power"}}, {"type": "Feature", "geometry": {"type": "Point", "coordinates": [-118.1456973, 34.7005572]}, "properties": {"osm_id": 209270565, "osm_type": "way", "name": null, "voltage": null, "substation": null, "operator": "Southern California Edison"}}, {"type": "Feature", "geometry": {"type": "Point", "coordinates": [-118.1482462, 33.9118567]}, "properties": {"osm_id": 209302397, "osm_type": "way", "name": null, "voltage": "66000;12000;4000", "substation": "distribution", "operator": "Southern California Edison"}}, {"type": "Feature", "geometry": {"type": "Point", "coordinates": [-118.2388337, 34.0364483]}, "properties": {"osm_id": 210678353, "osm_type": "way", "name": null, "voltage": null, "substation": null, "operator": null}}, {"type": "Feature", "geometry": {"type": "Point", "coordinates": [-115.2737275, 32.7703443]}, "properties": {"osm_id": 211265340, "osm_type": "way", "name": null, "voltage": "220000", "substation": null, "operator": null}}, {"type": "Feature", "geometry": {"type": "Point", "coordinates": [-116.3421793, 32.7055621]}, "properties": {"osm_id": 218921799, "osm_type": "way", "name": null, "voltage": "69000", "substation": "distribution", "operator": null}}, {"type": "Feature", "geometry": {"type": "Point", "coordinates": [-117.0972566, 32.5833132]}, "properties": {"osm_id": 218922138, "osm_type": "way", "name": null, "voltage": null, "substation": null, "operator": null}}, {"type": "Feature", "geometry": {"type": "Point", "coordinates": [-114.2175748, 33.6820167]}, "properties": {"osm_id": 229580528, "osm_type": "way", "name": "Quartzsite Substation", "voltage": "69000", "substation": "distribution", "operator": null}}, {"type": "Feature", "geometry": {"type": "Point", "coordinates": [-117.2060045, 32.8927483]}, "properties": {"osm_id": 230740532, "osm_type": "way", "name": "Mira Sorrento Substation", "voltage": "69000", "substation": "distribution", "operator": "San Diego Gas & Electric"}}, {"type": "Feature", "geometry": {"type": "Point", "coordinates": [-118.1705011, 34.1996412]}, "properties": {"osm_id": 233472857, "osm_type": "way", "name": null, "voltage": null, "substation": null, "operator": null}}, {"type": "Feature", "geometry": {"type": "Point", "coordinates": [-115.4687507, 35.5444422]}, "properties": {"osm_id": 233812416, "osm_type": "way", "name": "Ivanpah Substation", "voltage": "230000", "substation": null, "operator": null}}, {"type": "Feature", "geometry": {"type": "Point", "coordinates": [-117.9212938, 33.8681007]}, "properties": {"osm_id": 236659648, "osm_type": "way", "name": "Fullerton Substation", "voltage": "66000;16000;4000", "substation": "distribution", "operator": "Southern California Edison"}}, {"type": "Feature", "geometry": {"type": "Point", "coordinates": [-118.4794883, 34.1297418]}, "properties": {"osm_id": 241517982, "osm_type": "way", "name": "LADWP Distributing Station No. 122", "voltage": "34500;4800", "substation": "distribution", "operator": "Los Angeles Department of Water and Power"}}, {"type": "Feature", "geometry": {"type": "Point", "coordinates": [-117.0316446, 32.978924]}, "properties": {"osm_id": 242195549, "osm_type": "way", "name": "Poway Substation", "voltage": "69000", "substation": "distribution", "operator": "San Diego Gas & Electric"}}, {"type": "Feature", "geometry": {"type": "Point", "coordinates": [-116.9967857, 32.7952627]}, "properties": {"osm_id": 242195551, "osm_type": "way", "name": "Garfield Substation", "voltage": "69000", "substation": null, "operator": "San Diego Gas & Electric"}}, {"type": "Feature", "geometry": {"type": "Point", "coordinates": [-117.1126304, 32.9111127]}, "properties": {"osm_id": 243125942, "osm_type": "way", "name": "Scripps Substation", "voltage": "69000", "substation": "distribution", "operator": "San Diego Gas & Electric"}}, {"type": "Feature", "geometry": {"type": "Point", "coordinates": [-118.2411236, 35.0082631]}, "properties": {"osm_id": 243644653, "osm_type": "way", "name": null, "voltage": "220000", "substation": null, "operator": null}}, {"type": "Feature", "geometry": {"type": "Point", "coordinates": [-118.2959499, 35.0231581]}, "properties": {"osm_id": 243644655, "osm_type": "way", "name": null, "voltage": "220000", "substation": null, "operator": null}}, {"type": "Feature", "geometry": {"type": "Point", "coordinates": [-118.2201395, 35.0300617]}, "properties": {"osm_id": 243644657, "osm_type": "way", "name": null, "voltage": "220000", "substation": null, "operator": null}}, {"type": "Feature", "geometry": {"type": "Point", "coordinates": [-118.3393216, 34.9407242]}, "properties": {"osm_id": 243645519, "osm_type": "way", "name": null, "voltage": "220000", "substation": null, "operator": null}}, {"type": "Feature", "geometry": {"type": "Point", "coordinates": [-118.4761587, 34.0510307]}, "properties": {"osm_id": 243678721, "osm_type": "way", "name": "Distributing Station 66", "voltage": "34500;4800", "substation": "distribution", "operator": "Los Angeles Department of Water and Power"}}, {"type": "Feature", "geometry": {"type": "Point", "coordinates": [-116.9723728, 32.795407]}, "properties": {"osm_id": 245301741, "osm_type": "way", "name": "El Cajon Substation", "voltage": "69000", "substation": "distribution", "operator": "San Diego Gas & Electric"}}, {"type": "Feature", "geometry": {"type": "Point", "coordinates": [-116.9209295, 32.8043708]}, "properties": {"osm_id": 245320960, "osm_type": "way", "name": "Granite Hills Substation", "voltage": "69000", "substation": "distribution", "operator": "San Diego Gas & Electric"}}, {"type": "Feature", "geometry": {"type": "Point", "coordinates": [-116.7899038, 32.8277373]}, "properties": {"osm_id": 245417237, "osm_type": "way", "name": "Alpine Substation", "voltage": "69000", "substation": null, "operator": null}}, {"type": "Feature", "geometry": {"type": "Point", "coordinates": [-116.8530464, 33.0180671]}, "properties": {"osm_id": 245417242, "osm_type": "way", "name": "Creelman Substation", "voltage": "69000", "substation": "distribution", "operator": "San Diego Gas & Electric"}}, {"type": "Feature", "geometry": {"type": "Point", "coordinates": [-116.7922452, 32.7969521]}, "properties": {"osm_id": 245778829, "osm_type": "way", "name": "Loveland Substation", "voltage": "69000", "substation": "distribution", "operator": "San Diego Gas & Electric"}}, {"type": "Feature", "geometry": {"type": "Point", "coordinates": [-117.0231281, 32.7908216]}, "properties": {"osm_id": 245778832, "osm_type": "way", "name": "Murray Substation", "voltage": "69000", "substation": "distribution", "operator": "San Diego Gas & Electric"}}, {"type": "Feature", "geometry": {"type": "Point", "coordinates": [-117.0785884, 32.7456082]}, "properties": {"osm_id": 245784881, "osm_type": "way", "name": "Streamview Substation", "voltage": "69000", "substation": "distribution", "operator": "San Diego Gas & Electric"}}, {"type": "Feature", "geometry": {"type": "Point", "coordinates": [-117.0466129, 32.7438777]}, "properties": {"osm_id": 245946705, "osm_type": "way", "name": "Chollas Substation", "voltage": "69000", "substation": null, "operator": null}}, {"type": "Feature", "geometry": {"type": "Point", "coordinates": [-117.0500041, 32.704356]}, "properties": {"osm_id": 245946709, "osm_type": "way", "name": "Paradise Substation", "voltage": "69000", "substation": "distribution", "operator": "San Diego Gas & Electric"}}, {"type": "Feature", "geometry": {"type": "Point", "coordinates": [-117.0027506, 32.7390773]}, "properties": {"osm_id": 245946710, "osm_type": "way", "name": "Spring Valley Substation", "voltage": "69000", "substation": "distribution", "operator": "San Diego Gas & Electric"}}, {"type": "Feature", "geometry": {"type": "Point", "coordinates": [-117.240247, 32.7992354]}, "properties": {"osm_id": 246532420, "osm_type": "way", "name": "Pacific Beach Substation", "voltage": "69000", "substation": "distribution", "operator": "San Diego Gas & Electric"}}, {"type": "Feature", "geometry": {"type": "Point", "coordinates": [-117.0577002, 32.5953414]}, "properties": {"osm_id": 246538205, "osm_type": "way", "name": "Otay Substation", "voltage": "69000", "substation": "distribution", "operator": "San Diego Gas & Electric"}}, {"type": "Feature", "geometry": {"type": "Point", "coordinates": [-117.0963425, 33.0214645]}, "properties": {"osm_id": 246576846, "osm_type": "way", "name": "Rancho Bernardo Substation", "voltage": "69000", "substation": null, "operator": "San Diego Gas & Electric"}}, {"type": "Feature", "geometry": {"type": "Point", "coordinates": [-117.1573513, 32.8295316]}, "properties": {"osm_id": 247795420, "osm_type": "way", "name": "Mesa Heights Substation", "voltage": "69000", "substation": "distribution", "operator": "San Diego Gas & Electric"}}, {"type": "Feature", "geometry": {"type": "Point", "coordinates": [-117.0916893, 32.6583162]}, "properties": {"osm_id": 247795421, "osm_type": "way", "name": "Sweetwater Substation", "voltage": "69000", "substation": "distribution", "operator": "San Diego Gas & Electric"}}, {"type": "Feature", "geometry": {"type": "Point", "coordinates": [-117.1073613, 32.6730729]}, "properties": {"osm_id": 247807059, "osm_type": "way", "name": "National City Substation", "voltage": "69000", "substation": "distribution", "operator": "San Diego Gas & Electric"}}, {"type": "Feature", "geometry": {"type": "Point", "coordinates": [-117.130889, 32.712627]}, "properties": {"osm_id": 247982505, "osm_type": "way", "name": null, "voltage": null, "substation": null, "operator": null}}, {"type": "Feature", "geometry": {"type": "Point", "coordinates": [-117.2450554, 32.7073804]}, "properties": {"osm_id": 248427043, "osm_type": "way", "name": "Cabrillo Substation", "voltage": "69000", "substation": null, "operator": "San Diego Gas & Electric"}}, {"type": "Feature", "geometry": {"type": "Point", "coordinates": [-117.1737934, 32.7331113]}, "properties": {"osm_id": 248650177, "osm_type": "way", "name": "Kettner Substation", "voltage": "69000", "substation": null, "operator": "San Diego Gas & Electric"}}, {"type": "Feature", "geometry": {"type": "Point", "coordinates": [-117.1925442, 32.7461444]}, "properties": {"osm_id": 248650182, "osm_type": "way", "name": null, "voltage": "69000", "substation": null, "operator": "San Diego Harbor Excursion"}}, {"type": "Feature", "geometry": {"type": "Point", "coordinates": [-117.1695797, 32.714101]}, "properties": {"osm_id": 248983078, "osm_type": "way", "name": "Kettner Substation", "voltage": "69000", "substation": "distribution", "operator": "San Diego Gas & Electric"}}, {"type": "Feature", "geometry": {"type": "Point", "coordinates": [-119.2031322, 35.60522]}, "properties": {"osm_id": 249678267, "osm_type": "way", "name": null, "voltage": null, "substation": null, "operator": null}}, {"type": "Feature", "geometry": {"type": "Point", "coordinates": [-118.4231488, 34.1716085]}, "properties": {"osm_id": 253174644, "osm_type": "way", "name": "DISTRIBUTING STATION 71", "voltage": "34500;4800", "substation": "distribution", "operator": "Los Angeles Department of Water and Power"}}, {"type": "Feature", "geometry": {"type": "Point", "coordinates": [-118.5962809, 34.2014878]}, "properties": {"osm_id": 253258676, "osm_type": "way", "name": "Distributing Station No. 22", "voltage": "34500;4800", "substation": "distribution", "operator": "Los Angeles Department of Water and Power"}}, {"type": "Feature", "geometry": {"type": "Point", "coordinates": [-118.591713, 34.1893908]}, "properties": {"osm_id": 253258678, "osm_type": "way", "name": "Receiving Station T", "voltage": null, "substation": "yes", "operator": "Los Angeles Department of Water and Power"}}, {"type": "Feature", "geometry": {"type": "Point", "coordinates": [-118.4673192, 34.0718795]}, "properties": {"osm_id": 253537982, "osm_type": "way", "name": "LADWP Distributing Station No. 135", "voltage": "34500;4800", "substation": "distribution", "operator": "Los Angeles Department of Water and Power"}}, {"type": "Feature", "geometry": {"type": "Point", "coordinates": [-118.4455526, 34.1798089]}, "properties": {"osm_id": 253557544, "osm_type": "way", "name": "LADWP Receiving Station S / Distributing Station 21", "voltage": null, "substation": "transmission", "operator": "Los Angeles Department of Water and Power"}}, {"type": "Feature", "geometry": {"type": "Point", "coordinates": [-118.975825, 35.0890917]}, "properties": {"osm_id": 253747134, "osm_type": "way", "name": "Wheeler Ridge Substation", "voltage": "230000;70000", "substation": null, "operator": "Pacific Gas and Electric Company"}}, {"type": "Feature", "geometry": {"type": "Point", "coordinates": [-118.3473748, 33.9422893]}, "properties": {"osm_id": 257181124, "osm_type": "way", "name": null, "voltage": "66000", "substation": "distribution", "operator": "Southern California Edison"}}, {"type": "Feature", "geometry": {"type": "Point", "coordinates": [-114.5614365, 35.09655]}, "properties": {"osm_id": 263217007, "osm_type": "way", "name": null, "voltage": "230000", "substation": null, "operator": null}}, {"type": "Feature", "geometry": {"type": "Point", "coordinates": [-114.5721057, 35.1128544]}, "properties": {"osm_id": 263217008, "osm_type": "way", "name": null, "voltage": "69000", "substation": null, "operator": null}}, {"type": "Feature", "geometry": {"type": "Point", "coordinates": [-114.6344059, 35.0109274]}, "properties": {"osm_id": 263263885, "osm_type": "way", "name": null, "voltage": "69000", "substation": "distribution", "operator": null}}, {"type": "Feature", "geometry": {"type": "Point", "coordinates": [-114.9974613, 35.7897927]}, "properties": {"osm_id": 263818689, "osm_type": "way", "name": null, "voltage": "230000", "substation": null, "operator": null}}, {"type": "Feature", "geometry": {"type": "Point", "coordinates": [-114.3360468, 34.4626797]}, "properties": {"osm_id": 263882452, "osm_type": "way", "name": "Mulberry Substation", "voltage": "69000", "substation": "yes", "operator": "UniSource Energy Services"}}, {"type": "Feature", "geometry": {"type": "Point", "coordinates": [-114.368646, 34.5620091]}, "properties": {"osm_id": 263938940, "osm_type": "way", "name": null, "voltage": "69000", "substation": null, "operator": null}}, {"type": "Feature", "geometry": {"type": "Point", "coordinates": [-114.3480355, 34.4781281]}, "properties": {"osm_id": 263999824, "osm_type": "way", "name": null, "voltage": "69000", "substation": null, "operator": null}}, {"type": "Feature", "geometry": {"type": "Point", "coordinates": [-114.2708068, 34.4754286]}, "properties": {"osm_id": 264072796, "osm_type": "way", "name": null, "voltage": "69000", "substation": null, "operator": null}}, {"type": "Feature", "geometry": {"type": "Point", "coordinates": [-114.2987624, 34.5070614]}, "properties": {"osm_id": 264072797, "osm_type": "way", "name": null, "voltage": "69000", "substation": null, "operator": null}}, {"type": "Feature", "geometry": {"type": "Point", "coordinates": [-114.3037606, 34.1084354]}, "properties": {"osm_id": 264504112, "osm_type": "way", "name": null, "voltage": null, "substation": "distribution", "operator": null}}, {"type": "Feature", "geometry": {"type": "Point", "coordinates": [-114.3027363, 34.1495721]}, "properties": {"osm_id": 264504113, "osm_type": "way", "name": null, "voltage": null, "substation": null, "operator": null}}, {"type": "Feature", "geometry": {"type": "Point", "coordinates": [-114.2777723, 34.1675477]}, "properties": {"osm_id": 264504114, "osm_type": "way", "name": null, "voltage": null, "substation": "transmission", "operator": null}}, {"type": "Feature", "geometry": {"type": "Point", "coordinates": [-118.4045499, 33.9317874]}, "properties": {"osm_id": 265730084, "osm_type": "way", "name": "Distributing Station 139", "voltage": "34500;4800", "substation": "distribution", "operator": "Los Angeles Department of Water and Power"}}, {"type": "Feature", "geometry": {"type": "Point", "coordinates": [-118.4599949, 34.0331936]}, "properties": {"osm_id": 267159397, "osm_type": "way", "name": "Receiving Station K - Olympic", "voltage": "230000;138000;34500", "substation": "transmission", "operator": "Los Angeles Department of Water and Power"}}, {"type": "Feature", "geometry": {"type": "Point", "coordinates": [-117.2400452, 32.898679]}, "properties": {"osm_id": 280922418, "osm_type": "way", "name": "Torrey Pines Substation", "voltage": "69000", "substation": "distribution", "operator": "San Diego Gas & Electric"}}, {"type": "Feature", "geometry": {"type": "Point", "coordinates": [-118.488209, 34.0172257]}, "properties": {"osm_id": 282777549, "osm_type": "way", "name": "Santa Monica Substation", "voltage": "66000", "substation": "distribution", "operator": null}}, {"type": "Feature", "geometry": {"type": "Point", "coordinates": [-117.5717159, 33.8842845]}, "properties": {"osm_id": 283838367, "osm_type": "way", "name": "Corona Substation", "voltage": "66000;33000;12000", "substation": "distribution", "operator": "Southern California Edison"}}, {"type": "Feature", "geometry": {"type": "Point", "coordinates": [-117.5884735, 33.8819423]}, "properties": {"osm_id": 283838368, "osm_type": "way", "name": "Perez Substation", "voltage": "33000;4160", "substation": "distribution", "operator": "Southern California Edison"}}, {"type": "Feature", "geometry": {"type": "Point", "coordinates": [-118.1027739, 34.2605267]}, "properties": {"osm_id": 293713581, "osm_type": "way", "name": null, "voltage": null, "substation": null, "operator": null}}, {"type": "Feature", "geometry": {"type": "Point", "coordinates": [-121.1154609, 35.600433]}, "properties": {"osm_id": 294546403, "osm_type": "way", "name": null, "voltage": "12000", "substation": null, "operator": "Pacific Gas and Electric Company"}}, {"type": "Feature", "geometry": {"type": "Point", "coordinates": [-118.2677964, 34.1130837]}, "properties": {"osm_id": 295762352, "osm_type": "way", "name": "Distributing Station 25", "voltage": "34500;4800", "substation": "distribution", "operator": "Los Angeles Department of Water and Power"}}, {"type": "Feature", "geometry": {"type": "Point", "coordinates": [-118.1247987, 33.8302186]}, "properties": {"osm_id": 297133283, "osm_type": "way", "name": null, "voltage": "66000", "substation": null, "operator": null}}, {"type": "Feature", "geometry": {"type": "Point", "coordinates": [-117.9637412, 33.9154939]}, "properties": {"osm_id": 297316324, "osm_type": "way", "name": "Parkwood Substation", "voltage": "66000;12000", "substation": "distribution", "operator": "Southern California Edison"}}, {"type": "Feature", "geometry": {"type": "Point", "coordinates": [-118.287798, 34.1014022]}, "properties": {"osm_id": 297444869, "osm_type": "way", "name": "LADWP Distribution Station 54", "voltage": "34500;4800", "substation": "distribution", "operator": "Los Angeles Department of Water and Power"}}, {"type": "Feature", "geometry": {"type": "Point", "coordinates": [-118.472212, 34.0256002]}, "properties": {"osm_id": 309822803, "osm_type": "way", "name": "Colorado Substation", "voltage": "66000", "substation": "distribution", "operator": null}}, {"type": "Feature", "geometry": {"type": "Point", "coordinates": [-116.9113718, 32.5738186]}, "properties": {"osm_id": 316993631, "osm_type": "way", "name": null, "voltage": "230000", "substation": "transmission", "operator": null}}, {"type": "Feature", "geometry": {"type": "Point", "coordinates": [-118.2501683, 34.0502482]}, "properties": {"osm_id": 323131254, "osm_type": "way", "name": null, "voltage": null, "substation": null, "operator": null}}, {"type": "Feature", "geometry": {"type": "Point", "coordinates": [-118.2517532, 34.0485529]}, "properties": {"osm_id": 323131255, "osm_type": "way", "name": null, "voltage": null, "substation": null, "operator": null}}, {"type": "Feature", "geometry": {"type": "Point", "coordinates": [-116.1153175, 33.1005022]}, "properties": {"osm_id": 324429901, "osm_type": "way", "name": null, "voltage": "92000", "substation": null, "operator": null}}, {"type": "Feature", "geometry": {"type": "Point", "coordinates": [-120.8703178, 35.448736]}, "properties": {"osm_id": 328028425, "osm_type": "way", "name": "Cayucos", "voltage": "70000", "substation": null, "operator": "Pacific Gas and Electric Company"}}, {"type": "Feature", "geometry": {"type": "Point", "coordinates": [-120.6714647, 35.4654985]}, "properties": {"osm_id": 328033894, "osm_type": "way", "name": "Atascadero Substation", "voltage": "70000", "substation": null, "operator": "Pacific Gas and Electric Company"}}, {"type": "Feature", "geometry": {"type": "Point", "coordinates": [-120.8114355, 35.361187]}, "properties": {"osm_id": 328033895, "osm_type": "way", "name": "Baywood", "voltage": "70000", "substation": null, "operator": "Pacific Gas and Electric Company"}}, {"type": "Feature", "geometry": {"type": "Point", "coordinates": [-120.7058811, 35.2866839]}, "properties": {"osm_id": 328033896, "osm_type": "way", "name": "Foothill", "voltage": "115000;medium", "substation": "distribution", "operator": "Pacific Gas and Electric Company"}}, {"type": "Feature", "geometry": {"type": "Point", "coordinates": [-120.6930975, 35.3199933]}, "properties": {"osm_id": 328033897, "osm_type": "way", "name": "Goldtree", "voltage": "12000", "substation": null, "operator": "Pacific Gas and Electric Company"}}, {"type": "Feature", "geometry": {"type": "Point", "coordinates": [-120.6931062, 35.3205354]}, "properties": {"osm_id": 328033898, "osm_type": "way", "name": "Goldtree", "voltage": "12000", "substation": null, "operator": "Pacific Gas and Electric Company"}}, {"type": "Feature", "geometry": {"type": "Point", "coordinates": [-120.5810329, 35.101535]}, "properties": {"osm_id": 328033899, "osm_type": "way", "name": "Oceano", "voltage": "115000", "substation": null, "operator": "Pacific Gas and Electric Company"}}, {"type": "Feature", "geometry": {"type": "Point", "coordinates": [-120.6840377, 35.7523623]}, "properties": {"osm_id": 328033900, "osm_type": "way", "name": "PG&E - San Miguel Substation", "voltage": "70000", "substation": null, "operator": "Pacific Gas and Electric Company"}}, {"type": "Feature", "geometry": {"type": "Point", "coordinates": [-120.5861366, 35.0469576]}, "properties": {"osm_id": 328043907, "osm_type": "way", "name": "Callendar Switching Station", "voltage": null, "substation": null, "operator": "Pacific Gas and Electric Company"}}, {"type": "Feature", "geometry": {"type": "Point", "coordinates": [-120.3362128, 35.6865318]}, "properties": {"osm_id": 328043953, "osm_type": "way", "name": "Cholame", "voltage": null, "substation": null, "operator": "Pacific Gas and Electric Company"}}, {"type": "Feature", "geometry": {"type": "Point", "coordinates": [-115.485025, 32.601421]}, "properties": {"osm_id": 328327399, "osm_type": "way", "name": "Xochimilco", "voltage": "230000;13800", "substation": "distribution", "operator": null}}, {"type": "Feature", "geometry": {"type": "Point", "coordinates": [-120.5909176, 35.0408506]}, "properties": {"osm_id": 328845104, "osm_type": "way", "name": "Union Oil", "voltage": null, "substation": null, "operator": "Pacific Gas and Electric Company"}}, {"type": "Feature", "geometry": {"type": "Point", "coordinates": [-116.5051681, 33.9325988]}, "properties": {"osm_id": 329549577, "osm_type": "way", "name": null, "voltage": null, "substation": null, "operator": null}}, {"type": "Feature", "geometry": {"type": "Point", "coordinates": [-117.4541834, 34.1136574]}, "properties": {"osm_id": 332222407, "osm_type": "way", "name": "Randall Substation", "voltage": "66000", "substation": null, "operator": "Southern California Edison"}}, {"type": "Feature", "geometry": {"type": "Point", "coordinates": [-116.5459235, 33.8455754]}, "properties": {"osm_id": 332728420, "osm_type": "way", "name": null, "voltage": null, "substation": "yes", "operator": null}}, {"type": "Feature", "geometry": {"type": "Point", "coordinates": [-118.3762536, 33.9616755]}, "properties": {"osm_id": 338062751, "osm_type": "way", "name": "Receiving Station N - Airport", "voltage": "138000;34500", "substation": "transmission", "operator": "Los Angeles Department of Water and Power"}}, {"type": "Feature", "geometry": {"type": "Point", "coordinates": [-118.4573591, 34.1519587]}, "properties": {"osm_id": 339856293, "osm_type": "way", "name": "Distributing Station 64", "voltage": "34500;4800", "substation": "distribution", "operator": "Los Angeles Department of Water and Power"}}, {"type": "Feature", "geometry": {"type": "Point", "coordinates": [-114.5680088, 35.1949083]}, "properties": {"osm_id": 344162004, "osm_type": "way", "name": null, "voltage": null, "substation": "distribution", "operator": null}}, {"type": "Feature", "geometry": {"type": "Point", "coordinates": [-117.7385539, 33.7183836]}, "properties": {"osm_id": 344610837, "osm_type": "way", "name": "Las Lomas Substation", "voltage": "66000;12000", "substation": null, "operator": "Southern California Edison"}}, {"type": "Feature", "geometry": {"type": "Point", "coordinates": [-116.3920226, 33.7477732]}, "properties": {"osm_id": 344650882, "osm_type": "way", "name": "Santa Rosa Substation", "voltage": "115000", "substation": null, "operator": "Southern California Edison"}}, {"type": "Feature", "geometry": {"type": "Point", "coordinates": [-115.6293222, 32.6013578]}, "properties": {"osm_id": 345602357, "osm_type": "way", "name": null, "voltage": "230000", "substation": "transmission", "operator": null}}, {"type": "Feature", "geometry": {"type": "Point", "coordinates": [-115.8837763, 32.614578]}, "properties": {"osm_id": 345602370, "osm_type": "way", "name": null, "voltage": "69000", "substation": "industrial", "operator": null}}, {"type": "Feature", "geometry": {"type": "Point", "coordinates": [-115.6300762, 32.5970593]}, "properties": {"osm_id": 345602372, "osm_type": "way", "name": null, "voltage": "230000", "substation": "transmission", "operator": null}}, {"type": "Feature", "geometry": {"type": "Point", "coordinates": [-115.9393802, 32.5684261]}, "properties": {"osm_id": 345602377, "osm_type": "way", "name": "Rumurosa", "voltage": "230000;69000", "substation": "transmission", "operator": null}}, {"type": "Feature", "geometry": {"type": "Point", "coordinates": [-115.5295797, 32.6291384]}, "properties": {"osm_id": 345602378, "osm_type": "way", "name": null, "voltage": null, "substation": "industrial", "operator": null}}, {"type": "Feature", "geometry": {"type": "Point", "coordinates": [-115.6917971, 32.6483935]}, "properties": {"osm_id": 345602387, "osm_type": "way", "name": null, "voltage": "69000", "substation": "distribution", "operator": null}}, {"type": "Feature", "geometry": {"type": "Point", "coordinates": [-115.6626759, 32.600215]}, "properties": {"osm_id": 345602389, "osm_type": "way", "name": null, "voltage": "230000", "substation": "generation", "operator": null}}, {"type": "Feature", "geometry": {"type": "Point", "coordinates": [-119.5868287, 34.4184253]}, "properties": {"osm_id": 349858416, "osm_type": "way", "name": null, "voltage": null, "substation": null, "operator": null}}, {"type": "Feature", "geometry": {"type": "Point", "coordinates": [-118.2247622, 33.8974149]}, "properties": {"osm_id": 351905168, "osm_type": "way", "name": "Compton Substation", "voltage": "16000;4000", "substation": "distribution", "operator": "Southern California Edison"}}, {"type": "Feature", "geometry": {"type": "Point", "coordinates": [-116.5511002, 33.9173811]}, "properties": {"osm_id": 353468601, "osm_type": "way", "name": null, "voltage": null, "substation": "transmission", "operator": null}}, {"type": "Feature", "geometry": {"type": "Point", "coordinates": [-116.5529138, 33.9106022]}, "properties": {"osm_id": 353468602, "osm_type": "way", "name": null, "voltage": "115000", "substation": "transmission", "operator": null}}, {"type": "Feature", "geometry": {"type": "Point", "coordinates": [-116.5623539, 33.9134018]}, "properties": {"osm_id": 353468603, "osm_type": "way", "name": null, "voltage": null, "substation": "transmission", "operator": null}}, {"type": "Feature", "geometry": {"type": "Point", "coordinates": [-116.6428329, 33.9177501]}, "properties": {"osm_id": 353468604, "osm_type": "way", "name": null, "voltage": "115000", "substation": "transmission", "operator": null}}, {"type": "Feature", "geometry": {"type": "Point", "coordinates": [-116.5599654, 33.9173789]}, "properties": {"osm_id": 353468606, "osm_type": "way", "name": null, "voltage": null, "substation": "transmission", "operator": null}}, {"type": "Feature", "geometry": {"type": "Point", "coordinates": [-116.6148772, 33.9262497]}, "properties": {"osm_id": 353468608, "osm_type": "way", "name": null, "voltage": "115000", "substation": "transmission", "operator": null}}, {"type": "Feature", "geometry": {"type": "Point", "coordinates": [-116.6652816, 33.9514395]}, "properties": {"osm_id": 353468609, "osm_type": "way", "name": null, "voltage": null, "substation": "transmission", "operator": null}}, {"type": "Feature", "geometry": {"type": "Point", "coordinates": [-116.5557261, 33.9020035]}, "properties": {"osm_id": 353468611, "osm_type": "way", "name": null, "voltage": "115000", "substation": "transmission", "operator": null}}, {"type": "Feature", "geometry": {"type": "Point", "coordinates": [-116.5811089, 33.9206524]}, "properties": {"osm_id": 353468612, "osm_type": "way", "name": null, "voltage": "115000", "substation": "transmission", "operator": null}}, {"type": "Feature", "geometry": {"type": "Point", "coordinates": [-116.6147797, 33.9266543]}, "properties": {"osm_id": 353468613, "osm_type": "way", "name": null, "voltage": null, "substation": "transmission", "operator": null}}, {"type": "Feature", "geometry": {"type": "Point", "coordinates": [-114.6328763, 32.7090002]}, "properties": {"osm_id": 355939499, "osm_type": "way", "name": "Tenth Street Substation", "voltage": "69000", "substation": "distribution", "operator": null}}, {"type": "Feature", "geometry": {"type": "Point", "coordinates": [-114.6530272, 32.7264274]}, "properties": {"osm_id": 355939502, "osm_type": "way", "name": "Riverside Substation", "voltage": "69000", "substation": "distribution", "operator": null}}, {"type": "Feature", "geometry": {"type": "Point", "coordinates": [-114.1500856, 34.8663597]}, "properties": {"osm_id": 356412420, "osm_type": "way", "name": null, "voltage": null, "substation": "distribution", "operator": null}}, {"type": "Feature", "geometry": {"type": "Point", "coordinates": [-114.1659346, 35.0392]}, "properties": {"osm_id": 357502342, "osm_type": "way", "name": null, "voltage": "69000", "substation": "transmission", "operator": null}}, {"type": "Feature", "geometry": {"type": "Point", "coordinates": [-114.5271938, 33.602872]}, "properties": {"osm_id": 358560769, "osm_type": "way", "name": null, "voltage": null, "substation": "distribution", "operator": null}}, {"type": "Feature", "geometry": {"type": "Point", "coordinates": [-114.4680096, 33.7320203]}, "properties": {"osm_id": 358560771, "osm_type": "way", "name": null, "voltage": null, "substation": "distribution", "operator": null}}, {"type": "Feature", "geometry": {"type": "Point", "coordinates": [-114.3820384, 33.9276882]}, "properties": {"osm_id": 358560772, "osm_type": "way", "name": null, "voltage": null, "substation": "distribution", "operator": null}}, {"type": "Feature", "geometry": {"type": "Point", "coordinates": [-116.3886191, 33.8094303]}, "properties": {"osm_id": 362636658, "osm_type": "way", "name": "Edom Substation", "voltage": "92000", "substation": null, "operator": null}}, {"type": "Feature", "geometry": {"type": "Point", "coordinates": [-116.7154536, 33.7463798]}, "properties": {"osm_id": 365017628, "osm_type": "way", "name": "Idyllwild Substation", "voltage": null, "substation": null, "operator": "Southern California Edison"}}, {"type": "Feature", "geometry": {"type": "Point", "coordinates": [-116.9993511, 33.8444507]}, "properties": {"osm_id": 366751290, "osm_type": "way", "name": "Ridgeview Substation", "voltage": null, "substation": null, "operator": null}}, {"type": "Feature", "geometry": {"type": "Point", "coordinates": [-116.4939911, 33.8078794]}, "properties": {"osm_id": 366759222, "osm_type": "way", "name": null, "voltage": "115000", "substation": null, "operator": "Southern California Edison"}}, {"type": "Feature", "geometry": {"type": "Point", "coordinates": [-117.323665, 33.9552163]}, "properties": {"osm_id": 368408174, "osm_type": "way", "name": null, "voltage": "66000", "substation": null, "operator": null}}, {"type": "Feature", "geometry": {"type": "Point", "coordinates": [-116.7317752, 33.7059785]}, "properties": {"osm_id": 369749220, "osm_type": "way", "name": "Taquitz Substation", "voltage": null, "substation": "yes", "operator": "Southern California Edison"}}, {"type": "Feature", "geometry": {"type": "Point", "coordinates": [-118.9309646, 34.1960531]}, "properties": {"osm_id": 370765641, "osm_type": "way", "name": "Newbury Substation", "voltage": null, "substation": null, "operator": null}}, {"type": "Feature", "geometry": {"type": "Point", "coordinates": [-116.6751533, 33.6686664]}, "properties": {"osm_id": 374370487, "osm_type": "way", "name": "Lake Hemet Substation", "voltage": null, "substation": "yes", "operator": "Anza Electric Cooperative"}}, {"type": "Feature", "geometry": {"type": "Point", "coordinates": [-116.3537671, 32.6990117]}, "properties": {"osm_id": 375700360, "osm_type": "way", "name": null, "voltage": "69000", "substation": "distribution", "operator": null}}, {"type": "Feature", "geometry": {"type": "Point", "coordinates": [-118.4028582, 34.2793784]}, "properties": {"osm_id": 377128954, "osm_type": "way", "name": "LADWP Distributing Station No. 80", "voltage": "34500;4800", "substation": "distribution", "operator": "Los Angeles Department of Water and Power"}}, {"type": "Feature", "geometry": {"type": "Point", "coordinates": [-116.7312204, 33.7047868]}, "properties": {"osm_id": 378176557, "osm_type": "way", "name": "Mountain Center Substation", "voltage": null, "substation": "transmission", "operator": null}}, {"type": "Feature", "geometry": {"type": "Point", "coordinates": [-118.7795245, 34.2784682]}, "properties": {"osm_id": 379534577, "osm_type": "way", "name": null, "voltage": null, "substation": null, "operator": null}}, {"type": "Feature", "geometry": {"type": "Point", "coordinates": [-118.1429922, 33.8742273]}, "properties": {"osm_id": 383644496, "osm_type": "way", "name": null, "voltage": "66000", "substation": "distribution", "operator": "Southern California Edison"}}, {"type": "Feature", "geometry": {"type": "Point", "coordinates": [-118.2323328, 33.9565367]}, "properties": {"osm_id": 383664679, "osm_type": "way", "name": null, "voltage": "66000", "substation": "distribution", "operator": "Southern California Edison"}}, {"type": "Feature", "geometry": {"type": "Point", "coordinates": [-118.384631, 33.8992493]}, "properties": {"osm_id": 383664682, "osm_type": "way", "name": null, "voltage": "220000", "substation": "transition", "operator": "Southern California Edison"}}, {"type": "Feature", "geometry": {"type": "Point", "coordinates": [-118.2266831, 33.9960016]}, "properties": {"osm_id": 383664684, "osm_type": "way", "name": "Fruitland Substation", "voltage": "66000;16000;4000", "substation": "distribution", "operator": "Southern California Edison"}}, {"type": "Feature", "geometry": {"type": "Point", "coordinates": [-118.1942818, 33.9635592]}, "properties": {"osm_id": 383669451, "osm_type": "way", "name": "Cudahy Substation", "voltage": "66000;16000;4000", "substation": "distribution", "operator": "Southern California Edison"}}, {"type": "Feature", "geometry": {"type": "Point", "coordinates": [-118.0821967, 33.9642519]}, "properties": {"osm_id": 383740652, "osm_type": "way", "name": null, "voltage": "66000", "substation": "distribution", "operator": "Southern California Edison"}}, {"type": "Feature", "geometry": {"type": "Point", "coordinates": [-118.1114113, 33.961513]}, "properties": {"osm_id": 383740664, "osm_type": "way", "name": "Gallatin Substation", "voltage": "66000", "substation": "distribution", "operator": "Southern California Edison"}}, {"type": "Feature", "geometry": {"type": "Point", "coordinates": [-118.0586256, 33.9480245]}, "properties": {"osm_id": 383740680, "osm_type": "way", "name": "Santa Fe Springs Substation", "voltage": "66000", "substation": "distribution", "operator": "Southern California Edison"}}, {"type": "Feature", "geometry": {"type": "Point", "coordinates": [-118.0066722, 33.9480041]}, "properties": {"osm_id": 383742474, "osm_type": "way", "name": "Friendly Hills Substation", "voltage": "66000", "substation": "distribution", "operator": "Southern California Edison"}}, {"type": "Feature", "geometry": {"type": "Point", "coordinates": [-118.1405352, 33.9400434]}, "properties": {"osm_id": 383773418, "osm_type": "way", "name": "Stewart Substation", "voltage": "66000", "substation": "distribution", "operator": "Southern California Edison"}}, {"type": "Feature", "geometry": {"type": "Point", "coordinates": [-117.8074703, 33.8581387]}, "properties": {"osm_id": 383837070, "osm_type": "way", "name": "Yorba Substation", "voltage": "69000;12000", "substation": "distribution", "operator": "Anaheim Public Utilities"}}, {"type": "Feature", "geometry": {"type": "Point", "coordinates": [-117.8696994, 33.8126597]}, "properties": {"osm_id": 383837116, "osm_type": "way", "name": null, "voltage": "66000", "substation": "distribution", "operator": "Southern California Edison"}}, {"type": "Feature", "geometry": {"type": "Point", "coordinates": [-117.8521372, 33.7667557]}, "properties": {"osm_id": 383837313, "osm_type": "way", "name": "La Veta Substation", "voltage": "66000;12000", "substation": "distribution", "operator": "Southern California Edison"}}, {"type": "Feature", "geometry": {"type": "Point", "coordinates": [-117.8320748, 33.8802647]}, "properties": {"osm_id": 383857700, "osm_type": "way", "name": null, "voltage": "66000;12000", "substation": "distribution", "operator": "Southern California Edison"}}, {"type": "Feature", "geometry": {"type": "Point", "coordinates": [-117.8836985, 33.7131376]}, "properties": {"osm_id": 384046583, "osm_type": "way", "name": "Camden Substation", "voltage": "66000;12000", "substation": "distribution", "operator": "Southern California Edison"}}, {"type": "Feature", "geometry": {"type": "Point", "coordinates": [-118.0372187, 33.7524658]}, "properties": {"osm_id": 384143471, "osm_type": "way", "name": null, "voltage": "66000;12000", "substation": "distribution", "operator": "Southern California Edison"}}, {"type": "Feature", "geometry": {"type": "Point", "coordinates": [-118.0121848, 33.7722358]}, "properties": {"osm_id": 384143472, "osm_type": "way", "name": null, "voltage": "66000;12000", "substation": "distribution", "operator": "Southern California Edison"}}, {"type": "Feature", "geometry": {"type": "Point", "coordinates": [-117.9070255, 33.6568241]}, "properties": {"osm_id": 384189505, "osm_type": "way", "name": null, "voltage": "66000;12000", "substation": "distribution", "operator": "Southern California Edison"}}, {"type": "Feature", "geometry": {"type": "Point", "coordinates": [-117.8660306, 33.6385671]}, "properties": {"osm_id": 384189534, "osm_type": "way", "name": "MacArthur Substation", "voltage": "66000;12000", "substation": "distribution", "operator": "Southern California Edison"}}, {"type": "Feature", "geometry": {"type": "Point", "coordinates": [-118.206098, 33.9001147]}, "properties": {"osm_id": 384405435, "osm_type": "way", "name": "Bullis Substation", "voltage": "66000;16000", "substation": "distribution", "operator": "Southern California Edison"}}, {"type": "Feature", "geometry": {"type": "Point", "coordinates": [-118.2154348, 33.9282691]}, "properties": {"osm_id": 384405441, "osm_type": "way", "name": "Fernwood Substation", "voltage": "66000;16000", "substation": "distribution", "operator": "Southern California Edison"}}, {"type": "Feature", "geometry": {"type": "Point", "coordinates": [-118.2127679, 33.927136]}, "properties": {"osm_id": 384405447, "osm_type": "way", "name": "Lynwood Substation", "voltage": "16000;4000", "substation": "distribution", "operator": "Southern California Edison"}}, {"type": "Feature", "geometry": {"type": "Point", "coordinates": [-117.9106852, 33.8481125]}, "properties": {"osm_id": 384671107, "osm_type": "way", "name": "Sharp Substation", "voltage": "69000;12000", "substation": "distribution", "operator": "Anaheim Public Utilities"}}, {"type": "Feature", "geometry": {"type": "Point", "coordinates": [-117.9331457, 33.8082791]}, "properties": {"osm_id": 384671108, "osm_type": "way", "name": "Southwest Substation", "voltage": "69000;12000", "substation": "distribution", "operator": "Anaheim Public Utilities"}}, {"type": "Feature", "geometry": {"type": "Point", "coordinates": [-117.9024826, 33.826726]}, "properties": {"osm_id": 384671109, "osm_type": "way", "name": "Vermont Substation", "voltage": "220000;69000", "substation": "transmission", "operator": "Anaheim Public Utilities"}}, {"type": "Feature", "geometry": {"type": "Point", "coordinates": [-118.0171883, 33.6923242]}, "properties": {"osm_id": 384713953, "osm_type": "way", "name": "Slater Substation", "voltage": "66000;12000", "substation": "industrial", "operator": "Southern California Edison"}}, {"type": "Feature", "geometry": {"type": "Point", "coordinates": [-117.9974921, 33.6654899]}, "properties": {"osm_id": 384713954, "osm_type": "way", "name": "Wave Substation", "voltage": "66000;12000;4000", "substation": "distribution", "operator": "Southern California Edison"}}, {"type": "Feature", "geometry": {"type": "Point", "coordinates": [-118.0725383, 33.8095612]}, "properties": {"osm_id": 384722368, "osm_type": "way", "name": null, "voltage": "66000;12000", "substation": "distribution", "operator": "Southern California Edison"}}, {"type": "Feature", "geometry": {"type": "Point", "coordinates": [-117.9499642, 34.0081672]}, "properties": {"osm_id": 384800363, "osm_type": "way", "name": "Walnut Substation", "voltage": "220000;66000;12000", "substation": "transmission", "operator": "Southern California Edison"}}, {"type": "Feature", "geometry": {"type": "Point", "coordinates": [-117.9557109, 34.0474818]}, "properties": {"osm_id": 384972401, "osm_type": "way", "name": null, "voltage": "66000", "substation": "distribution", "operator": "Southern California Edison"}}, {"type": "Feature", "geometry": {"type": "Point", "coordinates": [-117.9873108, 34.1337444]}, "properties": {"osm_id": 384972411, "osm_type": "way", "name": null, "voltage": "66000", "substation": "distribution", "operator": "Southern California Edison"}}, {"type": "Feature", "geometry": {"type": "Point", "coordinates": [-117.9330978, 34.1137735]}, "properties": {"osm_id": 384972418, "osm_type": "way", "name": null, "voltage": "66000", "substation": "distribution", "operator": "Southern California Edison"}}, {"type": "Feature", "geometry": {"type": "Point", "coordinates": [-117.8796902, 34.092515]}, "properties": {"osm_id": 384972419, "osm_type": "way", "name": "Cortez Substation", "voltage": "66000;12000", "substation": "distribution", "operator": "Southern California Edison"}}, {"type": "Feature", "geometry": {"type": "Point", "coordinates": [-117.990823, 34.0505447]}, "properties": {"osm_id": 384972420, "osm_type": "way", "name": "Industry Substation", "voltage": "66000;12000;4000", "substation": "distribution", "operator": "Southern California Edison"}}, {"type": "Feature", "geometry": {"type": "Point", "coordinates": [-117.90727, 34.0497237]}, "properties": {"osm_id": 384972422, "osm_type": "way", "name": "Merced Substation", "voltage": "66000;12000", "substation": "distribution", "operator": "Southern California Edison"}}, {"type": "Feature", "geometry": {"type": "Point", "coordinates": [-117.93028, 34.0090097]}, "properties": {"osm_id": 384972423, "osm_type": "way", "name": "Puente Substation", "voltage": "66000", "substation": "distribution", "operator": "Southern California Edison"}}, {"type": "Feature", "geometry": {"type": "Point", "coordinates": [-118.2067529, 33.7654697]}, "properties": {"osm_id": 385078303, "osm_type": "way", "name": null, "voltage": null, "substation": null, "operator": null}}, {"type": "Feature", "geometry": {"type": "Point", "coordinates": [-116.8728829, 33.9225392]}, "properties": {"osm_id": 385487194, "osm_type": "way", "name": null, "voltage": "115000", "substation": null, "operator": null}}, {"type": "Feature", "geometry": {"type": "Point", "coordinates": [-118.4373291, 34.8578451]}, "properties": {"osm_id": 386364447, "osm_type": "way", "name": "Whirlwind Substation", "voltage": "500000;220000", "substation": "transmission", "operator": "Southern California Edison"}}, {"type": "Feature", "geometry": {"type": "Point", "coordinates": [-118.5152382, 34.4383164]}, "properties": {"osm_id": 388624142, "osm_type": "way", "name": null, "voltage": null, "substation": "yes", "operator": null}}, {"type": "Feature", "geometry": {"type": "Point", "coordinates": [-118.0641095, 33.8507297]}, "properties": {"osm_id": 389163905, "osm_type": "way", "name": "Bovine Substation", "voltage": "66000;12000", "substation": "distribution", "operator": "Southern California Edison"}}, {"type": "Feature", "geometry": {"type": "Point", "coordinates": [-118.0272289, 33.8176548]}, "properties": {"osm_id": 389163911, "osm_type": "way", "name": "Marion Substation", "voltage": "66000;12000", "substation": "distribution", "operator": "Southern California Edison"}}, {"type": "Feature", "geometry": {"type": "Point", "coordinates": [-118.1643766, 33.8192146]}, "properties": {"osm_id": 389174028, "osm_type": "way", "name": null, "voltage": "66000", "substation": "distribution", "operator": "Southern California Edison"}}, {"type": "Feature", "geometry": {"type": "Point", "coordinates": [-118.225105, 33.7655334]}, "properties": {"osm_id": 389174031, "osm_type": "way", "name": null, "voltage": "66000", "substation": "transmission", "operator": "Southern California Edison"}}, {"type": "Feature", "geometry": {"type": "Point", "coordinates": [-118.2333431, 33.8213787]}, "properties": {"osm_id": 389174034, "osm_type": "way", "name": null, "voltage": "66000", "substation": "distribution", "operator": null}}, {"type": "Feature", "geometry": {"type": "Point", "coordinates": [-118.2273435, 33.778822]}, "properties": {"osm_id": 389174036, "osm_type": "way", "name": "HarborGen Substation", "voltage": "220000", "substation": "transmission", "operator": null}}, {"type": "Feature", "geometry": {"type": "Point", "coordinates": [-118.0265234, 34.071417]}, "properties": {"osm_id": 389263288, "osm_type": "way", "name": "Amador Substation", "voltage": "66000;16000", "substation": "distribution", "operator": "Southern California Edison"}}, {"type": "Feature", "geometry": {"type": "Point", "coordinates": [-118.0488591, 34.0521514]}, "properties": {"osm_id": 389263289, "osm_type": "way", "name": "Hoyt Substation", "voltage": "16000;4000", "substation": "distribution", "operator": "Southern California Edison"}}, {"type": "Feature", "geometry": {"type": "Point", "coordinates": [-118.0812081, 34.0509111]}, "properties": {"osm_id": 389263491, "osm_type": "way", "name": "Rush Substation", "voltage": "66000", "substation": "distribution", "operator": "Southern California Edison"}}, {"type": "Feature", "geometry": {"type": "Point", "coordinates": [-118.373161, 33.7669022]}, "properties": {"osm_id": 389396026, "osm_type": "way", "name": "Crest Substation", "voltage": "66000;16000", "substation": "distribution", "operator": null}}, {"type": "Feature", "geometry": {"type": "Point", "coordinates": [-118.3889046, 33.7470529]}, "properties": {"osm_id": 389396033, "osm_type": "way", "name": "Marymount Substation", "voltage": "66000;16000", "substation": "distribution", "operator": null}}, {"type": "Feature", "geometry": {"type": "Point", "coordinates": [-118.3234679, 33.7919495]}, "properties": {"osm_id": 389396036, "osm_type": "way", "name": "Walteria Substation", "voltage": "66000;16000;4000", "substation": "distribution", "operator": null}}, {"type": "Feature", "geometry": {"type": "Point", "coordinates": [-117.7697237, 34.0899261]}, "properties": {"osm_id": 389746091, "osm_type": "way", "name": null, "voltage": "66000", "substation": "distribution", "operator": "Southern California Edison"}}, {"type": "Feature", "geometry": {"type": "Point", "coordinates": [-117.6749191, 34.0468233]}, "properties": {"osm_id": 389854923, "osm_type": "way", "name": "Narod Substation", "voltage": "66000;12000", "substation": "distribution", "operator": "Southern California Edison"}}, {"type": "Feature", "geometry": {"type": "Point", "coordinates": [-118.4382713, 33.9507486]}, "properties": {"osm_id": 390434483, "osm_type": "way", "name": null, "voltage": "66000", "substation": "transition", "operator": null}}, {"type": "Feature", "geometry": {"type": "Point", "coordinates": [-118.4371616, 33.9776501]}, "properties": {"osm_id": 390434487, "osm_type": "way", "name": "Tahiti Substation", "voltage": "66000", "substation": "distribution", "operator": "Southern California Edison"}}, {"type": "Feature", "geometry": {"type": "Point", "coordinates": [-118.3620562, 33.9157911]}, "properties": {"osm_id": 390473088, "osm_type": "way", "name": "Felton Substation", "voltage": "66000", "substation": "distribution", "operator": "Southern California Edison"}}, {"type": "Feature", "geometry": {"type": "Point", "coordinates": [-118.3580466, 33.9656369]}, "properties": {"osm_id": 390473089, "osm_type": "way", "name": "Inglewood Substation", "voltage": "66000;16000;4000", "substation": "distribution", "operator": "Southern California Edison"}}, {"type": "Feature", "geometry": {"type": "Point", "coordinates": [-118.3578992, 33.8949224]}, "properties": {"osm_id": 390473090, "osm_type": "way", "name": "Lawndale Substation", "voltage": "16000;4000", "substation": "distribution", "operator": "Southern California Edison"}}, {"type": "Feature", "geometry": {"type": "Point", "coordinates": [-118.4259382, 33.9316207]}, "properties": {"osm_id": 390483362, "osm_type": "way", "name": null, "voltage": "66000", "substation": "transition", "operator": "Southern California Edison"}}, {"type": "Feature", "geometry": {"type": "Point", "coordinates": [-118.3968458, 33.9189919]}, "properties": {"osm_id": 390483364, "osm_type": "way", "name": "Sepulveda Substation", "voltage": "66000;16000;4000", "substation": "distribution", "operator": "Southern California Edison"}}, {"type": "Feature", "geometry": {"type": "Point", "coordinates": [-118.3684844, 34.0757908]}, "properties": {"osm_id": 391073776, "osm_type": "way", "name": "DISTRIBUTING STATION 94", "voltage": "34500;4800", "substation": "distribution", "operator": "Los Angeles Department of Water and Power"}}, {"type": "Feature", "geometry": {"type": "Point", "coordinates": [-118.0385144, 34.1056769]}, "properties": {"osm_id": 391279139, "osm_type": "way", "name": "Anita Substation", "voltage": "66000;16000;4000", "substation": "distribution", "operator": "Southern California Edison"}}, {"type": "Feature", "geometry": {"type": "Point", "coordinates": [-118.0258066, 34.1439656]}, "properties": {"osm_id": 391279140, "osm_type": "way", "name": "Arcadia Substation", "voltage": "66000;16000;4000", "substation": "distribution", "operator": "Southern California Edison"}}, {"type": "Feature", "geometry": {"type": "Point", "coordinates": [-118.1086247, 33.7840931]}, "properties": {"osm_id": 391325059, "osm_type": "way", "name": "College Substation", "voltage": "66000", "substation": "distribution", "operator": null}}, {"type": "Feature", "geometry": {"type": "Point", "coordinates": [-117.9920063, 33.932265]}, "properties": {"osm_id": 391347857, "osm_type": "way", "name": "Telegraph Substation", "voltage": "66000;12000", "substation": "distribution", "operator": "Southern California Edison"}}, {"type": "Feature", "geometry": {"type": "Point", "coordinates": [-117.9337487, 33.925162]}, "properties": {"osm_id": 391394495, "osm_type": "way", "name": null, "voltage": "66000", "substation": "distribution", "operator": "Southern California Edison"}}, {"type": "Feature", "geometry": {"type": "Point", "coordinates": [-118.3765996, 33.8277966]}, "properties": {"osm_id": 391540189, "osm_type": "way", "name": null, "voltage": "66000", "substation": "distribution", "operator": "Southern California Edison"}}, {"type": "Feature", "geometry": {"type": "Point", "coordinates": [-118.3550389, 33.8083631]}, "properties": {"osm_id": 391540192, "osm_type": "way", "name": null, "voltage": "66000", "substation": "distribution", "operator": null}}, {"type": "Feature", "geometry": {"type": "Point", "coordinates": [-118.3780887, 33.8722945]}, "properties": {"osm_id": 391620399, "osm_type": "way", "name": "Ditmar Substation", "voltage": "66000;16000;4000", "substation": "distribution", "operator": "Southern California Edison"}}, {"type": "Feature", "geometry": {"type": "Point", "coordinates": [-118.3742788, 33.8588793]}, "properties": {"osm_id": 391620400, "osm_type": "way", "name": "Victoria Substation", "voltage": "66000;16000", "substation": "distribution", "operator": "Southern California Edison"}}, {"type": "Feature", "geometry": {"type": "Point", "coordinates": [-118.1203843, 33.8837969]}, "properties": {"osm_id": 391645214, "osm_type": "way", "name": "Cornuta Substation", "voltage": "66000;12000", "substation": "distribution", "operator": "Southern California Edison"}}, {"type": "Feature", "geometry": {"type": "Point", "coordinates": [-117.9356791, 33.6352866]}, "properties": {"osm_id": 391711000, "osm_type": "way", "name": "Lafayette Substation", "voltage": "66000;12000", "substation": "distribution", "operator": "Southern California Edison"}}, {"type": "Feature", "geometry": {"type": "Point", "coordinates": [-117.957124, 33.737053]}, "properties": {"osm_id": 391717047, "osm_type": "way", "name": null, "voltage": "66000", "substation": "distribution", "operator": "Southern California Edison"}}, {"type": "Feature", "geometry": {"type": "Point", "coordinates": [-117.9999541, 33.7449693]}, "properties": {"osm_id": 391757384, "osm_type": "way", "name": null, "voltage": "66000", "substation": "distribution", "operator": "Southern California Edison"}}, {"type": "Feature", "geometry": {"type": "Point", "coordinates": [-118.0333526, 33.7306095]}, "properties": {"osm_id": 391757388, "osm_type": "way", "name": "Bolsa Substation", "voltage": "66000", "substation": "distribution", "operator": "Southern California Edison"}}, {"type": "Feature", "geometry": {"type": "Point", "coordinates": [-118.1001355, 34.0986783]}, "properties": {"osm_id": 391883458, "osm_type": "way", "name": "San Gabriel Substation", "voltage": "66000", "substation": "distribution", "operator": null}}, {"type": "Feature", "geometry": {"type": "Point", "coordinates": [-117.7233712, 34.0415943]}, "properties": {"osm_id": 391929872, "osm_type": "way", "name": "Francis Substation", "voltage": "66000;12000", "substation": "distribution", "operator": "Southern California Edison"}}, {"type": "Feature", "geometry": {"type": "Point", "coordinates": [-118.4656484, 34.006908]}, "properties": {"osm_id": 392312025, "osm_type": "way", "name": "Marine Substation", "voltage": "66000", "substation": "distribution", "operator": null}}, {"type": "Feature", "geometry": {"type": "Point", "coordinates": [-118.0811949, 33.9155181]}, "properties": {"osm_id": 392569282, "osm_type": "way", "name": "Pioneer Substation", "voltage": "66000", "substation": "distribution", "operator": "Southern California Edison"}}, {"type": "Feature", "geometry": {"type": "Point", "coordinates": [-118.3072583, 33.9225985]}, "properties": {"osm_id": 393117834, "osm_type": "way", "name": null, "voltage": "66000", "substation": "distribution", "operator": "Southern California Edison"}}, {"type": "Feature", "geometry": {"type": "Point", "coordinates": [-118.3119293, 33.9024861]}, "properties": {"osm_id": 393117862, "osm_type": "way", "name": "Brighton Substation", "voltage": "66000;16000", "substation": "distribution", "operator": "Southern California Edison"}}, {"type": "Feature", "geometry": {"type": "Point", "coordinates": [-118.3443558, 33.8298388]}, "properties": {"osm_id": 393117870, "osm_type": "way", "name": "Torrance Substation", "voltage": "66000;16000", "substation": "distribution", "operator": "Southern California Edison"}}, {"type": "Feature", "geometry": {"type": "Point", "coordinates": [-118.2763481, 33.8594968]}, "properties": {"osm_id": 393202198, "osm_type": "way", "name": "Nola Substation", "voltage": "66000", "substation": "distribution", "operator": "Southern California Edison"}}, {"type": "Feature", "geometry": {"type": "Point", "coordinates": [-118.2179551, 33.9976492]}, "properties": {"osm_id": 393312264, "osm_type": "way", "name": null, "voltage": "66000", "substation": null, "operator": null}}, {"type": "Feature", "geometry": {"type": "Point", "coordinates": [-118.2644665, 33.8945868]}, "properties": {"osm_id": 393346754, "osm_type": "way", "name": "Fremont Substation", "voltage": "66000;16000;4000", "substation": "distribution", "operator": "Southern California Edison"}}, {"type": "Feature", "geometry": {"type": "Point", "coordinates": [-118.4209727, 33.9903143]}, "properties": {"osm_id": 393475141, "osm_type": "way", "name": "Distributing Station 95", "voltage": null, "substation": "distribution", "operator": "Los Angeles Department of Water and Power"}}, {"type": "Feature", "geometry": {"type": "Point", "coordinates": [-118.3712512, 34.0381864]}, "properties": {"osm_id": 393475144, "osm_type": "way", "name": "Receiving Station D - Fairfax", "voltage": "138000;34500", "substation": "transmission", "operator": "Los Angeles Department of Water and Power"}}, {"type": "Feature", "geometry": {"type": "Point", "coordinates": [-118.4023617, 34.0147142]}, "properties": {"osm_id": 393484026, "osm_type": "way", "name": "Sony Substation", "voltage": "66000", "substation": "distribution", "operator": "Southern California Edison"}}, {"type": "Feature", "geometry": {"type": "Point", "coordinates": [-117.9109732, 34.1359782]}, "properties": {"osm_id": 393503326, "osm_type": "way", "name": "Azusa Substation", "voltage": "66000;12000", "substation": "distribution", "operator": "Southern California Edison"}}, {"type": "Feature", "geometry": {"type": "Point", "coordinates": [-117.9265034, 34.0870799]}, "properties": {"osm_id": 393844013, "osm_type": "way", "name": "Lark Ellen Substation", "voltage": "66000;12000", "substation": "distribution", "operator": "Southern California Edison"}}, {"type": "Feature", "geometry": {"type": "Point", "coordinates": [-117.8078228, 34.1171656]}, "properties": {"osm_id": 393844014, "osm_type": "way", "name": "San Dimas Substation", "voltage": "66000;12000", "substation": "distribution", "operator": "Southern California Edison"}}, {"type": "Feature", "geometry": {"type": "Point", "coordinates": [-118.3128464, 33.9464846]}, "properties": {"osm_id": 394549585, "osm_type": "way", "name": "Gramercy Switching Station", "voltage": "138000", "substation": "transmission", "operator": "Los Angeles Department of Water and Power"}}, {"type": "Feature", "geometry": {"type": "Point", "coordinates": [-118.3345331, 33.9189381]}, "properties": {"osm_id": 394549586, "osm_type": "way", "name": "Yukon Substation", "voltage": "66000", "substation": "distribution", "operator": "Southern California Edison"}}, {"type": "Feature", "geometry": {"type": "Point", "coordinates": [-118.3474675, 34.0881671]}, "properties": {"osm_id": 394710539, "osm_type": "way", "name": "Receiving Station H - Hollywood", "voltage": "230000;138000", "substation": "transmission", "operator": "Los Angeles Department and Power"}}, {"type": "Feature", "geometry": {"type": "Point", "coordinates": [-118.4521925, 34.047445]}, "properties": {"osm_id": 394710553, "osm_type": "way", "name": "Sawtelle Substation", "voltage": "66000;16000", "substation": "distribution", "operator": "Southern California Edison"}}, {"type": "Feature", "geometry": {"type": "Point", "coordinates": [-118.391612, 33.9016321]}, "properties": {"osm_id": 394895298, "osm_type": "way", "name": null, "voltage": "220000", "substation": "transition", "operator": "Southern California Edison"}}, {"type": "Feature", "geometry": {"type": "Point", "coordinates": [-118.4018734, 33.902715]}, "properties": {"osm_id": 394895302, "osm_type": "way", "name": null, "voltage": "66000", "substation": "distribution", "operator": null}}, {"type": "Feature", "geometry": {"type": "Point", "coordinates": [-118.3978913, 33.9035195]}, "properties": {"osm_id": 394895304, "osm_type": "way", "name": "Chevmain Substation", "voltage": "220000", "substation": "transmission", "operator": "Southern California Edison"}}, {"type": "Feature", "geometry": {"type": "Point", "coordinates": [-116.988349, 33.7723219]}, "properties": {"osm_id": 395019806, "osm_type": "way", "name": null, "voltage": "115000", "substation": null, "operator": null}}, {"type": "Feature", "geometry": {"type": "Point", "coordinates": [-117.1750466, 33.9232035]}, "properties": {"osm_id": 395205416, "osm_type": "way", "name": null, "voltage": "115000", "substation": null, "operator": null}}, {"type": "Feature", "geometry": {"type": "Point", "coordinates": [-117.1725134, 33.9469872]}, "properties": {"osm_id": 395206271, "osm_type": "way", "name": null, "voltage": "115000", "substation": null, "operator": null}}, {"type": "Feature", "geometry": {"type": "Point", "coordinates": [-118.1300839, 34.0699141]}, "properties": {"osm_id": 395237747, "osm_type": "way", "name": "Ramona Substation", "voltage": "66000;4000", "substation": "distribution", "operator": "Southern California Edison"}}, {"type": "Feature", "geometry": {"type": "Point", "coordinates": [-117.8352122, 34.0222301]}, "properties": {"osm_id": 395352114, "osm_type": "way", "name": null, "voltage": "66000", "substation": "distribution", "operator": "Southern California Edison"}}, {"type": "Feature", "geometry": {"type": "Point", "coordinates": [-117.8877101, 33.9970938]}, "properties": {"osm_id": 395352116, "osm_type": "way", "name": null, "voltage": "66000", "substation": "distribution", "operator": "Southern California Edison"}}, {"type": "Feature", "geometry": {"type": "Point", "coordinates": [-117.5927224, 33.9977778]}, "properties": {"osm_id": 395457789, "osm_type": "way", "name": "Archibald Substation", "voltage": "66000;12000", "substation": "distribution", "operator": "Southern California Edison"}}, {"type": "Feature", "geometry": {"type": "Point", "coordinates": [-117.5377709, 33.8450188]}, "properties": {"osm_id": 395530785, "osm_type": "way", "name": null, "voltage": "66000", "substation": "distribution", "operator": "Southern California Edison"}}, {"type": "Feature", "geometry": {"type": "Point", "coordinates": [-117.5226797, 33.9588907]}, "properties": {"osm_id": 395530792, "osm_type": "way", "name": "Pedley Substation", "voltage": "66000", "substation": "distribution", "operator": "Southern California Edison"}}, {"type": "Feature", "geometry": {"type": "Point", "coordinates": [-118.3472687, 34.1721407]}, "properties": {"osm_id": 395945866, "osm_type": "way", "name": "McNeil Substation", "voltage": "66000;12000", "substation": "distribution", "operator": "Southern California Edison"}}, {"type": "Feature", "geometry": {"type": "Point", "coordinates": [-118.3473335, 34.1859601]}, "properties": {"osm_id": 395965144, "osm_type": "way", "name": null, "voltage": "66000", "substation": "distribution", "operator": "City of Burbank"}}, {"type": "Feature", "geometry": {"type": "Point", "coordinates": [-117.6234511, 34.0418564]}, "properties": {"osm_id": 396930432, "osm_type": "way", "name": "Firehouse Substation", "voltage": "66000;12000", "substation": "distribution", "operator": "Southern California Edison"}}, {"type": "Feature", "geometry": {"type": "Point", "coordinates": [-117.6456789, 34.0565269]}, "properties": {"osm_id": 396930433, "osm_type": "way", "name": "Ontario Substation", "voltage": "12000;4160", "substation": "distribution", "operator": "Southern California Edison"}}, {"type": "Feature", "geometry": {"type": "Point", "coordinates": [-116.7196612, 33.913741]}, "properties": {"osm_id": 400849054, "osm_type": "way", "name": null, "voltage": null, "substation": null, "operator": null}}, {"type": "Feature", "geometry": {"type": "Point", "coordinates": [-116.6157148, 33.9371425]}, "properties": {"osm_id": 400849584, "osm_type": "way", "name": null, "voltage": "115000", "substation": null, "operator": null}}, {"type": "Feature", "geometry": {"type": "Point", "coordinates": [-114.8172191, 33.5806241]}, "properties": {"osm_id": 402225518, "osm_type": "way", "name": "Colorado River Substation", "voltage": "500000", "substation": "transmission", "operator": "Southern California Edison"}}, {"type": "Feature", "geometry": {"type": "Point", "coordinates": [-118.3055937, 34.053044]}, "properties": {"osm_id": 402282244, "osm_type": "way", "name": "DISTRIBUTING STATION 38", "voltage": "34500;4800", "substation": "distribution", "operator": "Los Angeles Department of Water and Power"}}, {"type": "Feature", "geometry": {"type": "Point", "coordinates": [-116.68306, 32.8087648]}, "properties": {"osm_id": 407016872, "osm_type": "way", "name": "Suncrest Substation", "voltage": "500000;230000", "substation": "transmission", "operator": "San Diego Gas & Electric"}}, {"type": "Feature", "geometry": {"type": "Point", "coordinates": [-118.2650762, 34.0189575]}, "properties": {"osm_id": 407078429, "osm_type": "way", "name": "Distributing Station 19", "voltage": "34500;4800", "substation": "distribution", "operator": "Los Angeles Department of Water and Power"}}, {"type": "Feature", "geometry": {"type": "Point", "coordinates": [-118.2907714, 33.9538987]}, "properties": {"osm_id": 407207526, "osm_type": "way", "name": "DISTRIBUTING STATION 14", "voltage": "34500;4800", "substation": "distribution", "operator": "Los Angeles Department of Water and Power"}}, {"type": "Feature", "geometry": {"type": "Point", "coordinates": [-118.2999243, 34.0239471]}, "properties": {"osm_id": 407257256, "osm_type": "way", "name": "DISTRIBUTING STATION 13", "voltage": "34500;4800", "substation": "distribution", "operator": "Los Angeles Department of Water and Power"}}, {"type": "Feature", "geometry": {"type": "Point", "coordinates": [-118.3299465, 33.9851677]}, "properties": {"osm_id": 407354969, "osm_type": "way", "name": "Distributing Station 18", "voltage": "34500;4800", "substation": "distribution", "operator": "Los Angeles Department of Water and Power"}}, {"type": "Feature", "geometry": {"type": "Point", "coordinates": [-117.323943, 35.5204617]}, "properties": {"osm_id": 407452927, "osm_type": "way", "name": null, "voltage": null, "substation": null, "operator": null}}, {"type": "Feature", "geometry": {"type": "Point", "coordinates": [-118.2724709, 34.0047135]}, "properties": {"osm_id": 407607023, "osm_type": "way", "name": "DISTRIBUTING STATION 32", "voltage": "34500;4800", "substation": "distribution", "operator": "Los Angeles Department of Water and Power"}}, {"type": "Feature", "geometry": {"type": "Point", "coordinates": [-118.3346454, 34.0116316]}, "properties": {"osm_id": 409391757, "osm_type": "way", "name": "DISTRIBUTING STATION 53", "voltage": "34500;4800", "substation": "distribution", "operator": "Los Angeles Department of Water and Power"}}, {"type": "Feature", "geometry": {"type": "Point", "coordinates": [-118.2822397, 33.9899794]}, "properties": {"osm_id": 409420874, "osm_type": "way", "name": "Distributing Station 4", "voltage": "34500;4800", "substation": "distribution", "operator": null}}, {"type": "Feature", "geometry": {"type": "Point", "coordinates": [-118.30865, 33.9917542]}, "properties": {"osm_id": 410966019, "osm_type": "way", "name": "DISTRIBUTING STATION 45", "voltage": "34500;4800", "substation": "distribution", "operator": "Los Angeles Department of Water and Power"}}, {"type": "Feature", "geometry": {"type": "Point", "coordinates": [-118.2830526, 33.9686748]}, "properties": {"osm_id": 411194423, "osm_type": "way", "name": "Distributing Station 41", "voltage": "34500;4800", "substation": "distribution", "operator": "Los Angeles Department of Water and Power"}}, {"type": "Feature", "geometry": {"type": "Point", "coordinates": [-120.0604472, 35.3821701]}, "properties": {"osm_id": 413445217, "osm_type": "way", "name": null, "voltage": "230000", "substation": "transmission", "operator": null}}, {"type": "Feature", "geometry": {"type": "Point", "coordinates": [-120.0603794, 35.3837446]}, "properties": {"osm_id": 413445218, "osm_type": "way", "name": null, "voltage": "230000", "substation": "transmission", "operator": null}}, {"type": "Feature", "geometry": {"type": "Point", "coordinates": [-119.924987, 35.331179]}, "properties": {"osm_id": 413449177, "osm_type": "way", "name": null, "voltage": "230000", "substation": "generation", "operator": null}}, {"type": "Feature", "geometry": {"type": "Point", "coordinates": [-118.231825, 34.0270368]}, "properties": {"osm_id": 413749451, "osm_type": "way", "name": "DISTRIBUTING STATION 5", "voltage": "34500;4800", "substation": "distribution", "operator": "Los Angeles Department of Water and Power"}}, {"type": "Feature", "geometry": {"type": "Point", "coordinates": [-118.5573942, 34.0761262]}, "properties": {"osm_id": 414613890, "osm_type": "way", "name": "DISTRIBUTING STATION 99", "voltage": "34500;4800", "substation": "distribution", "operator": "Los Angeles Department of Water and Power"}}, {"type": "Feature", "geometry": {"type": "Point", "coordinates": [-118.4622105, 33.9981882]}, "properties": {"osm_id": 414684225, "osm_type": "way", "name": "Distributing Station 44", "voltage": "34500;4800", "substation": "distribution", "operator": "Los Angeles Department of Water and Power"}}, {"type": "Feature", "geometry": {"type": "Point", "coordinates": [-116.0425565, 32.7434079]}, "properties": {"osm_id": 414876259, "osm_type": "way", "name": null, "voltage": "500000", "substation": "transmission", "operator": null}}, {"type": "Feature", "geometry": {"type": "Point", "coordinates": [-116.9444108, 32.5662368]}, "properties": {"osm_id": 416590477, "osm_type": "way", "name": null, "voltage": null, "substation": null, "operator": null}}, {"type": "Feature", "geometry": {"type": "Point", "coordinates": [-117.3752297, 33.7019629]}, "properties": {"osm_id": 417968939, "osm_type": "way", "name": null, "voltage": null, "substation": null, "operator": null}}, {"type": "Feature", "geometry": {"type": "Point", "coordinates": [-117.3742021, 33.7015988]}, "properties": {"osm_id": 417968940, "osm_type": "way", "name": null, "voltage": null, "substation": null, "operator": "Southern California Edison"}}, {"type": "Feature", "geometry": {"type": "Point", "coordinates": [-118.2853746, 34.0820007]}, "properties": {"osm_id": 420136848, "osm_type": "way", "name": "Distributing Station 15", "voltage": "34500;4800", "substation": "distribution", "operator": "Los Angeles Department of Water and Power"}}, {"type": "Feature", "geometry": {"type": "Point", "coordinates": [-117.1876217, 33.5399118]}, "properties": {"osm_id": 421505143, "osm_type": "way", "name": "Murrieta No. 2", "voltage": null, "substation": null, "operator": "Southern California Edison"}}, {"type": "Feature", "geometry": {"type": "Point", "coordinates": [-119.3489748, 35.1580228]}, "properties": {"osm_id": 422132995, "osm_type": "way", "name": null, "voltage": null, "substation": null, "operator": null}}, {"type": "Feature", "geometry": {"type": "Point", "coordinates": [-119.0043697, 35.0296325]}, "properties": {"osm_id": 422132997, "osm_type": "way", "name": "Wheeler substation", "voltage": null, "substation": null, "operator": null}}, {"type": "Feature", "geometry": {"type": "Point", "coordinates": [-118.3257258, 34.1042301]}, "properties": {"osm_id": 422141187, "osm_type": "way", "name": "Distributing Station 52", "voltage": "34500;4800", "substation": "distribution", "operator": "Los Angeles Department of Water and Power"}}, {"type": "Feature", "geometry": {"type": "Point", "coordinates": [-118.4252792, 34.0088366]}, "properties": {"osm_id": 422262654, "osm_type": "way", "name": "Distributing Station No. 59", "voltage": "34500;4800", "substation": "distribution", "operator": "Los Angeles Department of Water and Power"}}, {"type": "Feature", "geometry": {"type": "Point", "coordinates": [-118.4437557, 34.0449222]}, "properties": {"osm_id": 422504305, "osm_type": "way", "name": "Distributing Station 28", "voltage": "34500;4800", "substation": "distribution", "operator": "Los Angeles Department of Water and Power"}}, {"type": "Feature", "geometry": {"type": "Point", "coordinates": [-118.4254328, 34.0683997]}, "properties": {"osm_id": 422524271, "osm_type": "way", "name": "Distributing Station 46", "voltage": "34500;4800", "substation": "distribution", "operator": "Los Angeles Department of Water and Power"}}, {"type": "Feature", "geometry": {"type": "Point", "coordinates": [-118.3269911, 34.0891499]}, "properties": {"osm_id": 423021853, "osm_type": "way", "name": "Distributing Station 6", "voltage": "34500;4800", "substation": "distribution", "operator": "Los Angeles Department of Water and Power"}}, {"type": "Feature", "geometry": {"type": "Point", "coordinates": [-118.3379631, 34.1003195]}, "properties": {"osm_id": 423448385, "osm_type": "way", "name": "DISTRIBUTING STATION 10", "voltage": "34500;4800", "substation": "distribution", "operator": "Los Angeles Department of Water and Power"}}, {"type": "Feature", "geometry": {"type": "Point", "coordinates": [-117.3032094, 34.9970854]}, "properties": {"osm_id": 423625219, "osm_type": "way", "name": null, "voltage": "230000", "substation": null, "operator": null}}, {"type": "Feature", "geometry": {"type": "Point", "coordinates": [-118.6318509, 34.1477338]}, "properties": {"osm_id": 424858446, "osm_type": "way", "name": "Valdez Substation", "voltage": null, "substation": "distribution", "operator": "SoCal Edison"}}, {"type": "Feature", "geometry": {"type": "Point", "coordinates": [-118.3933169, 34.0335944]}, "properties": {"osm_id": 424941113, "osm_type": "way", "name": "Distributing Station 20", "voltage": "34500;4800", "substation": "distribution", "operator": "Los Angeles Department of Water and Power"}}, {"type": "Feature", "geometry": {"type": "Point", "coordinates": [-118.2626166, 34.0691715]}, "properties": {"osm_id": 426245932, "osm_type": "way", "name": "Distributing Station 26", "voltage": "34500;4800", "substation": "distribution", "operator": "Los Angeles Department of Water and Power"}}, {"type": "Feature", "geometry": {"type": "Point", "coordinates": [-118.2553259, 34.0591871]}, "properties": {"osm_id": 426251795, "osm_type": "way", "name": null, "voltage": "34500;4800", "substation": "distribution", "operator": "Los Angeles Department of Water and Power"}}, {"type": "Feature", "geometry": {"type": "Point", "coordinates": [-118.6318504, 34.1477307]}, "properties": {"osm_id": 426254441, "osm_type": "way", "name": null, "voltage": null, "substation": "yes", "operator": null}}, {"type": "Feature", "geometry": {"type": "Point", "coordinates": [-116.3464508, 33.7294799]}, "properties": {"osm_id": 426408949, "osm_type": "way", "name": "Indian Wells Substation", "voltage": "115000", "substation": null, "operator": null}}, {"type": "Feature", "geometry": {"type": "Point", "coordinates": [-118.2468109, 34.0473951]}, "properties": {"osm_id": 428015174, "osm_type": "way", "name": null, "voltage": "34500;4800", "substation": "distribution", "operator": "Los Angeles Department of Water and Power"}}, {"type": "Feature", "geometry": {"type": "Point", "coordinates": [-118.2648863, 34.0462463]}, "properties": {"osm_id": 428021775, "osm_type": "way", "name": null, "voltage": "34500;4800", "substation": "distribution", "operator": "Los Angeles Department of Water and Power"}}, {"type": "Feature", "geometry": {"type": "Point", "coordinates": [-118.2560238, 34.0384446]}, "properties": {"osm_id": 428128062, "osm_type": "way", "name": null, "voltage": "34500;4800", "substation": "distribution", "operator": "Los Angeles Department of Water and Power"}}, {"type": "Feature", "geometry": {"type": "Point", "coordinates": [-118.3007727, 34.0506282]}, "properties": {"osm_id": 428579897, "osm_type": "way", "name": "DISTRIBUTING STATION 17", "voltage": "34500;4800", "substation": "distribution", "operator": "Los Angeles Department of Water and Power"}}, {"type": "Feature", "geometry": {"type": "Point", "coordinates": [-118.3304465, 34.0220112]}, "properties": {"osm_id": 428600657, "osm_type": "way", "name": "DISTRIBUTING STATION 39", "voltage": "34500;4800", "substation": "distribution", "operator": "Los Angeles Department of Water and Power"}}, {"type": "Feature", "geometry": {"type": "Point", "coordinates": [-118.3638792, 34.0512765]}, "properties": {"osm_id": 428614580, "osm_type": "way", "name": "DISTRIBUTING STATION 43", "voltage": "34500;4800", "substation": "distribution", "operator": "Los Angeles Department of Water and Power"}}, {"type": "Feature", "geometry": {"type": "Point", "coordinates": [-118.3422719, 34.0490412]}, "properties": {"osm_id": 428622633, "osm_type": "way", "name": "Distributing Station 8", "voltage": "34500;4800", "substation": "distribution", "operator": "Los Angeles Department of Water and Power"}}, {"type": "Feature", "geometry": {"type": "Point", "coordinates": [-118.2113453, 34.1347321]}, "properties": {"osm_id": 428623467, "osm_type": "way", "name": "Distributing Station 30", "voltage": "34500;4800", "substation": "distribution", "operator": "Los Angeles Department of Water and Power"}}, {"type": "Feature", "geometry": {"type": "Point", "coordinates": [-118.1927312, 34.0353223]}, "properties": {"osm_id": 429315627, "osm_type": "way", "name": "DISTRIBUTING STATION 23", "voltage": "34500;4800", "substation": "distribution", "operator": "Los Angeles Department of Water and Power"}}, {"type": "Feature", "geometry": {"type": "Point", "coordinates": [-118.2379952, 34.0570537]}, "properties": {"osm_id": 429324506, "osm_type": "way", "name": "Plaza Substation", "voltage": null, "substation": null, "operator": null}}, {"type": "Feature", "geometry": {"type": "Point", "coordinates": [-118.3619619, 34.1571483]}, "properties": {"osm_id": 429850577, "osm_type": "way", "name": "LADWP Distributing Station No. 35", "voltage": "34500;4800", "substation": "distribution", "operator": "Los Angeles Department of Water and Power"}}, {"type": "Feature", "geometry": {"type": "Point", "coordinates": [-118.494719, 34.1336206]}, "properties": {"osm_id": 429878789, "osm_type": "way", "name": null, "voltage": null, "substation": null, "operator": "Los Angeles Department of Water and Power"}}, {"type": "Feature", "geometry": {"type": "Point", "coordinates": [-118.4133463, 34.147437]}, "properties": {"osm_id": 432083273, "osm_type": "way", "name": "DISTRIBUTING STATION 49", "voltage": "34500;4800", "substation": "distribution", "operator": "Los Angeles Department of Water and Power"}}, {"type": "Feature", "geometry": {"type": "Point", "coordinates": [-118.5299882, 34.2420136]}, "properties": {"osm_id": 432157605, "osm_type": "way", "name": "Substation D;Cooling Tower", "voltage": null, "substation": null, "operator": null}}, {"type": "Feature", "geometry": {"type": "Point", "coordinates": [-118.5278172, 34.2424904]}, "properties": {"osm_id": 432157722, "osm_type": "way", "name": null, "voltage": null, "substation": null, "operator": null}}, {"type": "Feature", "geometry": {"type": "Point", "coordinates": [-118.5253978, 34.2394502]}, "properties": {"osm_id": 432157734, "osm_type": "way", "name": null, "voltage": null, "substation": null, "operator": null}}, {"type": "Feature", "geometry": {"type": "Point", "coordinates": [-117.0638406, 32.7620757]}, "properties": {"osm_id": 434965970, "osm_type": "way", "name": null, "voltage": null, "substation": null, "operator": null}}, {"type": "Feature", "geometry": {"type": "Point", "coordinates": [-115.4925227, 33.168667]}, "properties": {"osm_id": 437894401, "osm_type": "way", "name": null, "voltage": "92000", "substation": null, "operator": null}}, {"type": "Feature", "geometry": {"type": "Point", "coordinates": [-117.755302, 34.0583206]}, "properties": {"osm_id": 438371323, "osm_type": "way", "name": null, "voltage": null, "substation": null, "operator": null}}, {"type": "Feature", "geometry": {"type": "Point", "coordinates": [-116.8200982, 34.3037366]}, "properties": {"osm_id": 443155333, "osm_type": "way", "name": null, "voltage": null, "substation": null, "operator": null}}, {"type": "Feature", "geometry": {"type": "Point", "coordinates": [-118.3732184, 34.1420095]}, "properties": {"osm_id": 444348841, "osm_type": "way", "name": "DISTRIBUTING STATION 98", "voltage": "34500;4800", "substation": "distribution", "operator": "Los Angeles Department of Water and Power"}}, {"type": "Feature", "geometry": {"type": "Point", "coordinates": [-117.9237209, 33.810653]}, "properties": {"osm_id": 444853840, "osm_type": "way", "name": null, "voltage": null, "substation": null, "operator": null}}, {"type": "Feature", "geometry": {"type": "Point", "coordinates": [-117.5900869, 33.8907008]}, "properties": {"osm_id": 445337105, "osm_type": "way", "name": null, "voltage": "66000", "substation": "minor_distribution", "operator": null}}, {"type": "Feature", "geometry": {"type": "Point", "coordinates": [-118.3274685, 33.3462923]}, "properties": {"osm_id": 445436902, "osm_type": "way", "name": null, "voltage": null, "substation": null, "operator": null}}, {"type": "Feature", "geometry": {"type": "Point", "coordinates": [-120.5404097, 34.7191038]}, "properties": {"osm_id": 447075936, "osm_type": "way", "name": null, "voltage": null, "substation": null, "operator": null}}, {"type": "Feature", "geometry": {"type": "Point", "coordinates": [-118.5329529, 34.200081]}, "properties": {"osm_id": 448959190, "osm_type": "way", "name": "LADWP DIstributing Station No. 24", "voltage": "34500;4800", "substation": "distribution", "operator": "Los Angeles Department of Water and Power"}}, {"type": "Feature", "geometry": {"type": "Point", "coordinates": [-117.466928, 33.3128345]}, "properties": {"osm_id": 452491453, "osm_type": "way", "name": null, "voltage": null, "substation": null, "operator": null}}, {"type": "Feature", "geometry": {"type": "Point", "coordinates": [-117.896295, 34.8799618]}, "properties": {"osm_id": 453332983, "osm_type": "way", "name": null, "voltage": null, "substation": null, "operator": null}}, {"type": "Feature", "geometry": {"type": "Point", "coordinates": [-117.8963701, 34.8792406]}, "properties": {"osm_id": 453332984, "osm_type": "way", "name": null, "voltage": null, "substation": null, "operator": null}}, {"type": "Feature", "geometry": {"type": "Point", "coordinates": [-117.9180612, 34.9082126]}, "properties": {"osm_id": 453337789, "osm_type": "way", "name": null, "voltage": null, "substation": null, "operator": null}}, {"type": "Feature", "geometry": {"type": "Point", "coordinates": [-115.8494223, 32.7907975]}, "properties": {"osm_id": 453550602, "osm_type": "way", "name": null, "voltage": null, "substation": null, "operator": null}}, {"type": "Feature", "geometry": {"type": "Point", "coordinates": [-115.8578155, 32.7917864]}, "properties": {"osm_id": 453551434, "osm_type": "way", "name": null, "voltage": "92000", "substation": null, "operator": null}}, {"type": "Feature", "geometry": {"type": "Point", "coordinates": [-115.8538336, 32.7904615]}, "properties": {"osm_id": 453551435, "osm_type": "way", "name": null, "voltage": null, "substation": null, "operator": null}}, {"type": "Feature", "geometry": {"type": "Point", "coordinates": [-117.673544, 33.5628795]}, "properties": {"osm_id": 455875595, "osm_type": "way", "name": "Trabuco Substation", "voltage": null, "substation": null, "operator": null}}, {"type": "Feature", "geometry": {"type": "Point", "coordinates": [-118.1274135, 33.920792]}, "properties": {"osm_id": 456601026, "osm_type": "way", "name": "Downey Med Substation", "voltage": null, "substation": null, "operator": "Southern California Edison"}}, {"type": "Feature", "geometry": {"type": "Point", "coordinates": [-118.2848307, 33.8949233]}, "properties": {"osm_id": 457315602, "osm_type": "way", "name": "Distributing Station 143", "voltage": "34500;4800", "substation": "distribution", "operator": "Los Angeles Department of Water and Power"}}, {"type": "Feature", "geometry": {"type": "Point", "coordinates": [-118.1491701, 34.1286176]}, "properties": {"osm_id": 458801027, "osm_type": "way", "name": null, "voltage": null, "substation": null, "operator": null}}, {"type": "Feature", "geometry": {"type": "Point", "coordinates": [-117.1514722, 32.7132695]}, "properties": {"osm_id": 458937631, "osm_type": "way", "name": null, "voltage": null, "substation": null, "operator": null}}, {"type": "Feature", "geometry": {"type": "Point", "coordinates": [-117.1516253, 32.7133974]}, "properties": {"osm_id": 458937632, "osm_type": "way", "name": null, "voltage": null, "substation": null, "operator": null}}, {"type": "Feature", "geometry": {"type": "Point", "coordinates": [-117.022138, 34.9010585]}, "properties": {"osm_id": 459420209, "osm_type": "way", "name": null, "voltage": null, "substation": null, "operator": null}}, {"type": "Feature", "geometry": {"type": "Point", "coordinates": [-118.1489398, 34.1277254]}, "properties": {"osm_id": 460122549, "osm_type": "way", "name": null, "voltage": null, "substation": null, "operator": null}}, {"type": "Feature", "geometry": {"type": "Point", "coordinates": [-118.1490082, 34.1277308]}, "properties": {"osm_id": 460122550, "osm_type": "way", "name": null, "voltage": null, "substation": null, "operator": null}}, {"type": "Feature", "geometry": {"type": "Point", "coordinates": [-118.149179, 34.1282437]}, "properties": {"osm_id": 460122551, "osm_type": "way", "name": null, "voltage": null, "substation": null, "operator": null}}, {"type": "Feature", "geometry": {"type": "Point", "coordinates": [-117.9529632, 34.9406175]}, "properties": {"osm_id": 460489457, "osm_type": "way", "name": null, "voltage": null, "substation": null, "operator": null}}, {"type": "Feature", "geometry": {"type": "Point", "coordinates": [-117.8112342, 34.0029189]}, "properties": {"osm_id": 461747107, "osm_type": "way", "name": null, "voltage": null, "substation": null, "operator": "Southern California Edison"}}, {"type": "Feature", "geometry": {"type": "Point", "coordinates": [-118.113858, 34.6119841]}, "properties": {"osm_id": 463036884, "osm_type": "way", "name": null, "voltage": null, "substation": null, "operator": null}}, {"type": "Feature", "geometry": {"type": "Point", "coordinates": [-118.0950153, 34.6467343]}, "properties": {"osm_id": 463127907, "osm_type": "way", "name": null, "voltage": null, "substation": null, "operator": null}}, {"type": "Feature", "geometry": {"type": "Point", "coordinates": [-117.9687303, 35.142601]}, "properties": {"osm_id": 471492134, "osm_type": "way", "name": null, "voltage": null, "substation": null, "operator": null}}, {"type": "Feature", "geometry": {"type": "Point", "coordinates": [-118.3301861, 34.1585332]}, "properties": {"osm_id": 471963649, "osm_type": "way", "name": null, "voltage": null, "substation": null, "operator": null}}, {"type": "Feature", "geometry": {"type": "Point", "coordinates": [-118.6328927, 34.4723889]}, "properties": {"osm_id": 472549966, "osm_type": "way", "name": null, "voltage": null, "substation": "converter", "operator": "Southern California Edison"}}, {"type": "Feature", "geometry": {"type": "Point", "coordinates": [-118.5705847, 34.3976574]}, "properties": {"osm_id": 472573043, "osm_type": "way", "name": null, "voltage": null, "substation": "substation", "operator": "Southern California Edison"}}, {"type": "Feature", "geometry": {"type": "Point", "coordinates": [-118.0978944, 34.1486404]}, "properties": {"osm_id": 473918745, "osm_type": "way", "name": null, "voltage": null, "substation": null, "operator": null}}, {"type": "Feature", "geometry": {"type": "Point", "coordinates": [-114.6325128, 32.6689623]}, "properties": {"osm_id": 475411879, "osm_type": "way", "name": "32nd Street Substation", "voltage": "69000", "substation": null, "operator": null}}, {"type": "Feature", "geometry": {"type": "Point", "coordinates": [-114.5861639, 32.6837818]}, "properties": {"osm_id": 475563848, "osm_type": "way", "name": "Ivalon Substation", "voltage": "69000", "substation": null, "operator": null}}, {"type": "Feature", "geometry": {"type": "Point", "coordinates": [-114.5729347, 32.6796983]}, "properties": {"osm_id": 475564434, "osm_type": "way", "name": null, "voltage": "34500", "substation": null, "operator": null}}, {"type": "Feature", "geometry": {"type": "Point", "coordinates": [-114.5805967, 32.6609857]}, "properties": {"osm_id": 475566827, "osm_type": "way", "name": "Marine Air Base Substation", "voltage": "69000", "substation": null, "operator": null}}, {"type": "Feature", "geometry": {"type": "Point", "coordinates": [-114.4960762, 32.6680192]}, "properties": {"osm_id": 476479137, "osm_type": "way", "name": "Araby Substation", "voltage": "69000", "substation": null, "operator": null}}, {"type": "Feature", "geometry": {"type": "Point", "coordinates": [-117.1147418, 32.6707928]}, "properties": {"osm_id": 477055231, "osm_type": "way", "name": null, "voltage": null, "substation": null, "operator": null}}, {"type": "Feature", "geometry": {"type": "Point", "coordinates": [-117.1249641, 32.6833056]}, "properties": {"osm_id": 477192840, "osm_type": "way", "name": null, "voltage": null, "substation": "yes", "operator": null}}, {"type": "Feature", "geometry": {"type": "Point", "coordinates": [-118.1518894, 33.766976]}, "properties": {"osm_id": 477585764, "osm_type": "way", "name": "Broadway Substation", "voltage": "66000", "substation": null, "operator": null}}, {"type": "Feature", "geometry": {"type": "Point", "coordinates": [-114.5946532, 32.641574]}, "properties": {"osm_id": 478212302, "osm_type": "way", "name": "South O'Neill Substation", "voltage": "69000", "substation": null, "operator": null}}, {"type": "Feature", "geometry": {"type": "Point", "coordinates": [-118.3138098, 35.1081597]}, "properties": {"osm_id": 478729047, "osm_type": "way", "name": null, "voltage": null, "substation": null, "operator": null}}, {"type": "Feature", "geometry": {"type": "Point", "coordinates": [-118.3726171, 35.0759069]}, "properties": {"osm_id": 478730524, "osm_type": "way", "name": null, "voltage": null, "substation": null, "operator": null}}, {"type": "Feature", "geometry": {"type": "Point", "coordinates": [-118.379745, 35.1236814]}, "properties": {"osm_id": 478730533, "osm_type": "way", "name": null, "voltage": null, "substation": null, "operator": null}}, {"type": "Feature", "geometry": {"type": "Point", "coordinates": [-118.3792003, 35.0980236]}, "properties": {"osm_id": 478731331, "osm_type": "way", "name": null, "voltage": null, "substation": null, "operator": null}}, {"type": "Feature", "geometry": {"type": "Point", "coordinates": [-118.5005617, 34.3053289]}, "properties": {"osm_id": 479169462, "osm_type": "way", "name": "LADWP Distributing Station No. 86", "voltage": "34500;4800", "substation": "distribution", "operator": "Los Angeles Department of Water and Power"}}, {"type": "Feature", "geometry": {"type": "Point", "coordinates": [-119.9168309, 35.3791029]}, "properties": {"osm_id": 480697705, "osm_type": "way", "name": null, "voltage": "230000", "substation": "transmission", "operator": null}}, {"type": "Feature", "geometry": {"type": "Point", "coordinates": [-116.5461256, 33.8251161]}, "properties": {"osm_id": 480765123, "osm_type": "way", "name": null, "voltage": null, "substation": null, "operator": null}}, {"type": "Feature", "geometry": {"type": "Point", "coordinates": [-118.2973104, 35.0213735]}, "properties": {"osm_id": 483277839, "osm_type": "way", "name": null, "voltage": null, "substation": null, "operator": null}}, {"type": "Feature", "geometry": {"type": "Point", "coordinates": [-115.4361358, 35.5733296]}, "properties": {"osm_id": 492490058, "osm_type": "way", "name": null, "voltage": "230000", "substation": null, "operator": null}}, {"type": "Feature", "geometry": {"type": "Point", "coordinates": [-117.3629107, 34.5951029]}, "properties": {"osm_id": 492717054, "osm_type": "way", "name": null, "voltage": "230000", "substation": null, "operator": null}}, {"type": "Feature", "geometry": {"type": "Point", "coordinates": [-118.7193041, 34.8084468]}, "properties": {"osm_id": 494876565, "osm_type": "way", "name": null, "voltage": null, "substation": null, "operator": null}}, {"type": "Feature", "geometry": {"type": "Point", "coordinates": [-118.2030299, 34.5791606]}, "properties": {"osm_id": 496313045, "osm_type": "way", "name": null, "voltage": null, "substation": "transmission", "operator": null}}, {"type": "Feature", "geometry": {"type": "Point", "coordinates": [-114.1039718, 34.2885403]}, "properties": {"osm_id": 497454218, "osm_type": "way", "name": null, "voltage": "230000", "substation": "distribution", "operator": null}}, {"type": "Feature", "geometry": {"type": "Point", "coordinates": [-118.4321974, 34.7871643]}, "properties": {"osm_id": 499178659, "osm_type": "way", "name": null, "voltage": "220000", "substation": null, "operator": null}}, {"type": "Feature", "geometry": {"type": "Point", "coordinates": [-117.598729, 33.5263975]}, "properties": {"osm_id": 501515904, "osm_type": "way", "name": "Rancho Mission Viejo Substation", "voltage": null, "substation": null, "operator": null}}, {"type": "Feature", "geometry": {"type": "Point", "coordinates": [-117.5906855, 33.4094774]}, "properties": {"osm_id": 501515905, "osm_type": "way", "name": "San Mateo Substation", "voltage": null, "substation": null, "operator": null}}, {"type": "Feature", "geometry": {"type": "Point", "coordinates": [-117.7029399, 33.4949278]}, "properties": {"osm_id": 501515906, "osm_type": "way", "name": "Laguna Niguel Substation", "voltage": null, "substation": null, "operator": null}}, {"type": "Feature", "geometry": {"type": "Point", "coordinates": [-115.3128761, 33.6988312]}, "properties": {"osm_id": 507591114, "osm_type": "way", "name": "Red Bluff Substation", "voltage": "500000", "substation": "transmission", "operator": "Southern California Edison"}}, {"type": "Feature", "geometry": {"type": "Point", "coordinates": [-120.4372204, 34.6432014]}, "properties": {"osm_id": 508412939, "osm_type": "way", "name": "Cabrillo Substation", "voltage": "115000", "substation": "distribution", "operator": null}}, {"type": "Feature", "geometry": {"type": "Point", "coordinates": [-117.1040771, 34.2080561]}, "properties": {"osm_id": 514658722, "osm_type": "way", "name": null, "voltage": "33000", "substation": null, "operator": null}}, {"type": "Feature", "geometry": {"type": "Point", "coordinates": [-118.5685251, 34.2419899]}, "properties": {"osm_id": 533316822, "osm_type": "way", "name": "Distributing Station No. 138", "voltage": "34500;4800", "substation": "distribution", "operator": "Los Angeles Department of Water and Power"}}, {"type": "Feature", "geometry": {"type": "Point", "coordinates": [-118.2236887, 34.2031548]}, "properties": {"osm_id": 540098280, "osm_type": "way", "name": null, "voltage": null, "substation": null, "operator": null}}, {"type": "Feature", "geometry": {"type": "Point", "coordinates": [-118.3690881, 34.2330139]}, "properties": {"osm_id": 542978042, "osm_type": "way", "name": "DISTRIBUTING STATION 102", "voltage": "34500;4800", "substation": "distribution", "operator": "Los Angeles Department of Water and Power"}}, {"type": "Feature", "geometry": {"type": "Point", "coordinates": [-114.4306641, 32.6689068]}, "properties": {"osm_id": 543902233, "osm_type": "way", "name": "Foothills Substation", "voltage": "69000", "substation": "distribution", "operator": null}}, {"type": "Feature", "geometry": {"type": "Point", "coordinates": [-114.427542, 32.6479764]}, "properties": {"osm_id": 543902240, "osm_type": "way", "name": "Desert Sands Substation", "voltage": "69000", "substation": "transmission", "operator": null}}, {"type": "Feature", "geometry": {"type": "Point", "coordinates": [-119.8159165, 34.4491171]}, "properties": {"osm_id": 544261596, "osm_type": "way", "name": "Vegas Substation", "voltage": null, "substation": null, "operator": "Southern California Edison"}}, {"type": "Feature", "geometry": {"type": "Point", "coordinates": [-117.178914, 32.7387391]}, "properties": {"osm_id": 547362531, "osm_type": "way", "name": null, "voltage": "69000", "substation": null, "operator": null}}, {"type": "Feature", "geometry": {"type": "Point", "coordinates": [-117.3043189, 34.1289191]}, "properties": {"osm_id": 548186660, "osm_type": "way", "name": "Sixteenth Street Substation", "voltage": "33000", "substation": null, "operator": null}}, {"type": "Feature", "geometry": {"type": "Point", "coordinates": [-115.349316, 35.6409768]}, "properties": {"osm_id": 551396627, "osm_type": "way", "name": "Primm Substation", "voltage": "230000", "substation": null, "operator": null}}, {"type": "Feature", "geometry": {"type": "Point", "coordinates": [-118.5182646, 34.3351527]}, "properties": {"osm_id": 554267367, "osm_type": "way", "name": null, "voltage": "66000", "substation": "generation", "operator": null}}, {"type": "Feature", "geometry": {"type": "Point", "coordinates": [-115.3968351, 32.6205355]}, "properties": {"osm_id": 555566788, "osm_type": "way", "name": null, "voltage": null, "substation": null, "operator": null}}, {"type": "Feature", "geometry": {"type": "Point", "coordinates": [-115.3984571, 32.6198908]}, "properties": {"osm_id": 555566789, "osm_type": "way", "name": null, "voltage": null, "substation": null, "operator": null}}, {"type": "Feature", "geometry": {"type": "Point", "coordinates": [-115.3966108, 32.6197641]}, "properties": {"osm_id": 555566790, "osm_type": "way", "name": null, "voltage": null, "substation": null, "operator": null}}, {"type": "Feature", "geometry": {"type": "Point", "coordinates": [-115.3986289, 32.6209355]}, "properties": {"osm_id": 555566791, "osm_type": "way", "name": null, "voltage": null, "substation": null, "operator": null}}, {"type": "Feature", "geometry": {"type": "Point", "coordinates": [-115.3959036, 32.621302]}, "properties": {"osm_id": 555571742, "osm_type": "way", "name": null, "voltage": null, "substation": null, "operator": null}}, {"type": "Feature", "geometry": {"type": "Point", "coordinates": [-115.3957757, 32.621299]}, "properties": {"osm_id": 555571744, "osm_type": "way", "name": null, "voltage": null, "substation": null, "operator": null}}, {"type": "Feature", "geometry": {"type": "Point", "coordinates": [-115.3967342, 32.6214519]}, "properties": {"osm_id": 555571748, "osm_type": "way", "name": null, "voltage": null, "substation": "yes", "operator": null}}, {"type": "Feature", "geometry": {"type": "Point", "coordinates": [-115.3953046, 32.6207883]}, "properties": {"osm_id": 555573766, "osm_type": "way", "name": null, "voltage": null, "substation": null, "operator": null}}, {"type": "Feature", "geometry": {"type": "Point", "coordinates": [-115.4863475, 32.5694113]}, "properties": {"osm_id": 558135665, "osm_type": "way", "name": null, "voltage": "230000", "substation": "transmission", "operator": null}}, {"type": "Feature", "geometry": {"type": "Point", "coordinates": [-115.4371267, 32.6595065]}, "properties": {"osm_id": 558306842, "osm_type": "way", "name": "Subestacion CFE Cuahutemoc Sur", "voltage": null, "substation": null, "operator": null}}, {"type": "Feature", "geometry": {"type": "Point", "coordinates": [-114.4950303, 32.6852624]}, "properties": {"osm_id": 560590098, "osm_type": "way", "name": "Redondo Substation", "voltage": "69000", "substation": "distribution", "operator": null}}, {"type": "Feature", "geometry": {"type": "Point", "coordinates": [-114.2354919, 35.1911637]}, "properties": {"osm_id": 569126451, "osm_type": "way", "name": null, "voltage": "69000", "substation": "distribution", "operator": null}}, {"type": "Feature", "geometry": {"type": "Point", "coordinates": [-114.1730785, 35.3551762]}, "properties": {"osm_id": 569126456, "osm_type": "way", "name": null, "voltage": "69000", "substation": "distribution", "operator": null}}, {"type": "Feature", "geometry": {"type": "Point", "coordinates": [-114.2008537, 35.3260934]}, "properties": {"osm_id": 569126457, "osm_type": "way", "name": null, "voltage": "69000", "substation": "distribution", "operator": null}}, {"type": "Feature", "geometry": {"type": "Point", "coordinates": [-114.414371, 35.7207907]}, "properties": {"osm_id": 569126509, "osm_type": "way", "name": null, "voltage": null, "substation": "distribution", "operator": null}}, {"type": "Feature", "geometry": {"type": "Point", "coordinates": [-114.1690362, 35.7063164]}, "properties": {"osm_id": 569149510, "osm_type": "way", "name": null, "voltage": "69000", "substation": "distribution", "operator": null}}, {"type": "Feature", "geometry": {"type": "Point", "coordinates": [-118.4158692, 34.0528949]}, "properties": {"osm_id": 574510301, "osm_type": "way", "name": "DWP Sub 7", "voltage": null, "substation": null, "operator": null}}, {"type": "Feature", "geometry": {"type": "Point", "coordinates": [-116.9162664, 32.5492793]}, "properties": {"osm_id": 581370939, "osm_type": "way", "name": null, "voltage": "115000", "substation": "transmission", "operator": null}}, {"type": "Feature", "geometry": {"type": "Point", "coordinates": [-117.0769316, 33.9664915]}, "properties": {"osm_id": 587541956, "osm_type": "way", "name": null, "voltage": "220000", "substation": null, "operator": null}}, {"type": "Feature", "geometry": {"type": "Point", "coordinates": [-117.9774977, 34.1067568]}, "properties": {"osm_id": 590193216, "osm_type": "way", "name": null, "voltage": null, "substation": null, "operator": null}}, {"type": "Feature", "geometry": {"type": "Point", "coordinates": [-114.9691561, 35.7921334]}, "properties": {"osm_id": 592549456, "osm_type": "way", "name": null, "voltage": "230000", "substation": null, "operator": null}}, {"type": "Feature", "geometry": {"type": "Point", "coordinates": [-114.989173, 35.792308]}, "properties": {"osm_id": 592549458, "osm_type": "way", "name": null, "voltage": "230000", "substation": null, "operator": null}}, {"type": "Feature", "geometry": {"type": "Point", "coordinates": [-118.5560536, 34.2016722]}, "properties": {"osm_id": 593523181, "osm_type": "way", "name": "LADWP Distributing Station No. 90", "voltage": "34500;4800", "substation": "distribution", "operator": "Los Angeles Department of Water and Power"}}, {"type": "Feature", "geometry": {"type": "Point", "coordinates": [-118.3849714, 33.9207755]}, "properties": {"osm_id": 594584349, "osm_type": "way", "name": null, "voltage": "66000", "substation": null, "operator": null}}, {"type": "Feature", "geometry": {"type": "Point", "coordinates": [-118.3827154, 33.9221564]}, "properties": {"osm_id": 594584355, "osm_type": "way", "name": null, "voltage": "66000", "substation": null, "operator": null}}, {"type": "Feature", "geometry": {"type": "Point", "coordinates": [-118.444722, 34.8890058]}, "properties": {"osm_id": 596972639, "osm_type": "way", "name": null, "voltage": "220000", "substation": "generation", "operator": null}}, {"type": "Feature", "geometry": {"type": "Point", "coordinates": [-118.4484298, 34.9198249]}, "properties": {"osm_id": 596981567, "osm_type": "way", "name": null, "voltage": "220000", "substation": null, "operator": null}}, {"type": "Feature", "geometry": {"type": "Point", "coordinates": [-118.3695742, 34.848985]}, "properties": {"osm_id": 597034580, "osm_type": "way", "name": null, "voltage": "220000", "substation": null, "operator": null}}, {"type": "Feature", "geometry": {"type": "Point", "coordinates": [-118.4086566, 34.8197638]}, "properties": {"osm_id": 597034635, "osm_type": "way", "name": null, "voltage": "220000", "substation": null, "operator": null}}, {"type": "Feature", "geometry": {"type": "Point", "coordinates": [-118.4329177, 34.8233267]}, "properties": {"osm_id": 597034646, "osm_type": "way", "name": null, "voltage": "220000", "substation": null, "operator": null}}, {"type": "Feature", "geometry": {"type": "Point", "coordinates": [-118.4751768, 34.8378706]}, "properties": {"osm_id": 597034678, "osm_type": "way", "name": null, "voltage": "220000", "substation": null, "operator": null}}, {"type": "Feature", "geometry": {"type": "Point", "coordinates": [-118.4762592, 34.837598]}, "properties": {"osm_id": 597034682, "osm_type": "way", "name": null, "voltage": "220000", "substation": null, "operator": null}}, {"type": "Feature", "geometry": {"type": "Point", "coordinates": [-118.431062, 34.8472724]}, "properties": {"osm_id": 597052620, "osm_type": "way", "name": null, "voltage": "220000", "substation": null, "operator": null}}, {"type": "Feature", "geometry": {"type": "Point", "coordinates": [-117.9077378, 33.8037966]}, "properties": {"osm_id": 597082183, "osm_type": "way", "name": "Harbor Substation", "voltage": "69000;12000", "substation": null, "operator": null}}, {"type": "Feature", "geometry": {"type": "Point", "coordinates": [-118.5054233, 34.7895732]}, "properties": {"osm_id": 597419584, "osm_type": "way", "name": null, "voltage": null, "substation": null, "operator": null}}, {"type": "Feature", "geometry": {"type": "Point", "coordinates": [-118.5014607, 34.7751199]}, "properties": {"osm_id": 597421154, "osm_type": "way", "name": null, "voltage": null, "substation": null, "operator": null}}, {"type": "Feature", "geometry": {"type": "Point", "coordinates": [-118.5116722, 34.8282992]}, "properties": {"osm_id": 597421156, "osm_type": "way", "name": null, "voltage": "220000", "substation": null, "operator": null}}, {"type": "Feature", "geometry": {"type": "Point", "coordinates": [-118.5113779, 34.828978]}, "properties": {"osm_id": 597421158, "osm_type": "way", "name": null, "voltage": "220000", "substation": null, "operator": null}}, {"type": "Feature", "geometry": {"type": "Point", "coordinates": [-118.5102507, 34.828958]}, "properties": {"osm_id": 597421160, "osm_type": "way", "name": null, "voltage": "220000", "substation": null, "operator": null}}, {"type": "Feature", "geometry": {"type": "Point", "coordinates": [-118.3145591, 34.6884003]}, "properties": {"osm_id": 597452230, "osm_type": "way", "name": "Plainview", "voltage": "69000", "substation": null, "operator": null}}, {"type": "Feature", "geometry": {"type": "Point", "coordinates": [-118.325206, 34.6884892]}, "properties": {"osm_id": 597452231, "osm_type": "way", "name": null, "voltage": null, "substation": null, "operator": null}}, {"type": "Feature", "geometry": {"type": "Point", "coordinates": [-118.3043874, 34.6857691]}, "properties": {"osm_id": 597452232, "osm_type": "way", "name": "Big Sky Substation", "voltage": "220000;34500", "substation": "generation", "operator": "AES Corporation"}}, {"type": "Feature", "geometry": {"type": "Point", "coordinates": [-118.2944332, 34.7187482]}, "properties": {"osm_id": 597452237, "osm_type": "way", "name": null, "voltage": null, "substation": null, "operator": null}}, {"type": "Feature", "geometry": {"type": "Point", "coordinates": [-118.3028792, 34.6978733]}, "properties": {"osm_id": 597452244, "osm_type": "way", "name": null, "voltage": null, "substation": null, "operator": null}}, {"type": "Feature", "geometry": {"type": "Point", "coordinates": [-117.9597064, 33.8694292]}, "properties": {"osm_id": 599601951, "osm_type": "way", "name": null, "voltage": "12000", "substation": null, "operator": null}}, {"type": "Feature", "geometry": {"type": "Point", "coordinates": [-119.0606044, 34.1126854]}, "properties": {"osm_id": 599604092, "osm_type": "way", "name": null, "voltage": null, "substation": null, "operator": null}}, {"type": "Feature", "geometry": {"type": "Point", "coordinates": [-119.0605678, 34.1126994]}, "properties": {"osm_id": 599604094, "osm_type": "way", "name": null, "voltage": null, "substation": null, "operator": null}}, {"type": "Feature", "geometry": {"type": "Point", "coordinates": [-118.5978615, 34.2290526]}, "properties": {"osm_id": 601152668, "osm_type": "way", "name": null, "voltage": null, "substation": null, "operator": null}}, {"type": "Feature", "geometry": {"type": "Point", "coordinates": [-118.5982352, 34.2290059]}, "properties": {"osm_id": 601152669, "osm_type": "way", "name": null, "voltage": null, "substation": null, "operator": null}}, {"type": "Feature", "geometry": {"type": "Point", "coordinates": [-118.0811942, 34.1217783]}, "properties": {"osm_id": 604773381, "osm_type": "way", "name": null, "voltage": null, "substation": null, "operator": null}}, {"type": "Feature", "geometry": {"type": "Point", "coordinates": [-118.2473987, 33.8349104]}, "properties": {"osm_id": 605263053, "osm_type": "way", "name": null, "voltage": null, "substation": null, "operator": null}}, {"type": "Feature", "geometry": {"type": "Point", "coordinates": [-116.7493654, 32.5239429]}, "properties": {"osm_id": 612239240, "osm_type": "way", "name": "Herradura", "voltage": "230000;115000", "substation": "transmission", "operator": null}}, {"type": "Feature", "geometry": {"type": "Point", "coordinates": [-118.2899716, 34.251843]}, "properties": {"osm_id": 616351541, "osm_type": "way", "name": "DISTRIBUTING STATION 48", "voltage": "34500;4800", "substation": "distribution", "operator": "Los Angeles Department of Water and Power"}}, {"type": "Feature", "geometry": {"type": "Point", "coordinates": [-118.4752374, 34.2188158]}, "properties": {"osm_id": 621810143, "osm_type": "way", "name": null, "voltage": null, "substation": null, "operator": null}}, {"type": "Feature", "geometry": {"type": "Point", "coordinates": [-117.8614948, 33.7902923]}, "properties": {"osm_id": 626103620, "osm_type": "way", "name": null, "voltage": "66000", "substation": null, "operator": "Southern California Edison"}}, {"type": "Feature", "geometry": {"type": "Point", "coordinates": [-118.3621796, 35.0390299]}, "properties": {"osm_id": 628420031, "osm_type": "way", "name": null, "voltage": "220000", "substation": null, "operator": null}}, {"type": "Feature", "geometry": {"type": "Point", "coordinates": [-116.7002077, 32.6671446]}, "properties": {"osm_id": 633755405, "osm_type": "way", "name": null, "voltage": "69000", "substation": null, "operator": null}}, {"type": "Feature", "geometry": {"type": "Point", "coordinates": [-114.2165277, 33.9986135]}, "properties": {"osm_id": 634026481, "osm_type": "way", "name": "Bouse Switchyard", "voltage": "161000", "substation": "distribution", "operator": "Western Area Power Administration"}}, {"type": "Feature", "geometry": {"type": "Point", "coordinates": [-118.2618207, 33.8079023]}, "properties": {"osm_id": 643584280, "osm_type": "way", "name": null, "voltage": "66000", "substation": null, "operator": null}}, {"type": "Feature", "geometry": {"type": "Point", "coordinates": [-118.702963, 34.2368091]}, "properties": {"osm_id": 644411857, "osm_type": "way", "name": "Chatsworth Substation", "voltage": "66000", "substation": null, "operator": null}}, {"type": "Feature", "geometry": {"type": "Point", "coordinates": [-116.0754235, 32.5989519]}, "properties": {"osm_id": 645735726, "osm_type": "way", "name": null, "voltage": "230000", "substation": null, "operator": null}}, {"type": "Feature", "geometry": {"type": "Point", "coordinates": [-117.9764883, 33.8169959]}, "properties": {"osm_id": 646210780, "osm_type": "way", "name": "Clair Substation", "voltage": "69000;12000", "substation": "distribution", "operator": "Anaheim Public Utilities"}}, {"type": "Feature", "geometry": {"type": "Point", "coordinates": [-117.9683395, 33.8374704]}, "properties": {"osm_id": 646210781, "osm_type": "way", "name": "Hannum Substation", "voltage": "69000;12000", "substation": "distribution", "operator": "Anaheim Public Utilities"}}, {"type": "Feature", "geometry": {"type": "Point", "coordinates": [-117.911435, 33.8310548]}, "properties": {"osm_id": 646210782, "osm_type": "way", "name": "Anaheim Substation", "voltage": "69000;12000", "substation": "distribution", "operator": "Anaheim Public Utilities"}}, {"type": "Feature", "geometry": {"type": "Point", "coordinates": [-117.8569314, 33.8534206]}, "properties": {"osm_id": 646210783, "osm_type": "way", "name": "Dowling Substation", "voltage": "69000;12000", "substation": "distribution", "operator": "Anaheim Public Utilities"}}, {"type": "Feature", "geometry": {"type": "Point", "coordinates": [-117.7683182, 33.8563931]}, "properties": {"osm_id": 646210784, "osm_type": "way", "name": "Fairmont Substation", "voltage": "69000;12000", "substation": "distribution", "operator": "Anaheim Public Utilities"}}, {"type": "Feature", "geometry": {"type": "Point", "coordinates": [-117.7466407, 33.8644368]}, "properties": {"osm_id": 646210785, "osm_type": "way", "name": "Park Substation", "voltage": "69000;12000", "substation": "distribution", "operator": "Anaheim Public Utilities"}}, {"type": "Feature", "geometry": {"type": "Point", "coordinates": [-119.0964405, 34.2046804]}, "properties": {"osm_id": 647620530, "osm_type": "way", "name": "Colonia Substation", "voltage": "66000;16340", "substation": "distribution", "operator": "Southern California Edison"}}, {"type": "Feature", "geometry": {"type": "Point", "coordinates": [-119.0085188, 34.2207053]}, "properties": {"osm_id": 647620531, "osm_type": "way", "name": "Camarillo Substation", "voltage": "66000;16340", "substation": "distribution", "operator": "Southern California Edison"}}, {"type": "Feature", "geometry": {"type": "Point", "coordinates": [-119.0108704, 34.264221]}, "properties": {"osm_id": 647620534, "osm_type": "way", "name": "Somis Substation", "voltage": "66000;16340", "substation": "distribution", "operator": "Southern California Edison"}}, {"type": "Feature", "geometry": {"type": "Point", "coordinates": [-119.0956569, 34.1460247]}, "properties": {"osm_id": 647620537, "osm_type": "way", "name": "Estero Substation", "voltage": "66000;16340", "substation": "distribution", "operator": "Southern California Edison"}}, {"type": "Feature", "geometry": {"type": "Point", "coordinates": [-119.1567982, 34.1738042]}, "properties": {"osm_id": 647620539, "osm_type": "way", "name": "Levy Substation", "voltage": "66000;16340", "substation": "distribution", "operator": "Southern California Edison"}}, {"type": "Feature", "geometry": {"type": "Point", "coordinates": [-119.2418562, 34.255997]}, "properties": {"osm_id": 647620541, "osm_type": "way", "name": "San Miguel Substation", "voltage": "66000;16340", "substation": "distribution", "operator": "Southern California Edison"}}, {"type": "Feature", "geometry": {"type": "Point", "coordinates": [-119.2421031, 34.4455733]}, "properties": {"osm_id": 647620543, "osm_type": "way", "name": "Ojai Substation", "voltage": "66000;16340", "substation": "distribution", "operator": "Southern California Edison"}}, {"type": "Feature", "geometry": {"type": "Point", "coordinates": [-119.1758689, 34.2261528]}, "properties": {"osm_id": 647620546, "osm_type": "way", "name": "Gonzales Substation", "voltage": "66000;16340", "substation": "distribution", "operator": "Southern California Edison"}}, {"type": "Feature", "geometry": {"type": "Point", "coordinates": [-118.4133333, 34.1038981]}, "properties": {"osm_id": 649385739, "osm_type": "way", "name": "Distributing Station 103 and Franklin Power Plant", "voltage": "34500;4800", "substation": "distribution", "operator": "Los Angeles Department of Water and Power"}}, {"type": "Feature", "geometry": {"type": "Point", "coordinates": [-118.5879118, 34.2563176]}, "properties": {"osm_id": 650910489, "osm_type": "way", "name": "Distributing Station No. 88", "voltage": "34500;4800", "substation": "distribution", "operator": "Los Angeles Department of Water and Power"}}, {"type": "Feature", "geometry": {"type": "Point", "coordinates": [-115.6479666, 32.6786102]}, "properties": {"osm_id": 651168031, "osm_type": "way", "name": null, "voltage": "230000", "substation": null, "operator": null}}, {"type": "Feature", "geometry": {"type": "Point", "coordinates": [-115.6712596, 32.6779283]}, "properties": {"osm_id": 651168033, "osm_type": "way", "name": null, "voltage": "230000", "substation": "transmission", "operator": null}}, {"type": "Feature", "geometry": {"type": "Point", "coordinates": [-118.5006624, 34.1603234]}, "properties": {"osm_id": 651565677, "osm_type": "way", "name": "LADWP Distributing Station No. 130", "voltage": "34500;4800", "substation": "distribution", "operator": "Los Angeles Department of Water and Power"}}, {"type": "Feature", "geometry": {"type": "Point", "coordinates": [-118.4807909, 34.1554922]}, "properties": {"osm_id": 651607143, "osm_type": "way", "name": "DISTRIBUTING STATION 83", "voltage": "34500;4800", "substation": "distribution", "operator": "Los Angeles Department of Water and Power"}}, {"type": "Feature", "geometry": {"type": "Point", "coordinates": [-118.3002889, 33.7878506]}, "properties": {"osm_id": 652570166, "osm_type": "way", "name": "DISTRIBUTING STATION 123", "voltage": "34500;4800", "substation": "distribution", "operator": "Los Angeles Department of Water and Power"}}, {"type": "Feature", "geometry": {"type": "Point", "coordinates": [-118.3936038, 33.948203]}, "properties": {"osm_id": 652587979, "osm_type": "way", "name": "DISTRIBUTING STATION 111", "voltage": "34500;4800", "substation": "distribution", "operator": "Los Angeles Department of Water and Power"}}, {"type": "Feature", "geometry": {"type": "Point", "coordinates": [-118.0235641, 35.256011]}, "properties": {"osm_id": 652919367, "osm_type": "way", "name": null, "voltage": "230000", "substation": null, "operator": null}}, {"type": "Feature", "geometry": {"type": "Point", "coordinates": [-118.5886539, 34.167311]}, "properties": {"osm_id": 652987427, "osm_type": "way", "name": "LADWP Distributing Station No. 792", "voltage": "34500;4800", "substation": "distribution", "operator": "Los Angeles Department of Water and Power"}}, {"type": "Feature", "geometry": {"type": "Point", "coordinates": [-118.6110657, 34.1867938]}, "properties": {"osm_id": 652987577, "osm_type": "way", "name": "Distributing Station 136", "voltage": "34500;4800", "substation": "distribution", "operator": "Los Angeles Department of Water and Power"}}, {"type": "Feature", "geometry": {"type": "Point", "coordinates": [-118.6229606, 34.1665332]}, "properties": {"osm_id": 652988454, "osm_type": "way", "name": "DISTRIBUTING STATION 129", "voltage": "34500;4800", "substation": "distribution", "operator": null}}, {"type": "Feature", "geometry": {"type": "Point", "coordinates": [-118.3753331, 34.1240406]}, "properties": {"osm_id": 652988948, "osm_type": "way", "name": "LADWP Distributing Station No. 115", "voltage": "34500;4800", "substation": "distribution", "operator": "Los Angeles Department of Water and Power"}}, {"type": "Feature", "geometry": {"type": "Point", "coordinates": [-118.643349, 34.1879727]}, "properties": {"osm_id": 652989655, "osm_type": "way", "name": "Distributing Station 77", "voltage": "34500;4800", "substation": "distribution", "operator": "Los Angeles Department of Water and Power"}}, {"type": "Feature", "geometry": {"type": "Point", "coordinates": [-118.4591518, 34.2018045]}, "properties": {"osm_id": 652990445, "osm_type": "way", "name": "DISTRIBUTING STATION 81", "voltage": "34500;4800", "substation": "distribution", "operator": "Los Angeles Department of Water and Power"}}, {"type": "Feature", "geometry": {"type": "Point", "coordinates": [-118.4394308, 34.1944645]}, "properties": {"osm_id": 652994774, "osm_type": "way", "name": "DISTRIBUTING STATION 140", "voltage": "34500;4800", "substation": "distribution", "operator": "Los Angeles Department of Water and Power"}}, {"type": "Feature", "geometry": {"type": "Point", "coordinates": [-118.4512208, 34.2349933]}, "properties": {"osm_id": 652995460, "osm_type": "way", "name": "Distributing Station 133", "voltage": "34500;4800", "substation": "distribution", "operator": "Los Angeles Department of Water and Power"}}, {"type": "Feature", "geometry": {"type": "Point", "coordinates": [-118.4399443, 34.1318467]}, "properties": {"osm_id": 652996554, "osm_type": "way", "name": "DISTRIBUTING STATION 124", "voltage": "34500;4800", "substation": "distribution", "operator": "Los Angeles Department of Water and Power"}}, {"type": "Feature", "geometry": {"type": "Point", "coordinates": [-118.3959259, 34.1706697]}, "properties": {"osm_id": 652998332, "osm_type": "way", "name": "DISTRIBUTING STATION 57", "voltage": "34500;4800", "substation": "distribution", "operator": "Los Angeles Department of Water and Power"}}, {"type": "Feature", "geometry": {"type": "Point", "coordinates": [-118.4280865, 34.0279308]}, "properties": {"osm_id": 653689709, "osm_type": "way", "name": null, "voltage": "34500;4800", "substation": "distribution", "operator": "Los Angeles Department of Water and Power"}}, {"type": "Feature", "geometry": {"type": "Point", "coordinates": [-118.5525282, 34.1601231]}, "properties": {"osm_id": 655138668, "osm_type": "way", "name": "LADWP Distributing Station No. 91", "voltage": "34500;4800", "substation": "distribution", "operator": "Los Angeles Department of Water and Power"}}, {"type": "Feature", "geometry": {"type": "Point", "coordinates": [-118.5528987, 34.1723551]}, "properties": {"osm_id": 655138771, "osm_type": "way", "name": "DISTRIBUTING STATION 65", "voltage": "34500;4800", "substation": "distribution", "operator": "Los Angeles Department of Water and Power"}}, {"type": "Feature", "geometry": {"type": "Point", "coordinates": [-118.4242614, 34.3121338]}, "properties": {"osm_id": 655138860, "osm_type": "way", "name": "DISTRIBUTING STATION 96", "voltage": "34500;4800", "substation": "distribution", "operator": "Los Angeles Department of Water and Power"}}, {"type": "Feature", "geometry": {"type": "Point", "coordinates": [-118.4505674, 34.3078152]}, "properties": {"osm_id": 655139036, "osm_type": "way", "name": "Distributing Station 107", "voltage": "34500;4800", "substation": "distribution", "operator": "Los Angeles Department of Water and Power"}}, {"type": "Feature", "geometry": {"type": "Point", "coordinates": [-118.1894541, 34.1139151]}, "properties": {"osm_id": 655287791, "osm_type": "way", "name": "Distributing Station 2", "voltage": "34500;4800", "substation": "distribution", "operator": "Los Angeles Department of Water and Power"}}, {"type": "Feature", "geometry": {"type": "Point", "coordinates": [-118.2793847, 33.7495422]}, "properties": {"osm_id": 655440407, "osm_type": "way", "name": "Distributing Station 3", "voltage": "34500;4800", "substation": "distribution", "operator": "Los Angeles Department of Water and Power"}}, {"type": "Feature", "geometry": {"type": "Point", "coordinates": [-118.2145252, 34.0867042]}, "properties": {"osm_id": 655450950, "osm_type": "way", "name": "Distributing Station 36", "voltage": "34500;4800", "substation": "distribution", "operator": "Los Angeles Department of Water and Power"}}, {"type": "Feature", "geometry": {"type": "Point", "coordinates": [-118.3762291, 33.9312451]}, "properties": {"osm_id": 655482902, "osm_type": "way", "name": "DISTRIBUTING STATION 47", "voltage": "34500;4800", "substation": "distribution", "operator": "Los Angeles Department of Water and Power"}}, {"type": "Feature", "geometry": {"type": "Point", "coordinates": [-118.1783651, 34.0830925]}, "properties": {"osm_id": 655483684, "osm_type": "way", "name": "DISTRIBUTING STATION 50", "voltage": "34500;4800", "substation": "distribution", "operator": "Los Angeles Department of Water and Power"}}, {"type": "Feature", "geometry": {"type": "Point", "coordinates": [-118.2658275, 33.7780939]}, "properties": {"osm_id": 655484265, "osm_type": "way", "name": "DISTRIBUTING STATION 51", "voltage": "34500;4800", "substation": "distribution", "operator": "Los Angeles Department of Water and Power"}}, {"type": "Feature", "geometry": {"type": "Point", "coordinates": [-118.3465832, 34.0693021]}, "properties": {"osm_id": 655486159, "osm_type": "way", "name": "Distributing Station 55", "voltage": "34500;4800", "substation": "distribution", "operator": "Los Angeles Department of Water and Power"}}, {"type": "Feature", "geometry": {"type": "Point", "coordinates": [-118.2999966, 34.063817]}, "properties": {"osm_id": 655487219, "osm_type": "way", "name": "Distributing Station 61", "voltage": "34500;4800", "substation": "distribution", "operator": "Los Angeles Department of Water and Power"}}, {"type": "Feature", "geometry": {"type": "Point", "coordinates": [-118.4228177, 34.2060356]}, "properties": {"osm_id": 655487442, "osm_type": "way", "name": "DISTRIBUTING STATION 62", "voltage": "34500;4800", "substation": "distribution", "operator": "Los Angeles Department of Water and Power"}}, {"type": "Feature", "geometry": {"type": "Point", "coordinates": [-118.528765, 34.2567431]}, "properties": {"osm_id": 655488279, "osm_type": "way", "name": "DISTRIBUTING STATION 68", "voltage": "34500;4800", "substation": "distribution", "operator": "Los Angeles Department of Water and Power"}}, {"type": "Feature", "geometry": {"type": "Point", "coordinates": [-118.459209, 34.26407]}, "properties": {"osm_id": 655488317, "osm_type": "way", "name": "LADWP Distributing Station No. 69", "voltage": "34500;4800", "substation": "distribution", "operator": "Los Angeles Department of Water and Power"}}, {"type": "Feature", "geometry": {"type": "Point", "coordinates": [-118.43967, 34.1579784]}, "properties": {"osm_id": 655488562, "osm_type": "way", "name": "DISTRIBUTING STATION 73", "voltage": "34500;4800", "substation": "distribution", "operator": "Los Angeles Department of Water and Power"}}, {"type": "Feature", "geometry": {"type": "Point", "coordinates": [-118.4337207, 33.9585397]}, "properties": {"osm_id": 655514990, "osm_type": "way", "name": "Distributing Station 137", "voltage": "34500;4800", "substation": "distribution", "operator": "Los Angeles Department of Water and Power"}}, {"type": "Feature", "geometry": {"type": "Point", "coordinates": [-118.5011257, 34.2362502]}, "properties": {"osm_id": 655516229, "osm_type": "way", "name": "LADWP Distributing Station No. 131", "voltage": "34500;4800", "substation": "distribution", "operator": "Los Angeles Department of Water and Power"}}, {"type": "Feature", "geometry": {"type": "Point", "coordinates": [-118.2738291, 34.0528058]}, "properties": {"osm_id": 655815683, "osm_type": "way", "name": null, "voltage": "34500;4800", "substation": "distribution", "operator": "Los Angeles Department of Water and Power"}}, {"type": "Feature", "geometry": {"type": "Point", "coordinates": [-118.309973, 34.0800096]}, "properties": {"osm_id": 655818854, "osm_type": "way", "name": "DISTRIBUTING STATION 87", "voltage": "34500;4800", "substation": "distribution", "operator": "Los Angeles Department of Water and Power"}}, {"type": "Feature", "geometry": {"type": "Point", "coordinates": [-118.2929906, 33.7276321]}, "properties": {"osm_id": 655818899, "osm_type": "way", "name": "DISTRIBUTING STATION 89", "voltage": "34500;4800", "substation": "distribution", "operator": "Los Angeles Department of Water and Power"}}, {"type": "Feature", "geometry": {"type": "Point", "coordinates": [-118.2262082, 34.1206811]}, "properties": {"osm_id": 655821595, "osm_type": "way", "name": "Distributing Station 93", "voltage": "34500;4800", "substation": "distribution", "operator": "Los Angeles Department of Water and Power"}}, {"type": "Feature", "geometry": {"type": "Point", "coordinates": [-118.268759, 33.7401095]}, "properties": {"osm_id": 655822102, "osm_type": "way", "name": "DISTRIBUTING STATION 121", "voltage": "34500;4800", "substation": "distribution", "operator": "Los Angeles Department of Water and Power"}}, {"type": "Feature", "geometry": {"type": "Point", "coordinates": [-118.388623, 34.1942035]}, "properties": {"osm_id": 655825776, "osm_type": "way", "name": "DISTRIBUTING STATION 100", "voltage": "34500;4800", "substation": "distribution", "operator": "Los Angeles Department of Water and Power"}}, {"type": "Feature", "geometry": {"type": "Point", "coordinates": [-118.4272821, 34.2628084]}, "properties": {"osm_id": 655826291, "osm_type": "way", "name": "LADWP Distributing Station No. 101", "voltage": "34500;4800", "substation": "distribution", "operator": "Los Angeles Department of Water and Power"}}, {"type": "Feature", "geometry": {"type": "Point", "coordinates": [-118.2914464, 33.8471682]}, "properties": {"osm_id": 655826994, "osm_type": "way", "name": "LADWP Distributing Station No. 105", "voltage": "34500;4800", "substation": "distribution", "operator": "Los Angeles Department of Water and Power"}}, {"type": "Feature", "geometry": {"type": "Point", "coordinates": [-118.3885787, 34.2227253]}, "properties": {"osm_id": 655830785, "osm_type": "way", "name": "DISTRIBUTING STATION 67", "voltage": "34500;4800", "substation": "distribution", "operator": "Los Angeles Department of Water and Power"}}, {"type": "Feature", "geometry": {"type": "Point", "coordinates": [-118.5985869, 34.2290209]}, "properties": {"osm_id": 655831419, "osm_type": "way", "name": "DISTRIBUTING STATION 74", "voltage": "34500;4800", "substation": "distribution", "operator": "Los Angeles Department of Water and Power"}}, {"type": "Feature", "geometry": {"type": "Point", "coordinates": [-117.7788764, 33.5518108]}, "properties": {"osm_id": 665178980, "osm_type": "way", "name": null, "voltage": null, "substation": null, "operator": null}}, {"type": "Feature", "geometry": {"type": "Point", "coordinates": [-115.9786016, 33.1253273]}, "properties": {"osm_id": 665751101, "osm_type": "way", "name": null, "voltage": "92000", "substation": null, "operator": null}}, {"type": "Feature", "geometry": {"type": "Point", "coordinates": [-117.1403433, 32.8197854]}, "properties": {"osm_id": 668461893, "osm_type": "way", "name": null, "voltage": null, "substation": null, "operator": null}}, {"type": "Feature", "geometry": {"type": "Point", "coordinates": [-114.492565, 35.0092264]}, "properties": {"osm_id": 672580341, "osm_type": "way", "name": null, "voltage": "230000", "substation": "transmission", "operator": null}}, {"type": "Feature", "geometry": {"type": "Point", "coordinates": [-118.0963798, 33.7635343]}, "properties": {"osm_id": 675049851, "osm_type": "way", "name": null, "voltage": "230000", "substation": "generation", "operator": null}}, {"type": "Feature", "geometry": {"type": "Point", "coordinates": [-118.0963657, 33.7674462]}, "properties": {"osm_id": 675049852, "osm_type": "way", "name": null, "voltage": "230000", "substation": "generation", "operator": null}}, {"type": "Feature", "geometry": {"type": "Point", "coordinates": [-118.0891345, 33.7571184]}, "properties": {"osm_id": 675053427, "osm_type": "way", "name": null, "voltage": "66000", "substation": null, "operator": null}}, {"type": "Feature", "geometry": {"type": "Point", "coordinates": [-118.1771248, 33.8461531]}, "properties": {"osm_id": 676714266, "osm_type": "way", "name": null, "voltage": null, "substation": null, "operator": null}}, {"type": "Feature", "geometry": {"type": "Point", "coordinates": [-118.1666446, 33.8530413]}, "properties": {"osm_id": 676714269, "osm_type": "way", "name": "Sunnyside Substation", "voltage": "66000", "substation": null, "operator": null}}, {"type": "Feature", "geometry": {"type": "Point", "coordinates": [-116.9230994, 32.5359033]}, "properties": {"osm_id": 677412086, "osm_type": "way", "name": null, "voltage": null, "substation": null, "operator": null}}, {"type": "Feature", "geometry": {"type": "Point", "coordinates": [-116.9268834, 32.5037969]}, "properties": {"osm_id": 677412088, "osm_type": "way", "name": null, "voltage": null, "substation": null, "operator": null}}, {"type": "Feature", "geometry": {"type": "Point", "coordinates": [-117.0956037, 32.5116877]}, "properties": {"osm_id": 677547258, "osm_type": "way", "name": null, "voltage": "115000", "substation": "transmission", "operator": null}}, {"type": "Feature", "geometry": {"type": "Point", "coordinates": [-118.1904555, 33.8112064]}, "properties": {"osm_id": 677561935, "osm_type": "way", "name": null, "voltage": null, "substation": null, "operator": null}}, {"type": "Feature", "geometry": {"type": "Point", "coordinates": [-116.7165224, 32.5032308]}, "properties": {"osm_id": 677812521, "osm_type": "way", "name": null, "voltage": "230000", "substation": "industrial", "operator": null}}, {"type": "Feature", "geometry": {"type": "Point", "coordinates": [-118.1864735, 34.0449502]}, "properties": {"osm_id": 678813325, "osm_type": "way", "name": null, "voltage": "66000", "substation": null, "operator": null}}, {"type": "Feature", "geometry": {"type": "Point", "coordinates": [-118.0431126, 33.9544205]}, "properties": {"osm_id": 681033327, "osm_type": "way", "name": null, "voltage": null, "substation": null, "operator": null}}, {"type": "Feature", "geometry": {"type": "Point", "coordinates": [-118.2385709, 33.9165275]}, "properties": {"osm_id": 682327468, "osm_type": "way", "name": null, "voltage": null, "substation": null, "operator": null}}, {"type": "Feature", "geometry": {"type": "Point", "coordinates": [-118.2443478, 33.8396262]}, "properties": {"osm_id": 682586346, "osm_type": "way", "name": null, "voltage": null, "substation": null, "operator": null}}, {"type": "Feature", "geometry": {"type": "Point", "coordinates": [-115.4485355, 33.1702646]}, "properties": {"osm_id": 682796147, "osm_type": "way", "name": null, "voltage": "220000", "substation": null, "operator": null}}, {"type": "Feature", "geometry": {"type": "Point", "coordinates": [-115.4679361, 33.1340559]}, "properties": {"osm_id": 682796150, "osm_type": "way", "name": null, "voltage": "161000", "substation": null, "operator": null}}, {"type": "Feature", "geometry": {"type": "Point", "coordinates": [-115.5189096, 32.9990367]}, "properties": {"osm_id": 682796152, "osm_type": "way", "name": null, "voltage": "92000", "substation": "distribution", "operator": null}}, {"type": "Feature", "geometry": {"type": "Point", "coordinates": [-118.4030024, 33.9023972]}, "properties": {"osm_id": 683824132, "osm_type": "way", "name": null, "voltage": "66000", "substation": null, "operator": null}}, {"type": "Feature", "geometry": {"type": "Point", "coordinates": [-117.3899532, 35.7056086]}, "properties": {"osm_id": 685754658, "osm_type": "way", "name": null, "voltage": null, "substation": null, "operator": null}}, {"type": "Feature", "geometry": {"type": "Point", "coordinates": [-118.0080122, 34.1184271]}, "properties": {"osm_id": 686238034, "osm_type": "way", "name": null, "voltage": null, "substation": null, "operator": null}}, {"type": "Feature", "geometry": {"type": "Point", "coordinates": [-118.1495772, 34.125128]}, "properties": {"osm_id": 686377343, "osm_type": "way", "name": null, "voltage": "66000", "substation": null, "operator": null}}, {"type": "Feature", "geometry": {"type": "Point", "coordinates": [-119.5925213, 35.296053]}, "properties": {"osm_id": 686463956, "osm_type": "way", "name": null, "voltage": "230000", "substation": null, "operator": null}}, {"type": "Feature", "geometry": {"type": "Point", "coordinates": [-119.4644234, 35.2786214]}, "properties": {"osm_id": 686463958, "osm_type": "way", "name": null, "voltage": null, "substation": null, "operator": null}}, {"type": "Feature", "geometry": {"type": "Point", "coordinates": [-119.4732016, 35.2841993]}, "properties": {"osm_id": 686463959, "osm_type": "way", "name": null, "voltage": "230000", "substation": null, "operator": null}}, {"type": "Feature", "geometry": {"type": "Point", "coordinates": [-119.4097767, 35.3929617]}, "properties": {"osm_id": 687350509, "osm_type": "way", "name": null, "voltage": null, "substation": null, "operator": null}}, {"type": "Feature", "geometry": {"type": "Point", "coordinates": [-114.7360511, 32.6005269]}, "properties": {"osm_id": 689360657, "osm_type": "way", "name": "Laguna Substation", "voltage": "69000", "substation": "distribution", "operator": null}}, {"type": "Feature", "geometry": {"type": "Point", "coordinates": [-118.2513693, 34.1343066]}, "properties": {"osm_id": 689816015, "osm_type": "way", "name": null, "voltage": null, "substation": null, "operator": null}}, {"type": "Feature", "geometry": {"type": "Point", "coordinates": [-119.4387145, 35.235122]}, "properties": {"osm_id": 690695632, "osm_type": "way", "name": null, "voltage": null, "substation": null, "operator": null}}, {"type": "Feature", "geometry": {"type": "Point", "coordinates": [-118.0722258, 35.2114804]}, "properties": {"osm_id": 691494481, "osm_type": "way", "name": null, "voltage": "230000", "substation": "generation", "operator": null}}, {"type": "Feature", "geometry": {"type": "Point", "coordinates": [-117.9679195, 35.2565969]}, "properties": {"osm_id": 691497710, "osm_type": "way", "name": null, "voltage": "230000", "substation": null, "operator": null}}, {"type": "Feature", "geometry": {"type": "Point", "coordinates": [-118.0545653, 35.2371362]}, "properties": {"osm_id": 691497714, "osm_type": "way", "name": "Barren Ridge Switching Station", "voltage": "230000", "substation": "transmission", "operator": "Los Angeles Department of Water and Power"}}, {"type": "Feature", "geometry": {"type": "Point", "coordinates": [-118.7963227, 34.3878704]}, "properties": {"osm_id": 691643525, "osm_type": "way", "name": null, "voltage": null, "substation": null, "operator": null}}, {"type": "Feature", "geometry": {"type": "Point", "coordinates": [-118.3737129, 34.0004717]}, "properties": {"osm_id": 691693677, "osm_type": "way", "name": null, "voltage": "66000", "substation": null, "operator": null}}, {"type": "Feature", "geometry": {"type": "Point", "coordinates": [-120.1993047, 34.4760497]}, "properties": {"osm_id": 691769588, "osm_type": "way", "name": null, "voltage": null, "substation": null, "operator": null}}, {"type": "Feature", "geometry": {"type": "Point", "coordinates": [-117.3299507, 35.0130814]}, "properties": {"osm_id": 691840213, "osm_type": "way", "name": null, "voltage": "230000", "substation": null, "operator": null}}, {"type": "Feature", "geometry": {"type": "Point", "coordinates": [-117.3536395, 34.060589]}, "properties": {"osm_id": 692141842, "osm_type": "way", "name": null, "voltage": "66000", "substation": null, "operator": null}}, {"type": "Feature", "geometry": {"type": "Point", "coordinates": [-118.1620343, 34.0477809]}, "properties": {"osm_id": 692658265, "osm_type": "way", "name": null, "voltage": "66000", "substation": null, "operator": null}}, {"type": "Feature", "geometry": {"type": "Point", "coordinates": [-115.6623426, 32.6637073]}, "properties": {"osm_id": 693842295, "osm_type": "way", "name": null, "voltage": "230000", "substation": null, "operator": null}}, {"type": "Feature", "geometry": {"type": "Point", "coordinates": [-115.4237454, 32.5961234]}, "properties": {"osm_id": 693842297, "osm_type": "way", "name": null, "voltage": "230000", "substation": "industrial", "operator": null}}, {"type": "Feature", "geometry": {"type": "Point", "coordinates": [-115.4098077, 32.5897774]}, "properties": {"osm_id": 693843191, "osm_type": "way", "name": null, "voltage": null, "substation": null, "operator": null}}, {"type": "Feature", "geometry": {"type": "Point", "coordinates": [-115.4125477, 32.5904934]}, "properties": {"osm_id": 693843194, "osm_type": "way", "name": null, "voltage": "230000", "substation": "industrial", "operator": null}}, {"type": "Feature", "geometry": {"type": "Point", "coordinates": [-117.971871, 33.8776041]}, "properties": {"osm_id": 693993426, "osm_type": "way", "name": null, "voltage": "66000", "substation": null, "operator": null}}, {"type": "Feature", "geometry": {"type": "Point", "coordinates": [-118.2278946, 33.7751458]}, "properties": {"osm_id": 696976509, "osm_type": "way", "name": null, "voltage": null, "substation": null, "operator": null}}, {"type": "Feature", "geometry": {"type": "Point", "coordinates": [-118.2292628, 33.7889539]}, "properties": {"osm_id": 696976511, "osm_type": "way", "name": null, "voltage": null, "substation": null, "operator": null}}, {"type": "Feature", "geometry": {"type": "Point", "coordinates": [-118.2006464, 33.7881619]}, "properties": {"osm_id": 697678938, "osm_type": "way", "name": null, "voltage": null, "substation": null, "operator": null}}, {"type": "Feature", "geometry": {"type": "Point", "coordinates": [-118.1848714, 35.0171832]}, "properties": {"osm_id": 699502104, "osm_type": "way", "name": null, "voltage": null, "substation": null, "operator": null}}, {"type": "Feature", "geometry": {"type": "Point", "coordinates": [-118.2022889, 35.0936574]}, "properties": {"osm_id": 699505294, "osm_type": "way", "name": null, "voltage": "220000", "substation": null, "operator": null}}, {"type": "Feature", "geometry": {"type": "Point", "coordinates": [-118.282212, 35.0229476]}, "properties": {"osm_id": 699505646, "osm_type": "way", "name": null, "voltage": null, "substation": null, "operator": null}}, {"type": "Feature", "geometry": {"type": "Point", "coordinates": [-118.4115376, 33.9092504]}, "properties": {"osm_id": 705873448, "osm_type": "way", "name": null, "voltage": "66000", "substation": null, "operator": null}}, {"type": "Feature", "geometry": {"type": "Point", "coordinates": [-117.0363648, 32.5364291]}, "properties": {"osm_id": 707049804, "osm_type": "way", "name": null, "voltage": null, "substation": "minor_distribution", "operator": null}}, {"type": "Feature", "geometry": {"type": "Point", "coordinates": [-117.5393665, 33.8554218]}, "properties": {"osm_id": 707960044, "osm_type": "way", "name": null, "voltage": "66000", "substation": null, "operator": null}}, {"type": "Feature", "geometry": {"type": "Point", "coordinates": [-118.2615391, 34.1338463]}, "properties": {"osm_id": 710577547, "osm_type": "way", "name": null, "voltage": null, "substation": null, "operator": null}}, {"type": "Feature", "geometry": {"type": "Point", "coordinates": [-117.7754386, 34.0574845]}, "properties": {"osm_id": 717018856, "osm_type": "way", "name": null, "voltage": "66000", "substation": null, "operator": null}}, {"type": "Feature", "geometry": {"type": "Point", "coordinates": [-118.2066015, 34.004162]}, "properties": {"osm_id": 718232056, "osm_type": "way", "name": null, "voltage": "66000", "substation": null, "operator": null}}, {"type": "Feature", "geometry": {"type": "Point", "coordinates": [-118.2204971, 33.9985074]}, "properties": {"osm_id": 718232058, "osm_type": "way", "name": null, "voltage": "66000", "substation": null, "operator": null}}, {"type": "Feature", "geometry": {"type": "Point", "coordinates": [-119.4546426, 35.8123903]}, "properties": {"osm_id": 719907432, "osm_type": "way", "name": null, "voltage": "115000", "substation": "generation", "operator": null}}, {"type": "Feature", "geometry": {"type": "Point", "coordinates": [-120.5172193, 34.748555]}, "properties": {"osm_id": 721682019, "osm_type": "way", "name": null, "voltage": null, "substation": null, "operator": null}}, {"type": "Feature", "geometry": {"type": "Point", "coordinates": [-118.2497412, 34.1580115]}, "properties": {"osm_id": 722834678, "osm_type": "way", "name": null, "voltage": null, "substation": null, "operator": null}}, {"type": "Feature", "geometry": {"type": "Point", "coordinates": [-118.267115, 34.1580226]}, "properties": {"osm_id": 722835502, "osm_type": "way", "name": "Fremont Substation", "voltage": null, "substation": null, "operator": "Southern California Edison"}}, {"type": "Feature", "geometry": {"type": "Point", "coordinates": [-116.7628519, 32.5443402]}, "properties": {"osm_id": 728870045, "osm_type": "way", "name": null, "voltage": null, "substation": null, "operator": null}}, {"type": "Feature", "geometry": {"type": "Point", "coordinates": [-120.44646, 34.9106222]}, "properties": {"osm_id": 729734042, "osm_type": "way", "name": null, "voltage": null, "substation": "yes", "operator": "Pacific Gas and Electric Company"}}, {"type": "Feature", "geometry": {"type": "Point", "coordinates": [-118.2474005, 34.1477755]}, "properties": {"osm_id": 729762849, "osm_type": "way", "name": null, "voltage": null, "substation": null, "operator": null}}, {"type": "Feature", "geometry": {"type": "Point", "coordinates": [-116.9499016, 32.5217707]}, "properties": {"osm_id": 731736771, "osm_type": "way", "name": null, "voltage": null, "substation": "transmission", "operator": "CFE"}}, {"type": "Feature", "geometry": {"type": "Point", "coordinates": [-114.9835114, 35.8307287]}, "properties": {"osm_id": 733033482, "osm_type": "way", "name": null, "voltage": "230000", "substation": null, "operator": null}}, {"type": "Feature", "geometry": {"type": "Point", "coordinates": [-117.2555556, 32.9805965]}, "properties": {"osm_id": 733171758, "osm_type": "way", "name": "Del Mar Substation", "voltage": "69000", "substation": "distribution", "operator": "San Diego Gas & Electric"}}, {"type": "Feature", "geometry": {"type": "Point", "coordinates": [-117.8714468, 33.8196526]}, "properties": {"osm_id": 733442221, "osm_type": "way", "name": null, "voltage": "66000", "substation": "minor_distribution", "operator": "Southern California Edison"}}, {"type": "Feature", "geometry": {"type": "Point", "coordinates": [-117.0858841, 33.2533269]}, "properties": {"osm_id": 733742943, "osm_type": "way", "name": "Lilac Substation", "voltage": "69000", "substation": null, "operator": "San Diego Gas & Electric"}}, {"type": "Feature", "geometry": {"type": "Point", "coordinates": [-118.9195159, 34.1928918]}, "properties": {"osm_id": 734084456, "osm_type": "way", "name": "Pharmacy Substation", "voltage": "66000", "substation": "industrial", "operator": "Amgen"}}, {"type": "Feature", "geometry": {"type": "Point", "coordinates": [-117.7742754, 33.9699978]}, "properties": {"osm_id": 734085311, "osm_type": "way", "name": "Mesa-Mira Loma western transition station", "voltage": "500000", "substation": "transition", "operator": "Southern California Edison"}}, {"type": "Feature", "geometry": {"type": "Point", "coordinates": [-117.7143574, 33.9867187]}, "properties": {"osm_id": 734085313, "osm_type": "way", "name": "Mesa-Mira Loma eastern transition station", "voltage": "500000", "substation": "transition", "operator": "Southern California Edison"}}, {"type": "Feature", "geometry": {"type": "Point", "coordinates": [-118.3856305, 33.9213278]}, "properties": {"osm_id": 734110282, "osm_type": "way", "name": null, "voltage": "66000", "substation": null, "operator": null}}, {"type": "Feature", "geometry": {"type": "Point", "coordinates": [-118.7202952, 34.810173]}, "properties": {"osm_id": 734117831, "osm_type": "way", "name": null, "voltage": null, "substation": null, "operator": null}}, {"type": "Feature", "geometry": {"type": "Point", "coordinates": [-118.3955282, 34.8470938]}, "properties": {"osm_id": 734117835, "osm_type": "way", "name": null, "voltage": "220000", "substation": null, "operator": null}}, {"type": "Feature", "geometry": {"type": "Point", "coordinates": [-117.0698749, 33.6809814]}, "properties": {"osm_id": 734697835, "osm_type": "way", "name": null, "voltage": "115000", "substation": null, "operator": null}}, {"type": "Feature", "geometry": {"type": "Point", "coordinates": [-120.4577668, 34.9447703]}, "properties": {"osm_id": 735384277, "osm_type": "way", "name": null, "voltage": null, "substation": null, "operator": null}}, {"type": "Feature", "geometry": {"type": "Point", "coordinates": [-118.5582969, 34.3072204]}, "properties": {"osm_id": 737430780, "osm_type": "way", "name": null, "voltage": null, "substation": null, "operator": null}}, {"type": "Feature", "geometry": {"type": "Point", "coordinates": [-117.704077, 35.0143153]}, "properties": {"osm_id": 757393063, "osm_type": "way", "name": null, "voltage": "115000", "substation": null, "operator": null}}, {"type": "Feature", "geometry": {"type": "Point", "coordinates": [-119.4556444, 35.7170455]}, "properties": {"osm_id": 761043369, "osm_type": "way", "name": null, "voltage": "115000", "substation": null, "operator": null}}, {"type": "Feature", "geometry": {"type": "Point", "coordinates": [-119.4553576, 35.7179061]}, "properties": {"osm_id": 761043370, "osm_type": "way", "name": null, "voltage": "115000", "substation": null, "operator": null}}, {"type": "Feature", "geometry": {"type": "Point", "coordinates": [-119.437539, 35.6008203]}, "properties": {"osm_id": 761043373, "osm_type": "way", "name": "Semitropic Substation", "voltage": "115000", "substation": null, "operator": null}}, {"type": "Feature", "geometry": {"type": "Point", "coordinates": [-119.4488587, 35.5010988]}, "properties": {"osm_id": 761043376, "osm_type": "way", "name": null, "voltage": "115000", "substation": null, "operator": null}}, {"type": "Feature", "geometry": {"type": "Point", "coordinates": [-119.3050589, 35.778774]}, "properties": {"osm_id": 761043377, "osm_type": "way", "name": null, "voltage": null, "substation": null, "operator": null}}, {"type": "Feature", "geometry": {"type": "Point", "coordinates": [-119.563069, 35.6160464]}, "properties": {"osm_id": 761043889, "osm_type": "way", "name": null, "voltage": null, "substation": null, "operator": null}}, {"type": "Feature", "geometry": {"type": "Point", "coordinates": [-119.5717858, 35.6233338]}, "properties": {"osm_id": 761054061, "osm_type": "way", "name": null, "voltage": null, "substation": null, "operator": null}}, {"type": "Feature", "geometry": {"type": "Point", "coordinates": [-117.4131719, 34.5761985]}, "properties": {"osm_id": 762370931, "osm_type": "way", "name": null, "voltage": null, "substation": null, "operator": null}}, {"type": "Feature", "geometry": {"type": "Point", "coordinates": [-117.2163279, 34.2834116]}, "properties": {"osm_id": 766590837, "osm_type": "way", "name": null, "voltage": "115000", "substation": null, "operator": null}}, {"type": "Feature", "geometry": {"type": "Point", "coordinates": [-117.6912499, 34.3785107]}, "properties": {"osm_id": 766595015, "osm_type": "way", "name": null, "voltage": null, "substation": null, "operator": null}}, {"type": "Feature", "geometry": {"type": "Point", "coordinates": [-117.546124, 34.0973975]}, "properties": {"osm_id": 767639517, "osm_type": "way", "name": null, "voltage": "66000", "substation": null, "operator": null}}, {"type": "Feature", "geometry": {"type": "Point", "coordinates": [-118.489611, 34.299822]}, "properties": {"osm_id": 767650531, "osm_type": "way", "name": null, "voltage": null, "substation": null, "operator": null}}, {"type": "Feature", "geometry": {"type": "Point", "coordinates": [-117.0990957, 34.1072413]}, "properties": {"osm_id": 767714898, "osm_type": "way", "name": null, "voltage": null, "substation": null, "operator": null}}, {"type": "Feature", "geometry": {"type": "Point", "coordinates": [-118.5152155, 34.4386277]}, "properties": {"osm_id": 770782288, "osm_type": "way", "name": "Haskell Substation", "voltage": "66000", "substation": "substation", "operator": "Southern California Edison"}}, {"type": "Feature", "geometry": {"type": "Point", "coordinates": [-117.1731632, 32.9049184]}, "properties": {"osm_id": 771716879, "osm_type": "way", "name": "Mesa Rim Substation", "voltage": "69000", "substation": "distribution", "operator": "San Diego Gas & Electric"}}, {"type": "Feature", "geometry": {"type": "Point", "coordinates": [-117.2919134, 34.0747564]}, "properties": {"osm_id": 773685595, "osm_type": "way", "name": null, "voltage": "115000", "substation": null, "operator": null}}, {"type": "Feature", "geometry": {"type": "Point", "coordinates": [-117.3730077, 33.8369048]}, "properties": {"osm_id": 776326084, "osm_type": "way", "name": null, "voltage": "33000", "substation": null, "operator": null}}, {"type": "Feature", "geometry": {"type": "Point", "coordinates": [-117.218128, 33.8721453]}, "properties": {"osm_id": 776326094, "osm_type": "way", "name": null, "voltage": "115000", "substation": null, "operator": null}}, {"type": "Feature", "geometry": {"type": "Point", "coordinates": [-119.6037525, 34.4204594]}, "properties": {"osm_id": 784390369, "osm_type": "way", "name": null, "voltage": null, "substation": null, "operator": null}}, {"type": "Feature", "geometry": {"type": "Point", "coordinates": [-119.6048849, 34.4202244]}, "properties": {"osm_id": 784390370, "osm_type": "way", "name": null, "voltage": null, "substation": null, "operator": null}}, {"type": "Feature", "geometry": {"type": "Point", "coordinates": [-118.3587663, 34.1055821]}, "properties": {"osm_id": 785309456, "osm_type": "way", "name": "Nichols Canyon", "voltage": "230000", "substation": "transition", "operator": "Los Angeles Department of Water and Power"}}, {"type": "Feature", "geometry": {"type": "Point", "coordinates": [-117.9689394, 34.6163051]}, "properties": {"osm_id": 797577180, "osm_type": "way", "name": null, "voltage": null, "substation": null, "operator": null}}, {"type": "Feature", "geometry": {"type": "Point", "coordinates": [-117.9423015, 34.616115]}, "properties": {"osm_id": 797577181, "osm_type": "way", "name": null, "voltage": null, "substation": null, "operator": null}}, {"type": "Feature", "geometry": {"type": "Point", "coordinates": [-117.1697748, 32.8896949]}, "properties": {"osm_id": 804858893, "osm_type": "way", "name": null, "voltage": null, "substation": null, "operator": null}}, {"type": "Feature", "geometry": {"type": "Point", "coordinates": [-118.9397705, 35.398424]}, "properties": {"osm_id": 813036949, "osm_type": "way", "name": null, "voltage": null, "substation": null, "operator": null}}, {"type": "Feature", "geometry": {"type": "Point", "coordinates": [-118.2170896, 33.8638238]}, "properties": {"osm_id": 816993058, "osm_type": "way", "name": null, "voltage": "66000", "substation": null, "operator": null}}, {"type": "Feature", "geometry": {"type": "Point", "coordinates": [-117.117335, 33.1209876]}, "properties": {"osm_id": 817016281, "osm_type": "way", "name": null, "voltage": null, "substation": null, "operator": null}}, {"type": "Feature", "geometry": {"type": "Point", "coordinates": [-118.1775947, 33.9890258]}, "properties": {"osm_id": 817018401, "osm_type": "way", "name": null, "voltage": "66000", "substation": "transition", "operator": null}}, {"type": "Feature", "geometry": {"type": "Point", "coordinates": [-118.1772555, 33.9886978]}, "properties": {"osm_id": 817018402, "osm_type": "way", "name": null, "voltage": null, "substation": null, "operator": null}}, {"type": "Feature", "geometry": {"type": "Point", "coordinates": [-118.1674485, 33.9820051]}, "properties": {"osm_id": 817018404, "osm_type": "way", "name": null, "voltage": "66000", "substation": null, "operator": null}}, {"type": "Feature", "geometry": {"type": "Point", "coordinates": [-118.2440361, 33.8074938]}, "properties": {"osm_id": 817256051, "osm_type": "way", "name": null, "voltage": "66000", "substation": null, "operator": null}}, {"type": "Feature", "geometry": {"type": "Point", "coordinates": [-117.2584272, 34.1209293]}, "properties": {"osm_id": 819500175, "osm_type": "way", "name": null, "voltage": "12000", "substation": null, "operator": null}}, {"type": "Feature", "geometry": {"type": "Point", "coordinates": [-117.3264252, 34.0865816]}, "properties": {"osm_id": 819500183, "osm_type": "way", "name": null, "voltage": "66000", "substation": null, "operator": null}}, {"type": "Feature", "geometry": {"type": "Point", "coordinates": [-117.3329273, 34.0221379]}, "properties": {"osm_id": 819500187, "osm_type": "way", "name": null, "voltage": "115000", "substation": null, "operator": null}}, {"type": "Feature", "geometry": {"type": "Point", "coordinates": [-117.4001511, 34.0492321]}, "properties": {"osm_id": 819500191, "osm_type": "way", "name": null, "voltage": "66000", "substation": null, "operator": null}}, {"type": "Feature", "geometry": {"type": "Point", "coordinates": [-118.0656008, 33.9585122]}, "properties": {"osm_id": 819544699, "osm_type": "way", "name": null, "voltage": null, "substation": null, "operator": null}}, {"type": "Feature", "geometry": {"type": "Point", "coordinates": [-118.3282283, 34.848015]}, "properties": {"osm_id": 824750192, "osm_type": "way", "name": null, "voltage": "220000", "substation": null, "operator": null}}, {"type": "Feature", "geometry": {"type": "Point", "coordinates": [-117.7074765, 34.0993458]}, "properties": {"osm_id": 829906802, "osm_type": "way", "name": null, "voltage": "66000", "substation": null, "operator": "So Cal Edison"}}, {"type": "Feature", "geometry": {"type": "Point", "coordinates": [-118.0609034, 33.9387682]}, "properties": {"osm_id": 837612933, "osm_type": "way", "name": null, "voltage": null, "substation": null, "operator": null}}, {"type": "Feature", "geometry": {"type": "Point", "coordinates": [-118.1986948, 33.7902189]}, "properties": {"osm_id": 843310749, "osm_type": "way", "name": null, "voltage": null, "substation": null, "operator": null}}, {"type": "Feature", "geometry": {"type": "Point", "coordinates": [-118.2040987, 33.7470941]}, "properties": {"osm_id": 843310753, "osm_type": "way", "name": null, "voltage": null, "substation": null, "operator": null}}, {"type": "Feature", "geometry": {"type": "Point", "coordinates": [-118.2411872, 33.7593805]}, "properties": {"osm_id": 843310759, "osm_type": "way", "name": null, "voltage": null, "substation": null, "operator": null}}, {"type": "Feature", "geometry": {"type": "Point", "coordinates": [-118.2112545, 33.7681734]}, "properties": {"osm_id": 843310766, "osm_type": "way", "name": null, "voltage": null, "substation": null, "operator": null}}, {"type": "Feature", "geometry": {"type": "Point", "coordinates": [-117.5824449, 33.3874614]}, "properties": {"osm_id": 844837079, "osm_type": "way", "name": "Basilone Substation", "voltage": null, "substation": null, "operator": null}}, {"type": "Feature", "geometry": {"type": "Point", "coordinates": [-115.4024701, 33.8072786]}, "properties": {"osm_id": 845128897, "osm_type": "way", "name": null, "voltage": "220000", "substation": "generation", "operator": null}}, {"type": "Feature", "geometry": {"type": "Point", "coordinates": [-118.3111282, 33.8475105]}, "properties": {"osm_id": 846156259, "osm_type": "way", "name": null, "voltage": "66000", "substation": null, "operator": null}}, {"type": "Feature", "geometry": {"type": "Point", "coordinates": [-118.3300604, 33.8481685]}, "properties": {"osm_id": 846156261, "osm_type": "way", "name": null, "voltage": null, "substation": null, "operator": null}}, {"type": "Feature", "geometry": {"type": "Point", "coordinates": [-117.9573969, 33.8828726]}, "properties": {"osm_id": 846190663, "osm_type": "way", "name": null, "voltage": "66000", "substation": null, "operator": "Southern California Edison"}}, {"type": "Feature", "geometry": {"type": "Point", "coordinates": [-115.5637993, 32.856155]}, "properties": {"osm_id": 846270151, "osm_type": "way", "name": null, "voltage": "92000", "substation": null, "operator": null}}, {"type": "Feature", "geometry": {"type": "Point", "coordinates": [-116.639762, 33.5581516]}, "properties": {"osm_id": 849561013, "osm_type": "way", "name": "Tony Lappos Substation", "voltage": null, "substation": null, "operator": "Anza Electric Cooperative"}}, {"type": "Feature", "geometry": {"type": "Point", "coordinates": [-117.2032368, 33.089585]}, "properties": {"osm_id": 849739528, "osm_type": "way", "name": null, "voltage": null, "substation": null, "operator": null}}, {"type": "Feature", "geometry": {"type": "Point", "coordinates": [-118.3355002, 33.9205835]}, "properties": {"osm_id": 849783215, "osm_type": "way", "name": null, "voltage": null, "substation": null, "operator": null}}, {"type": "Feature", "geometry": {"type": "Point", "coordinates": [-117.3350823, 34.6061063]}, "properties": {"osm_id": 849942151, "osm_type": "way", "name": null, "voltage": null, "substation": null, "operator": null}}, {"type": "Feature", "geometry": {"type": "Point", "coordinates": [-117.7197221, 34.5792735]}, "properties": {"osm_id": 851411394, "osm_type": "way", "name": null, "voltage": null, "substation": null, "operator": null}}, {"type": "Feature", "geometry": {"type": "Point", "coordinates": [-116.876041, 33.9212445]}, "properties": {"osm_id": 859725888, "osm_type": "way", "name": null, "voltage": null, "substation": null, "operator": null}}, {"type": "Feature", "geometry": {"type": "Point", "coordinates": [-116.9876261, 33.9256409]}, "properties": {"osm_id": 859725891, "osm_type": "way", "name": "Edison Dylan Substation", "voltage": "115000", "substation": "transmission", "operator": "Southern California Edison"}}, {"type": "Feature", "geometry": {"type": "Point", "coordinates": [-118.5941526, 34.4636768]}, "properties": {"osm_id": 859766590, "osm_type": "way", "name": null, "voltage": "66000", "substation": null, "operator": null}}, {"type": "Feature", "geometry": {"type": "Point", "coordinates": [-118.3784647, 34.8639558]}, "properties": {"osm_id": 863345398, "osm_type": "way", "name": null, "voltage": "220000", "substation": null, "operator": null}}, {"type": "Feature", "geometry": {"type": "Point", "coordinates": [-118.3895007, 34.916315]}, "properties": {"osm_id": 863345410, "osm_type": "way", "name": null, "voltage": "220000", "substation": null, "operator": null}}, {"type": "Feature", "geometry": {"type": "Point", "coordinates": [-116.3690148, 34.2073713]}, "properties": {"osm_id": 863391527, "osm_type": "way", "name": "Nugget Substation", "voltage": null, "substation": "yes", "operator": "Southern California Edison"}}, {"type": "Feature", "geometry": {"type": "Point", "coordinates": [-116.5808913, 33.9329159]}, "properties": {"osm_id": 867546880, "osm_type": "way", "name": null, "voltage": null, "substation": null, "operator": null}}, {"type": "Feature", "geometry": {"type": "Point", "coordinates": [-118.6051239, 34.0895773]}, "properties": {"osm_id": 867902809, "osm_type": "way", "name": null, "voltage": null, "substation": null, "operator": "SoCal Edison"}}, {"type": "Feature", "geometry": {"type": "Point", "coordinates": [-114.9827212, 33.6593621]}, "properties": {"osm_id": 868988507, "osm_type": "way", "name": null, "voltage": "220000", "substation": "transmission", "operator": null}}, {"type": "Feature", "geometry": {"type": "Point", "coordinates": [-115.0082477, 33.6689006]}, "properties": {"osm_id": 868998925, "osm_type": "way", "name": null, "voltage": "220000", "substation": "generation", "operator": null}}, {"type": "Feature", "geometry": {"type": "Point", "coordinates": [-114.7578469, 33.6917719]}, "properties": {"osm_id": 869738681, "osm_type": "way", "name": null, "voltage": "220000", "substation": "generation", "operator": null}}, {"type": "Feature", "geometry": {"type": "Point", "coordinates": [-117.6240969, 34.3584344]}, "properties": {"osm_id": 876408580, "osm_type": "way", "name": null, "voltage": null, "substation": null, "operator": null}}, {"type": "Feature", "geometry": {"type": "Point", "coordinates": [-118.288816, 34.7161545]}, "properties": {"osm_id": 877363973, "osm_type": "way", "name": null, "voltage": "66000", "substation": null, "operator": null}}, {"type": "Feature", "geometry": {"type": "Point", "coordinates": [-114.33935, 34.5107577]}, "properties": {"osm_id": 877379931, "osm_type": "way", "name": null, "voltage": "69000", "substation": null, "operator": null}}, {"type": "Feature", "geometry": {"type": "Point", "coordinates": [-116.1272793, 32.6241602]}, "properties": {"osm_id": 878412002, "osm_type": "way", "name": null, "voltage": "138000;34500", "substation": null, "operator": null}}, {"type": "Feature", "geometry": {"type": "Point", "coordinates": [-116.6930826, 32.5214839]}, "properties": {"osm_id": 878412012, "osm_type": "way", "name": null, "voltage": null, "substation": null, "operator": null}}, {"type": "Feature", "geometry": {"type": "Point", "coordinates": [-116.5438364, 32.5568958]}, "properties": {"osm_id": 878445490, "osm_type": "way", "name": null, "voltage": "230000", "substation": "distribution", "operator": null}}, {"type": "Feature", "geometry": {"type": "Point", "coordinates": [-118.9269118, 35.4188956]}, "properties": {"osm_id": 878754672, "osm_type": "way", "name": null, "voltage": null, "substation": null, "operator": null}}, {"type": "Feature", "geometry": {"type": "Point", "coordinates": [-116.6337219, 32.8652218]}, "properties": {"osm_id": 878947242, "osm_type": "way", "name": null, "voltage": "69000", "substation": null, "operator": null}}, {"type": "Feature", "geometry": {"type": "Point", "coordinates": [-119.3312946, 35.1093675]}, "properties": {"osm_id": 879310917, "osm_type": "way", "name": null, "voltage": null, "substation": null, "operator": null}}, {"type": "Feature", "geometry": {"type": "Point", "coordinates": [-118.9249195, 35.3581055]}, "properties": {"osm_id": 879315985, "osm_type": "way", "name": null, "voltage": null, "substation": null, "operator": null}}, {"type": "Feature", "geometry": {"type": "Point", "coordinates": [-118.8609173, 35.2473269]}, "properties": {"osm_id": 879315989, "osm_type": "way", "name": null, "voltage": null, "substation": null, "operator": null}}, {"type": "Feature", "geometry": {"type": "Point", "coordinates": [-116.9097474, 32.5488949]}, "properties": {"osm_id": 879412756, "osm_type": "way", "name": null, "voltage": null, "substation": null, "operator": null}}, {"type": "Feature", "geometry": {"type": "Point", "coordinates": [-116.9146823, 32.5379943]}, "properties": {"osm_id": 879412759, "osm_type": "way", "name": null, "voltage": null, "substation": null, "operator": null}}, {"type": "Feature", "geometry": {"type": "Point", "coordinates": [-116.9633579, 32.5254756]}, "properties": {"osm_id": 879445164, "osm_type": "way", "name": null, "voltage": null, "substation": null, "operator": null}}, {"type": "Feature", "geometry": {"type": "Point", "coordinates": [-116.9282742, 32.5040734]}, "properties": {"osm_id": 879445173, "osm_type": "way", "name": null, "voltage": null, "substation": null, "operator": null}}, {"type": "Feature", "geometry": {"type": "Point", "coordinates": [-116.920081, 33.7363055]}, "properties": {"osm_id": 880487334, "osm_type": "way", "name": null, "voltage": "115000", "substation": "Mayberry_Substation", "operator": "Southern California Edison"}}, {"type": "Feature", "geometry": {"type": "Point", "coordinates": [-115.4009703, 33.8006434]}, "properties": {"osm_id": 882367100, "osm_type": "way", "name": null, "voltage": "220000", "substation": "generation", "operator": null}}, {"type": "Feature", "geometry": {"type": "Point", "coordinates": [-117.0327973, 32.9413597]}, "properties": {"osm_id": 882886529, "osm_type": "way", "name": null, "voltage": null, "substation": null, "operator": null}}, {"type": "Feature", "geometry": {"type": "Point", "coordinates": [-118.1788693, 34.7209452]}, "properties": {"osm_id": 884736196, "osm_type": "way", "name": null, "voltage": null, "substation": null, "operator": null}}, {"type": "Feature", "geometry": {"type": "Point", "coordinates": [-118.0658452, 34.6412185]}, "properties": {"osm_id": 884826807, "osm_type": "way", "name": null, "voltage": null, "substation": null, "operator": null}}, {"type": "Feature", "geometry": {"type": "Point", "coordinates": [-118.0659639, 34.6407506]}, "properties": {"osm_id": 884826808, "osm_type": "way", "name": null, "voltage": null, "substation": null, "operator": null}}, {"type": "Feature", "geometry": {"type": "Point", "coordinates": [-116.9109909, 32.5716702]}, "properties": {"osm_id": 885845173, "osm_type": "way", "name": null, "voltage": null, "substation": null, "operator": null}}, {"type": "Feature", "geometry": {"type": "Point", "coordinates": [-118.4056526, 34.0290291]}, "properties": {"osm_id": 892430375, "osm_type": "way", "name": null, "voltage": null, "substation": null, "operator": null}}, {"type": "Feature", "geometry": {"type": "Point", "coordinates": [-115.0115455, 35.8336156]}, "properties": {"osm_id": 893296457, "osm_type": "way", "name": "Sloan Canyon Switchyard", "voltage": "230000", "substation": "transmission", "operator": null}}, {"type": "Feature", "geometry": {"type": "Point", "coordinates": [-118.3435157, 33.9510617]}, "properties": {"osm_id": 893989475, "osm_type": "way", "name": null, "voltage": null, "substation": null, "operator": null}}, {"type": "Feature", "geometry": {"type": "Point", "coordinates": [-115.3426357, 35.6334463]}, "properties": {"osm_id": 896244483, "osm_type": "way", "name": null, "voltage": "230000", "substation": null, "operator": null}}, {"type": "Feature", "geometry": {"type": "Point", "coordinates": [-115.3565742, 35.6198052]}, "properties": {"osm_id": 896244485, "osm_type": "way", "name": null, "voltage": null, "substation": null, "operator": null}}, {"type": "Feature", "geometry": {"type": "Point", "coordinates": [-114.5324769, 34.8686429]}, "properties": {"osm_id": 896305607, "osm_type": "way", "name": null, "voltage": "230000", "substation": null, "operator": null}}, {"type": "Feature", "geometry": {"type": "Point", "coordinates": [-115.637543, 32.6724443]}, "properties": {"osm_id": 896354047, "osm_type": "way", "name": null, "voltage": "230000", "substation": "generation", "operator": null}}, {"type": "Feature", "geometry": {"type": "Point", "coordinates": [-115.6195704, 32.6725064]}, "properties": {"osm_id": 896355479, "osm_type": "way", "name": null, "voltage": "230000", "substation": "generation", "operator": null}}, {"type": "Feature", "geometry": {"type": "Point", "coordinates": [-115.5866685, 32.6712534]}, "properties": {"osm_id": 896355485, "osm_type": "way", "name": null, "voltage": "230000", "substation": "generation", "operator": null}}, {"type": "Feature", "geometry": {"type": "Point", "coordinates": [-118.8440815, 34.9549755]}, "properties": {"osm_id": 896491987, "osm_type": "way", "name": null, "voltage": "220000", "substation": "transmission", "operator": null}}, {"type": "Feature", "geometry": {"type": "Point", "coordinates": [-118.1859319, 35.3449095]}, "properties": {"osm_id": 896500662, "osm_type": "way", "name": null, "voltage": "220000", "substation": null, "operator": null}}, {"type": "Feature", "geometry": {"type": "Point", "coordinates": [-118.2476286, 35.207254]}, "properties": {"osm_id": 896500666, "osm_type": "way", "name": null, "voltage": "220000", "substation": null, "operator": null}}, {"type": "Feature", "geometry": {"type": "Point", "coordinates": [-119.0026828, 35.4541003]}, "properties": {"osm_id": 896530960, "osm_type": "way", "name": null, "voltage": "220000", "substation": null, "operator": null}}, {"type": "Feature", "geometry": {"type": "Point", "coordinates": [-118.1492356, 34.0911856]}, "properties": {"osm_id": 900633889, "osm_type": "way", "name": null, "voltage": null, "substation": null, "operator": null}}, {"type": "Feature", "geometry": {"type": "Point", "coordinates": [-118.1444479, 34.0845363]}, "properties": {"osm_id": 900633890, "osm_type": "way", "name": null, "voltage": null, "substation": null, "operator": null}}, {"type": "Feature", "geometry": {"type": "Point", "coordinates": [-118.2464123, 34.0434014]}, "properties": {"osm_id": 900920910, "osm_type": "way", "name": null, "voltage": null, "substation": null, "operator": null}}, {"type": "Feature", "geometry": {"type": "Point", "coordinates": [-118.3499773, 34.1400351]}, "properties": {"osm_id": 909824311, "osm_type": "way", "name": null, "voltage": null, "substation": null, "operator": null}}, {"type": "Feature", "geometry": {"type": "Point", "coordinates": [-118.356767, 34.1429463]}, "properties": {"osm_id": 909824333, "osm_type": "way", "name": null, "voltage": null, "substation": null, "operator": null}}, {"type": "Feature", "geometry": {"type": "Point", "coordinates": [-118.3206753, 34.0864261]}, "properties": {"osm_id": 910086725, "osm_type": "way", "name": "Gower Substation", "voltage": null, "substation": "yes", "operator": null}}, {"type": "Feature", "geometry": {"type": "Point", "coordinates": [-118.1184698, 33.8999243]}, "properties": {"osm_id": 912208396, "osm_type": "way", "name": null, "voltage": null, "substation": null, "operator": null}}, {"type": "Feature", "geometry": {"type": "Point", "coordinates": [-118.3440791, 34.1990123]}, "properties": {"osm_id": 912547121, "osm_type": "way", "name": null, "voltage": null, "substation": null, "operator": null}}, {"type": "Feature", "geometry": {"type": "Point", "coordinates": [-118.4114306, 34.0497894]}, "properties": {"osm_id": 912590236, "osm_type": "way", "name": "DWP Sub B", "voltage": null, "substation": null, "operator": null}}, {"type": "Feature", "geometry": {"type": "Point", "coordinates": [-117.2298523, 32.8817496]}, "properties": {"osm_id": 913007447, "osm_type": "way", "name": "I-5 Switch Station", "voltage": null, "substation": null, "operator": null}}, {"type": "Feature", "geometry": {"type": "Point", "coordinates": [-118.0145, 33.8886774]}, "properties": {"osm_id": 913700442, "osm_type": "way", "name": null, "voltage": "66000", "substation": null, "operator": null}}, {"type": "Feature", "geometry": {"type": "Point", "coordinates": [-116.8980378, 32.8589637]}, "properties": {"osm_id": 913958762, "osm_type": "way", "name": null, "voltage": null, "substation": null, "operator": null}}, {"type": "Feature", "geometry": {"type": "Point", "coordinates": [-118.1013861, 33.9695549]}, "properties": {"osm_id": 914528908, "osm_type": "way", "name": null, "voltage": null, "substation": null, "operator": null}}, {"type": "Feature", "geometry": {"type": "Point", "coordinates": [-117.9800101, 33.8462907]}, "properties": {"osm_id": 915704590, "osm_type": "way", "name": null, "voltage": null, "substation": null, "operator": null}}, {"type": "Feature", "geometry": {"type": "Point", "coordinates": [-118.3232168, 34.1918821]}, "properties": {"osm_id": 916542296, "osm_type": "way", "name": null, "voltage": null, "substation": null, "operator": null}}, {"type": "Feature", "geometry": {"type": "Point", "coordinates": [-115.5009156, 33.2498548]}, "properties": {"osm_id": 917201157, "osm_type": "way", "name": null, "voltage": null, "substation": null, "operator": null}}, {"type": "Feature", "geometry": {"type": "Point", "coordinates": [-115.5013532, 33.2430852]}, "properties": {"osm_id": 917201158, "osm_type": "way", "name": null, "voltage": "92000", "substation": null, "operator": null}}, {"type": "Feature", "geometry": {"type": "Point", "coordinates": [-116.9757077, 33.7468698]}, "properties": {"osm_id": 917508444, "osm_type": "way", "name": "Hemet Substation", "voltage": null, "substation": null, "operator": "Southern California Edison"}}, {"type": "Feature", "geometry": {"type": "Point", "coordinates": [-117.8990968, 33.7782048]}, "properties": {"osm_id": 920574351, "osm_type": "way", "name": null, "voltage": "66000", "substation": null, "operator": null}}, {"type": "Feature", "geometry": {"type": "Point", "coordinates": [-117.8787284, 33.8716139]}, "properties": {"osm_id": 920574352, "osm_type": "way", "name": null, "voltage": "66000", "substation": null, "operator": null}}, {"type": "Feature", "geometry": {"type": "Point", "coordinates": [-117.8594219, 33.7560739]}, "properties": {"osm_id": 921918603, "osm_type": "way", "name": null, "voltage": "66000", "substation": null, "operator": null}}, {"type": "Feature", "geometry": {"type": "Point", "coordinates": [-117.229184, 32.8238632]}, "properties": {"osm_id": 923149600, "osm_type": "way", "name": null, "voltage": null, "substation": "traction", "operator": null}}, {"type": "Feature", "geometry": {"type": "Point", "coordinates": [-117.2346637, 32.8483687]}, "properties": {"osm_id": 923149606, "osm_type": "way", "name": null, "voltage": null, "substation": "traction", "operator": null}}, {"type": "Feature", "geometry": {"type": "Point", "coordinates": [-117.9234647, 34.1139303]}, "properties": {"osm_id": 923601234, "osm_type": "way", "name": null, "voltage": "66000", "substation": null, "operator": null}}, {"type": "Feature", "geometry": {"type": "Point", "coordinates": [-117.8182456, 34.0413322]}, "properties": {"osm_id": 928746140, "osm_type": "way", "name": null, "voltage": "66000", "substation": null, "operator": null}}, {"type": "Feature", "geometry": {"type": "Point", "coordinates": [-117.9019753, 33.7447881]}, "properties": {"osm_id": 929401643, "osm_type": "way", "name": null, "voltage": null, "substation": null, "operator": null}}, {"type": "Feature", "geometry": {"type": "Point", "coordinates": [-117.9284802, 33.7654199]}, "properties": {"osm_id": 932730267, "osm_type": "way", "name": null, "voltage": "66000", "substation": null, "operator": null}}, {"type": "Feature", "geometry": {"type": "Point", "coordinates": [-117.3352772, 33.1367631]}, "properties": {"osm_id": 934860492, "osm_type": "way", "name": null, "voltage": "230000;138000", "substation": null, "operator": null}}, {"type": "Feature", "geometry": {"type": "Point", "coordinates": [-116.2621165, 32.7214328]}, "properties": {"osm_id": 934897453, "osm_type": "way", "name": null, "voltage": null, "substation": null, "operator": null}}, {"type": "Feature", "geometry": {"type": "Point", "coordinates": [-117.5548397, 33.374287]}, "properties": {"osm_id": 934956976, "osm_type": "way", "name": "Japanese Mesa Substation", "voltage": null, "substation": null, "operator": null}}, {"type": "Feature", "geometry": {"type": "Point", "coordinates": [-117.2753524, 32.8401079]}, "properties": {"osm_id": 935140048, "osm_type": "way", "name": "La Jolla Substation", "voltage": "69000", "substation": "distribution", "operator": "San Diego Gas & Electric"}}, {"type": "Feature", "geometry": {"type": "Point", "coordinates": [-118.0278375, 33.8509975]}, "properties": {"osm_id": 935669323, "osm_type": "way", "name": null, "voltage": "66000", "substation": null, "operator": null}}, {"type": "Feature", "geometry": {"type": "Point", "coordinates": [-117.0945795, 32.6081616]}, "properties": {"osm_id": 935670738, "osm_type": "way", "name": "Bay Boulevard Substation", "voltage": "230000;69000", "substation": "transmission", "operator": "San Diego Gas & Electric"}}, {"type": "Feature", "geometry": {"type": "Point", "coordinates": [-117.2927221, 34.1004441]}, "properties": {"osm_id": 936564982, "osm_type": "way", "name": null, "voltage": "33000", "substation": null, "operator": null}}, {"type": "Feature", "geometry": {"type": "Point", "coordinates": [-117.3301979, 34.1698864]}, "properties": {"osm_id": 936569225, "osm_type": "way", "name": null, "voltage": "115000", "substation": null, "operator": "Southern California Edison"}}, {"type": "Feature", "geometry": {"type": "Point", "coordinates": [-117.3701875, 33.9779973]}, "properties": {"osm_id": 937497089, "osm_type": "way", "name": "Riverside Electrical Substation", "voltage": "66000", "substation": "distribution", "operator": "Riverside Public Utilities"}}, {"type": "Feature", "geometry": {"type": "Point", "coordinates": [-117.0266922, 32.5621903]}, "properties": {"osm_id": 940918950, "osm_type": "way", "name": "Electric Substation", "voltage": null, "substation": null, "operator": null}}, {"type": "Feature", "geometry": {"type": "Point", "coordinates": [-117.1972907, 33.1287424]}, "properties": {"osm_id": 955935746, "osm_type": "way", "name": null, "voltage": null, "substation": null, "operator": null}}, {"type": "Feature", "geometry": {"type": "Point", "coordinates": [-118.8232285, 34.1393858]}, "properties": {"osm_id": 957104558, "osm_type": "way", "name": null, "voltage": null, "substation": null, "operator": null}}, {"type": "Feature", "geometry": {"type": "Point", "coordinates": [-117.2304639, 32.8736147]}, "properties": {"osm_id": 957661236, "osm_type": "way", "name": null, "voltage": null, "substation": "traction", "operator": null}}, {"type": "Feature", "geometry": {"type": "Point", "coordinates": [-117.2135553, 32.8678351]}, "properties": {"osm_id": 962407829, "osm_type": "way", "name": null, "voltage": null, "substation": "traction", "operator": null}}, {"type": "Feature", "geometry": {"type": "Point", "coordinates": [-115.264833, 32.7744952]}, "properties": {"osm_id": 964187521, "osm_type": "way", "name": null, "voltage": "92000", "substation": null, "operator": null}}, {"type": "Feature", "geometry": {"type": "Point", "coordinates": [-117.0138789, 32.528478]}, "properties": {"osm_id": 969872104, "osm_type": "way", "name": "CFE Tijuana I", "voltage": null, "substation": null, "operator": "Comisi\u00f3n Federal de Electricidad"}}, {"type": "Feature", "geometry": {"type": "Point", "coordinates": [-117.228672, 32.9029403]}, "properties": {"osm_id": 971813149, "osm_type": "way", "name": null, "voltage": null, "substation": null, "operator": null}}, {"type": "Feature", "geometry": {"type": "Point", "coordinates": [-117.2271095, 32.9019493]}, "properties": {"osm_id": 971813152, "osm_type": "way", "name": null, "voltage": "69000", "substation": "distribution", "operator": "San Diego Gas & Electric"}}, {"type": "Feature", "geometry": {"type": "Point", "coordinates": [-117.545135, 34.1024764]}, "properties": {"osm_id": 972388469, "osm_type": "way", "name": "Arbors Substation", "voltage": "66000", "substation": null, "operator": null}}, {"type": "Feature", "geometry": {"type": "Point", "coordinates": [-117.4325252, 34.155542]}, "properties": {"osm_id": 977743635, "osm_type": "way", "name": "Falcon Ridge Substation", "voltage": "66000", "substation": null, "operator": "Southern California Edison"}}, {"type": "Feature", "geometry": {"type": "Point", "coordinates": [-117.8480421, 33.9200607]}, "properties": {"osm_id": 978035670, "osm_type": "way", "name": null, "voltage": "66000", "substation": null, "operator": null}}, {"type": "Feature", "geometry": {"type": "Point", "coordinates": [-118.3908938, 34.1944876]}, "properties": {"osm_id": 978610417, "osm_type": "way", "name": null, "voltage": "34500", "substation": null, "operator": "Los Angeles Department of Water and Power"}}, {"type": "Feature", "geometry": {"type": "Point", "coordinates": [-116.788533, 33.5151775]}, "properties": {"osm_id": 986830922, "osm_type": "way", "name": "Lake Riverside Substation", "voltage": null, "substation": null, "operator": null}}, {"type": "Feature", "geometry": {"type": "Point", "coordinates": [-117.8551765, 34.0067881]}, "properties": {"osm_id": 990616337, "osm_type": "way", "name": null, "voltage": "66000", "substation": null, "operator": null}}, {"type": "Feature", "geometry": {"type": "Point", "coordinates": [-118.2281289, 34.6597462]}, "properties": {"osm_id": 992557729, "osm_type": "way", "name": null, "voltage": null, "substation": null, "operator": null}}, {"type": "Feature", "geometry": {"type": "Point", "coordinates": [-117.3488828, 33.9988922]}, "properties": {"osm_id": 995970501, "osm_type": "way", "name": "Hunter Substation", "voltage": "66000", "substation": null, "operator": "Riverside Public Utilities"}}, {"type": "Feature", "geometry": {"type": "Point", "coordinates": [-119.5827169, 35.2103076]}, "properties": {"osm_id": 996239789, "osm_type": "way", "name": null, "voltage": null, "substation": null, "operator": null}}, {"type": "Feature", "geometry": {"type": "Point", "coordinates": [-117.2951485, 34.5353371]}, "properties": {"osm_id": 1004654179, "osm_type": "way", "name": null, "voltage": null, "substation": "yes", "operator": null}}, {"type": "Feature", "geometry": {"type": "Point", "coordinates": [-118.1880326, 33.9207076]}, "properties": {"osm_id": 1011137127, "osm_type": "way", "name": null, "voltage": null, "substation": null, "operator": null}}, {"type": "Feature", "geometry": {"type": "Point", "coordinates": [-118.5019703, 34.4305704]}, "properties": {"osm_id": 1012221850, "osm_type": "way", "name": null, "voltage": null, "substation": "substation", "operator": "Southern California Edison"}}, {"type": "Feature", "geometry": {"type": "Point", "coordinates": [-117.3593671, 34.0411476]}, "properties": {"osm_id": 1015732926, "osm_type": "way", "name": null, "voltage": "66000", "substation": null, "operator": null}}, {"type": "Feature", "geometry": {"type": "Point", "coordinates": [-117.3405569, 34.6039363]}, "properties": {"osm_id": 1017858359, "osm_type": "way", "name": null, "voltage": null, "substation": null, "operator": null}}, {"type": "Feature", "geometry": {"type": "Point", "coordinates": [-117.3390143, 34.6752996]}, "properties": {"osm_id": 1017858361, "osm_type": "way", "name": null, "voltage": null, "substation": null, "operator": null}}, {"type": "Feature", "geometry": {"type": "Point", "coordinates": [-117.3389224, 34.6820985]}, "properties": {"osm_id": 1017858363, "osm_type": "way", "name": null, "voltage": null, "substation": null, "operator": null}}, {"type": "Feature", "geometry": {"type": "Point", "coordinates": [-117.3239279, 34.7405396]}, "properties": {"osm_id": 1017858370, "osm_type": "way", "name": null, "voltage": null, "substation": null, "operator": null}}, {"type": "Feature", "geometry": {"type": "Point", "coordinates": [-117.2480537, 34.7859277]}, "properties": {"osm_id": 1017858373, "osm_type": "way", "name": null, "voltage": null, "substation": null, "operator": null}}, {"type": "Feature", "geometry": {"type": "Point", "coordinates": [-118.3599393, 35.0531013]}, "properties": {"osm_id": 1019228474, "osm_type": "way", "name": null, "voltage": "220000", "substation": null, "operator": null}}, {"type": "Feature", "geometry": {"type": "Point", "coordinates": [-118.320678, 35.0552255]}, "properties": {"osm_id": 1019228509, "osm_type": "way", "name": null, "voltage": null, "substation": null, "operator": null}}, {"type": "Feature", "geometry": {"type": "Point", "coordinates": [-118.2481835, 33.8794982]}, "properties": {"osm_id": 1019311460, "osm_type": "way", "name": "Edison Jersey Substation", "voltage": "66000", "substation": null, "operator": "Southern California Edison"}}, {"type": "Feature", "geometry": {"type": "Point", "coordinates": [-118.5013239, 34.3818202]}, "properties": {"osm_id": 1020413322, "osm_type": "way", "name": null, "voltage": null, "substation": "distribution", "operator": "Southern California Edison"}}, {"type": "Feature", "geometry": {"type": "Point", "coordinates": [-117.9689046, 34.0218133]}, "properties": {"osm_id": 1021540115, "osm_type": "way", "name": null, "voltage": null, "substation": null, "operator": null}}, {"type": "Feature", "geometry": {"type": "Point", "coordinates": [-116.6759808, 33.2472601]}, "properties": {"osm_id": 1022984358, "osm_type": "way", "name": "Warner Substation", "voltage": "69000", "substation": null, "operator": "San Diego Gas & Electric"}}, {"type": "Feature", "geometry": {"type": "Point", "coordinates": [-117.4091949, 34.1354129]}, "properties": {"osm_id": 1023480895, "osm_type": "way", "name": null, "voltage": "66000", "substation": null, "operator": null}}, {"type": "Feature", "geometry": {"type": "Point", "coordinates": [-117.6978469, 34.093184]}, "properties": {"osm_id": 1024402205, "osm_type": "way", "name": null, "voltage": "66000;12000", "substation": null, "operator": null}}, {"type": "Feature", "geometry": {"type": "Point", "coordinates": [-117.6501014, 34.0936065]}, "properties": {"osm_id": 1024712279, "osm_type": "way", "name": "Upland Substation", "voltage": "66000;4160", "substation": null, "operator": "Southern California Edison"}}, {"type": "Feature", "geometry": {"type": "Point", "coordinates": [-117.5841561, 34.1209735]}, "properties": {"osm_id": 1024712990, "osm_type": "way", "name": null, "voltage": "66000", "substation": null, "operator": null}}, {"type": "Feature", "geometry": {"type": "Point", "coordinates": [-118.2684996, 33.8273488]}, "properties": {"osm_id": 1027234674, "osm_type": "way", "name": null, "voltage": null, "substation": null, "operator": null}}, {"type": "Feature", "geometry": {"type": "Point", "coordinates": [-118.9775577, 35.0142018]}, "properties": {"osm_id": 1037240847, "osm_type": "way", "name": "Wind Gap Substation", "voltage": null, "substation": null, "operator": null}}, {"type": "Feature", "geometry": {"type": "Point", "coordinates": [-118.9797072, 35.0196481]}, "properties": {"osm_id": 1037282353, "osm_type": "way", "name": null, "voltage": null, "substation": null, "operator": null}}, {"type": "Feature", "geometry": {"type": "Point", "coordinates": [-118.3455548, 34.18811]}, "properties": {"osm_id": 1038599609, "osm_type": "way", "name": null, "voltage": null, "substation": null, "operator": null}}, {"type": "Feature", "geometry": {"type": "Point", "coordinates": [-116.5675014, 33.9022999]}, "properties": {"osm_id": 1038805414, "osm_type": "way", "name": null, "voltage": null, "substation": "generation", "operator": null}}, {"type": "Feature", "geometry": {"type": "Point", "coordinates": [-117.2057985, 32.7624797]}, "properties": {"osm_id": 1040083682, "osm_type": "way", "name": null, "voltage": null, "substation": null, "operator": "San Diego Gas & Electric"}}, {"type": "Feature", "geometry": {"type": "Point", "coordinates": [-118.4278773, 33.9306562]}, "properties": {"osm_id": 1040107232, "osm_type": "way", "name": null, "voltage": null, "substation": null, "operator": null}}, {"type": "Feature", "geometry": {"type": "Point", "coordinates": [-118.1298989, 33.9373114]}, "properties": {"osm_id": 1041825015, "osm_type": "way", "name": null, "voltage": null, "substation": null, "operator": null}}, {"type": "Feature", "geometry": {"type": "Point", "coordinates": [-117.9657713, 34.1386457]}, "properties": {"osm_id": 1047533879, "osm_type": "way", "name": null, "voltage": null, "substation": null, "operator": null}}, {"type": "Feature", "geometry": {"type": "Point", "coordinates": [-117.9731184, 34.1258672]}, "properties": {"osm_id": 1047533880, "osm_type": "way", "name": null, "voltage": null, "substation": null, "operator": null}}, {"type": "Feature", "geometry": {"type": "Point", "coordinates": [-117.3682977, 34.1013056]}, "properties": {"osm_id": 1052321299, "osm_type": "way", "name": "Rialto Substation", "voltage": "33000;12000;4160", "substation": null, "operator": null}}, {"type": "Feature", "geometry": {"type": "Point", "coordinates": [-117.2226471, 32.8987864]}, "properties": {"osm_id": 1053149996, "osm_type": "way", "name": null, "voltage": null, "substation": null, "operator": null}}, {"type": "Feature", "geometry": {"type": "Point", "coordinates": [-120.4442451, 34.9504422]}, "properties": {"osm_id": 1055268667, "osm_type": "way", "name": null, "voltage": null, "substation": null, "operator": null}}, {"type": "Feature", "geometry": {"type": "Point", "coordinates": [-120.3306535, 34.8786007]}, "properties": {"osm_id": 1055268668, "osm_type": "way", "name": null, "voltage": null, "substation": null, "operator": null}}, {"type": "Feature", "geometry": {"type": "Point", "coordinates": [-115.2216059, 33.6906401]}, "properties": {"osm_id": 1058276492, "osm_type": "way", "name": null, "voltage": "220000", "substation": null, "operator": null}}, {"type": "Feature", "geometry": {"type": "Point", "coordinates": [-118.2230036, 33.762246]}, "properties": {"osm_id": 1059438605, "osm_type": "way", "name": null, "voltage": "66000", "substation": null, "operator": null}}, {"type": "Feature", "geometry": {"type": "Point", "coordinates": [-118.2035197, 33.7724403]}, "properties": {"osm_id": 1059438606, "osm_type": "way", "name": null, "voltage": null, "substation": null, "operator": null}}, {"type": "Feature", "geometry": {"type": "Point", "coordinates": [-117.3346036, 34.2058447]}, "properties": {"osm_id": 1059932981, "osm_type": "way", "name": null, "voltage": "115000", "substation": null, "operator": null}}, {"type": "Feature", "geometry": {"type": "Point", "coordinates": [-120.1848514, 34.6479446]}, "properties": {"osm_id": 1060647385, "osm_type": "way", "name": null, "voltage": null, "substation": null, "operator": null}}, {"type": "Feature", "geometry": {"type": "Point", "coordinates": [-118.3884767, 35.066073]}, "properties": {"osm_id": 1061930503, "osm_type": "way", "name": null, "voltage": "220000", "substation": null, "operator": null}}, {"type": "Feature", "geometry": {"type": "Point", "coordinates": [-118.2492071, 35.0431019]}, "properties": {"osm_id": 1061930508, "osm_type": "way", "name": null, "voltage": null, "substation": null, "operator": null}}, {"type": "Feature", "geometry": {"type": "Point", "coordinates": [-118.250697, 35.0632417]}, "properties": {"osm_id": 1061930510, "osm_type": "way", "name": null, "voltage": "220000", "substation": null, "operator": null}}, {"type": "Feature", "geometry": {"type": "Point", "coordinates": [-118.2757174, 35.0497368]}, "properties": {"osm_id": 1061930512, "osm_type": "way", "name": null, "voltage": "220000", "substation": null, "operator": null}}, {"type": "Feature", "geometry": {"type": "Point", "coordinates": [-118.3057662, 34.721872]}, "properties": {"osm_id": 1063443335, "osm_type": "way", "name": null, "voltage": null, "substation": null, "operator": null}}, {"type": "Feature", "geometry": {"type": "Point", "coordinates": [-114.9699863, 35.778042]}, "properties": {"osm_id": 1063443350, "osm_type": "way", "name": null, "voltage": "230000", "substation": null, "operator": null}}, {"type": "Feature", "geometry": {"type": "Point", "coordinates": [-118.3108127, 35.0301168]}, "properties": {"osm_id": 1067037663, "osm_type": "way", "name": null, "voltage": null, "substation": null, "operator": null}}, {"type": "Feature", "geometry": {"type": "Point", "coordinates": [-116.6945961, 33.28698]}, "properties": {"osm_id": 1070740651, "osm_type": "way", "name": null, "voltage": null, "substation": null, "operator": null}}, {"type": "Feature", "geometry": {"type": "Point", "coordinates": [-116.698301, 33.2861513]}, "properties": {"osm_id": 1070740652, "osm_type": "way", "name": null, "voltage": null, "substation": null, "operator": null}}, {"type": "Feature", "geometry": {"type": "Point", "coordinates": [-116.7031867, 33.2868536]}, "properties": {"osm_id": 1070740654, "osm_type": "way", "name": null, "voltage": null, "substation": null, "operator": null}}, {"type": "Feature", "geometry": {"type": "Point", "coordinates": [-116.7065815, 33.2836626]}, "properties": {"osm_id": 1070740655, "osm_type": "way", "name": null, "voltage": null, "substation": null, "operator": null}}, {"type": "Feature", "geometry": {"type": "Point", "coordinates": [-116.9586686, 33.2858815]}, "properties": {"osm_id": 1070740656, "osm_type": "way", "name": "Rincon Substation", "voltage": "69000", "substation": null, "operator": "San Diego Gas & Electric"}}, {"type": "Feature", "geometry": {"type": "Point", "coordinates": [-116.7156572, 33.2519991]}, "properties": {"osm_id": 1070740659, "osm_type": "way", "name": null, "voltage": null, "substation": null, "operator": null}}, {"type": "Feature", "geometry": {"type": "Point", "coordinates": [-117.3066348, 34.0600782]}, "properties": {"osm_id": 1072883354, "osm_type": "way", "name": "Century Substation", "voltage": "66000", "substation": "minor_distribution", "operator": "City of Colton Electric Utility"}}, {"type": "Feature", "geometry": {"type": "Point", "coordinates": [-117.9866609, 33.8067681]}, "properties": {"osm_id": 1072883368, "osm_type": "way", "name": null, "voltage": null, "substation": null, "operator": null}}, {"type": "Feature", "geometry": {"type": "Point", "coordinates": [-119.6309063, 35.2264875]}, "properties": {"osm_id": 1073105582, "osm_type": "way", "name": null, "voltage": "230000", "substation": null, "operator": null}}, {"type": "Feature", "geometry": {"type": "Point", "coordinates": [-120.3101615, 35.8383986]}, "properties": {"osm_id": 1073230949, "osm_type": "way", "name": null, "voltage": "230000", "substation": "generation", "operator": null}}, {"type": "Feature", "geometry": {"type": "Point", "coordinates": [-117.1191992, 33.058627]}, "properties": {"osm_id": 1073692881, "osm_type": "way", "name": null, "voltage": null, "substation": null, "operator": null}}, {"type": "Feature", "geometry": {"type": "Point", "coordinates": [-115.5358725, 32.9556306]}, "properties": {"osm_id": 1073692882, "osm_type": "way", "name": null, "voltage": "92000", "substation": null, "operator": null}}, {"type": "Feature", "geometry": {"type": "Point", "coordinates": [-115.5356927, 33.1686659]}, "properties": {"osm_id": 1073692893, "osm_type": "way", "name": null, "voltage": "220000", "substation": null, "operator": null}}, {"type": "Feature", "geometry": {"type": "Point", "coordinates": [-115.5371363, 33.1686249]}, "properties": {"osm_id": 1073692894, "osm_type": "way", "name": null, "voltage": "220000", "substation": null, "operator": null}}, {"type": "Feature", "geometry": {"type": "Point", "coordinates": [-115.5381207, 33.168525]}, "properties": {"osm_id": 1073692895, "osm_type": "way", "name": null, "voltage": "220000", "substation": null, "operator": null}}, {"type": "Feature", "geometry": {"type": "Point", "coordinates": [-115.5370416, 33.1615855]}, "properties": {"osm_id": 1073692896, "osm_type": "way", "name": null, "voltage": "220000", "substation": null, "operator": null}}, {"type": "Feature", "geometry": {"type": "Point", "coordinates": [-117.2276221, 32.8815608]}, "properties": {"osm_id": 1076434105, "osm_type": "way", "name": null, "voltage": null, "substation": "traction", "operator": null}}, {"type": "Feature", "geometry": {"type": "Point", "coordinates": [-117.2053212, 32.770912]}, "properties": {"osm_id": 1078311419, "osm_type": "way", "name": null, "voltage": null, "substation": "traction", "operator": null}}, {"type": "Feature", "geometry": {"type": "Point", "coordinates": [-117.1696798, 32.7188236]}, "properties": {"osm_id": 1078585680, "osm_type": "way", "name": null, "voltage": null, "substation": "traction", "operator": null}}, {"type": "Feature", "geometry": {"type": "Point", "coordinates": [-117.2130898, 32.8793768]}, "properties": {"osm_id": 1078939339, "osm_type": "way", "name": null, "voltage": null, "substation": "traction", "operator": null}}, {"type": "Feature", "geometry": {"type": "Point", "coordinates": [-119.2097694, 35.8344378]}, "properties": {"osm_id": 1081216293, "osm_type": "way", "name": null, "voltage": null, "substation": null, "operator": null}}, {"type": "Feature", "geometry": {"type": "Point", "coordinates": [-119.4387454, 35.6017701]}, "properties": {"osm_id": 1083296845, "osm_type": "way", "name": "Highway 46 Substation", "voltage": "115000", "substation": null, "operator": "Pacific Gas and Electric Company"}}, {"type": "Feature", "geometry": {"type": "Point", "coordinates": [-115.714697, 33.662024]}, "properties": {"osm_id": 1088042659, "osm_type": "way", "name": null, "voltage": null, "substation": null, "operator": null}}, {"type": "Feature", "geometry": {"type": "Point", "coordinates": [-118.6861286, 34.8155209]}, "properties": {"osm_id": 1088863760, "osm_type": "way", "name": null, "voltage": null, "substation": null, "operator": null}}, {"type": "Feature", "geometry": {"type": "Point", "coordinates": [-118.8243344, 35.3263872]}, "properties": {"osm_id": 1088863765, "osm_type": "way", "name": null, "voltage": null, "substation": null, "operator": null}}, {"type": "Feature", "geometry": {"type": "Point", "coordinates": [-118.1074919, 34.9578865]}, "properties": {"osm_id": 1088863770, "osm_type": "way", "name": null, "voltage": "220000", "substation": null, "operator": null}}, {"type": "Feature", "geometry": {"type": "Point", "coordinates": [-118.1508807, 35.026335]}, "properties": {"osm_id": 1088863777, "osm_type": "way", "name": null, "voltage": "220000", "substation": null, "operator": null}}, {"type": "Feature", "geometry": {"type": "Point", "coordinates": [-118.1407071, 35.0246354]}, "properties": {"osm_id": 1088863779, "osm_type": "way", "name": null, "voltage": "220000", "substation": null, "operator": null}}, {"type": "Feature", "geometry": {"type": "Point", "coordinates": [-115.5340327, 32.7593099]}, "properties": {"osm_id": 1095052153, "osm_type": "way", "name": null, "voltage": "92000", "substation": null, "operator": null}}, {"type": "Feature", "geometry": {"type": "Point", "coordinates": [-118.3484581, 33.8659336]}, "properties": {"osm_id": 1099466026, "osm_type": "way", "name": "Perry Substation", "voltage": null, "substation": null, "operator": null}}, {"type": "Feature", "geometry": {"type": "Point", "coordinates": [-116.9465941, 34.4450295]}, "properties": {"osm_id": 1102244284, "osm_type": "way", "name": null, "voltage": null, "substation": null, "operator": null}}, {"type": "Feature", "geometry": {"type": "Point", "coordinates": [-114.7546537, 33.6746085]}, "properties": {"osm_id": 1104360195, "osm_type": "way", "name": null, "voltage": "220000", "substation": "generation", "operator": null}}, {"type": "Feature", "geometry": {"type": "Point", "coordinates": [-114.9827104, 33.6600397]}, "properties": {"osm_id": 1104360199, "osm_type": "way", "name": null, "voltage": "220000", "substation": "generation", "operator": null}}, {"type": "Feature", "geometry": {"type": "Point", "coordinates": [-117.207199, 33.6873269]}, "properties": {"osm_id": 1104824498, "osm_type": "way", "name": null, "voltage": null, "substation": null, "operator": null}}, {"type": "Feature", "geometry": {"type": "Point", "coordinates": [-114.6260832, 34.8569106]}, "properties": {"osm_id": 1105169016, "osm_type": "way", "name": "Murl L. Shaver Substation", "voltage": "69000", "substation": null, "operator": "Needles Public Utilites Authority"}}, {"type": "Feature", "geometry": {"type": "Point", "coordinates": [-117.4293156, 34.0735394]}, "properties": {"osm_id": 1105679305, "osm_type": "way", "name": "Thrive Fontana Substation", "voltage": "66000", "substation": "distribution", "operator": "Southern California Edison"}}, {"type": "Feature", "geometry": {"type": "Point", "coordinates": [-116.9103781, 34.2403082]}, "properties": {"osm_id": 1105686723, "osm_type": "way", "name": "Village Substation", "voltage": "34000", "substation": "yes", "operator": "Bear Valley Electric Service Company"}}, {"type": "Feature", "geometry": {"type": "Point", "coordinates": [-116.8495881, 34.2653898]}, "properties": {"osm_id": 1105687109, "osm_type": "way", "name": "Bear City Substation", "voltage": "34000", "substation": "yes", "operator": "Bear Valley Electric Service Company"}}, {"type": "Feature", "geometry": {"type": "Point", "coordinates": [-114.6196901, 34.8505524]}, "properties": {"osm_id": 1105973965, "osm_type": "way", "name": "Bill Yoney Substation", "voltage": "69000", "substation": null, "operator": "Needles Public Utilites Authority"}}, {"type": "Feature", "geometry": {"type": "Point", "coordinates": [-118.3167802, 34.0853639]}, "properties": {"osm_id": 1107455167, "osm_type": "way", "name": null, "voltage": null, "substation": null, "operator": null}}, {"type": "Feature", "geometry": {"type": "Point", "coordinates": [-118.3168888, 34.0854764]}, "properties": {"osm_id": 1107645318, "osm_type": "way", "name": null, "voltage": null, "substation": null, "operator": null}}, {"type": "Feature", "geometry": {"type": "Point", "coordinates": [-118.3335268, 34.0905674]}, "properties": {"osm_id": 1110140749, "osm_type": "way", "name": null, "voltage": null, "substation": null, "operator": null}}, {"type": "Feature", "geometry": {"type": "Point", "coordinates": [-117.2198637, 33.9015345]}, "properties": {"osm_id": 1113503924, "osm_type": "way", "name": null, "voltage": "115000;33000;12000", "substation": null, "operator": null}}, {"type": "Feature", "geometry": {"type": "Point", "coordinates": [-115.9151715, 32.5714507]}, "properties": {"osm_id": 1116145961, "osm_type": "way", "name": null, "voltage": null, "substation": null, "operator": null}}, {"type": "Feature", "geometry": {"type": "Point", "coordinates": [-116.6356248, 32.5710369]}, "properties": {"osm_id": 1119230654, "osm_type": "way", "name": null, "voltage": "115000", "substation": "transmission", "operator": "Comisi\u00f3n Federal de Electricidad"}}, {"type": "Feature", "geometry": {"type": "Point", "coordinates": [-115.541124, 32.6473065]}, "properties": {"osm_id": 1119250340, "osm_type": "way", "name": null, "voltage": "230000", "substation": "transmission", "operator": null}}, {"type": "Feature", "geometry": {"type": "Point", "coordinates": [-115.3716581, 32.5978571]}, "properties": {"osm_id": 1119355450, "osm_type": "way", "name": null, "voltage": "230000", "substation": "transmission", "operator": null}}, {"type": "Feature", "geometry": {"type": "Point", "coordinates": [-115.4958779, 32.6610518]}, "properties": {"osm_id": 1119377093, "osm_type": "way", "name": "R\u00edo Nuevo", "voltage": "161000;13800", "substation": "distribution", "operator": null}}, {"type": "Feature", "geometry": {"type": "Point", "coordinates": [-115.4543607, 32.6400813]}, "properties": {"osm_id": 1119377107, "osm_type": "way", "name": "Nacozari", "voltage": "161000;13800", "substation": "distribution", "operator": null}}, {"type": "Feature", "geometry": {"type": "Point", "coordinates": [-115.4183257, 32.6345826]}, "properties": {"osm_id": 1119377109, "osm_type": "way", "name": "Skyworks", "voltage": "161000", "substation": "industrial", "operator": null}}, {"type": "Feature", "geometry": {"type": "Point", "coordinates": [-115.28953, 32.5656937]}, "properties": {"osm_id": 1119443033, "osm_type": "way", "name": null, "voltage": "161000", "substation": "transmission", "operator": null}}, {"type": "Feature", "geometry": {"type": "Point", "coordinates": [-115.2880459, 32.5707127]}, "properties": {"osm_id": 1119443035, "osm_type": "way", "name": null, "voltage": "161000", "substation": null, "operator": null}}, {"type": "Feature", "geometry": {"type": "Point", "coordinates": [-115.414828, 32.5686943]}, "properties": {"osm_id": 1119459977, "osm_type": "way", "name": null, "voltage": "230000", "substation": "industrial", "operator": null}}, {"type": "Feature", "geometry": {"type": "Point", "coordinates": [-115.4094578, 32.5846291]}, "properties": {"osm_id": 1119459983, "osm_type": "way", "name": null, "voltage": "230000", "substation": "industrial", "operator": null}}, {"type": "Feature", "geometry": {"type": "Point", "coordinates": [-116.4643722, 33.8776275]}, "properties": {"osm_id": 1120403641, "osm_type": "way", "name": null, "voltage": "115000", "substation": null, "operator": null}}, {"type": "Feature", "geometry": {"type": "Point", "coordinates": [-116.7521459, 33.9121001]}, "properties": {"osm_id": 1120409135, "osm_type": "way", "name": null, "voltage": "115000", "substation": null, "operator": null}}, {"type": "Feature", "geometry": {"type": "Point", "coordinates": [-116.5973507, 33.9203703]}, "properties": {"osm_id": 1120421896, "osm_type": "way", "name": null, "voltage": null, "substation": null, "operator": null}}, {"type": "Feature", "geometry": {"type": "Point", "coordinates": [-118.2915634, 35.0011875]}, "properties": {"osm_id": 1120873226, "osm_type": "way", "name": null, "voltage": "220000", "substation": null, "operator": null}}, {"type": "Feature", "geometry": {"type": "Point", "coordinates": [-118.3206524, 35.0620006]}, "properties": {"osm_id": 1121010951, "osm_type": "way", "name": null, "voltage": null, "substation": null, "operator": null}}, {"type": "Feature", "geometry": {"type": "Point", "coordinates": [-118.3724942, 35.0753779]}, "properties": {"osm_id": 1121132892, "osm_type": "way", "name": null, "voltage": null, "substation": null, "operator": null}}, {"type": "Feature", "geometry": {"type": "Point", "coordinates": [-118.3725907, 35.0756529]}, "properties": {"osm_id": 1121132893, "osm_type": "way", "name": null, "voltage": null, "substation": null, "operator": null}}, {"type": "Feature", "geometry": {"type": "Point", "coordinates": [-118.3832508, 35.1076267]}, "properties": {"osm_id": 1121135930, "osm_type": "way", "name": null, "voltage": "220000", "substation": null, "operator": null}}, {"type": "Feature", "geometry": {"type": "Point", "coordinates": [-116.0507465, 33.4118278]}, "properties": {"osm_id": 1122502636, "osm_type": "way", "name": null, "voltage": "92000", "substation": null, "operator": null}}, {"type": "Feature", "geometry": {"type": "Point", "coordinates": [-115.7453536, 34.5510359]}, "properties": {"osm_id": 1124338253, "osm_type": "way", "name": null, "voltage": null, "substation": null, "operator": null}}, {"type": "Feature", "geometry": {"type": "Point", "coordinates": [-118.1822682, 34.0574866]}, "properties": {"osm_id": 1126593009, "osm_type": "way", "name": null, "voltage": null, "substation": null, "operator": null}}, {"type": "Feature", "geometry": {"type": "Point", "coordinates": [-116.3468023, 33.2117862]}, "properties": {"osm_id": 1136239942, "osm_type": "way", "name": null, "voltage": null, "substation": null, "operator": null}}, {"type": "Feature", "geometry": {"type": "Point", "coordinates": [-116.3201469, 33.2096984]}, "properties": {"osm_id": 1136268513, "osm_type": "way", "name": null, "voltage": null, "substation": null, "operator": null}}, {"type": "Feature", "geometry": {"type": "Point", "coordinates": [-116.3477609, 33.2708019]}, "properties": {"osm_id": 1136328799, "osm_type": "way", "name": null, "voltage": null, "substation": null, "operator": null}}, {"type": "Feature", "geometry": {"type": "Point", "coordinates": [-116.0129056, 33.1186283]}, "properties": {"osm_id": 1136588657, "osm_type": "way", "name": null, "voltage": "92000", "substation": null, "operator": null}}, {"type": "Feature", "geometry": {"type": "Point", "coordinates": [-116.0105005, 33.1191842]}, "properties": {"osm_id": 1136588658, "osm_type": "way", "name": null, "voltage": "92000", "substation": null, "operator": null}}, {"type": "Feature", "geometry": {"type": "Point", "coordinates": [-118.1763808, 35.2469042]}, "properties": {"osm_id": 1140601106, "osm_type": "way", "name": null, "voltage": "230000", "substation": null, "operator": null}}, {"type": "Feature", "geometry": {"type": "Point", "coordinates": [-115.5424995, 32.8033029]}, "properties": {"osm_id": 1144460029, "osm_type": "way", "name": null, "voltage": "92000", "substation": null, "operator": null}}, {"type": "Feature", "geometry": {"type": "Point", "coordinates": [-115.5446623, 32.8027886]}, "properties": {"osm_id": 1144460035, "osm_type": "way", "name": null, "voltage": "92000", "substation": null, "operator": null}}, {"type": "Feature", "geometry": {"type": "Point", "coordinates": [-114.7736327, 33.6910194]}, "properties": {"osm_id": 1145143793, "osm_type": "way", "name": null, "voltage": "220000", "substation": null, "operator": null}}, {"type": "Feature", "geometry": {"type": "Point", "coordinates": [-117.8675028, 33.6936306]}, "properties": {"osm_id": 1149027270, "osm_type": "way", "name": "Fairview Substation", "voltage": null, "substation": "distribution", "operator": "Southern California Edison"}}, {"type": "Feature", "geometry": {"type": "Point", "coordinates": [-118.5139284, 34.4866088]}, "properties": {"osm_id": 1149477447, "osm_type": "way", "name": "Haskell Canyon Switching Station", "voltage": "230000", "substation": "transmission", "operator": "Los Angeles Department of Water and Power"}}, {"type": "Feature", "geometry": {"type": "Point", "coordinates": [-119.0522447, 35.8335824]}, "properties": {"osm_id": 1150059552, "osm_type": "way", "name": null, "voltage": null, "substation": null, "operator": null}}, {"type": "Feature", "geometry": {"type": "Point", "coordinates": [-120.5408383, 34.8018615]}, "properties": {"osm_id": 1150699353, "osm_type": "way", "name": null, "voltage": null, "substation": null, "operator": null}}, {"type": "Feature", "geometry": {"type": "Point", "coordinates": [-117.4407298, 33.8587402]}, "properties": {"osm_id": 1151662292, "osm_type": "way", "name": "El Sobrante Substation", "voltage": "33000", "substation": "minor_distribution", "operator": "Southern California Edison"}}, {"type": "Feature", "geometry": {"type": "Point", "coordinates": [-117.3670529, 34.6230803]}, "properties": {"osm_id": 1153479299, "osm_type": "way", "name": null, "voltage": "230000", "substation": null, "operator": null}}, {"type": "Feature", "geometry": {"type": "Point", "coordinates": [-118.3723409, 34.9101385]}, "properties": {"osm_id": 1153486159, "osm_type": "way", "name": null, "voltage": "220000", "substation": null, "operator": null}}, {"type": "Feature", "geometry": {"type": "Point", "coordinates": [-117.4538748, 33.8548237]}, "properties": {"osm_id": 1154163764, "osm_type": "way", "name": null, "voltage": "33000", "substation": null, "operator": null}}, {"type": "Feature", "geometry": {"type": "Point", "coordinates": [-117.404947, 33.931836]}, "properties": {"osm_id": 1160609824, "osm_type": "way", "name": null, "voltage": "66000", "substation": null, "operator": null}}, {"type": "Feature", "geometry": {"type": "Point", "coordinates": [-116.1802469, 34.1361743]}, "properties": {"osm_id": 1160790993, "osm_type": "way", "name": "Hi Desert substation", "voltage": null, "substation": null, "operator": "Southern California Edison"}}, {"type": "Feature", "geometry": {"type": "Point", "coordinates": [-117.4155994, 33.9992568]}, "properties": {"osm_id": 1160961868, "osm_type": "way", "name": null, "voltage": "33000;12000;4160", "substation": null, "operator": null}}, {"type": "Feature", "geometry": {"type": "Point", "coordinates": [-117.3924756, 34.0057511]}, "properties": {"osm_id": 1161246628, "osm_type": "way", "name": null, "voltage": "33000;12000", "substation": null, "operator": null}}, {"type": "Feature", "geometry": {"type": "Point", "coordinates": [-117.4574339, 34.0050235]}, "properties": {"osm_id": 1163784631, "osm_type": "way", "name": null, "voltage": "66000", "substation": null, "operator": null}}, {"type": "Feature", "geometry": {"type": "Point", "coordinates": [-114.6185198, 34.8435196]}, "properties": {"osm_id": 1163941020, "osm_type": "way", "name": "Needles Substation", "voltage": "69000", "substation": "distribution", "operator": "Needles Public Utility Authority"}}, {"type": "Feature", "geometry": {"type": "Point", "coordinates": [-117.5927641, 34.0842635]}, "properties": {"osm_id": 1164332325, "osm_type": "way", "name": null, "voltage": "66000", "substation": null, "operator": null}}, {"type": "Feature", "geometry": {"type": "Point", "coordinates": [-114.4302329, 35.8200747]}, "properties": {"osm_id": 1164902443, "osm_type": "way", "name": null, "voltage": "345000", "substation": "transmission", "operator": null}}, {"type": "Feature", "geometry": {"type": "Point", "coordinates": [-114.4280201, 35.8193588]}, "properties": {"osm_id": 1164902445, "osm_type": "way", "name": null, "voltage": "345000", "substation": "generation", "operator": null}}, {"type": "Feature", "geometry": {"type": "Point", "coordinates": [-118.9232947, 35.3620874]}, "properties": {"osm_id": 1164918125, "osm_type": "way", "name": "Magunden Substation", "voltage": null, "substation": "distribution", "operator": "Pacific Gas and Electric Company"}}, {"type": "Feature", "geometry": {"type": "Point", "coordinates": [-118.1894501, 33.7428428]}, "properties": {"osm_id": 1167881419, "osm_type": "way", "name": null, "voltage": "66000", "substation": null, "operator": null}}, {"type": "Feature", "geometry": {"type": "Point", "coordinates": [-117.2314919, 34.1525818]}, "properties": {"osm_id": 1169210365, "osm_type": "way", "name": "San Manuel Substation", "voltage": "66000", "substation": null, "operator": null}}, {"type": "Feature", "geometry": {"type": "Point", "coordinates": [-116.8293762, 34.9030536]}, "properties": {"osm_id": 1170877873, "osm_type": "way", "name": null, "voltage": null, "substation": null, "operator": "Southern California Edison"}}, {"type": "Feature", "geometry": {"type": "Point", "coordinates": [-117.1902004, 32.7099321]}, "properties": {"osm_id": 1172637265, "osm_type": "way", "name": null, "voltage": null, "substation": null, "operator": null}}, {"type": "Feature", "geometry": {"type": "Point", "coordinates": [-117.1733615, 32.6987795]}, "properties": {"osm_id": 1172880609, "osm_type": "way", "name": null, "voltage": null, "substation": null, "operator": "San Diego Gas & Electric"}}, {"type": "Feature", "geometry": {"type": "Point", "coordinates": [-119.087598, 35.2213482]}, "properties": {"osm_id": 1176088932, "osm_type": "way", "name": null, "voltage": null, "substation": null, "operator": null}}, {"type": "Feature", "geometry": {"type": "Point", "coordinates": [-115.3400951, 33.7544896]}, "properties": {"osm_id": 1176915941, "osm_type": "way", "name": null, "voltage": "220000", "substation": null, "operator": null}}, {"type": "Feature", "geometry": {"type": "Point", "coordinates": [-115.319765, 33.7153498]}, "properties": {"osm_id": 1176915951, "osm_type": "way", "name": null, "voltage": "220000", "substation": null, "operator": null}}, {"type": "Feature", "geometry": {"type": "Point", "coordinates": [-115.3442366, 33.7411714]}, "properties": {"osm_id": 1176915957, "osm_type": "way", "name": null, "voltage": "220000", "substation": null, "operator": null}}, {"type": "Feature", "geometry": {"type": "Point", "coordinates": [-119.4728882, 35.281161]}, "properties": {"osm_id": 1188271702, "osm_type": "way", "name": null, "voltage": null, "substation": null, "operator": null}}, {"type": "Feature", "geometry": {"type": "Point", "coordinates": [-119.4741239, 35.2722754]}, "properties": {"osm_id": 1188271712, "osm_type": "way", "name": null, "voltage": null, "substation": null, "operator": null}}, {"type": "Feature", "geometry": {"type": "Point", "coordinates": [-119.4699874, 35.281341]}, "properties": {"osm_id": 1188271716, "osm_type": "way", "name": null, "voltage": "230000", "substation": null, "operator": null}}, {"type": "Feature", "geometry": {"type": "Point", "coordinates": [-117.182426, 32.7023531]}, "properties": {"osm_id": 1188553485, "osm_type": "way", "name": null, "voltage": null, "substation": null, "operator": null}}, {"type": "Feature", "geometry": {"type": "Point", "coordinates": [-119.2607424, 35.4422309]}, "properties": {"osm_id": 1190227915, "osm_type": "way", "name": null, "voltage": null, "substation": null, "operator": null}}, {"type": "Feature", "geometry": {"type": "Point", "coordinates": [-119.8538238, 35.6146042]}, "properties": {"osm_id": 1193280588, "osm_type": "way", "name": null, "voltage": null, "substation": null, "operator": null}}, {"type": "Feature", "geometry": {"type": "Point", "coordinates": [-119.7396475, 35.4424655]}, "properties": {"osm_id": 1193280589, "osm_type": "way", "name": null, "voltage": null, "substation": null, "operator": null}}, {"type": "Feature", "geometry": {"type": "Point", "coordinates": [-119.5799622, 35.6016192]}, "properties": {"osm_id": 1193280942, "osm_type": "way", "name": "Goose Lake Substation", "voltage": null, "substation": null, "operator": "Pacific Gas and Electric Company"}}, {"type": "Feature", "geometry": {"type": "Point", "coordinates": [-114.5357074, 32.6275061]}, "properties": {"osm_id": 1194038329, "osm_type": "way", "name": "Orchard Substation", "voltage": "230000", "substation": null, "operator": null}}, {"type": "Feature", "geometry": {"type": "Point", "coordinates": [-114.5591903, 35.1917793]}, "properties": {"osm_id": 1197598519, "osm_type": "way", "name": null, "voltage": "69000", "substation": null, "operator": null}}, {"type": "Feature", "geometry": {"type": "Point", "coordinates": [-114.1800721, 35.2211023]}, "properties": {"osm_id": 1197598520, "osm_type": "way", "name": null, "voltage": "69000", "substation": null, "operator": null}}, {"type": "Feature", "geometry": {"type": "Point", "coordinates": [-118.0683334, 34.1061276]}, "properties": {"osm_id": 1199651904, "osm_type": "way", "name": null, "voltage": null, "substation": null, "operator": null}}, {"type": "Feature", "geometry": {"type": "Point", "coordinates": [-117.1328861, 33.0211073]}, "properties": {"osm_id": 1200849938, "osm_type": "way", "name": null, "voltage": null, "substation": null, "operator": null}}, {"type": "Feature", "geometry": {"type": "Point", "coordinates": [-117.0591037, 34.1456137]}, "properties": {"osm_id": 1208787092, "osm_type": "way", "name": null, "voltage": "33000", "substation": null, "operator": null}}, {"type": "Feature", "geometry": {"type": "Point", "coordinates": [-116.2699904, 33.6991913]}, "properties": {"osm_id": 1209455960, "osm_type": "way", "name": null, "voltage": "92000", "substation": null, "operator": null}}, {"type": "Feature", "geometry": {"type": "Point", "coordinates": [-116.9494001, 32.6193517]}, "properties": {"osm_id": 1209456095, "osm_type": "way", "name": null, "voltage": null, "substation": null, "operator": "SDG&E"}}, {"type": "Feature", "geometry": {"type": "Point", "coordinates": [-114.6660477, 32.7052724]}, "properties": {"osm_id": 1210134387, "osm_type": "way", "name": "Cocopah Substation", "voltage": "69000", "substation": null, "operator": null}}, {"type": "Feature", "geometry": {"type": "Point", "coordinates": [-115.2869638, 32.5651349]}, "properties": {"osm_id": 1210893913, "osm_type": "way", "name": null, "voltage": null, "substation": null, "operator": null}}, {"type": "Feature", "geometry": {"type": "Point", "coordinates": [-115.3576778, 32.6483977]}, "properties": {"osm_id": 1210893917, "osm_type": "way", "name": null, "voltage": null, "substation": null, "operator": null}}, {"type": "Feature", "geometry": {"type": "Point", "coordinates": [-116.198651, 33.7187532]}, "properties": {"osm_id": 1211516751, "osm_type": "way", "name": null, "voltage": "92000", "substation": null, "operator": null}}, {"type": "Feature", "geometry": {"type": "Point", "coordinates": [-116.0977073, 34.2449312]}, "properties": {"osm_id": 1211966969, "osm_type": "way", "name": null, "voltage": null, "substation": null, "operator": null}}, {"type": "Feature", "geometry": {"type": "Point", "coordinates": [-117.3787959, 33.7838951]}, "properties": {"osm_id": 1213916184, "osm_type": "way", "name": null, "voltage": null, "substation": null, "operator": null}}, {"type": "Feature", "geometry": {"type": "Point", "coordinates": [-117.4772339, 33.7601832]}, "properties": {"osm_id": 1214083024, "osm_type": "way", "name": null, "voltage": null, "substation": null, "operator": null}}, {"type": "Feature", "geometry": {"type": "Point", "coordinates": [-117.464129, 33.7625599]}, "properties": {"osm_id": 1214083030, "osm_type": "way", "name": null, "voltage": null, "substation": null, "operator": null}}, {"type": "Feature", "geometry": {"type": "Point", "coordinates": [-117.2960982, 33.8602505]}, "properties": {"osm_id": 1214588719, "osm_type": "way", "name": null, "voltage": null, "substation": null, "operator": null}}, {"type": "Feature", "geometry": {"type": "Point", "coordinates": [-117.6185766, 33.9701286]}, "properties": {"osm_id": 1215479747, "osm_type": "way", "name": null, "voltage": "66000", "substation": null, "operator": "Southern California Edison"}}, {"type": "Feature", "geometry": {"type": "Point", "coordinates": [-117.1888737, 35.5199807]}, "properties": {"osm_id": 1217453571, "osm_type": "way", "name": null, "voltage": null, "substation": null, "operator": null}}, {"type": "Feature", "geometry": {"type": "Point", "coordinates": [-117.5102538, 33.7756445]}, "properties": {"osm_id": 1217658538, "osm_type": "way", "name": null, "voltage": null, "substation": null, "operator": null}}, {"type": "Feature", "geometry": {"type": "Point", "coordinates": [-114.6334795, 32.7388794]}, "properties": {"osm_id": 1219765681, "osm_type": "way", "name": "Winterhaven Substation", "voltage": "34500", "substation": null, "operator": null}}, {"type": "Feature", "geometry": {"type": "Point", "coordinates": [-117.9692993, 34.7633299]}, "properties": {"osm_id": 1220401339, "osm_type": "way", "name": null, "voltage": null, "substation": null, "operator": null}}, {"type": "Feature", "geometry": {"type": "Point", "coordinates": [-117.4881665, 34.0779082]}, "properties": {"osm_id": 1221495142, "osm_type": "way", "name": "Declez Substation", "voltage": "66000", "substation": null, "operator": "Southern California Edison"}}, {"type": "Feature", "geometry": {"type": "Point", "coordinates": [-118.0993208, 34.128132]}, "properties": {"osm_id": 1222384138, "osm_type": "way", "name": null, "voltage": null, "substation": null, "operator": null}}, {"type": "Feature", "geometry": {"type": "Point", "coordinates": [-116.0929474, 34.2449594]}, "properties": {"osm_id": 1222697462, "osm_type": "way", "name": null, "voltage": null, "substation": null, "operator": null}}, {"type": "Feature", "geometry": {"type": "Point", "coordinates": [-116.0927071, 34.2447504]}, "properties": {"osm_id": 1222697463, "osm_type": "way", "name": null, "voltage": null, "substation": null, "operator": null}}, {"type": "Feature", "geometry": {"type": "Point", "coordinates": [-116.1238838, 34.1489988]}, "properties": {"osm_id": 1223375856, "osm_type": "way", "name": null, "voltage": null, "substation": null, "operator": null}}, {"type": "Feature", "geometry": {"type": "Point", "coordinates": [-118.32492, 34.8060904]}, "properties": {"osm_id": 1223943572, "osm_type": "way", "name": "Polaris Substation", "voltage": null, "substation": "generation", "operator": "AES"}}, {"type": "Feature", "geometry": {"type": "Point", "coordinates": [-117.4498054, 34.6048033]}, "properties": {"osm_id": 1223950431, "osm_type": "way", "name": "Hamlin Substation", "voltage": "230000", "substation": "generation", "operator": "AES"}}, {"type": "Feature", "geometry": {"type": "Point", "coordinates": [-118.3351217, 34.1886773]}, "properties": {"osm_id": 1224665560, "osm_type": "way", "name": null, "voltage": null, "substation": null, "operator": null}}, {"type": "Feature", "geometry": {"type": "Point", "coordinates": [-117.0019032, 34.8900911]}, "properties": {"osm_id": 1224935019, "osm_type": "way", "name": null, "voltage": null, "substation": null, "operator": null}}, {"type": "Feature", "geometry": {"type": "Point", "coordinates": [-114.2196388, 35.0693428]}, "properties": {"osm_id": 1227043194, "osm_type": "way", "name": null, "voltage": "69000", "substation": null, "operator": null}}, {"type": "Feature", "geometry": {"type": "Point", "coordinates": [-114.4902462, 34.784132]}, "properties": {"osm_id": 1227896544, "osm_type": "way", "name": null, "voltage": "69000", "substation": null, "operator": null}}, {"type": "Feature", "geometry": {"type": "Point", "coordinates": [-114.2914512, 34.1472339]}, "properties": {"osm_id": 1229445747, "osm_type": "way", "name": null, "voltage": null, "substation": null, "operator": null}}, {"type": "Feature", "geometry": {"type": "Point", "coordinates": [-117.4527267, 33.9621332]}, "properties": {"osm_id": 1229806597, "osm_type": "way", "name": null, "voltage": "66000", "substation": null, "operator": null}}, {"type": "Feature", "geometry": {"type": "Point", "coordinates": [-119.2612702, 35.7726537]}, "properties": {"osm_id": 1229984363, "osm_type": "way", "name": null, "voltage": null, "substation": null, "operator": null}}, {"type": "Feature", "geometry": {"type": "Point", "coordinates": [-114.5632043, 35.0191776]}, "properties": {"osm_id": 1233858034, "osm_type": "way", "name": null, "voltage": "69000", "substation": null, "operator": null}}, {"type": "Feature", "geometry": {"type": "Point", "coordinates": [-114.1029089, 35.2081164]}, "properties": {"osm_id": 1233858087, "osm_type": "way", "name": null, "voltage": "69000", "substation": "distribution", "operator": null}}, {"type": "Feature", "geometry": {"type": "Point", "coordinates": [-115.5383641, 32.7672087]}, "properties": {"osm_id": 1234169205, "osm_type": "way", "name": null, "voltage": "34500", "substation": null, "operator": null}}, {"type": "Feature", "geometry": {"type": "Point", "coordinates": [-115.549439, 32.7956641]}, "properties": {"osm_id": 1234169237, "osm_type": "way", "name": null, "voltage": "92000", "substation": null, "operator": null}}, {"type": "Feature", "geometry": {"type": "Point", "coordinates": [-115.0311248, 32.7062066]}, "properties": {"osm_id": 1234169326, "osm_type": "way", "name": null, "voltage": "92000", "substation": null, "operator": null}}, {"type": "Feature", "geometry": {"type": "Point", "coordinates": [-115.1263108, 32.7060539]}, "properties": {"osm_id": 1234169329, "osm_type": "way", "name": null, "voltage": "92000", "substation": null, "operator": null}}, {"type": "Feature", "geometry": {"type": "Point", "coordinates": [-114.7350586, 33.5871081]}, "properties": {"osm_id": 1234169372, "osm_type": "way", "name": null, "voltage": "220000", "substation": null, "operator": null}}, {"type": "Feature", "geometry": {"type": "Point", "coordinates": [-114.814623, 33.5733482]}, "properties": {"osm_id": 1234169373, "osm_type": "way", "name": null, "voltage": "220000", "substation": null, "operator": null}}, {"type": "Feature", "geometry": {"type": "Point", "coordinates": [-114.6186118, 32.6176927]}, "properties": {"osm_id": 1234169495, "osm_type": "way", "name": "Waldrip Substation", "voltage": "69000", "substation": null, "operator": null}}, {"type": "Feature", "geometry": {"type": "Point", "coordinates": [-114.9425667, 32.7111728]}, "properties": {"osm_id": 1234453778, "osm_type": "way", "name": null, "voltage": "34500", "substation": null, "operator": null}}, {"type": "Feature", "geometry": {"type": "Point", "coordinates": [-114.9841135, 33.0535834]}, "properties": {"osm_id": 1234453780, "osm_type": "way", "name": null, "voltage": "92000", "substation": null, "operator": null}}, {"type": "Feature", "geometry": {"type": "Point", "coordinates": [-114.7055959, 32.6685856]}, "properties": {"osm_id": 1234453817, "osm_type": "way", "name": null, "voltage": "69000", "substation": null, "operator": null}}, {"type": "Feature", "geometry": {"type": "Point", "coordinates": [-114.5307255, 32.6924003]}, "properties": {"osm_id": 1234453878, "osm_type": "way", "name": "Sanguinetti Substation", "voltage": "69000", "substation": null, "operator": null}}, {"type": "Feature", "geometry": {"type": "Point", "coordinates": [-114.5964395, 32.6982861]}, "properties": {"osm_id": 1234453887, "osm_type": "way", "name": "Yuma Palms Temp Substation", "voltage": "69000", "substation": null, "operator": null}}, {"type": "Feature", "geometry": {"type": "Point", "coordinates": [-114.6208247, 32.7025685]}, "properties": {"osm_id": 1234453889, "osm_type": "way", "name": "Quechan Substation", "voltage": "69000", "substation": null, "operator": null}}, {"type": "Feature", "geometry": {"type": "Point", "coordinates": [-114.6536933, 32.7283257]}, "properties": {"osm_id": 1234453906, "osm_type": "way", "name": null, "voltage": "69000", "substation": null, "operator": null}}, {"type": "Feature", "geometry": {"type": "Point", "coordinates": [-114.5130013, 32.7370556]}, "properties": {"osm_id": 1234483709, "osm_type": "way", "name": "Mittry Substation", "voltage": "69000", "substation": null, "operator": null}}, {"type": "Feature", "geometry": {"type": "Point", "coordinates": [-114.5128889, 32.7361446]}, "properties": {"osm_id": 1234483710, "osm_type": "way", "name": null, "voltage": "69000", "substation": null, "operator": null}}, {"type": "Feature", "geometry": {"type": "Point", "coordinates": [-116.3553014, 33.8878457]}, "properties": {"osm_id": 1237566553, "osm_type": "way", "name": null, "voltage": "92000", "substation": null, "operator": null}}, {"type": "Feature", "geometry": {"type": "Point", "coordinates": [-118.3451801, 34.1851345]}, "properties": {"osm_id": 1238983163, "osm_type": "way", "name": null, "voltage": null, "substation": null, "operator": null}}, {"type": "Feature", "geometry": {"type": "Point", "coordinates": [-118.1982611, 34.0688142]}, "properties": {"osm_id": 1243071985, "osm_type": "way", "name": null, "voltage": null, "substation": null, "operator": null}}, {"type": "Feature", "geometry": {"type": "Point", "coordinates": [-117.7469959, 33.8714235]}, "properties": {"osm_id": 1245960929, "osm_type": "way", "name": null, "voltage": "66000", "substation": null, "operator": null}}, {"type": "Feature", "geometry": {"type": "Point", "coordinates": [-115.565883, 33.1783856]}, "properties": {"osm_id": 1248907665, "osm_type": "way", "name": null, "voltage": "92000", "substation": null, "operator": null}}, {"type": "Feature", "geometry": {"type": "Point", "coordinates": [-115.5731235, 33.2049371]}, "properties": {"osm_id": 1248907680, "osm_type": "way", "name": null, "voltage": "220000", "substation": null, "operator": null}}, {"type": "Feature", "geometry": {"type": "Point", "coordinates": [-115.4664216, 33.0832512]}, "properties": {"osm_id": 1248907698, "osm_type": "way", "name": null, "voltage": "161000", "substation": null, "operator": null}}, {"type": "Feature", "geometry": {"type": "Point", "coordinates": [-115.717409, 32.7344753]}, "properties": {"osm_id": 1248907704, "osm_type": "way", "name": null, "voltage": "230000", "substation": null, "operator": null}}, {"type": "Feature", "geometry": {"type": "Point", "coordinates": [-115.7802887, 32.7717477]}, "properties": {"osm_id": 1248907713, "osm_type": "way", "name": null, "voltage": "230000", "substation": null, "operator": null}}, {"type": "Feature", "geometry": {"type": "Point", "coordinates": [-115.7814487, 32.7716227]}, "properties": {"osm_id": 1248907714, "osm_type": "way", "name": null, "voltage": "230000", "substation": null, "operator": null}}, {"type": "Feature", "geometry": {"type": "Point", "coordinates": [-115.4348704, 33.1934554]}, "properties": {"osm_id": 1248907780, "osm_type": "way", "name": null, "voltage": "220000", "substation": "generation", "operator": null}}, {"type": "Feature", "geometry": {"type": "Point", "coordinates": [-116.2429051, 33.6995717]}, "properties": {"osm_id": 1248907781, "osm_type": "way", "name": "Avenue #48 Substation", "voltage": "92000", "substation": "yes", "operator": "Imperial Irrigation District"}}, {"type": "Feature", "geometry": {"type": "Point", "coordinates": [-116.2322443, 33.7092818]}, "properties": {"osm_id": 1248907820, "osm_type": "way", "name": null, "voltage": "92000", "substation": null, "operator": null}}, {"type": "Feature", "geometry": {"type": "Point", "coordinates": [-116.2341608, 33.7314151]}, "properties": {"osm_id": 1248907832, "osm_type": "way", "name": null, "voltage": "92000", "substation": null, "operator": null}}, {"type": "Feature", "geometry": {"type": "Point", "coordinates": [-116.5797208, 33.9217472]}, "properties": {"osm_id": 1248907994, "osm_type": "way", "name": null, "voltage": "115000", "substation": null, "operator": null}}, {"type": "Feature", "geometry": {"type": "Point", "coordinates": [-116.5741587, 33.9251987]}, "properties": {"osm_id": 1248908009, "osm_type": "way", "name": null, "voltage": null, "substation": null, "operator": null}}, {"type": "Feature", "geometry": {"type": "Point", "coordinates": [-115.7889668, 32.8266926]}, "properties": {"osm_id": 1248985420, "osm_type": "way", "name": null, "voltage": "92000", "substation": null, "operator": null}}, {"type": "Feature", "geometry": {"type": "Point", "coordinates": [-115.37308, 32.6754209]}, "properties": {"osm_id": 1248985456, "osm_type": "way", "name": null, "voltage": "34500", "substation": null, "operator": null}}, {"type": "Feature", "geometry": {"type": "Point", "coordinates": [-115.392062, 32.6735281]}, "properties": {"osm_id": 1248985464, "osm_type": "way", "name": null, "voltage": "34500", "substation": null, "operator": null}}, {"type": "Feature", "geometry": {"type": "Point", "coordinates": [-115.4362792, 32.6701006]}, "properties": {"osm_id": 1248985498, "osm_type": "way", "name": null, "voltage": "92000", "substation": null, "operator": null}}, {"type": "Feature", "geometry": {"type": "Point", "coordinates": [-115.5345682, 32.7134078]}, "properties": {"osm_id": 1248985512, "osm_type": "way", "name": null, "voltage": "92000", "substation": null, "operator": null}}, {"type": "Feature", "geometry": {"type": "Point", "coordinates": [-115.5385281, 32.7152616]}, "properties": {"osm_id": 1248985517, "osm_type": "way", "name": null, "voltage": "92000", "substation": null, "operator": null}}, {"type": "Feature", "geometry": {"type": "Point", "coordinates": [-115.5345804, 32.7147786]}, "properties": {"osm_id": 1248985522, "osm_type": "way", "name": null, "voltage": "92000", "substation": null, "operator": null}}, {"type": "Feature", "geometry": {"type": "Point", "coordinates": [-115.5346734, 32.7143501]}, "properties": {"osm_id": 1248985524, "osm_type": "way", "name": null, "voltage": "92000", "substation": null, "operator": null}}, {"type": "Feature", "geometry": {"type": "Point", "coordinates": [-115.5101504, 33.1265421]}, "properties": {"osm_id": 1248985545, "osm_type": "way", "name": null, "voltage": "92000", "substation": null, "operator": null}}, {"type": "Feature", "geometry": {"type": "Point", "coordinates": [-115.6189662, 33.0381625]}, "properties": {"osm_id": 1248985553, "osm_type": "way", "name": null, "voltage": null, "substation": null, "operator": null}}, {"type": "Feature", "geometry": {"type": "Point", "coordinates": [-115.5429349, 32.9869745]}, "properties": {"osm_id": 1248985563, "osm_type": "way", "name": null, "voltage": "92000", "substation": null, "operator": null}}, {"type": "Feature", "geometry": {"type": "Point", "coordinates": [-115.5428598, 33.0139539]}, "properties": {"osm_id": 1248985569, "osm_type": "way", "name": null, "voltage": "92000", "substation": null, "operator": null}}, {"type": "Feature", "geometry": {"type": "Point", "coordinates": [-115.5284748, 32.9798673]}, "properties": {"osm_id": 1248985572, "osm_type": "way", "name": null, "voltage": null, "substation": null, "operator": null}}, {"type": "Feature", "geometry": {"type": "Point", "coordinates": [-115.5341155, 32.9702984]}, "properties": {"osm_id": 1248985582, "osm_type": "way", "name": null, "voltage": "92000", "substation": null, "operator": null}}, {"type": "Feature", "geometry": {"type": "Point", "coordinates": [-115.5346325, 32.9684209]}, "properties": {"osm_id": 1248985590, "osm_type": "way", "name": null, "voltage": "92000", "substation": null, "operator": null}}, {"type": "Feature", "geometry": {"type": "Point", "coordinates": [-115.5607009, 32.9629859]}, "properties": {"osm_id": 1248985615, "osm_type": "way", "name": null, "voltage": "92000", "substation": null, "operator": null}}, {"type": "Feature", "geometry": {"type": "Point", "coordinates": [-115.5139111, 32.9061003]}, "properties": {"osm_id": 1248985632, "osm_type": "way", "name": null, "voltage": "92000", "substation": null, "operator": null}}, {"type": "Feature", "geometry": {"type": "Point", "coordinates": [-115.512857, 32.9033094]}, "properties": {"osm_id": 1248985633, "osm_type": "way", "name": null, "voltage": "92000", "substation": null, "operator": null}}, {"type": "Feature", "geometry": {"type": "Point", "coordinates": [-115.5102649, 32.8201733]}, "properties": {"osm_id": 1248985641, "osm_type": "way", "name": null, "voltage": "92000", "substation": null, "operator": null}}, {"type": "Feature", "geometry": {"type": "Point", "coordinates": [-115.3881748, 32.8123184]}, "properties": {"osm_id": 1248985661, "osm_type": "way", "name": null, "voltage": "92000", "substation": null, "operator": null}}, {"type": "Feature", "geometry": {"type": "Point", "coordinates": [-115.5175238, 32.7144619]}, "properties": {"osm_id": 1248985692, "osm_type": "way", "name": null, "voltage": "92000", "substation": null, "operator": null}}, {"type": "Feature", "geometry": {"type": "Point", "coordinates": [-115.5653669, 32.7636296]}, "properties": {"osm_id": 1248985701, "osm_type": "way", "name": null, "voltage": "92000", "substation": null, "operator": null}}, {"type": "Feature", "geometry": {"type": "Point", "coordinates": [-115.5791667, 32.7996225]}, "properties": {"osm_id": 1248985710, "osm_type": "way", "name": null, "voltage": "92000", "substation": null, "operator": null}}, {"type": "Feature", "geometry": {"type": "Point", "coordinates": [-115.7434634, 32.8806137]}, "properties": {"osm_id": 1248985723, "osm_type": "way", "name": null, "voltage": "92000", "substation": null, "operator": null}}, {"type": "Feature", "geometry": {"type": "Point", "coordinates": [-115.9698755, 33.2852907]}, "properties": {"osm_id": 1248985741, "osm_type": "way", "name": null, "voltage": "92000", "substation": null, "operator": null}}, {"type": "Feature", "geometry": {"type": "Point", "coordinates": [-116.1132023, 33.5249612]}, "properties": {"osm_id": 1248985753, "osm_type": "way", "name": null, "voltage": "92000", "substation": null, "operator": null}}, {"type": "Feature", "geometry": {"type": "Point", "coordinates": [-115.2633227, 32.7752273]}, "properties": {"osm_id": 1249384420, "osm_type": "way", "name": null, "voltage": "92000", "substation": null, "operator": null}}, {"type": "Feature", "geometry": {"type": "Point", "coordinates": [-116.650206, 33.9215976]}, "properties": {"osm_id": 1249384423, "osm_type": "way", "name": null, "voltage": null, "substation": null, "operator": null}}, {"type": "Feature", "geometry": {"type": "Point", "coordinates": [-116.5632449, 33.9093005]}, "properties": {"osm_id": 1249384425, "osm_type": "way", "name": null, "voltage": null, "substation": null, "operator": null}}, {"type": "Feature", "geometry": {"type": "Point", "coordinates": [-117.1112756, 34.027163]}, "properties": {"osm_id": 1249384484, "osm_type": "way", "name": "Tennessee Substation", "voltage": "66000", "substation": null, "operator": null}}, {"type": "Feature", "geometry": {"type": "Point", "coordinates": [-117.176622, 34.0601316]}, "properties": {"osm_id": 1249384490, "osm_type": "way", "name": "Redlands Substation", "voltage": "66000", "substation": null, "operator": null}}, {"type": "Feature", "geometry": {"type": "Point", "coordinates": [-117.1207471, 34.0632768]}, "properties": {"osm_id": 1249384509, "osm_type": "way", "name": "Mentone Substation", "voltage": "115000", "substation": null, "operator": null}}, {"type": "Feature", "geometry": {"type": "Point", "coordinates": [-117.0774775, 34.0742045]}, "properties": {"osm_id": 1249384513, "osm_type": "way", "name": null, "voltage": "115000", "substation": null, "operator": null}}, {"type": "Feature", "geometry": {"type": "Point", "coordinates": [-117.0475084, 34.0743852]}, "properties": {"osm_id": 1249384523, "osm_type": "way", "name": null, "voltage": "115000", "substation": "minor_distribution", "operator": null}}, {"type": "Feature", "geometry": {"type": "Point", "coordinates": [-115.2573431, 32.8165046]}, "properties": {"osm_id": 1249384688, "osm_type": "way", "name": null, "voltage": "92000", "substation": null, "operator": null}}, {"type": "Feature", "geometry": {"type": "Point", "coordinates": [-115.2568429, 32.816505]}, "properties": {"osm_id": 1249384689, "osm_type": "way", "name": null, "voltage": "92000", "substation": null, "operator": null}}, {"type": "Feature", "geometry": {"type": "Point", "coordinates": [-115.2487631, 32.7866026]}, "properties": {"osm_id": 1249384698, "osm_type": "way", "name": null, "voltage": "92000", "substation": null, "operator": null}}, {"type": "Feature", "geometry": {"type": "Point", "coordinates": [-115.248407, 32.7865743]}, "properties": {"osm_id": 1249384699, "osm_type": "way", "name": null, "voltage": "92000", "substation": null, "operator": null}}, {"type": "Feature", "geometry": {"type": "Point", "coordinates": [-117.6471908, 35.364769]}, "properties": {"osm_id": 1249793666, "osm_type": "way", "name": null, "voltage": null, "substation": null, "operator": null}}, {"type": "Feature", "geometry": {"type": "Point", "coordinates": [-117.2854789, 34.242766]}, "properties": {"osm_id": 1249793977, "osm_type": "way", "name": null, "voltage": "33000", "substation": null, "operator": null}}, {"type": "Feature", "geometry": {"type": "Point", "coordinates": [-117.3322934, 33.9718998]}, "properties": {"osm_id": 1250117745, "osm_type": "way", "name": null, "voltage": "66000", "substation": null, "operator": null}}, {"type": "Feature", "geometry": {"type": "Point", "coordinates": [-119.5779782, 35.2286572]}, "properties": {"osm_id": 1251831000, "osm_type": "way", "name": null, "voltage": null, "substation": null, "operator": null}}, {"type": "Feature", "geometry": {"type": "Point", "coordinates": [-119.5812631, 35.2099534]}, "properties": {"osm_id": 1251831004, "osm_type": "way", "name": null, "voltage": null, "substation": null, "operator": null}}, {"type": "Feature", "geometry": {"type": "Point", "coordinates": [-119.6298351, 35.2255877]}, "properties": {"osm_id": 1251831043, "osm_type": "way", "name": null, "voltage": null, "substation": null, "operator": null}}, {"type": "Feature", "geometry": {"type": "Point", "coordinates": [-119.6276916, 35.2257853]}, "properties": {"osm_id": 1251831047, "osm_type": "way", "name": null, "voltage": null, "substation": null, "operator": null}}, {"type": "Feature", "geometry": {"type": "Point", "coordinates": [-119.6310805, 35.2273503]}, "properties": {"osm_id": 1251831054, "osm_type": "way", "name": null, "voltage": "230000", "substation": null, "operator": null}}, {"type": "Feature", "geometry": {"type": "Point", "coordinates": [-117.3048405, 35.0023143]}, "properties": {"osm_id": 1252216461, "osm_type": "way", "name": null, "voltage": "230000", "substation": null, "operator": null}}, {"type": "Feature", "geometry": {"type": "Point", "coordinates": [-117.0996802, 32.6316517]}, "properties": {"osm_id": 1252216788, "osm_type": "way", "name": null, "voltage": null, "substation": null, "operator": null}}, {"type": "Feature", "geometry": {"type": "Point", "coordinates": [-116.5435968, 33.8129783]}, "properties": {"osm_id": 1252942880, "osm_type": "way", "name": null, "voltage": null, "substation": null, "operator": null}}, {"type": "Feature", "geometry": {"type": "Point", "coordinates": [-116.4726434, 33.8084106]}, "properties": {"osm_id": 1252946317, "osm_type": "way", "name": null, "voltage": null, "substation": null, "operator": null}}, {"type": "Feature", "geometry": {"type": "Point", "coordinates": [-114.6182182, 34.8511586]}, "properties": {"osm_id": 1253434575, "osm_type": "way", "name": null, "voltage": "69000", "substation": null, "operator": null}}, {"type": "Feature", "geometry": {"type": "Point", "coordinates": [-114.5796052, 34.8802553]}, "properties": {"osm_id": 1253434588, "osm_type": "way", "name": null, "voltage": "69000", "substation": null, "operator": null}}, {"type": "Feature", "geometry": {"type": "Point", "coordinates": [-114.5621624, 34.8675245]}, "properties": {"osm_id": 1253434599, "osm_type": "way", "name": null, "voltage": "69000", "substation": null, "operator": null}}, {"type": "Feature", "geometry": {"type": "Point", "coordinates": [-114.5964746, 34.9247126]}, "properties": {"osm_id": 1253434600, "osm_type": "way", "name": null, "voltage": "69000", "substation": null, "operator": null}}, {"type": "Feature", "geometry": {"type": "Point", "coordinates": [-114.6171983, 35.1073947]}, "properties": {"osm_id": 1253434612, "osm_type": "way", "name": null, "voltage": "69000", "substation": null, "operator": null}}, {"type": "Feature", "geometry": {"type": "Point", "coordinates": [-114.5938547, 35.0981893]}, "properties": {"osm_id": 1253434615, "osm_type": "way", "name": null, "voltage": "69000", "substation": null, "operator": null}}, {"type": "Feature", "geometry": {"type": "Point", "coordinates": [-114.2501051, 34.7260424]}, "properties": {"osm_id": 1253434693, "osm_type": "way", "name": null, "voltage": null, "substation": null, "operator": null}}, {"type": "Feature", "geometry": {"type": "Point", "coordinates": [-114.1688962, 34.2901685]}, "properties": {"osm_id": 1253434712, "osm_type": "way", "name": null, "voltage": null, "substation": null, "operator": null}}, {"type": "Feature", "geometry": {"type": "Point", "coordinates": [-114.1747216, 35.0541301]}, "properties": {"osm_id": 1253848835, "osm_type": "way", "name": null, "voltage": "69000", "substation": null, "operator": null}}, {"type": "Feature", "geometry": {"type": "Point", "coordinates": [-114.1486359, 35.3609364]}, "properties": {"osm_id": 1253848848, "osm_type": "way", "name": null, "voltage": "69000", "substation": null, "operator": null}}, {"type": "Feature", "geometry": {"type": "Point", "coordinates": [-114.1512989, 35.3696759]}, "properties": {"osm_id": 1253848852, "osm_type": "way", "name": null, "voltage": "69000", "substation": null, "operator": null}}, {"type": "Feature", "geometry": {"type": "Point", "coordinates": [-114.2699767, 35.4101557]}, "properties": {"osm_id": 1253848857, "osm_type": "way", "name": null, "voltage": "69000", "substation": "distribution", "operator": null}}, {"type": "Feature", "geometry": {"type": "Point", "coordinates": [-114.9352301, 35.4841127]}, "properties": {"osm_id": 1253848928, "osm_type": "way", "name": null, "voltage": "69000", "substation": null, "operator": null}}, {"type": "Feature", "geometry": {"type": "Point", "coordinates": [-114.9352704, 35.4829036]}, "properties": {"osm_id": 1253848930, "osm_type": "way", "name": null, "voltage": "69000", "substation": null, "operator": null}}, {"type": "Feature", "geometry": {"type": "Point", "coordinates": [-114.9354786, 35.4595864]}, "properties": {"osm_id": 1253848935, "osm_type": "way", "name": null, "voltage": "69000", "substation": null, "operator": null}}, {"type": "Feature", "geometry": {"type": "Point", "coordinates": [-114.8364426, 35.2949127]}, "properties": {"osm_id": 1253848937, "osm_type": "way", "name": null, "voltage": "69000", "substation": null, "operator": null}}, {"type": "Feature", "geometry": {"type": "Point", "coordinates": [-114.5781071, 35.1517842]}, "properties": {"osm_id": 1253848939, "osm_type": "way", "name": null, "voltage": "69000", "substation": null, "operator": null}}, {"type": "Feature", "geometry": {"type": "Point", "coordinates": [-114.6774042, 35.0327964]}, "properties": {"osm_id": 1253848964, "osm_type": "way", "name": null, "voltage": "69000", "substation": null, "operator": null}}, {"type": "Feature", "geometry": {"type": "Point", "coordinates": [-118.1731549, 34.0150594]}, "properties": {"osm_id": 1254224963, "osm_type": "way", "name": null, "voltage": null, "substation": null, "operator": null}}, {"type": "Feature", "geometry": {"type": "Point", "coordinates": [-116.5432675, 33.7989039]}, "properties": {"osm_id": 1265015465, "osm_type": "way", "name": null, "voltage": null, "substation": null, "operator": null}}, {"type": "Feature", "geometry": {"type": "Point", "coordinates": [-119.62145, 34.9281474]}, "properties": {"osm_id": 1266670672, "osm_type": "way", "name": null, "voltage": null, "substation": null, "operator": null}}, {"type": "Feature", "geometry": {"type": "Point", "coordinates": [-119.6213715, 34.9275058]}, "properties": {"osm_id": 1266670673, "osm_type": "way", "name": null, "voltage": null, "substation": null, "operator": null}}, {"type": "Feature", "geometry": {"type": "Point", "coordinates": [-119.5960522, 34.9049263]}, "properties": {"osm_id": 1266670675, "osm_type": "way", "name": null, "voltage": null, "substation": null, "operator": null}}, {"type": "Feature", "geometry": {"type": "Point", "coordinates": [-119.3175451, 35.513853]}, "properties": {"osm_id": 1266861389, "osm_type": "way", "name": null, "voltage": null, "substation": null, "operator": "Pacific Gas and Electric Company"}}, {"type": "Feature", "geometry": {"type": "Point", "coordinates": [-118.9606758, 35.4406622]}, "properties": {"osm_id": 1270464990, "osm_type": "way", "name": null, "voltage": null, "substation": null, "operator": null}}, {"type": "Feature", "geometry": {"type": "Point", "coordinates": [-116.5719313, 33.9311397]}, "properties": {"osm_id": 1270541455, "osm_type": "way", "name": null, "voltage": "220000", "substation": null, "operator": null}}, {"type": "Feature", "geometry": {"type": "Point", "coordinates": [-119.0370859, 35.4695227]}, "properties": {"osm_id": 1274976852, "osm_type": "way", "name": null, "voltage": null, "substation": null, "operator": null}}, {"type": "Feature", "geometry": {"type": "Point", "coordinates": [-117.2014566, 34.2344119]}, "properties": {"osm_id": 1280463764, "osm_type": "way", "name": null, "voltage": "33000", "substation": null, "operator": null}}, {"type": "Feature", "geometry": {"type": "Point", "coordinates": [-117.3145089, 34.058907]}, "properties": {"osm_id": 1280463868, "osm_type": "way", "name": null, "voltage": "66000", "substation": null, "operator": null}}, {"type": "Feature", "geometry": {"type": "Point", "coordinates": [-117.3607833, 34.0419963]}, "properties": {"osm_id": 1280463882, "osm_type": "way", "name": null, "voltage": "66000", "substation": null, "operator": null}}, {"type": "Feature", "geometry": {"type": "Point", "coordinates": [-117.3251467, 33.9016283]}, "properties": {"osm_id": 1282256491, "osm_type": "way", "name": null, "voltage": "66000", "substation": null, "operator": null}}, {"type": "Feature", "geometry": {"type": "Point", "coordinates": [-117.4353977, 33.915579]}, "properties": {"osm_id": 1282256500, "osm_type": "way", "name": null, "voltage": "66000", "substation": null, "operator": null}}, {"type": "Feature", "geometry": {"type": "Point", "coordinates": [-117.4274578, 33.9608985]}, "properties": {"osm_id": 1282256525, "osm_type": "way", "name": "Mountain View Substation", "voltage": "66000", "substation": "distribution", "operator": null}}, {"type": "Feature", "geometry": {"type": "Point", "coordinates": [-117.2433712, 33.9472219]}, "properties": {"osm_id": 1282256589, "osm_type": "way", "name": null, "voltage": "115000", "substation": null, "operator": null}}, {"type": "Feature", "geometry": {"type": "Point", "coordinates": [-117.2901179, 34.1422624]}, "properties": {"osm_id": 1282256645, "osm_type": "way", "name": null, "voltage": "33000", "substation": null, "operator": null}}, {"type": "Feature", "geometry": {"type": "Point", "coordinates": [-117.1057435, 34.0985262]}, "properties": {"osm_id": 1282342981, "osm_type": "way", "name": null, "voltage": "33000", "substation": null, "operator": null}}, {"type": "Feature", "geometry": {"type": "Point", "coordinates": [-117.1334846, 34.0797987]}, "properties": {"osm_id": 1282342984, "osm_type": "way", "name": null, "voltage": "115000", "substation": null, "operator": null}}, {"type": "Feature", "geometry": {"type": "Point", "coordinates": [-117.1889117, 34.0780257]}, "properties": {"osm_id": 1282342992, "osm_type": "way", "name": null, "voltage": "115000", "substation": null, "operator": null}}, {"type": "Feature", "geometry": {"type": "Point", "coordinates": [-117.1340139, 33.8256852]}, "properties": {"osm_id": 1283495818, "osm_type": "way", "name": null, "voltage": "115000", "substation": null, "operator": null}}, {"type": "Feature", "geometry": {"type": "Point", "coordinates": [-117.2123562, 33.8291508]}, "properties": {"osm_id": 1283495855, "osm_type": "way", "name": null, "voltage": "115000", "substation": null, "operator": null}}, {"type": "Feature", "geometry": {"type": "Point", "coordinates": [-117.2553905, 33.584546]}, "properties": {"osm_id": 1283857383, "osm_type": "way", "name": null, "voltage": "115000;66000", "substation": null, "operator": null}}, {"type": "Feature", "geometry": {"type": "Point", "coordinates": [-117.4666325, 33.9045635]}, "properties": {"osm_id": 1283857401, "osm_type": "way", "name": "Kaiser Substation", "voltage": "66000", "substation": null, "operator": null}}, {"type": "Feature", "geometry": {"type": "Point", "coordinates": [-118.5670095, 35.1087993]}, "properties": {"osm_id": 1284233125, "osm_type": "way", "name": null, "voltage": null, "substation": null, "operator": null}}, {"type": "Feature", "geometry": {"type": "Point", "coordinates": [-117.3922439, 33.9575435]}, "properties": {"osm_id": 1284298191, "osm_type": "way", "name": null, "voltage": "66000", "substation": null, "operator": null}}, {"type": "Feature", "geometry": {"type": "Point", "coordinates": [-116.3350735, 33.7574829]}, "properties": {"osm_id": 1284460709, "osm_type": "way", "name": null, "voltage": "115000", "substation": null, "operator": null}}, {"type": "Feature", "geometry": {"type": "Point", "coordinates": [-116.505149, 33.8461224]}, "properties": {"osm_id": 1284460715, "osm_type": "way", "name": null, "voltage": "115000", "substation": null, "operator": null}}, {"type": "Feature", "geometry": {"type": "Point", "coordinates": [-116.4499157, 33.7919455]}, "properties": {"osm_id": 1284460749, "osm_type": "way", "name": null, "voltage": "115000", "substation": null, "operator": null}}, {"type": "Feature", "geometry": {"type": "Point", "coordinates": [-116.2867538, 33.7141327]}, "properties": {"osm_id": 1284460823, "osm_type": "way", "name": null, "voltage": "92000", "substation": null, "operator": null}}, {"type": "Feature", "geometry": {"type": "Point", "coordinates": [-116.2943196, 33.6819638]}, "properties": {"osm_id": 1284460829, "osm_type": "way", "name": null, "voltage": "92000", "substation": null, "operator": null}}, {"type": "Feature", "geometry": {"type": "Point", "coordinates": [-116.2650362, 33.6717327]}, "properties": {"osm_id": 1284460830, "osm_type": "way", "name": null, "voltage": "92000", "substation": null, "operator": null}}, {"type": "Feature", "geometry": {"type": "Point", "coordinates": [-116.5043748, 33.9326134]}, "properties": {"osm_id": 1284485105, "osm_type": "way", "name": null, "voltage": null, "substation": null, "operator": null}}, {"type": "Feature", "geometry": {"type": "Point", "coordinates": [-116.1634075, 33.7443173]}, "properties": {"osm_id": 1284485132, "osm_type": "way", "name": null, "voltage": "92000", "substation": null, "operator": null}}, {"type": "Feature", "geometry": {"type": "Point", "coordinates": [-115.6887628, 33.3849564]}, "properties": {"osm_id": 1284506461, "osm_type": "way", "name": null, "voltage": "92000", "substation": null, "operator": null}}, {"type": "Feature", "geometry": {"type": "Point", "coordinates": [-115.9216262, 33.5232209]}, "properties": {"osm_id": 1284506464, "osm_type": "way", "name": null, "voltage": "92000", "substation": null, "operator": null}}, {"type": "Feature", "geometry": {"type": "Point", "coordinates": [-115.9749845, 33.5507152]}, "properties": {"osm_id": 1284506467, "osm_type": "way", "name": null, "voltage": "92000", "substation": null, "operator": null}}, {"type": "Feature", "geometry": {"type": "Point", "coordinates": [-116.060772, 33.555656]}, "properties": {"osm_id": 1284506472, "osm_type": "way", "name": null, "voltage": "92000", "substation": null, "operator": null}}, {"type": "Feature", "geometry": {"type": "Point", "coordinates": [-115.6153771, 33.1643537]}, "properties": {"osm_id": 1284506483, "osm_type": "way", "name": null, "voltage": "92000", "substation": null, "operator": null}}, {"type": "Feature", "geometry": {"type": "Point", "coordinates": [-115.6177045, 33.1623593]}, "properties": {"osm_id": 1284506485, "osm_type": "way", "name": null, "voltage": "92000", "substation": null, "operator": null}}, {"type": "Feature", "geometry": {"type": "Point", "coordinates": [-115.6043073, 33.178057]}, "properties": {"osm_id": 1284506487, "osm_type": "way", "name": null, "voltage": "92000", "substation": null, "operator": null}}, {"type": "Feature", "geometry": {"type": "Point", "coordinates": [-115.6468008, 33.1571395]}, "properties": {"osm_id": 1284506490, "osm_type": "way", "name": null, "voltage": "92000", "substation": null, "operator": null}}, {"type": "Feature", "geometry": {"type": "Point", "coordinates": [-115.639983, 33.157731]}, "properties": {"osm_id": 1284506495, "osm_type": "way", "name": null, "voltage": "92000", "substation": null, "operator": null}}, {"type": "Feature", "geometry": {"type": "Point", "coordinates": [-115.6396149, 33.1537062]}, "properties": {"osm_id": 1284506496, "osm_type": "way", "name": null, "voltage": "92000", "substation": null, "operator": null}}, {"type": "Feature", "geometry": {"type": "Point", "coordinates": [-115.5005403, 33.1407865]}, "properties": {"osm_id": 1284506509, "osm_type": "way", "name": null, "voltage": "92000", "substation": null, "operator": null}}, {"type": "Feature", "geometry": {"type": "Point", "coordinates": [-118.685048, 34.0363494]}, "properties": {"osm_id": 1285941800, "osm_type": "way", "name": null, "voltage": null, "substation": null, "operator": "Southern California Edison"}}, {"type": "Feature", "geometry": {"type": "Point", "coordinates": [-118.0905546, 33.879882]}, "properties": {"osm_id": 1292124657, "osm_type": "way", "name": null, "voltage": null, "substation": null, "operator": null}}, {"type": "Feature", "geometry": {"type": "Point", "coordinates": [-118.6980204, 34.0395578]}, "properties": {"osm_id": 1292792074, "osm_type": "way", "name": null, "voltage": null, "substation": null, "operator": "Southern California Edison"}}, {"type": "Feature", "geometry": {"type": "Point", "coordinates": [-117.5264393, 34.10372]}, "properties": {"osm_id": 1294858608, "osm_type": "way", "name": null, "voltage": "66000", "substation": null, "operator": null}}, {"type": "Feature", "geometry": {"type": "Point", "coordinates": [-117.5305732, 34.1010361]}, "properties": {"osm_id": 1294858614, "osm_type": "way", "name": null, "voltage": "66000", "substation": null, "operator": null}}, {"type": "Feature", "geometry": {"type": "Point", "coordinates": [-117.5313494, 34.0929332]}, "properties": {"osm_id": 1294858617, "osm_type": "way", "name": null, "voltage": "66000", "substation": null, "operator": null}}, {"type": "Feature", "geometry": {"type": "Point", "coordinates": [-117.5333086, 34.0904483]}, "properties": {"osm_id": 1294858621, "osm_type": "way", "name": null, "voltage": "66000", "substation": "generation", "operator": null}}, {"type": "Feature", "geometry": {"type": "Point", "coordinates": [-117.5666398, 34.0913161]}, "properties": {"osm_id": 1294858626, "osm_type": "way", "name": null, "voltage": "66000", "substation": null, "operator": null}}, {"type": "Feature", "geometry": {"type": "Point", "coordinates": [-117.5290332, 34.062981]}, "properties": {"osm_id": 1294858671, "osm_type": "way", "name": null, "voltage": "66000", "substation": null, "operator": null}}, {"type": "Feature", "geometry": {"type": "Point", "coordinates": [-117.5218436, 34.066659]}, "properties": {"osm_id": 1294858680, "osm_type": "way", "name": null, "voltage": "66000", "substation": null, "operator": null}}, {"type": "Feature", "geometry": {"type": "Point", "coordinates": [-117.500801, 34.0769776]}, "properties": {"osm_id": 1294858690, "osm_type": "way", "name": "Strip Substation", "voltage": "66000", "substation": "industrial", "operator": "Southern California Edison"}}, {"type": "Feature", "geometry": {"type": "Point", "coordinates": [-117.5059232, 34.0827757]}, "properties": {"osm_id": 1294858709, "osm_type": "way", "name": null, "voltage": "66000", "substation": null, "operator": null}}, {"type": "Feature", "geometry": {"type": "Point", "coordinates": [-117.3224167, 34.0636889]}, "properties": {"osm_id": 1294858783, "osm_type": "way", "name": null, "voltage": "66000", "substation": null, "operator": "City of Colton Electric Utility"}}, {"type": "Feature", "geometry": {"type": "Point", "coordinates": [-117.3767335, 34.0230541]}, "properties": {"osm_id": 1294858826, "osm_type": "way", "name": null, "voltage": "66000", "substation": null, "operator": null}}, {"type": "Feature", "geometry": {"type": "Point", "coordinates": [-117.7738854, 34.05949]}, "properties": {"osm_id": 1294893482, "osm_type": "way", "name": null, "voltage": "66000", "substation": null, "operator": null}}, {"type": "Feature", "geometry": {"type": "Point", "coordinates": [-117.8472544, 33.9228276]}, "properties": {"osm_id": 1294893541, "osm_type": "way", "name": null, "voltage": null, "substation": null, "operator": null}}, {"type": "Feature", "geometry": {"type": "Point", "coordinates": [-119.1519574, 35.5002365]}, "properties": {"osm_id": 1295086785, "osm_type": "way", "name": "Lerdo Sub", "voltage": null, "substation": "yes", "operator": "Pacific Gas and Electric Company"}}, {"type": "Feature", "geometry": {"type": "Point", "coordinates": [-117.3539276, 34.1365128]}, "properties": {"osm_id": 1295105094, "osm_type": "way", "name": null, "voltage": "33000;480", "substation": null, "operator": null}}, {"type": "Feature", "geometry": {"type": "Point", "coordinates": [-117.339027, 34.1571863]}, "properties": {"osm_id": 1295105100, "osm_type": "way", "name": "Muscoy Substation", "voltage": "33000;4160", "substation": null, "operator": "Southern California Edison"}}, {"type": "Feature", "geometry": {"type": "Point", "coordinates": [-117.3103658, 34.1206866]}, "properties": {"osm_id": 1295105128, "osm_type": "way", "name": "Mt. Vernon Substation", "voltage": "33000;4160", "substation": null, "operator": null}}, {"type": "Feature", "geometry": {"type": "Point", "coordinates": [-117.4143868, 34.1266576]}, "properties": {"osm_id": 1295105181, "osm_type": "way", "name": null, "voltage": "66000", "substation": null, "operator": null}}, {"type": "Feature", "geometry": {"type": "Point", "coordinates": [-117.4934746, 34.0799209]}, "properties": {"osm_id": 1295105201, "osm_type": "way", "name": null, "voltage": "66000", "substation": null, "operator": null}}, {"type": "Feature", "geometry": {"type": "Point", "coordinates": [-117.4927433, 34.083858]}, "properties": {"osm_id": 1295105207, "osm_type": "way", "name": null, "voltage": "66000", "substation": null, "operator": null}}, {"type": "Feature", "geometry": {"type": "Point", "coordinates": [-117.5249724, 34.0484965]}, "properties": {"osm_id": 1295105227, "osm_type": "way", "name": null, "voltage": "66000", "substation": null, "operator": null}}, {"type": "Feature", "geometry": {"type": "Point", "coordinates": [-117.5683345, 34.0440861]}, "properties": {"osm_id": 1295105244, "osm_type": "way", "name": null, "voltage": "66000", "substation": null, "operator": null}}, {"type": "Feature", "geometry": {"type": "Point", "coordinates": [-117.2935712, 33.9307314]}, "properties": {"osm_id": 1295566505, "osm_type": "way", "name": null, "voltage": "66000", "substation": null, "operator": null}}, {"type": "Feature", "geometry": {"type": "Point", "coordinates": [-117.2847057, 33.9235344]}, "properties": {"osm_id": 1295566516, "osm_type": "way", "name": "Outlaw P.T.", "voltage": "33000", "substation": null, "operator": null}}, {"type": "Feature", "geometry": {"type": "Point", "coordinates": [-117.2796693, 33.8923991]}, "properties": {"osm_id": 1295566528, "osm_type": "way", "name": null, "voltage": "33000", "substation": null, "operator": null}}, {"type": "Feature", "geometry": {"type": "Point", "coordinates": [-117.2780097, 33.889585]}, "properties": {"osm_id": 1295566529, "osm_type": "way", "name": null, "voltage": "33000", "substation": null, "operator": null}}, {"type": "Feature", "geometry": {"type": "Point", "coordinates": [-117.2938091, 33.8799093]}, "properties": {"osm_id": 1295566533, "osm_type": "way", "name": null, "voltage": "33000", "substation": null, "operator": null}}, {"type": "Feature", "geometry": {"type": "Point", "coordinates": [-117.2444489, 33.7844451]}, "properties": {"osm_id": 1295566579, "osm_type": "way", "name": null, "voltage": "33000", "substation": null, "operator": null}}, {"type": "Feature", "geometry": {"type": "Point", "coordinates": [-117.2280383, 33.7716952]}, "properties": {"osm_id": 1295566584, "osm_type": "way", "name": null, "voltage": "33000", "substation": null, "operator": null}}, {"type": "Feature", "geometry": {"type": "Point", "coordinates": [-117.1830652, 33.8356683]}, "properties": {"osm_id": 1295566618, "osm_type": "way", "name": null, "voltage": "33000", "substation": null, "operator": null}}, {"type": "Feature", "geometry": {"type": "Point", "coordinates": [-117.2294778, 33.855872]}, "properties": {"osm_id": 1295566625, "osm_type": "way", "name": null, "voltage": "33000", "substation": null, "operator": null}}, {"type": "Feature", "geometry": {"type": "Point", "coordinates": [-117.2312644, 33.855883]}, "properties": {"osm_id": 1295566626, "osm_type": "way", "name": null, "voltage": "33000", "substation": null, "operator": null}}, {"type": "Feature", "geometry": {"type": "Point", "coordinates": [-117.6010097, 33.8873886]}, "properties": {"osm_id": 1295566672, "osm_type": "way", "name": null, "voltage": "33000", "substation": null, "operator": null}}, {"type": "Feature", "geometry": {"type": "Point", "coordinates": [-117.5776791, 33.8870688]}, "properties": {"osm_id": 1295566673, "osm_type": "way", "name": null, "voltage": "33000", "substation": null, "operator": null}}, {"type": "Feature", "geometry": {"type": "Point", "coordinates": [-117.3263206, 33.8589102]}, "properties": {"osm_id": 1295566690, "osm_type": "way", "name": null, "voltage": "115000", "substation": null, "operator": null}}, {"type": "Feature", "geometry": {"type": "Point", "coordinates": [-117.5103606, 33.8207671]}, "properties": {"osm_id": 1295566721, "osm_type": "way", "name": null, "voltage": "33000", "substation": null, "operator": null}}, {"type": "Feature", "geometry": {"type": "Point", "coordinates": [-117.5068555, 33.8215013]}, "properties": {"osm_id": 1295566726, "osm_type": "way", "name": null, "voltage": "33000", "substation": null, "operator": null}}, {"type": "Feature", "geometry": {"type": "Point", "coordinates": [-117.497197, 33.8339106]}, "properties": {"osm_id": 1295566728, "osm_type": "way", "name": null, "voltage": "33000", "substation": null, "operator": null}}, {"type": "Feature", "geometry": {"type": "Point", "coordinates": [-117.5105297, 33.8490023]}, "properties": {"osm_id": 1295566778, "osm_type": "way", "name": null, "voltage": "33000", "substation": null, "operator": null}}, {"type": "Feature", "geometry": {"type": "Point", "coordinates": [-117.5099655, 33.8042966]}, "properties": {"osm_id": 1295566780, "osm_type": "way", "name": "Retreat P.T.", "voltage": "33000;12000", "substation": null, "operator": null}}, {"type": "Feature", "geometry": {"type": "Point", "coordinates": [-117.5178733, 33.8184501]}, "properties": {"osm_id": 1295566781, "osm_type": "way", "name": "Fighter P.T.", "voltage": "33000;12000", "substation": null, "operator": null}}, {"type": "Feature", "geometry": {"type": "Point", "coordinates": [-117.5151551, 33.8289034]}, "properties": {"osm_id": 1295566782, "osm_type": "way", "name": "Temescal P.T.", "voltage": "33000;12000;4160", "substation": null, "operator": null}}, {"type": "Feature", "geometry": {"type": "Point", "coordinates": [-117.5217114, 33.8400679]}, "properties": {"osm_id": 1295566787, "osm_type": "way", "name": "Stroh P.T.", "voltage": "33000;4160", "substation": null, "operator": null}}, {"type": "Feature", "geometry": {"type": "Point", "coordinates": [-117.3944858, 34.0177745]}, "properties": {"osm_id": 1295566800, "osm_type": "way", "name": null, "voltage": "33000", "substation": null, "operator": null}}, {"type": "Feature", "geometry": {"type": "Point", "coordinates": [-118.2298031, 33.7748688]}, "properties": {"osm_id": 1296516806, "osm_type": "way", "name": null, "voltage": null, "substation": null, "operator": null}}, {"type": "Feature", "geometry": {"type": "Point", "coordinates": [-118.2666223, 33.7603071]}, "properties": {"osm_id": 1296516854, "osm_type": "way", "name": null, "voltage": null, "substation": null, "operator": null}}, {"type": "Feature", "geometry": {"type": "Point", "coordinates": [-118.2351349, 33.794087]}, "properties": {"osm_id": 1296516893, "osm_type": "way", "name": null, "voltage": null, "substation": null, "operator": null}}, {"type": "Feature", "geometry": {"type": "Point", "coordinates": [-118.2300755, 33.7891599]}, "properties": {"osm_id": 1296516898, "osm_type": "way", "name": null, "voltage": null, "substation": null, "operator": null}}, {"type": "Feature", "geometry": {"type": "Point", "coordinates": [-118.1904514, 33.7461481]}, "properties": {"osm_id": 1296516909, "osm_type": "way", "name": null, "voltage": "66000", "substation": null, "operator": null}}, {"type": "Feature", "geometry": {"type": "Point", "coordinates": [-118.1902253, 33.7412148]}, "properties": {"osm_id": 1296516920, "osm_type": "way", "name": null, "voltage": "66000", "substation": null, "operator": null}}, {"type": "Feature", "geometry": {"type": "Point", "coordinates": [-118.2285787, 33.7422753]}, "properties": {"osm_id": 1296516933, "osm_type": "way", "name": null, "voltage": "66000", "substation": null, "operator": null}}, {"type": "Feature", "geometry": {"type": "Point", "coordinates": [-118.2203557, 33.756808]}, "properties": {"osm_id": 1296516941, "osm_type": "way", "name": null, "voltage": null, "substation": null, "operator": null}}, {"type": "Feature", "geometry": {"type": "Point", "coordinates": [-118.2400943, 33.7729548]}, "properties": {"osm_id": 1296516964, "osm_type": "way", "name": null, "voltage": null, "substation": null, "operator": null}}, {"type": "Feature", "geometry": {"type": "Point", "coordinates": [-118.2153261, 33.7773684]}, "properties": {"osm_id": 1296516999, "osm_type": "way", "name": null, "voltage": "66000", "substation": null, "operator": null}}, {"type": "Feature", "geometry": {"type": "Point", "coordinates": [-118.1406061, 33.8303815]}, "properties": {"osm_id": 1296517141, "osm_type": "way", "name": null, "voltage": "66000", "substation": null, "operator": null}}, {"type": "Feature", "geometry": {"type": "Point", "coordinates": [-118.182073, 33.7591909]}, "properties": {"osm_id": 1296517160, "osm_type": "way", "name": null, "voltage": "66000", "substation": null, "operator": null}}, {"type": "Feature", "geometry": {"type": "Point", "coordinates": [-118.1593035, 33.7524107]}, "properties": {"osm_id": 1296517161, "osm_type": "way", "name": null, "voltage": "66000", "substation": null, "operator": null}}, {"type": "Feature", "geometry": {"type": "Point", "coordinates": [-118.1621141, 33.7410473]}, "properties": {"osm_id": 1296517162, "osm_type": "way", "name": null, "voltage": "66000", "substation": null, "operator": null}}, {"type": "Feature", "geometry": {"type": "Point", "coordinates": [-118.138897, 33.7402727]}, "properties": {"osm_id": 1296517163, "osm_type": "way", "name": null, "voltage": "66000", "substation": null, "operator": null}}, {"type": "Feature", "geometry": {"type": "Point", "coordinates": [-118.0216286, 33.6736956]}, "properties": {"osm_id": 1296517299, "osm_type": "way", "name": null, "voltage": "66000", "substation": null, "operator": null}}, {"type": "Feature", "geometry": {"type": "Point", "coordinates": [-118.0212617, 33.6735349]}, "properties": {"osm_id": 1296517300, "osm_type": "way", "name": null, "voltage": "66000", "substation": null, "operator": null}}, {"type": "Feature", "geometry": {"type": "Point", "coordinates": [-117.942602, 33.6872014]}, "properties": {"osm_id": 1296517408, "osm_type": "way", "name": null, "voltage": "66000", "substation": null, "operator": null}}, {"type": "Feature", "geometry": {"type": "Point", "coordinates": [-117.9448804, 33.6897008]}, "properties": {"osm_id": 1296517409, "osm_type": "way", "name": null, "voltage": "66000", "substation": null, "operator": null}}, {"type": "Feature", "geometry": {"type": "Point", "coordinates": [-117.8685656, 33.7268884]}, "properties": {"osm_id": 1296517473, "osm_type": "way", "name": "Edinger Substation", "voltage": "12000;4160", "substation": "yes", "operator": "Southern California Edison"}}, {"type": "Feature", "geometry": {"type": "Point", "coordinates": [-117.887298, 33.8789763]}, "properties": {"osm_id": 1296517580, "osm_type": "way", "name": null, "voltage": "66000", "substation": null, "operator": null}}, {"type": "Feature", "geometry": {"type": "Point", "coordinates": [-117.8622015, 33.8577667]}, "properties": {"osm_id": 1296517588, "osm_type": "way", "name": null, "voltage": "69000", "substation": null, "operator": null}}, {"type": "Feature", "geometry": {"type": "Point", "coordinates": [-117.9205547, 33.7145093]}, "properties": {"osm_id": 1296517614, "osm_type": "way", "name": "Talbert Substation", "voltage": "66000", "substation": null, "operator": "Southern California Edison"}}, {"type": "Feature", "geometry": {"type": "Point", "coordinates": [-117.8490701, 33.8475637]}, "properties": {"osm_id": 1296518070, "osm_type": "way", "name": null, "voltage": "69000", "substation": null, "operator": null}}, {"type": "Feature", "geometry": {"type": "Point", "coordinates": [-117.7880964, 33.8888222]}, "properties": {"osm_id": 1296518111, "osm_type": "way", "name": null, "voltage": "66000", "substation": null, "operator": null}}, {"type": "Feature", "geometry": {"type": "Point", "coordinates": [-117.8201017, 33.9104917]}, "properties": {"osm_id": 1296518122, "osm_type": "way", "name": null, "voltage": "66000", "substation": null, "operator": null}}, {"type": "Feature", "geometry": {"type": "Point", "coordinates": [-117.8243868, 33.9145368]}, "properties": {"osm_id": 1296518130, "osm_type": "way", "name": null, "voltage": "66000", "substation": null, "operator": null}}, {"type": "Feature", "geometry": {"type": "Point", "coordinates": [-117.931908, 34.1118165]}, "properties": {"osm_id": 1296518251, "osm_type": "way", "name": null, "voltage": "66000", "substation": null, "operator": null}}, {"type": "Feature", "geometry": {"type": "Point", "coordinates": [-117.6323247, 34.0819318]}, "properties": {"osm_id": 1302111187, "osm_type": "way", "name": null, "voltage": null, "substation": null, "operator": null}}, {"type": "Feature", "geometry": {"type": "Point", "coordinates": [-119.1011218, 35.094042]}, "properties": {"osm_id": 1304317016, "osm_type": "way", "name": null, "voltage": null, "substation": null, "operator": null}}, {"type": "Feature", "geometry": {"type": "Point", "coordinates": [-117.5925505, 35.8018964]}, "properties": {"osm_id": 1306302667, "osm_type": "way", "name": null, "voltage": null, "substation": null, "operator": null}}, {"type": "Feature", "geometry": {"type": "Point", "coordinates": [-118.1476316, 34.5674352]}, "properties": {"osm_id": 1306912017, "osm_type": "way", "name": null, "voltage": null, "substation": null, "operator": null}}, {"type": "Feature", "geometry": {"type": "Point", "coordinates": [-119.2709034, 35.35389]}, "properties": {"osm_id": 1307274531, "osm_type": "way", "name": null, "voltage": null, "substation": null, "operator": null}}, {"type": "Feature", "geometry": {"type": "Point", "coordinates": [-118.9576411, 35.5592787]}, "properties": {"osm_id": 1307365715, "osm_type": "way", "name": null, "voltage": null, "substation": null, "operator": null}}, {"type": "Feature", "geometry": {"type": "Point", "coordinates": [-119.5806831, 35.6013123]}, "properties": {"osm_id": 1307548005, "osm_type": "way", "name": null, "voltage": null, "substation": null, "operator": "Pacific Gas and Electric"}}, {"type": "Feature", "geometry": {"type": "Point", "coordinates": [-119.1559403, 34.2555595]}, "properties": {"osm_id": 1333368140, "osm_type": "way", "name": null, "voltage": null, "substation": null, "operator": null}}, {"type": "Feature", "geometry": {"type": "Point", "coordinates": [-119.1401308, 34.211361]}, "properties": {"osm_id": 1333609700, "osm_type": "way", "name": null, "voltage": null, "substation": null, "operator": null}}, {"type": "Feature", "geometry": {"type": "Point", "coordinates": [-115.9458215, 32.5953183]}, "properties": {"osm_id": 1343901010, "osm_type": "way", "name": null, "voltage": null, "substation": "industrial", "operator": null}}, {"type": "Feature", "geometry": {"type": "Point", "coordinates": [-116.0046393, 32.5919331]}, "properties": {"osm_id": 1343901016, "osm_type": "way", "name": null, "voltage": "69000", "substation": "industrial", "operator": null}}, {"type": "Feature", "geometry": {"type": "Point", "coordinates": [-116.0153152, 32.5852268]}, "properties": {"osm_id": 1343901017, "osm_type": "way", "name": null, "voltage": "69000", "substation": "industrial", "operator": null}}, {"type": "Feature", "geometry": {"type": "Point", "coordinates": [-117.1122858, 33.3559044]}, "properties": {"osm_id": 1347239766, "osm_type": "way", "name": "Monserate", "voltage": "33000", "substation": "generation", "operator": "San Deigo Gas and Electric"}}, {"type": "Feature", "geometry": {"type": "Point", "coordinates": [-118.9549466, 35.0194902]}, "properties": {"osm_id": 1352468564, "osm_type": "way", "name": null, "voltage": null, "substation": null, "operator": null}}, {"type": "Feature", "geometry": {"type": "Point", "coordinates": [-117.2918361, 33.6309003]}, "properties": {"osm_id": 1355269493, "osm_type": "way", "name": null, "voltage": "115000", "substation": null, "operator": "Southern California Edison"}}, {"type": "Feature", "geometry": {"type": "Point", "coordinates": [-118.836881, 34.1629986]}, "properties": {"osm_id": 1358123438, "osm_type": "way", "name": "Southern California Edison Thousand Oaks", "voltage": null, "substation": null, "operator": "Southern California Edison"}}, {"type": "Feature", "geometry": {"type": "Point", "coordinates": [-119.0928867, 35.1100051]}, "properties": {"osm_id": 1365590499, "osm_type": "way", "name": null, "voltage": null, "substation": null, "operator": null}}, {"type": "Feature", "geometry": {"type": "Point", "coordinates": [-117.5867822, 33.517145]}, "properties": {"osm_id": 1369410947, "osm_type": "way", "name": null, "voltage": null, "substation": null, "operator": null}}, {"type": "Feature", "geometry": {"type": "Point", "coordinates": [-116.2944821, 33.1371821]}, "properties": {"osm_id": 1376883612, "osm_type": "way", "name": "Narrows Substation", "voltage": null, "substation": null, "operator": null}}, {"type": "Feature", "geometry": {"type": "Point", "coordinates": [-115.5113809, 32.5335193]}, "properties": {"osm_id": 1377035989, "osm_type": "way", "name": "Subestaci\u00f3n Cucap\u00e1h", "voltage": "400000;230000", "substation": null, "operator": "Comisi\u00f3n Federal de Electricidad"}}, {"type": "Feature", "geometry": {"type": "Point", "coordinates": [-117.8374235, 34.0217839]}, "properties": {"osm_id": 1378458783, "osm_type": "way", "name": null, "voltage": null, "substation": null, "operator": null}}, {"type": "Feature", "geometry": {"type": "Point", "coordinates": [-118.5464666, 34.8335674]}, "properties": {"osm_id": 1379453674, "osm_type": "way", "name": null, "voltage": "220000", "substation": null, "operator": null}}, {"type": "Feature", "geometry": {"type": "Point", "coordinates": [-118.0828599, 35.0579835]}, "properties": {"osm_id": 1384756589, "osm_type": "way", "name": null, "voltage": null, "substation": "generation", "operator": null}}, {"type": "Feature", "geometry": {"type": "Point", "coordinates": [-118.5879308, 34.1686433]}, "properties": {"osm_id": 1385196148, "osm_type": "way", "name": null, "voltage": null, "substation": null, "operator": null}}, {"type": "Feature", "geometry": {"type": "Point", "coordinates": [-117.0184371, 33.2306807]}, "properties": {"osm_id": 1395515433, "osm_type": "way", "name": null, "voltage": null, "substation": null, "operator": null}}, {"type": "Feature", "geometry": {"type": "Point", "coordinates": [-119.4030546, 35.6009077]}, "properties": {"osm_id": 1410393986, "osm_type": "way", "name": null, "voltage": null, "substation": null, "operator": null}}, {"type": "Feature", "geometry": {"type": "Point", "coordinates": [-117.730845, 33.6361206]}, "properties": {"osm_id": 1410822180, "osm_type": "way", "name": null, "voltage": null, "substation": null, "operator": null}}, {"type": "Feature", "geometry": {"type": "Point", "coordinates": [-115.4330604, 35.8404697]}, "properties": {"osm_id": 1415297056, "osm_type": "way", "name": "Goodsprings Substation", "voltage": null, "substation": null, "operator": null}}, {"type": "Feature", "geometry": {"type": "Point", "coordinates": [-118.4134614, 33.9534148]}, "properties": {"osm_id": 1416023852, "osm_type": "way", "name": null, "voltage": null, "substation": null, "operator": null}}, {"type": "Feature", "geometry": {"type": "Point", "coordinates": [-116.9939281, 32.5150224]}, "properties": {"osm_id": 1416227982, "osm_type": "way", "name": "Subestacion 20 de Noviembre", "voltage": null, "substation": "minor_distribution", "operator": "Comisi\u00f3n Federal de Electricidad"}}, {"type": "Feature", "geometry": {"type": "Point", "coordinates": [-117.3818614, 33.1967972]}, "properties": {"osm_id": 1417461328, "osm_type": "way", "name": null, "voltage": null, "substation": "minor_distribution", "operator": null}}, {"type": "Feature", "geometry": {"type": "Point", "coordinates": [-117.4128726, 33.344449]}, "properties": {"osm_id": 1420097988, "osm_type": "way", "name": null, "voltage": null, "substation": null, "operator": null}}, {"type": "Feature", "geometry": {"type": "Point", "coordinates": [-118.1786429, 34.0185479]}, "properties": {"osm_id": 1421930601, "osm_type": "way", "name": null, "voltage": null, "substation": null, "operator": "Los Angeles Department of Water and Power"}}, {"type": "Feature", "geometry": {"type": "Point", "coordinates": [-117.2898843, 34.4127577]}, "properties": {"osm_id": 1422623947, "osm_type": "way", "name": null, "voltage": null, "substation": null, "operator": null}}, {"type": "Feature", "geometry": {"type": "Point", "coordinates": [-118.1789751, 34.0365329]}, "properties": {"osm_id": 1424260384, "osm_type": "way", "name": null, "voltage": null, "substation": null, "operator": null}}, {"type": "Feature", "geometry": {"type": "Point", "coordinates": [-118.0051337, 35.2000751]}, "properties": {"osm_id": 1431583462, "osm_type": "way", "name": null, "voltage": "230000", "substation": null, "operator": null}}, {"type": "Feature", "geometry": {"type": "Point", "coordinates": [-118.3466703, 35.0539015]}, "properties": {"osm_id": 1431587249, "osm_type": "way", "name": null, "voltage": null, "substation": null, "operator": null}}, {"type": "Feature", "geometry": {"type": "Point", "coordinates": [-118.4233201, 35.306895]}, "properties": {"osm_id": 1431587253, "osm_type": "way", "name": null, "voltage": null, "substation": null, "operator": null}}, {"type": "Feature", "geometry": {"type": "Point", "coordinates": [-118.5248045, 35.5881019]}, "properties": {"osm_id": 1431587254, "osm_type": "way", "name": null, "voltage": null, "substation": null, "operator": null}}, {"type": "Feature", "geometry": {"type": "Point", "coordinates": [-118.1861905, 35.0541379]}, "properties": {"osm_id": 1431683528, "osm_type": "way", "name": null, "voltage": null, "substation": null, "operator": null}}, {"type": "Feature", "geometry": {"type": "Point", "coordinates": [-118.0900841, 34.6516587]}, "properties": {"osm_id": 1431722703, "osm_type": "way", "name": null, "voltage": null, "substation": null, "operator": null}}, {"type": "Feature", "geometry": {"type": "Point", "coordinates": [-118.2658733, 35.0972754]}, "properties": {"osm_id": 1431725319, "osm_type": "way", "name": null, "voltage": null, "substation": null, "operator": null}}, {"type": "Feature", "geometry": {"type": "Point", "coordinates": [-114.2953062, 34.4560159]}, "properties": {"osm_id": 1433191499, "osm_type": "way", "name": null, "voltage": "69000", "substation": null, "operator": null}}, {"type": "Feature", "geometry": {"type": "Point", "coordinates": [-118.4929738, 34.3138132]}, "properties": {"osm_id": 1435238820, "osm_type": "way", "name": null, "voltage": null, "substation": null, "operator": null}}, {"type": "Feature", "geometry": {"type": "Point", "coordinates": [-116.5320704, 33.8136675]}, "properties": {"osm_id": 1435254655, "osm_type": "way", "name": "Thornhill Substation", "voltage": null, "substation": "yes", "operator": null}}, {"type": "Feature", "geometry": {"type": "Point", "coordinates": [-117.4158806, 34.1376252]}, "properties": {"osm_id": 1436623111, "osm_type": "way", "name": null, "voltage": null, "substation": null, "operator": null}}, {"type": "Feature", "geometry": {"type": "Point", "coordinates": [-118.3741472, 35.123896]}, "properties": {"osm_id": 1437127291, "osm_type": "way", "name": null, "voltage": null, "substation": null, "operator": null}}, {"type": "Feature", "geometry": {"type": "Point", "coordinates": [-119.6420439, 35.4128891]}, "properties": {"osm_id": 1437132019, "osm_type": "way", "name": null, "voltage": null, "substation": null, "operator": null}}, {"type": "Feature", "geometry": {"type": "Point", "coordinates": [-119.6610226, 35.4439639]}, "properties": {"osm_id": 1437132022, "osm_type": "way", "name": null, "voltage": null, "substation": null, "operator": null}}, {"type": "Feature", "geometry": {"type": "Point", "coordinates": [-119.6320074, 35.4562329]}, "properties": {"osm_id": 1437132024, "osm_type": "way", "name": null, "voltage": null, "substation": null, "operator": null}}, {"type": "Feature", "geometry": {"type": "Point", "coordinates": [-119.6329656, 35.412858]}, "properties": {"osm_id": 1437132029, "osm_type": "way", "name": null, "voltage": null, "substation": null, "operator": null}}, {"type": "Feature", "geometry": {"type": "Point", "coordinates": [-119.6330856, 35.4199988]}, "properties": {"osm_id": 1437132031, "osm_type": "way", "name": null, "voltage": null, "substation": null, "operator": null}}, {"type": "Feature", "geometry": {"type": "Point", "coordinates": [-114.4800268, 32.9025214]}, "properties": {"osm_id": 1442517879, "osm_type": "way", "name": null, "voltage": "69000", "substation": null, "operator": null}}, {"type": "Feature", "geometry": {"type": "Point", "coordinates": [-120.1193394, 34.6252096]}, "properties": {"osm_id": 1442944987, "osm_type": "way", "name": null, "voltage": "115000", "substation": null, "operator": null}}, {"type": "Feature", "geometry": {"type": "Point", "coordinates": [-120.1861721, 34.6247415]}, "properties": {"osm_id": 1442944988, "osm_type": "way", "name": null, "voltage": null, "substation": null, "operator": "Pacific Gas and Electric Company"}}, {"type": "Feature", "geometry": {"type": "Point", "coordinates": [-120.1514848, 34.6967035]}, "properties": {"osm_id": 1442946082, "osm_type": "way", "name": null, "voltage": "115000", "substation": "yes", "operator": "Pacific Gas and Electric Company"}}, {"type": "Feature", "geometry": {"type": "Point", "coordinates": [-120.2987574, 34.8253103]}, "properties": {"osm_id": 1442947376, "osm_type": "way", "name": null, "voltage": null, "substation": null, "operator": "Pacific Gas and Electric Company"}}, {"type": "Feature", "geometry": {"type": "Point", "coordinates": [-120.260312, 34.8893868]}, "properties": {"osm_id": 1442948425, "osm_type": "way", "name": null, "voltage": null, "substation": null, "operator": null}}, {"type": "Feature", "geometry": {"type": "Point", "coordinates": [-119.9738414, 35.7750077]}, "properties": {"osm_id": 1446976932, "osm_type": "way", "name": null, "voltage": null, "substation": null, "operator": null}}, {"type": "Feature", "geometry": {"type": "Point", "coordinates": [-119.454718, 35.8121046]}, "properties": {"osm_id": 1448202145, "osm_type": "way", "name": null, "voltage": "115000", "substation": null, "operator": null}}, {"type": "Feature", "geometry": {"type": "Point", "coordinates": [-116.7183908, 33.9159944]}, "properties": {"osm_id": 1448327922, "osm_type": "way", "name": null, "voltage": null, "substation": null, "operator": null}}, {"type": "Feature", "geometry": {"type": "Point", "coordinates": [-116.6626697, 34.8367646]}, "properties": {"osm_id": 1448445903, "osm_type": "way", "name": null, "voltage": null, "substation": null, "operator": null}}, {"type": "Feature", "geometry": {"type": "Point", "coordinates": [-116.8612117, 34.3725077]}, "properties": {"osm_id": 1449655082, "osm_type": "way", "name": null, "voltage": null, "substation": null, "operator": null}}, {"type": "Feature", "geometry": {"type": "Point", "coordinates": [-118.1993978, 34.5102056]}, "properties": {"osm_id": 1450139149, "osm_type": "way", "name": null, "voltage": null, "substation": null, "operator": null}}, {"type": "Feature", "geometry": {"type": "Point", "coordinates": [-120.4551533, 35.0071188]}, "properties": {"osm_id": 1450144827, "osm_type": "way", "name": null, "voltage": "230000", "substation": null, "operator": null}}, {"type": "Feature", "geometry": {"type": "Point", "coordinates": [-119.5987439, 35.276353]}, "properties": {"osm_id": 1450146341, "osm_type": "way", "name": null, "voltage": null, "substation": null, "operator": null}}, {"type": "Feature", "geometry": {"type": "Point", "coordinates": [-120.435566, 34.7008473]}, "properties": {"osm_id": 1450291616, "osm_type": "way", "name": null, "voltage": "115000", "substation": null, "operator": null}}, {"type": "Feature", "geometry": {"type": "Point", "coordinates": [-120.45237, 34.6564195]}, "properties": {"osm_id": 1450291623, "osm_type": "way", "name": "Lompoc Substation", "voltage": "115000", "substation": "distribution", "operator": null}}, {"type": "Feature", "geometry": {"type": "Point", "coordinates": [-120.4350911, 34.6346216]}, "properties": {"osm_id": 1450406542, "osm_type": "way", "name": null, "voltage": "115000", "substation": "transmission", "operator": null}}, {"type": "Feature", "geometry": {"type": "Point", "coordinates": [-120.4569457, 34.6035761]}, "properties": {"osm_id": 1450406546, "osm_type": "way", "name": "Manville Substation", "voltage": "115000", "substation": "distribution", "operator": "Pacific Gas and Electric Company"}}, {"type": "Feature", "geometry": {"type": "Point", "coordinates": [-118.2326019, 34.0032645]}, "properties": {"osm_id": 1450700178, "osm_type": "way", "name": null, "voltage": "66000", "substation": null, "operator": null}}, {"type": "Feature", "geometry": {"type": "Point", "coordinates": [-118.2342785, 34.0030135]}, "properties": {"osm_id": 1450700181, "osm_type": "way", "name": null, "voltage": "66000", "substation": null, "operator": null}}, {"type": "Feature", "geometry": {"type": "Point", "coordinates": [-119.5442934, 35.5782042]}, "properties": {"osm_id": 1450874719, "osm_type": "way", "name": null, "voltage": null, "substation": null, "operator": null}}, {"type": "Feature", "geometry": {"type": "Point", "coordinates": [-119.4931366, 35.5013183]}, "properties": {"osm_id": 1450874722, "osm_type": "way", "name": null, "voltage": null, "substation": null, "operator": null}}, {"type": "Feature", "geometry": {"type": "Point", "coordinates": [-118.2066792, 34.0053051]}, "properties": {"osm_id": 1451632251, "osm_type": "way", "name": null, "voltage": "66000", "substation": null, "operator": null}}, {"type": "Feature", "geometry": {"type": "Point", "coordinates": [-116.3156824, 34.1359834]}, "properties": {"osm_id": 1451635961, "osm_type": "way", "name": null, "voltage": null, "substation": null, "operator": null}}, {"type": "Feature", "geometry": {"type": "Point", "coordinates": [-118.0880229, 33.7441965]}, "properties": {"osm_id": 1451636375, "osm_type": "way", "name": null, "voltage": null, "substation": null, "operator": null}}, {"type": "Feature", "geometry": {"type": "Point", "coordinates": [-117.8565354, 33.7587205]}, "properties": {"osm_id": 1451858892, "osm_type": "way", "name": null, "voltage": null, "substation": "yes", "operator": null}}, {"type": "Feature", "geometry": {"type": "Point", "coordinates": [-117.7592907, 35.7775592]}, "properties": {"osm_id": 1452006209, "osm_type": "way", "name": null, "voltage": null, "substation": null, "operator": null}}, {"type": "Feature", "geometry": {"type": "Point", "coordinates": [-117.7591903, 35.6961982]}, "properties": {"osm_id": 1452006855, "osm_type": "way", "name": null, "voltage": null, "substation": null, "operator": null}}, {"type": "Feature", "geometry": {"type": "Point", "coordinates": [-117.6820909, 35.7545872]}, "properties": {"osm_id": 1452441366, "osm_type": "way", "name": null, "voltage": null, "substation": null, "operator": null}}, {"type": "Feature", "geometry": {"type": "Point", "coordinates": [-117.6362348, 35.6848875]}, "properties": {"osm_id": 1452443528, "osm_type": "way", "name": null, "voltage": null, "substation": null, "operator": null}}, {"type": "Feature", "geometry": {"type": "Point", "coordinates": [-117.6779737, 35.6906236]}, "properties": {"osm_id": 1452444708, "osm_type": "way", "name": null, "voltage": null, "substation": null, "operator": null}}, {"type": "Feature", "geometry": {"type": "Point", "coordinates": [-117.6604775, 35.6892948]}, "properties": {"osm_id": 1452445112, "osm_type": "way", "name": null, "voltage": null, "substation": null, "operator": null}}, {"type": "Feature", "geometry": {"type": "Point", "coordinates": [-117.6602551, 35.6905948]}, "properties": {"osm_id": 1452445127, "osm_type": "way", "name": null, "voltage": null, "substation": null, "operator": null}}, {"type": "Feature", "geometry": {"type": "Point", "coordinates": [-117.6230276, 35.6980052]}, "properties": {"osm_id": 1452455491, "osm_type": "way", "name": null, "voltage": null, "substation": null, "operator": null}}, {"type": "Feature", "geometry": {"type": "Point", "coordinates": [-117.6230638, 35.6917871]}, "properties": {"osm_id": 1452457503, "osm_type": "way", "name": null, "voltage": null, "substation": null, "operator": null}}, {"type": "Feature", "geometry": {"type": "Point", "coordinates": [-117.6126622, 35.6984945]}, "properties": {"osm_id": 1452460219, "osm_type": "way", "name": null, "voltage": null, "substation": null, "operator": null}}, {"type": "Feature", "geometry": {"type": "Point", "coordinates": [-117.6548007, 35.6522445]}, "properties": {"osm_id": 1452640116, "osm_type": "way", "name": null, "voltage": null, "substation": null, "operator": null}}, {"type": "Feature", "geometry": {"type": "Point", "coordinates": [-117.6035709, 35.6445686]}, "properties": {"osm_id": 1452662140, "osm_type": "way", "name": null, "voltage": null, "substation": null, "operator": null}}, {"type": "Feature", "geometry": {"type": "Point", "coordinates": [-117.6032327, 35.6420738]}, "properties": {"osm_id": 1452662142, "osm_type": "way", "name": null, "voltage": null, "substation": null, "operator": null}}, {"type": "Feature", "geometry": {"type": "Point", "coordinates": [-117.5581925, 35.6511237]}, "properties": {"osm_id": 1452669319, "osm_type": "way", "name": null, "voltage": null, "substation": null, "operator": null}}, {"type": "Feature", "geometry": {"type": "Point", "coordinates": [-117.4911709, 35.6857355]}, "properties": {"osm_id": 1452673378, "osm_type": "way", "name": null, "voltage": null, "substation": null, "operator": null}}, {"type": "Feature", "geometry": {"type": "Point", "coordinates": [-117.4996542, 35.7010086]}, "properties": {"osm_id": 1452673391, "osm_type": "way", "name": null, "voltage": null, "substation": null, "operator": null}}, {"type": "Feature", "geometry": {"type": "Point", "coordinates": [-117.5304296, 35.6885538]}, "properties": {"osm_id": 1452678110, "osm_type": "way", "name": null, "voltage": null, "substation": null, "operator": null}}, {"type": "Feature", "geometry": {"type": "Point", "coordinates": [-117.6050412, 35.7293024]}, "properties": {"osm_id": 1452684010, "osm_type": "way", "name": null, "voltage": null, "substation": null, "operator": null}}, {"type": "Feature", "geometry": {"type": "Point", "coordinates": [-117.7953327, 35.6544271]}, "properties": {"osm_id": 1452692248, "osm_type": "way", "name": null, "voltage": null, "substation": null, "operator": null}}, {"type": "Feature", "geometry": {"type": "Point", "coordinates": [-117.7294498, 35.6587817]}, "properties": {"osm_id": 1452692258, "osm_type": "way", "name": null, "voltage": null, "substation": null, "operator": null}}, {"type": "Feature", "geometry": {"type": "Point", "coordinates": [-117.6919709, 35.6721431]}, "properties": {"osm_id": 1452758666, "osm_type": "way", "name": null, "voltage": null, "substation": null, "operator": null}}, {"type": "Feature", "geometry": {"type": "Point", "coordinates": [-117.8068233, 35.7053956]}, "properties": {"osm_id": 1452767368, "osm_type": "way", "name": null, "voltage": null, "substation": null, "operator": null}}, {"type": "Feature", "geometry": {"type": "Point", "coordinates": [-117.6627021, 35.6525086]}, "properties": {"osm_id": 1452772104, "osm_type": "way", "name": null, "voltage": null, "substation": null, "operator": null}}, {"type": "Feature", "geometry": {"type": "Point", "coordinates": [-117.3195338, 35.8284817]}, "properties": {"osm_id": 1452776974, "osm_type": "way", "name": null, "voltage": null, "substation": null, "operator": null}}, {"type": "Feature", "geometry": {"type": "Point", "coordinates": [-117.3585557, 35.8001777]}, "properties": {"osm_id": 1452891645, "osm_type": "way", "name": null, "voltage": null, "substation": null, "operator": null}}, {"type": "Feature", "geometry": {"type": "Point", "coordinates": [-117.3686644, 35.7804712]}, "properties": {"osm_id": 1452894460, "osm_type": "way", "name": null, "voltage": null, "substation": null, "operator": null}}, {"type": "Feature", "geometry": {"type": "Point", "coordinates": [-117.3704041, 35.7735675]}, "properties": {"osm_id": 1452894462, "osm_type": "way", "name": null, "voltage": null, "substation": null, "operator": null}}, {"type": "Feature", "geometry": {"type": "Point", "coordinates": [-117.3754574, 35.7648297]}, "properties": {"osm_id": 1452894466, "osm_type": "way", "name": null, "voltage": null, "substation": null, "operator": null}}, {"type": "Feature", "geometry": {"type": "Point", "coordinates": [-117.3305775, 35.8287503]}, "properties": {"osm_id": 1452902591, "osm_type": "way", "name": null, "voltage": null, "substation": null, "operator": null}}, {"type": "Feature", "geometry": {"type": "Point", "coordinates": [-117.3283523, 35.8286286]}, "properties": {"osm_id": 1452902604, "osm_type": "way", "name": null, "voltage": null, "substation": null, "operator": null}}, {"type": "Feature", "geometry": {"type": "Point", "coordinates": [-116.7840817, 34.8664575]}, "properties": {"osm_id": 1453747229, "osm_type": "way", "name": null, "voltage": null, "substation": null, "operator": null}}, {"type": "Feature", "geometry": {"type": "Point", "coordinates": [-116.8252689, 34.8658842]}, "properties": {"osm_id": 1453747816, "osm_type": "way", "name": null, "voltage": null, "substation": null, "operator": null}}, {"type": "Feature", "geometry": {"type": "Point", "coordinates": [-116.8301647, 34.8700914]}, "properties": {"osm_id": 1453748898, "osm_type": "way", "name": null, "voltage": null, "substation": null, "operator": null}}, {"type": "Feature", "geometry": {"type": "Point", "coordinates": [-116.8387451, 34.856328]}, "properties": {"osm_id": 1453749087, "osm_type": "way", "name": null, "voltage": null, "substation": null, "operator": null}}, {"type": "Feature", "geometry": {"type": "Point", "coordinates": [-114.9932286, 35.8315207]}, "properties": {"osm_id": 1454143614, "osm_type": "way", "name": null, "voltage": null, "substation": null, "operator": null}}, {"type": "Feature", "geometry": {"type": "Point", "coordinates": [-118.1836294, 34.150247]}, "properties": {"osm_id": 1454179222, "osm_type": "way", "name": null, "voltage": "220000", "substation": null, "operator": null}}, {"type": "Feature", "geometry": {"type": "Point", "coordinates": [-117.2529663, 33.2064734]}, "properties": {"osm_id": 1454377815, "osm_type": "way", "name": null, "voltage": null, "substation": null, "operator": null}}, {"type": "Feature", "geometry": {"type": "Point", "coordinates": [-115.7184228, 32.7299637]}, "properties": {"osm_id": 1454378583, "osm_type": "way", "name": null, "voltage": null, "substation": null, "operator": null}}, {"type": "Feature", "geometry": {"type": "Point", "coordinates": [-115.7211487, 32.7299456]}, "properties": {"osm_id": 1454378584, "osm_type": "way", "name": null, "voltage": null, "substation": null, "operator": null}}, {"type": "Feature", "geometry": {"type": "Point", "coordinates": [-115.7219821, 32.7298982]}, "properties": {"osm_id": 1454378585, "osm_type": "way", "name": null, "voltage": null, "substation": null, "operator": null}}, {"type": "Feature", "geometry": {"type": "Point", "coordinates": [-116.2723271, 32.6621978]}, "properties": {"osm_id": 1454379548, "osm_type": "way", "name": null, "voltage": "69000", "substation": null, "operator": null}}, {"type": "Feature", "geometry": {"type": "Point", "coordinates": [-116.8310182, 34.2663691]}, "properties": {"osm_id": 1454457996, "osm_type": "way", "name": null, "voltage": null, "substation": null, "operator": null}}, {"type": "Feature", "geometry": {"type": "Point", "coordinates": [-117.1714969, 34.6149282]}, "properties": {"osm_id": 1455197307, "osm_type": "way", "name": null, "voltage": null, "substation": null, "operator": null}}, {"type": "Feature", "geometry": {"type": "Point", "coordinates": [-119.4736173, 35.19114]}, "properties": {"osm_id": 1455899608, "osm_type": "way", "name": null, "voltage": null, "substation": null, "operator": null}}, {"type": "Feature", "geometry": {"type": "Point", "coordinates": [-119.4785921, 35.2784752]}, "properties": {"osm_id": 1455899614, "osm_type": "way", "name": null, "voltage": null, "substation": null, "operator": null}}, {"type": "Feature", "geometry": {"type": "Point", "coordinates": [-119.6263923, 35.2968953]}, "properties": {"osm_id": 1455900048, "osm_type": "way", "name": null, "voltage": null, "substation": null, "operator": null}}, {"type": "Feature", "geometry": {"type": "Point", "coordinates": [-119.6623664, 35.3198174]}, "properties": {"osm_id": 1455900374, "osm_type": "way", "name": null, "voltage": null, "substation": null, "operator": null}}, {"type": "Feature", "geometry": {"type": "Point", "coordinates": [-117.4541505, 33.8584711]}, "properties": {"osm_id": 1456771791, "osm_type": "way", "name": null, "voltage": null, "substation": null, "operator": null}}, {"type": "Feature", "geometry": {"type": "Point", "coordinates": [-117.4252953, 33.8195648]}, "properties": {"osm_id": 1456779526, "osm_type": "way", "name": null, "voltage": null, "substation": null, "operator": null}}, {"type": "Feature", "geometry": {"type": "Point", "coordinates": [-117.1834666, 33.8355253]}, "properties": {"osm_id": 1456951683, "osm_type": "way", "name": null, "voltage": null, "substation": null, "operator": null}}, {"type": "Feature", "geometry": {"type": "Point", "coordinates": [-118.1619772, 33.8630249]}, "properties": {"osm_id": 1457490121, "osm_type": "way", "name": null, "voltage": "66000", "substation": null, "operator": null}}, {"type": "Feature", "geometry": {"type": "Point", "coordinates": [-118.1653486, 33.863372]}, "properties": {"osm_id": 1457490124, "osm_type": "way", "name": null, "voltage": "66000", "substation": null, "operator": null}}, {"type": "Feature", "geometry": {"type": "Point", "coordinates": [-118.1717141, 33.8166205]}, "properties": {"osm_id": 1457773032, "osm_type": "way", "name": null, "voltage": "66000", "substation": null, "operator": null}}, {"type": "Feature", "geometry": {"type": "Point", "coordinates": [-118.309692, 33.926307]}, "properties": {"osm_id": 1458489448, "osm_type": "way", "name": null, "voltage": "138000", "substation": "transition", "operator": null}}, {"type": "Feature", "geometry": {"type": "Point", "coordinates": [-114.1586087, 35.0353521]}, "properties": {"osm_id": 1458525137, "osm_type": "way", "name": null, "voltage": "69000", "substation": "generation", "operator": null}}, {"type": "Feature", "geometry": {"type": "Point", "coordinates": [-118.2230336, 33.862483]}, "properties": {"osm_id": 1459549090, "osm_type": "way", "name": null, "voltage": "66000", "substation": null, "operator": null}}, {"type": "Feature", "geometry": {"type": "Point", "coordinates": [-114.3430678, 34.5041302]}, "properties": {"osm_id": 1460196120, "osm_type": "way", "name": "Kiowa Substation", "voltage": "69000", "substation": null, "operator": "UniSource Energy Services"}}, {"type": "Feature", "geometry": {"type": "Point", "coordinates": [-114.1592384, 34.361655]}, "properties": {"osm_id": 1460196150, "osm_type": "way", "name": null, "voltage": "69000", "substation": null, "operator": null}}, {"type": "Feature", "geometry": {"type": "Point", "coordinates": [-114.1360983, 34.2927503]}, "properties": {"osm_id": 1460196153, "osm_type": "way", "name": null, "voltage": "69000", "substation": null, "operator": null}}, {"type": "Feature", "geometry": {"type": "Point", "coordinates": [-120.5176109, 34.5766546]}, "properties": {"osm_id": 1460374877, "osm_type": "way", "name": null, "voltage": null, "substation": null, "operator": null}}, {"type": "Feature", "geometry": {"type": "Point", "coordinates": [-118.3909184, 33.9095141]}, "properties": {"osm_id": 1461361564, "osm_type": "way", "name": null, "voltage": "66000", "substation": null, "operator": null}}, {"type": "Feature", "geometry": {"type": "Point", "coordinates": [-118.3917945, 33.9117326]}, "properties": {"osm_id": 1461361567, "osm_type": "way", "name": null, "voltage": "66000", "substation": null, "operator": null}}, {"type": "Feature", "geometry": {"type": "Point", "coordinates": [-118.3897293, 33.9286976]}, "properties": {"osm_id": 1461366618, "osm_type": "way", "name": null, "voltage": "66000", "substation": null, "operator": null}}, {"type": "Feature", "geometry": {"type": "Point", "coordinates": [-118.3751221, 33.891435]}, "properties": {"osm_id": 1461849022, "osm_type": "way", "name": null, "voltage": "66000", "substation": null, "operator": null}}, {"type": "Feature", "geometry": {"type": "Point", "coordinates": [-116.0814518, 33.0878831]}, "properties": {"osm_id": 1462827075, "osm_type": "way", "name": null, "voltage": null, "substation": null, "operator": null}}, {"type": "Feature", "geometry": {"type": "Point", "coordinates": [-115.6702632, 32.6784095]}, "properties": {"osm_id": 1462827080, "osm_type": "way", "name": null, "voltage": null, "substation": null, "operator": null}}, {"type": "Feature", "geometry": {"type": "Point", "coordinates": [-115.6712743, 32.6801538]}, "properties": {"osm_id": 1462827081, "osm_type": "way", "name": null, "voltage": null, "substation": null, "operator": null}}, {"type": "Feature", "geometry": {"type": "Point", "coordinates": [-118.3829375, 33.8992754]}, "properties": {"osm_id": 1462897169, "osm_type": "way", "name": null, "voltage": "66000", "substation": null, "operator": null}}, {"type": "Feature", "geometry": {"type": "Point", "coordinates": [-118.4204003, 33.9092753]}, "properties": {"osm_id": 1462903363, "osm_type": "way", "name": null, "voltage": "66000", "substation": null, "operator": null}}, {"type": "Feature", "geometry": {"type": "Point", "coordinates": [-118.4097015, 33.9160137]}, "properties": {"osm_id": 1462903368, "osm_type": "way", "name": null, "voltage": "66000", "substation": null, "operator": null}}, {"type": "Feature", "geometry": {"type": "Point", "coordinates": [-118.4142655, 33.9126992]}, "properties": {"osm_id": 1462903372, "osm_type": "way", "name": null, "voltage": "66000", "substation": null, "operator": null}}, {"type": "Feature", "geometry": {"type": "Point", "coordinates": [-118.3259029, 33.8804212]}, "properties": {"osm_id": 1463227365, "osm_type": "way", "name": null, "voltage": "66000", "substation": null, "operator": null}}, {"type": "Feature", "geometry": {"type": "Point", "coordinates": [-118.3187946, 33.9240635]}, "properties": {"osm_id": 1463257282, "osm_type": "way", "name": null, "voltage": "66000", "substation": null, "operator": null}}, {"type": "Feature", "geometry": {"type": "Point", "coordinates": [-118.4380077, 33.9514676]}, "properties": {"osm_id": 1463930554, "osm_type": "way", "name": null, "voltage": null, "substation": null, "operator": null}}, {"type": "Feature", "geometry": {"type": "Point", "coordinates": [-118.4365511, 33.9514714]}, "properties": {"osm_id": 1463930555, "osm_type": "way", "name": null, "voltage": null, "substation": null, "operator": null}}, {"type": "Feature", "geometry": {"type": "Point", "coordinates": [-118.4878124, 34.0175251]}, "properties": {"osm_id": 1464138767, "osm_type": "way", "name": null, "voltage": "66000", "substation": null, "operator": "Southern California Edison"}}, {"type": "Feature", "geometry": {"type": "Point", "coordinates": [-115.2858375, 33.7130196]}, "properties": {"osm_id": 1464477995, "osm_type": "way", "name": null, "voltage": "220000", "substation": null, "operator": null}}, {"type": "Feature", "geometry": {"type": "Point", "coordinates": [-115.314804, 33.7047417]}, "properties": {"osm_id": 1464477998, "osm_type": "way", "name": null, "voltage": "500000", "substation": "transmission", "operator": null}}, {"type": "Feature", "geometry": {"type": "Point", "coordinates": [-116.8280932, 34.8618464]}, "properties": {"osm_id": 1465117382, "osm_type": "way", "name": null, "voltage": null, "substation": null, "operator": null}}, {"type": "Feature", "geometry": {"type": "Point", "coordinates": [-116.7517535, 34.8665423]}, "properties": {"osm_id": 1465117384, "osm_type": "way", "name": null, "voltage": null, "substation": null, "operator": null}}, {"type": "Feature", "geometry": {"type": "Point", "coordinates": [-118.822593, 35.4298057]}, "properties": {"osm_id": 1465132445, "osm_type": "way", "name": null, "voltage": null, "substation": null, "operator": null}}, {"type": "Feature", "geometry": {"type": "Point", "coordinates": [-114.1029283, 35.2081296]}, "properties": {"osm_id": 1465393858, "osm_type": "way", "name": "Unisource Coyote Breaker Substation", "voltage": null, "substation": null, "operator": null}}, {"type": "Feature", "geometry": {"type": "Point", "coordinates": [-114.6753473, 32.5537846]}, "properties": {"osm_id": 1465393867, "osm_type": "way", "name": null, "voltage": null, "substation": null, "operator": null}}, {"type": "Feature", "geometry": {"type": "Point", "coordinates": [-114.6394312, 32.6329155]}, "properties": {"osm_id": 1465393868, "osm_type": "way", "name": null, "voltage": null, "substation": null, "operator": null}}, {"type": "Feature", "geometry": {"type": "Point", "coordinates": [-114.3059565, 32.6905156]}, "properties": {"osm_id": 1465393869, "osm_type": "way", "name": null, "voltage": null, "substation": null, "operator": null}}, {"type": "Feature", "geometry": {"type": "Point", "coordinates": [-114.4030374, 33.984371]}, "properties": {"osm_id": 1465393873, "osm_type": "way", "name": null, "voltage": null, "substation": null, "operator": null}}, {"type": "Feature", "geometry": {"type": "Point", "coordinates": [-114.298171, 33.8663422]}, "properties": {"osm_id": 1465393874, "osm_type": "way", "name": null, "voltage": null, "substation": null, "operator": null}}, {"type": "Feature", "geometry": {"type": "Point", "coordinates": [-117.0319735, 32.9405703]}, "properties": {"osm_id": 1467179079, "osm_type": "way", "name": null, "voltage": null, "substation": null, "operator": null}}, {"type": "Feature", "geometry": {"type": "Point", "coordinates": [-117.1364283, 32.6923666]}, "properties": {"osm_id": 1467179323, "osm_type": "way", "name": null, "voltage": null, "substation": null, "operator": null}}, {"type": "Feature", "geometry": {"type": "Point", "coordinates": [-118.100667, 33.7705034]}, "properties": {"osm_id": 1467180896, "osm_type": "way", "name": null, "voltage": null, "substation": null, "operator": null}}, {"type": "Feature", "geometry": {"type": "Point", "coordinates": [-115.7131545, 32.7339097]}, "properties": {"osm_id": 1467182584, "osm_type": "way", "name": null, "voltage": null, "substation": null, "operator": null}}, {"type": "Feature", "geometry": {"type": "Point", "coordinates": [-118.9262015, 34.9183582]}, "properties": {"osm_id": 1467185702, "osm_type": "way", "name": null, "voltage": null, "substation": null, "operator": null}}, {"type": "Feature", "geometry": {"type": "Point", "coordinates": [-120.6038779, 34.6847822]}, "properties": {"osm_id": 1468138878, "osm_type": "way", "name": "Surf Substation", "voltage": "115000", "substation": "distribution", "operator": "Pacific Gas and Electric Company"}}, {"type": "Feature", "geometry": {"type": "Point", "coordinates": [-120.4546146, 34.6429083]}, "properties": {"osm_id": 1468141250, "osm_type": "way", "name": "Lompoc - Control Center", "voltage": "115000", "substation": "yes", "operator": null}}, {"type": "Feature", "geometry": {"type": "Point", "coordinates": [-118.7789782, 35.2243036]}, "properties": {"osm_id": 1469474880, "osm_type": "way", "name": null, "voltage": null, "substation": null, "operator": null}}, {"type": "Feature", "geometry": {"type": "Point", "coordinates": [-119.3098511, 35.2825561]}, "properties": {"osm_id": 1469474881, "osm_type": "way", "name": null, "voltage": null, "substation": null, "operator": null}}, {"type": "Feature", "geometry": {"type": "Point", "coordinates": [-119.37663, 35.2260992]}, "properties": {"osm_id": 1469474882, "osm_type": "way", "name": null, "voltage": null, "substation": null, "operator": null}}, {"type": "Feature", "geometry": {"type": "Point", "coordinates": [-118.9590181, 35.5926886]}, "properties": {"osm_id": 1469474883, "osm_type": "way", "name": null, "voltage": null, "substation": null, "operator": null}}, {"type": "Feature", "geometry": {"type": "Point", "coordinates": [-119.2768706, 35.688421]}, "properties": {"osm_id": 1469474884, "osm_type": "way", "name": null, "voltage": null, "substation": null, "operator": null}}, {"type": "Feature", "geometry": {"type": "Point", "coordinates": [-119.204502, 35.7037006]}, "properties": {"osm_id": 1469474885, "osm_type": "way", "name": null, "voltage": null, "substation": null, "operator": null}}, {"type": "Feature", "geometry": {"type": "Point", "coordinates": [-118.2907568, 33.953935]}, "properties": {"osm_id": 1474521619, "osm_type": "way", "name": null, "voltage": null, "substation": null, "operator": null}}, {"type": "Feature", "geometry": {"type": "Point", "coordinates": [-116.4881395, 32.653244]}, "properties": {"osm_id": 1476178378, "osm_type": "way", "name": null, "voltage": "69000", "substation": null, "operator": null}}, {"type": "Feature", "geometry": {"type": "Point", "coordinates": [-120.5740569, 34.6417426]}, "properties": {"osm_id": 1478964676, "osm_type": "way", "name": null, "voltage": null, "substation": null, "operator": null}}, {"type": "Feature", "geometry": {"type": "Point", "coordinates": [-114.2151006, 32.6407483]}, "properties": {"osm_id": 1479106626, "osm_type": "way", "name": null, "voltage": null, "substation": null, "operator": null}}, {"type": "Feature", "geometry": {"type": "Point", "coordinates": [-114.3240594, 32.7068066]}, "properties": {"osm_id": 1479106681, "osm_type": "way", "name": null, "voltage": null, "substation": null, "operator": null}}, {"type": "Feature", "geometry": {"type": "Point", "coordinates": [-116.9684077, 32.8544552]}, "properties": {"osm_id": 1479953404, "osm_type": "way", "name": null, "voltage": null, "substation": null, "operator": null}}, {"type": "Feature", "geometry": {"type": "Point", "coordinates": [-115.6398126, 33.1568308]}, "properties": {"osm_id": 1485094826, "osm_type": "way", "name": "Salton Sea 3", "voltage": null, "substation": null, "operator": null}}, {"type": "Feature", "geometry": {"type": "Point", "coordinates": [-115.6224802, 33.1482964]}, "properties": {"osm_id": 1485094827, "osm_type": "way", "name": "Lindsey", "voltage": null, "substation": null, "operator": null}}, {"type": "Feature", "geometry": {"type": "Point", "coordinates": [-114.5724651, 33.6909598]}, "properties": {"osm_id": 1485094828, "osm_type": "way", "name": "Second Avenue", "voltage": null, "substation": null, "operator": null}}, {"type": "Feature", "geometry": {"type": "Point", "coordinates": [-114.6237463, 33.6604101]}, "properties": {"osm_id": 1485094829, "osm_type": "way", "name": null, "voltage": null, "substation": null, "operator": null}}, {"type": "Feature", "geometry": {"type": "Point", "coordinates": [-114.6560079, 33.5248498]}, "properties": {"osm_id": 1485094830, "osm_type": "way", "name": "Ripley", "voltage": null, "substation": null, "operator": null}}, {"type": "Feature", "geometry": {"type": "Point", "coordinates": [-114.7251981, 33.4185761]}, "properties": {"osm_id": 1485094831, "osm_type": "way", "name": "Verdant", "voltage": null, "substation": null, "operator": null}}, {"type": "Feature", "geometry": {"type": "Point", "coordinates": [-114.4734701, 32.8808081]}, "properties": {"osm_id": 1485094832, "osm_type": "way", "name": "Imperial Dam", "voltage": null, "substation": null, "operator": null}}, {"type": "Feature", "geometry": {"type": "Point", "coordinates": [-114.4901991, 32.8663479]}, "properties": {"osm_id": 1485094833, "osm_type": "way", "name": "Barret", "voltage": null, "substation": null, "operator": null}}, {"type": "Feature", "geometry": {"type": "Point", "coordinates": [-114.5745438, 32.7815007]}, "properties": {"osm_id": 1485094834, "osm_type": "way", "name": "Bard", "voltage": null, "substation": null, "operator": null}}, {"type": "Feature", "geometry": {"type": "Point", "coordinates": [-114.6344482, 32.7792174]}, "properties": {"osm_id": 1485094835, "osm_type": "way", "name": "Siphon Drop", "voltage": null, "substation": null, "operator": null}}, {"type": "Feature", "geometry": {"type": "Point", "coordinates": [-114.9867323, 33.027399]}, "properties": {"osm_id": 1485094836, "osm_type": "way", "name": "Mesquite", "voltage": null, "substation": null, "operator": null}}, {"type": "Feature", "geometry": {"type": "Point", "coordinates": [-115.2832264, 32.6994119]}, "properties": {"osm_id": 1485094837, "osm_type": "way", "name": "Verde", "voltage": null, "substation": null, "operator": null}}, {"type": "Feature", "geometry": {"type": "Point", "coordinates": [-115.3375586, 32.7229766]}, "properties": {"osm_id": 1485094838, "osm_type": "way", "name": "Verde", "voltage": null, "substation": null, "operator": null}}, {"type": "Feature", "geometry": {"type": "Point", "coordinates": [-115.4232712, 32.9531633]}, "properties": {"osm_id": 1485094839, "osm_type": "way", "name": "Alamorio", "voltage": null, "substation": null, "operator": null}}, {"type": "Feature", "geometry": {"type": "Point", "coordinates": [-116.0420903, 32.7442587]}, "properties": {"osm_id": 1485094840, "osm_type": "way", "name": null, "voltage": null, "substation": null, "operator": null}}, {"type": "Feature", "geometry": {"type": "Point", "coordinates": [-116.2723446, 32.6622]}, "properties": {"osm_id": 1485094841, "osm_type": "way", "name": "Boulevard", "voltage": null, "substation": null, "operator": null}}, {"type": "Feature", "geometry": {"type": "Point", "coordinates": [-118.4924667, 33.4366455]}, "properties": {"osm_id": 1485094842, "osm_type": "way", "name": null, "voltage": null, "substation": null, "operator": null}}, {"type": "Feature", "geometry": {"type": "Point", "coordinates": [-118.3919228, 34.2430969]}, "properties": {"osm_id": 1485094843, "osm_type": "way", "name": null, "voltage": null, "substation": null, "operator": null}}, {"type": "Feature", "geometry": {"type": "Point", "coordinates": [-118.4956893, 34.3841575]}, "properties": {"osm_id": 1485094844, "osm_type": "way", "name": null, "voltage": null, "substation": null, "operator": null}}, {"type": "Feature", "geometry": {"type": "Point", "coordinates": [-118.4527384, 34.4155236]}, "properties": {"osm_id": 1485094845, "osm_type": "way", "name": "North Oaks", "voltage": null, "substation": null, "operator": null}}, {"type": "Feature", "geometry": {"type": "Point", "coordinates": [-118.0589613, 34.5661422]}, "properties": {"osm_id": 1485094846, "osm_type": "way", "name": "Palmdale", "voltage": null, "substation": null, "operator": null}}, {"type": "Feature", "geometry": {"type": "Point", "coordinates": [-118.2386619, 34.9011438]}, "properties": {"osm_id": 1485094848, "osm_type": "way", "name": null, "voltage": null, "substation": null, "operator": null}}, {"type": "Feature", "geometry": {"type": "Point", "coordinates": [-118.2519228, 34.9013452]}, "properties": {"osm_id": 1485094849, "osm_type": "way", "name": null, "voltage": null, "substation": null, "operator": null}}, {"type": "Feature", "geometry": {"type": "Point", "coordinates": [-118.2929223, 35.0386336]}, "properties": {"osm_id": 1485094850, "osm_type": "way", "name": null, "voltage": null, "substation": null, "operator": null}}, {"type": "Feature", "geometry": {"type": "Point", "coordinates": [-118.3515222, 35.0316318]}, "properties": {"osm_id": 1485094851, "osm_type": "way", "name": null, "voltage": null, "substation": null, "operator": null}}, {"type": "Feature", "geometry": {"type": "Point", "coordinates": [-119.2333967, 35.7189243]}, "properties": {"osm_id": 1485094919, "osm_type": "way", "name": null, "voltage": null, "substation": null, "operator": null}}, {"type": "Feature", "geometry": {"type": "Point", "coordinates": [-119.3091134, 35.2859804]}, "properties": {"osm_id": 1485094920, "osm_type": "way", "name": null, "voltage": null, "substation": null, "operator": null}}, {"type": "Feature", "geometry": {"type": "Point", "coordinates": [-119.3369722, 35.405937]}, "properties": {"osm_id": 1485094921, "osm_type": "way", "name": null, "voltage": null, "substation": null, "operator": null}}, {"type": "Feature", "geometry": {"type": "Point", "coordinates": [-119.3215317, 35.3940871]}, "properties": {"osm_id": 1485094922, "osm_type": "way", "name": null, "voltage": null, "substation": null, "operator": null}}, {"type": "Feature", "geometry": {"type": "Point", "coordinates": [-119.1183441, 35.4707642]}, "properties": {"osm_id": 1485094923, "osm_type": "way", "name": null, "voltage": null, "substation": null, "operator": null}}, {"type": "Feature", "geometry": {"type": "Point", "coordinates": [-118.7968914, 35.4406256]}, "properties": {"osm_id": 1485094924, "osm_type": "way", "name": null, "voltage": null, "substation": null, "operator": null}}, {"type": "Feature", "geometry": {"type": "Point", "coordinates": [-118.527558, 35.4840073]}, "properties": {"osm_id": 1485094926, "osm_type": "way", "name": null, "voltage": null, "substation": null, "operator": null}}, {"type": "Feature", "geometry": {"type": "Point", "coordinates": [-118.4323697, 35.7725221]}, "properties": {"osm_id": 1485094927, "osm_type": "way", "name": null, "voltage": null, "substation": null, "operator": null}}, {"type": "Feature", "geometry": {"type": "Point", "coordinates": [-117.3933208, 35.7041215]}, "properties": {"osm_id": 1485094928, "osm_type": "way", "name": null, "voltage": null, "substation": null, "operator": null}}, {"type": "Feature", "geometry": {"type": "Point", "coordinates": [-117.6729211, 35.6263534]}, "properties": {"osm_id": 1485094929, "osm_type": "way", "name": null, "voltage": null, "substation": null, "operator": null}}, {"type": "Feature", "geometry": {"type": "Point", "coordinates": [-117.8165788, 35.6485141]}, "properties": {"osm_id": 1485094930, "osm_type": "way", "name": null, "voltage": null, "substation": null, "operator": null}}, {"type": "Feature", "geometry": {"type": "Point", "coordinates": [-117.9502272, 35.3082132]}, "properties": {"osm_id": 1485094931, "osm_type": "way", "name": null, "voltage": null, "substation": null, "operator": null}}, {"type": "Feature", "geometry": {"type": "Point", "coordinates": [-117.8003159, 35.0974382]}, "properties": {"osm_id": 1485094932, "osm_type": "way", "name": null, "voltage": null, "substation": null, "operator": null}}, {"type": "Feature", "geometry": {"type": "Point", "coordinates": [-117.5662396, 35.0204011]}, "properties": {"osm_id": 1485094933, "osm_type": "way", "name": null, "voltage": null, "substation": null, "operator": null}}, {"type": "Feature", "geometry": {"type": "Point", "coordinates": [-117.5657319, 35.0154334]}, "properties": {"osm_id": 1485094934, "osm_type": "way", "name": null, "voltage": null, "substation": null, "operator": null}}, {"type": "Feature", "geometry": {"type": "Point", "coordinates": [-117.555555, 35.0191716]}, "properties": {"osm_id": 1485094935, "osm_type": "way", "name": null, "voltage": null, "substation": null, "operator": null}}, {"type": "Feature", "geometry": {"type": "Point", "coordinates": [-117.5556857, 35.0118928]}, "properties": {"osm_id": 1485094936, "osm_type": "way", "name": null, "voltage": null, "substation": null, "operator": null}}, {"type": "Feature", "geometry": {"type": "Point", "coordinates": [-117.5557307, 35.0072699]}, "properties": {"osm_id": 1485094937, "osm_type": "way", "name": null, "voltage": null, "substation": null, "operator": null}}, {"type": "Feature", "geometry": {"type": "Point", "coordinates": [-117.1016762, 34.6227745]}, "properties": {"osm_id": 1485094938, "osm_type": "way", "name": null, "voltage": null, "substation": null, "operator": null}}, {"type": "Feature", "geometry": {"type": "Point", "coordinates": [-117.102222, 34.6212824]}, "properties": {"osm_id": 1485094939, "osm_type": "way", "name": null, "voltage": null, "substation": null, "operator": null}}, {"type": "Feature", "geometry": {"type": "Point", "coordinates": [-117.2157285, 34.5175743]}, "properties": {"osm_id": 1485094940, "osm_type": "way", "name": null, "voltage": null, "substation": null, "operator": null}}, {"type": "Feature", "geometry": {"type": "Point", "coordinates": [-117.3694372, 34.5800086]}, "properties": {"osm_id": 1485094941, "osm_type": "way", "name": null, "voltage": null, "substation": null, "operator": null}}, {"type": "Feature", "geometry": {"type": "Point", "coordinates": [-117.481365, 33.7602292]}, "properties": {"osm_id": 1485094942, "osm_type": "way", "name": null, "voltage": null, "substation": null, "operator": null}}, {"type": "Feature", "geometry": {"type": "Point", "coordinates": [-117.3262596, 33.6743352]}, "properties": {"osm_id": 1485094943, "osm_type": "way", "name": null, "voltage": null, "substation": null, "operator": null}}, {"type": "Feature", "geometry": {"type": "Point", "coordinates": [-117.0638792, 33.4909698]}, "properties": {"osm_id": 1485094945, "osm_type": "way", "name": null, "voltage": null, "substation": null, "operator": null}}, {"type": "Feature", "geometry": {"type": "Point", "coordinates": [-117.189294, 33.3946708]}, "properties": {"osm_id": 1485094946, "osm_type": "way", "name": null, "voltage": null, "substation": null, "operator": null}}, {"type": "Feature", "geometry": {"type": "Point", "coordinates": [-117.2369944, 33.3845762]}, "properties": {"osm_id": 1485094947, "osm_type": "way", "name": null, "voltage": null, "substation": null, "operator": null}}, {"type": "Feature", "geometry": {"type": "Point", "coordinates": [-117.3003509, 33.2522084]}, "properties": {"osm_id": 1485094948, "osm_type": "way", "name": null, "voltage": null, "substation": null, "operator": null}}, {"type": "Feature", "geometry": {"type": "Point", "coordinates": [-116.9717467, 32.7968833]}, "properties": {"osm_id": 1485094949, "osm_type": "way", "name": null, "voltage": null, "substation": null, "operator": null}}, {"type": "Feature", "geometry": {"type": "Point", "coordinates": [-117.0304697, 32.6580971]}, "properties": {"osm_id": 1485094950, "osm_type": "way", "name": null, "voltage": null, "substation": null, "operator": null}}, {"type": "Feature", "geometry": {"type": "Point", "coordinates": [-117.1662209, 32.8758817]}, "properties": {"osm_id": 1485094951, "osm_type": "way", "name": null, "voltage": null, "substation": null, "operator": null}}, {"type": "Feature", "geometry": {"type": "Point", "coordinates": [-117.0985511, 33.1183682]}, "properties": {"osm_id": 1485094952, "osm_type": "way", "name": null, "voltage": null, "substation": null, "operator": null}}, {"type": "Feature", "geometry": {"type": "Point", "coordinates": [-117.0020613, 33.0153697]}, "properties": {"osm_id": 1485094953, "osm_type": "way", "name": null, "voltage": null, "substation": null, "operator": null}}, {"type": "Feature", "geometry": {"type": "Point", "coordinates": [-116.5862355, 33.0060228]}, "properties": {"osm_id": 1485094954, "osm_type": "way", "name": null, "voltage": null, "substation": null, "operator": null}}, {"type": "Feature", "geometry": {"type": "Point", "coordinates": [-116.3495768, 33.2870897]}, "properties": {"osm_id": 1485094955, "osm_type": "way", "name": null, "voltage": null, "substation": null, "operator": null}}, {"type": "Feature", "geometry": {"type": "Point", "coordinates": [-116.514876, 33.8301495]}, "properties": {"osm_id": 1485094957, "osm_type": "way", "name": null, "voltage": null, "substation": null, "operator": null}}, {"type": "Feature", "geometry": {"type": "Point", "coordinates": [-116.8854037, 34.2470497]}, "properties": {"osm_id": 1485094960, "osm_type": "way", "name": null, "voltage": null, "substation": null, "operator": null}}, {"type": "Feature", "geometry": {"type": "Point", "coordinates": [-116.9123491, 34.195733]}, "properties": {"osm_id": 1485094962, "osm_type": "way", "name": null, "voltage": null, "substation": null, "operator": null}}, {"type": "Feature", "geometry": {"type": "Point", "coordinates": [-116.8571379, 34.0304083]}, "properties": {"osm_id": 1485094963, "osm_type": "way", "name": null, "voltage": null, "substation": null, "operator": null}}, {"type": "Feature", "geometry": {"type": "Point", "coordinates": [-116.7838512, 33.9139658]}, "properties": {"osm_id": 1485094964, "osm_type": "way", "name": null, "voltage": null, "substation": null, "operator": null}}, {"type": "Feature", "geometry": {"type": "Point", "coordinates": [-116.9837428, 33.9337913]}, "properties": {"osm_id": 1485094965, "osm_type": "way", "name": null, "voltage": null, "substation": null, "operator": null}}, {"type": "Feature", "geometry": {"type": "Point", "coordinates": [-117.0514196, 34.0105747]}, "properties": {"osm_id": 1485094967, "osm_type": "way", "name": null, "voltage": null, "substation": null, "operator": null}}, {"type": "Feature", "geometry": {"type": "Point", "coordinates": [-117.1653532, 34.0277535]}, "properties": {"osm_id": 1485094968, "osm_type": "way", "name": null, "voltage": null, "substation": null, "operator": null}}, {"type": "Feature", "geometry": {"type": "Point", "coordinates": [-117.2612267, 34.091427]}, "properties": {"osm_id": 1485094969, "osm_type": "way", "name": null, "voltage": null, "substation": null, "operator": null}}, {"type": "Feature", "geometry": {"type": "Point", "coordinates": [-117.7086951, 33.9937537]}, "properties": {"osm_id": 1485094970, "osm_type": "way", "name": null, "voltage": null, "substation": null, "operator": null}}, {"type": "Feature", "geometry": {"type": "Point", "coordinates": [-117.7954994, 34.1275036]}, "properties": {"osm_id": 1485094971, "osm_type": "way", "name": null, "voltage": null, "substation": null, "operator": null}}, {"type": "Feature", "geometry": {"type": "Point", "coordinates": [-117.8370916, 34.0222094]}, "properties": {"osm_id": 1485094972, "osm_type": "way", "name": null, "voltage": null, "substation": null, "operator": null}}, {"type": "Feature", "geometry": {"type": "Point", "coordinates": [-117.9143253, 33.9970666]}, "properties": {"osm_id": 1485094973, "osm_type": "way", "name": null, "voltage": null, "substation": null, "operator": null}}, {"type": "Feature", "geometry": {"type": "Point", "coordinates": [-118.1594315, 33.8013762]}, "properties": {"osm_id": 1485094974, "osm_type": "way", "name": null, "voltage": null, "substation": null, "operator": null}}, {"type": "Feature", "geometry": {"type": "Point", "coordinates": [-118.1499251, 33.7813232]}, "properties": {"osm_id": 1485094975, "osm_type": "way", "name": null, "voltage": null, "substation": null, "operator": null}}, {"type": "Feature", "geometry": {"type": "Point", "coordinates": [-117.9938024, 33.7534974]}, "properties": {"osm_id": 1485094976, "osm_type": "way", "name": null, "voltage": null, "substation": null, "operator": null}}, {"type": "Feature", "geometry": {"type": "Point", "coordinates": [-117.9556078, 33.6440264]}, "properties": {"osm_id": 1485094977, "osm_type": "way", "name": null, "voltage": null, "substation": null, "operator": null}}, {"type": "Feature", "geometry": {"type": "Point", "coordinates": [-117.9250339, 33.6295402]}, "properties": {"osm_id": 1485094978, "osm_type": "way", "name": null, "voltage": null, "substation": null, "operator": null}}, {"type": "Feature", "geometry": {"type": "Point", "coordinates": [-117.8490845, 33.6878666]}, "properties": {"osm_id": 1485094979, "osm_type": "way", "name": null, "voltage": null, "substation": null, "operator": null}}, {"type": "Feature", "geometry": {"type": "Point", "coordinates": [-117.8618565, 33.8593609]}, "properties": {"osm_id": 1485094980, "osm_type": "way", "name": null, "voltage": null, "substation": null, "operator": null}}, {"type": "Feature", "geometry": {"type": "Point", "coordinates": [-117.95518, 33.9250797]}, "properties": {"osm_id": 1485094981, "osm_type": "way", "name": null, "voltage": null, "substation": null, "operator": null}}, {"type": "Feature", "geometry": {"type": "Point", "coordinates": [-118.1546344, 34.0243952]}, "properties": {"osm_id": 1485094982, "osm_type": "way", "name": null, "voltage": null, "substation": null, "operator": null}}, {"type": "Feature", "geometry": {"type": "Point", "coordinates": [-118.1750353, 33.9453409]}, "properties": {"osm_id": 1485094983, "osm_type": "way", "name": null, "voltage": null, "substation": null, "operator": null}}, {"type": "Feature", "geometry": {"type": "Point", "coordinates": [-118.1774942, 33.9534815]}, "properties": {"osm_id": 1485094984, "osm_type": "way", "name": null, "voltage": null, "substation": null, "operator": null}}, {"type": "Feature", "geometry": {"type": "Point", "coordinates": [-118.227508, 34.0082157]}, "properties": {"osm_id": 1485094985, "osm_type": "way", "name": null, "voltage": null, "substation": null, "operator": null}}, {"type": "Feature", "geometry": {"type": "Point", "coordinates": [-118.2480738, 33.975586]}, "properties": {"osm_id": 1485094986, "osm_type": "way", "name": null, "voltage": null, "substation": null, "operator": null}}, {"type": "Feature", "geometry": {"type": "Point", "coordinates": [-118.2131153, 33.9470853]}, "properties": {"osm_id": 1485094988, "osm_type": "way", "name": null, "voltage": null, "substation": null, "operator": null}}, {"type": "Feature", "geometry": {"type": "Point", "coordinates": [-118.3873924, 33.7796245]}, "properties": {"osm_id": 1485094990, "osm_type": "way", "name": null, "voltage": null, "substation": null, "operator": null}}, {"type": "Feature", "geometry": {"type": "Point", "coordinates": [-118.3444999, 33.8247146]}, "properties": {"osm_id": 1485094991, "osm_type": "way", "name": null, "voltage": null, "substation": null, "operator": null}}, {"type": "Feature", "geometry": {"type": "Point", "coordinates": [-118.3217729, 33.8613789]}, "properties": {"osm_id": 1485094992, "osm_type": "way", "name": null, "voltage": null, "substation": null, "operator": null}}, {"type": "Feature", "geometry": {"type": "Point", "coordinates": [-118.2078816, 33.7648182]}, "properties": {"osm_id": 1485094994, "osm_type": "way", "name": null, "voltage": null, "substation": null, "operator": null}}, {"type": "Feature", "geometry": {"type": "Point", "coordinates": [-118.2320738, 33.8125213]}, "properties": {"osm_id": 1485094995, "osm_type": "way", "name": null, "voltage": null, "substation": null, "operator": null}}, {"type": "Feature", "geometry": {"type": "Point", "coordinates": [-118.1856815, 33.8591337]}, "properties": {"osm_id": 1485094997, "osm_type": "way", "name": "Linden", "voltage": null, "substation": null, "operator": "Southern California Edison"}}, {"type": "Feature", "geometry": {"type": "Point", "coordinates": [-118.1603328, 33.8728035]}, "properties": {"osm_id": 1485094998, "osm_type": "way", "name": null, "voltage": null, "substation": null, "operator": null}}, {"type": "Feature", "geometry": {"type": "Point", "coordinates": [-118.1638854, 33.8931984]}, "properties": {"osm_id": 1485094999, "osm_type": "way", "name": null, "voltage": null, "substation": null, "operator": null}}, {"type": "Feature", "geometry": {"type": "Point", "coordinates": [-118.1510114, 33.8984771]}, "properties": {"osm_id": 1485095000, "osm_type": "way", "name": null, "voltage": null, "substation": null, "operator": null}}, {"type": "Feature", "geometry": {"type": "Point", "coordinates": [-118.1443622, 33.8988813]}, "properties": {"osm_id": 1485095001, "osm_type": "way", "name": null, "voltage": null, "substation": null, "operator": null}}, {"type": "Feature", "geometry": {"type": "Point", "coordinates": [-118.0472113, 33.9031696]}, "properties": {"osm_id": 1485095002, "osm_type": "way", "name": null, "voltage": null, "substation": null, "operator": null}}, {"type": "Feature", "geometry": {"type": "Point", "coordinates": [-118.0474848, 33.8810128]}, "properties": {"osm_id": 1485095003, "osm_type": "way", "name": null, "voltage": null, "substation": null, "operator": null}}, {"type": "Feature", "geometry": {"type": "Point", "coordinates": [-118.111302, 33.9808258]}, "properties": {"osm_id": 1485095005, "osm_type": "way", "name": null, "voltage": null, "substation": null, "operator": null}}, {"type": "Feature", "geometry": {"type": "Point", "coordinates": [-118.0242267, 34.0240711]}, "properties": {"osm_id": 1485095006, "osm_type": "way", "name": null, "voltage": null, "substation": null, "operator": null}}, {"type": "Feature", "geometry": {"type": "Point", "coordinates": [-118.0250454, 34.0242651]}, "properties": {"osm_id": 1485095007, "osm_type": "way", "name": null, "voltage": null, "substation": null, "operator": null}}, {"type": "Feature", "geometry": {"type": "Point", "coordinates": [-118.0255859, 34.0370994]}, "properties": {"osm_id": 1485095008, "osm_type": "way", "name": null, "voltage": null, "substation": null, "operator": null}}, {"type": "Feature", "geometry": {"type": "Point", "coordinates": [-118.0242133, 34.0344682]}, "properties": {"osm_id": 1485095009, "osm_type": "way", "name": null, "voltage": null, "substation": null, "operator": null}}, {"type": "Feature", "geometry": {"type": "Point", "coordinates": [-117.9250058, 34.1251678]}, "properties": {"osm_id": 1485095010, "osm_type": "way", "name": null, "voltage": null, "substation": null, "operator": null}}, {"type": "Feature", "geometry": {"type": "Point", "coordinates": [-118.0545987, 34.1582487]}, "properties": {"osm_id": 1485095012, "osm_type": "way", "name": null, "voltage": null, "substation": null, "operator": null}}, {"type": "Feature", "geometry": {"type": "Point", "coordinates": [-118.1679878, 34.2135242]}, "properties": {"osm_id": 1485095013, "osm_type": "way", "name": null, "voltage": null, "substation": null, "operator": null}}, {"type": "Feature", "geometry": {"type": "Point", "coordinates": [-118.2609571, 34.1464624]}, "properties": {"osm_id": 1485095014, "osm_type": "way", "name": null, "voltage": null, "substation": null, "operator": null}}, {"type": "Feature", "geometry": {"type": "Point", "coordinates": [-118.3109083, 34.1794393]}, "properties": {"osm_id": 1485095015, "osm_type": "way", "name": null, "voltage": null, "substation": null, "operator": null}}, {"type": "Feature", "geometry": {"type": "Point", "coordinates": [-118.3038376, 34.1716135]}, "properties": {"osm_id": 1485095016, "osm_type": "way", "name": null, "voltage": null, "substation": null, "operator": null}}, {"type": "Feature", "geometry": {"type": "Point", "coordinates": [-118.3588088, 34.105988]}, "properties": {"osm_id": 1485095017, "osm_type": "way", "name": null, "voltage": null, "substation": null, "operator": null}}, {"type": "Feature", "geometry": {"type": "Point", "coordinates": [-118.4164837, 34.0114287]}, "properties": {"osm_id": 1485095018, "osm_type": "way", "name": null, "voltage": null, "substation": null, "operator": null}}, {"type": "Feature", "geometry": {"type": "Point", "coordinates": [-118.7095251, 34.0827178]}, "properties": {"osm_id": 1485095020, "osm_type": "way", "name": null, "voltage": null, "substation": null, "operator": null}}, {"type": "Feature", "geometry": {"type": "Point", "coordinates": [-118.704395, 34.2283491]}, "properties": {"osm_id": 1485095021, "osm_type": "way", "name": null, "voltage": null, "substation": null, "operator": null}}, {"type": "Feature", "geometry": {"type": "Point", "coordinates": [-118.7104176, 34.231848]}, "properties": {"osm_id": 1485095022, "osm_type": "way", "name": null, "voltage": null, "substation": null, "operator": null}}, {"type": "Feature", "geometry": {"type": "Point", "coordinates": [-119.0956451, 34.1286931]}, "properties": {"osm_id": 1485095023, "osm_type": "way", "name": null, "voltage": null, "substation": null, "operator": null}}, {"type": "Feature", "geometry": {"type": "Point", "coordinates": [-119.2092233, 34.1566701]}, "properties": {"osm_id": 1485095024, "osm_type": "way", "name": null, "voltage": null, "substation": null, "operator": null}}, {"type": "Feature", "geometry": {"type": "Point", "coordinates": [-119.2470854, 34.2052297]}, "properties": {"osm_id": 1485095025, "osm_type": "way", "name": null, "voltage": null, "substation": null, "operator": null}}, {"type": "Feature", "geometry": {"type": "Point", "coordinates": [-119.263133, 34.3205548]}, "properties": {"osm_id": 1485095026, "osm_type": "way", "name": null, "voltage": null, "substation": null, "operator": null}}, {"type": "Feature", "geometry": {"type": "Point", "coordinates": [-119.3105142, 34.3169788]}, "properties": {"osm_id": 1485095027, "osm_type": "way", "name": null, "voltage": null, "substation": null, "operator": null}}, {"type": "Feature", "geometry": {"type": "Point", "coordinates": [-119.9114652, 34.431593]}, "properties": {"osm_id": 1485095029, "osm_type": "way", "name": null, "voltage": null, "substation": null, "operator": null}}, {"type": "Feature", "geometry": {"type": "Point", "coordinates": [-120.0402286, 35.3806626]}, "properties": {"osm_id": 1485095032, "osm_type": "way", "name": null, "voltage": null, "substation": null, "operator": null}}, {"type": "Feature", "geometry": {"type": "Point", "coordinates": [-120.0424784, 35.6584911]}, "properties": {"osm_id": 1485095033, "osm_type": "way", "name": null, "voltage": null, "substation": null, "operator": null}}, {"type": "Feature", "geometry": {"type": "Point", "coordinates": [-119.94266, 35.8349288]}, "properties": {"osm_id": 1485095036, "osm_type": "way", "name": null, "voltage": null, "substation": null, "operator": null}}, {"type": "Feature", "geometry": {"type": "Point", "coordinates": [-119.9083893, 35.8430848]}, "properties": {"osm_id": 1485095037, "osm_type": "way", "name": null, "voltage": null, "substation": null, "operator": null}}, {"type": "Feature", "geometry": {"type": "Point", "coordinates": [-119.8663679, 35.7857631]}, "properties": {"osm_id": 1485095038, "osm_type": "way", "name": null, "voltage": null, "substation": null, "operator": null}}, {"type": "Feature", "geometry": {"type": "Point", "coordinates": [-119.8950689, 35.7300815]}, "properties": {"osm_id": 1485095039, "osm_type": "way", "name": null, "voltage": null, "substation": null, "operator": null}}, {"type": "Feature", "geometry": {"type": "Point", "coordinates": [-119.8580631, 35.6231059]}, "properties": {"osm_id": 1485095040, "osm_type": "way", "name": null, "voltage": null, "substation": null, "operator": null}}, {"type": "Feature", "geometry": {"type": "Point", "coordinates": [-119.7674131, 35.6658323]}, "properties": {"osm_id": 1485095041, "osm_type": "way", "name": null, "voltage": null, "substation": null, "operator": null}}, {"type": "Feature", "geometry": {"type": "Point", "coordinates": [-119.7522948, 35.6449618]}, "properties": {"osm_id": 1485095042, "osm_type": "way", "name": null, "voltage": null, "substation": null, "operator": null}}, {"type": "Feature", "geometry": {"type": "Point", "coordinates": [-119.7261017, 35.6015494]}, "properties": {"osm_id": 1485095043, "osm_type": "way", "name": null, "voltage": null, "substation": null, "operator": null}}, {"type": "Feature", "geometry": {"type": "Point", "coordinates": [-119.7614332, 35.517547]}, "properties": {"osm_id": 1485095044, "osm_type": "way", "name": null, "voltage": null, "substation": null, "operator": null}}, {"type": "Feature", "geometry": {"type": "Point", "coordinates": [-119.7595898, 35.5176436]}, "properties": {"osm_id": 1485095045, "osm_type": "way", "name": null, "voltage": null, "substation": null, "operator": null}}, {"type": "Feature", "geometry": {"type": "Point", "coordinates": [-119.7434157, 35.4865774]}, "properties": {"osm_id": 1485095046, "osm_type": "way", "name": null, "voltage": null, "substation": null, "operator": null}}, {"type": "Feature", "geometry": {"type": "Point", "coordinates": [-119.75112, 35.4701583]}, "properties": {"osm_id": 1485095047, "osm_type": "way", "name": null, "voltage": null, "substation": null, "operator": null}}, {"type": "Feature", "geometry": {"type": "Point", "coordinates": [-119.7340743, 35.4486311]}, "properties": {"osm_id": 1485095048, "osm_type": "way", "name": null, "voltage": null, "substation": null, "operator": null}}, {"type": "Feature", "geometry": {"type": "Point", "coordinates": [-119.6877442, 35.4249518]}, "properties": {"osm_id": 1485095049, "osm_type": "way", "name": null, "voltage": null, "substation": null, "operator": null}}, {"type": "Feature", "geometry": {"type": "Point", "coordinates": [-119.6861995, 35.3773747]}, "properties": {"osm_id": 1485095050, "osm_type": "way", "name": null, "voltage": null, "substation": null, "operator": null}}, {"type": "Feature", "geometry": {"type": "Point", "coordinates": [-119.6755579, 35.3634726]}, "properties": {"osm_id": 1485095051, "osm_type": "way", "name": null, "voltage": null, "substation": null, "operator": null}}, {"type": "Feature", "geometry": {"type": "Point", "coordinates": [-119.5824393, 35.1933062]}, "properties": {"osm_id": 1485095052, "osm_type": "way", "name": null, "voltage": null, "substation": null, "operator": null}}, {"type": "Feature", "geometry": {"type": "Point", "coordinates": [-119.5027837, 35.145729]}, "properties": {"osm_id": 1485095053, "osm_type": "way", "name": null, "voltage": null, "substation": null, "operator": null}}, {"type": "Feature", "geometry": {"type": "Point", "coordinates": [-119.4749867, 35.1151624]}, "properties": {"osm_id": 1485095054, "osm_type": "way", "name": null, "voltage": null, "substation": null, "operator": null}}, {"type": "Feature", "geometry": {"type": "Point", "coordinates": [-119.4703799, 35.1136348]}, "properties": {"osm_id": 1485095055, "osm_type": "way", "name": null, "voltage": null, "substation": null, "operator": null}}, {"type": "Feature", "geometry": {"type": "Point", "coordinates": [-119.443879, 35.0932701]}, "properties": {"osm_id": 1485095056, "osm_type": "way", "name": null, "voltage": null, "substation": null, "operator": null}}, {"type": "Feature", "geometry": {"type": "Point", "coordinates": [-119.4413014, 35.0898228]}, "properties": {"osm_id": 1485095057, "osm_type": "way", "name": null, "voltage": null, "substation": null, "operator": null}}, {"type": "Feature", "geometry": {"type": "Point", "coordinates": [-119.4294823, 35.0971304]}, "properties": {"osm_id": 1485095058, "osm_type": "way", "name": null, "voltage": null, "substation": null, "operator": null}}, {"type": "Feature", "geometry": {"type": "Point", "coordinates": [-119.4070912, 35.0908187]}, "properties": {"osm_id": 1485095059, "osm_type": "way", "name": null, "voltage": null, "substation": null, "operator": null}}, {"type": "Feature", "geometry": {"type": "Point", "coordinates": [-119.2970294, 35.0831917]}, "properties": {"osm_id": 1485095060, "osm_type": "way", "name": null, "voltage": null, "substation": null, "operator": null}}, {"type": "Feature", "geometry": {"type": "Point", "coordinates": [-118.8809256, 34.8605995]}, "properties": {"osm_id": 1485095061, "osm_type": "way", "name": null, "voltage": null, "substation": null, "operator": null}}, {"type": "Feature", "geometry": {"type": "Point", "coordinates": [-118.9009979, 34.8805612]}, "properties": {"osm_id": 1485095062, "osm_type": "way", "name": "Castaic", "voltage": null, "substation": null, "operator": null}}, {"type": "Feature", "geometry": {"type": "Point", "coordinates": [-118.9253001, 34.926409]}, "properties": {"osm_id": 1485095064, "osm_type": "way", "name": null, "voltage": null, "substation": null, "operator": null}}, {"type": "Feature", "geometry": {"type": "Point", "coordinates": [-118.9578688, 35.1072981]}, "properties": {"osm_id": 1485095066, "osm_type": "way", "name": null, "voltage": null, "substation": null, "operator": null}}, {"type": "Feature", "geometry": {"type": "Point", "coordinates": [-118.8786444, 35.1475011]}, "properties": {"osm_id": 1485095067, "osm_type": "way", "name": null, "voltage": null, "substation": null, "operator": null}}, {"type": "Feature", "geometry": {"type": "Point", "coordinates": [-118.8785277, 35.1503347]}, "properties": {"osm_id": 1485095068, "osm_type": "way", "name": null, "voltage": null, "substation": null, "operator": null}}, {"type": "Feature", "geometry": {"type": "Point", "coordinates": [-118.8800753, 35.2240527]}, "properties": {"osm_id": 1485095069, "osm_type": "way", "name": null, "voltage": null, "substation": null, "operator": null}}, {"type": "Feature", "geometry": {"type": "Point", "coordinates": [-118.8587156, 35.2953714]}, "properties": {"osm_id": 1485095070, "osm_type": "way", "name": null, "voltage": null, "substation": null, "operator": null}}, {"type": "Feature", "geometry": {"type": "Point", "coordinates": [-118.9717653, 35.3557624]}, "properties": {"osm_id": 1485095071, "osm_type": "way", "name": null, "voltage": null, "substation": null, "operator": null}}, {"type": "Feature", "geometry": {"type": "Point", "coordinates": [-118.9331844, 35.317026]}, "properties": {"osm_id": 1485095072, "osm_type": "way", "name": null, "voltage": null, "substation": null, "operator": null}}, {"type": "Feature", "geometry": {"type": "Point", "coordinates": [-118.9255267, 35.358575]}, "properties": {"osm_id": 1485095073, "osm_type": "way", "name": null, "voltage": null, "substation": null, "operator": null}}, {"type": "Feature", "geometry": {"type": "Point", "coordinates": [-118.9253604, 35.3588605]}, "properties": {"osm_id": 1485095074, "osm_type": "way", "name": null, "voltage": null, "substation": null, "operator": null}}, {"type": "Feature", "geometry": {"type": "Point", "coordinates": [-118.9637724, 35.4207615]}, "properties": {"osm_id": 1485095076, "osm_type": "way", "name": null, "voltage": null, "substation": null, "operator": null}}, {"type": "Feature", "geometry": {"type": "Point", "coordinates": [-119.013298, 35.4403961]}, "properties": {"osm_id": 1485095078, "osm_type": "way", "name": null, "voltage": null, "substation": null, "operator": null}}, {"type": "Feature", "geometry": {"type": "Point", "coordinates": [-119.009441, 35.495902]}, "properties": {"osm_id": 1485095079, "osm_type": "way", "name": null, "voltage": null, "substation": null, "operator": null}}, {"type": "Feature", "geometry": {"type": "Point", "coordinates": [-119.0305487, 35.5094421]}, "properties": {"osm_id": 1485095080, "osm_type": "way", "name": null, "voltage": null, "substation": null, "operator": null}}, {"type": "Feature", "geometry": {"type": "Point", "coordinates": [-119.0405687, 35.5156771]}, "properties": {"osm_id": 1485095081, "osm_type": "way", "name": null, "voltage": null, "substation": null, "operator": null}}, {"type": "Feature", "geometry": {"type": "Point", "coordinates": [-119.0064959, 35.5765026]}, "properties": {"osm_id": 1485095082, "osm_type": "way", "name": null, "voltage": null, "substation": null, "operator": null}}, {"type": "Feature", "geometry": {"type": "Point", "coordinates": [-119.0709366, 35.8478784]}, "properties": {"osm_id": 1485095083, "osm_type": "way", "name": null, "voltage": null, "substation": null, "operator": null}}, {"type": "Feature", "geometry": {"type": "Point", "coordinates": [-119.1606144, 35.8055003]}, "properties": {"osm_id": 1485095084, "osm_type": "way", "name": null, "voltage": null, "substation": null, "operator": null}}, {"type": "Feature", "geometry": {"type": "Point", "coordinates": [-117.1177621, 34.8647513]}, "properties": {"osm_id": 1485095290, "osm_type": "way", "name": null, "voltage": null, "substation": null, "operator": null}}, {"type": "Feature", "geometry": {"type": "Point", "coordinates": [-114.5171817, 33.7293541]}, "properties": {"osm_id": 1485095291, "osm_type": "way", "name": null, "voltage": null, "substation": null, "operator": null}}, {"type": "Feature", "geometry": {"type": "Point", "coordinates": [-114.1681421, 34.2606664]}, "properties": {"osm_id": 1485095292, "osm_type": "way", "name": null, "voltage": null, "substation": null, "operator": null}}, {"type": "Feature", "geometry": {"type": "Point", "coordinates": [-117.3381256, 35.0332748]}, "properties": {"osm_id": 1489633418, "osm_type": "way", "name": null, "voltage": "230000", "substation": null, "operator": null}}, {"type": "Feature", "geometry": {"type": "Point", "coordinates": [-117.7003114, 35.0326324]}, "properties": {"osm_id": 1489634229, "osm_type": "way", "name": null, "voltage": null, "substation": null, "operator": null}}, {"type": "Feature", "geometry": {"type": "Point", "coordinates": [-119.0118862, 34.2634265]}, "properties": {"osm_id": 1492294235, "osm_type": "way", "name": null, "voltage": null, "substation": null, "operator": null}}, {"type": "Feature", "geometry": {"type": "Point", "coordinates": [-114.2612655, 34.3545657]}, "properties": {"osm_id": 1492294236, "osm_type": "way", "name": null, "voltage": null, "substation": null, "operator": null}}, {"type": "Feature", "geometry": {"type": "Point", "coordinates": [-116.9277145, 32.5970899]}, "properties": {"osm_id": 1492294237, "osm_type": "way", "name": null, "voltage": null, "substation": null, "operator": null}}, {"type": "Feature", "geometry": {"type": "Point", "coordinates": [-117.5333852, 34.0929913]}, "properties": {"osm_id": 1492294238, "osm_type": "way", "name": null, "voltage": null, "substation": null, "operator": null}}, {"type": "Feature", "geometry": {"type": "Point", "coordinates": [-118.458658, 34.0217502]}, "properties": {"osm_id": 1492294239, "osm_type": "way", "name": null, "voltage": null, "substation": null, "operator": null}}, {"type": "Feature", "geometry": {"type": "Point", "coordinates": [-118.1484107, 34.1914143]}, "properties": {"osm_id": 1492294240, "osm_type": "way", "name": null, "voltage": null, "substation": null, "operator": null}}, {"type": "Feature", "geometry": {"type": "Point", "coordinates": [-119.5712904, 35.1943622]}, "properties": {"osm_id": 1492294241, "osm_type": "way", "name": null, "voltage": null, "substation": null, "operator": null}}, {"type": "Feature", "geometry": {"type": "Point", "coordinates": [-120.4548378, 34.6427629]}, "properties": {"osm_id": 1492294242, "osm_type": "way", "name": null, "voltage": null, "substation": null, "operator": null}}, {"type": "Feature", "geometry": {"type": "Point", "coordinates": [-115.6398126, 33.1568308]}, "properties": {"osm_id": 1492309464, "osm_type": "way", "name": null, "voltage": null, "substation": null, "operator": null}}, {"type": "Feature", "geometry": {"type": "Point", "coordinates": [-115.6224802, 33.1482964]}, "properties": {"osm_id": 1492309465, "osm_type": "way", "name": null, "voltage": null, "substation": null, "operator": null}}, {"type": "Feature", "geometry": {"type": "Point", "coordinates": [-114.5724651, 33.6909598]}, "properties": {"osm_id": 1492309466, "osm_type": "way", "name": null, "voltage": null, "substation": null, "operator": null}}, {"type": "Feature", "geometry": {"type": "Point", "coordinates": [-114.6237463, 33.6604101]}, "properties": {"osm_id": 1492309467, "osm_type": "way", "name": null, "voltage": null, "substation": null, "operator": null}}, {"type": "Feature", "geometry": {"type": "Point", "coordinates": [-114.6560079, 33.5248498]}, "properties": {"osm_id": 1492309468, "osm_type": "way", "name": null, "voltage": null, "substation": null, "operator": null}}, {"type": "Feature", "geometry": {"type": "Point", "coordinates": [-114.7251981, 33.4185761]}, "properties": {"osm_id": 1492309469, "osm_type": "way", "name": null, "voltage": null, "substation": null, "operator": null}}, {"type": "Feature", "geometry": {"type": "Point", "coordinates": [-114.4734701, 32.8808081]}, "properties": {"osm_id": 1492309470, "osm_type": "way", "name": null, "voltage": null, "substation": null, "operator": null}}, {"type": "Feature", "geometry": {"type": "Point", "coordinates": [-114.4901991, 32.8663479]}, "properties": {"osm_id": 1492309471, "osm_type": "way", "name": null, "voltage": null, "substation": null, "operator": null}}, {"type": "Feature", "geometry": {"type": "Point", "coordinates": [-114.5745438, 32.7815007]}, "properties": {"osm_id": 1492309472, "osm_type": "way", "name": null, "voltage": null, "substation": null, "operator": null}}, {"type": "Feature", "geometry": {"type": "Point", "coordinates": [-114.6344482, 32.7792174]}, "properties": {"osm_id": 1492309473, "osm_type": "way", "name": null, "voltage": null, "substation": null, "operator": null}}, {"type": "Feature", "geometry": {"type": "Point", "coordinates": [-114.9867323, 33.027399]}, "properties": {"osm_id": 1492309474, "osm_type": "way", "name": null, "voltage": null, "substation": null, "operator": null}}, {"type": "Feature", "geometry": {"type": "Point", "coordinates": [-115.2832264, 32.6994119]}, "properties": {"osm_id": 1492309475, "osm_type": "way", "name": null, "voltage": null, "substation": null, "operator": null}}, {"type": "Feature", "geometry": {"type": "Point", "coordinates": [-115.3375586, 32.7229766]}, "properties": {"osm_id": 1492309476, "osm_type": "way", "name": null, "voltage": null, "substation": null, "operator": null}}, {"type": "Feature", "geometry": {"type": "Point", "coordinates": [-115.4232712, 32.9531633]}, "properties": {"osm_id": 1492309477, "osm_type": "way", "name": null, "voltage": null, "substation": null, "operator": null}}, {"type": "Feature", "geometry": {"type": "Point", "coordinates": [-116.0420903, 32.7442587]}, "properties": {"osm_id": 1492309478, "osm_type": "way", "name": null, "voltage": null, "substation": null, "operator": null}}, {"type": "Feature", "geometry": {"type": "Point", "coordinates": [-116.2723446, 32.6622]}, "properties": {"osm_id": 1492309479, "osm_type": "way", "name": null, "voltage": null, "substation": null, "operator": null}}, {"type": "Feature", "geometry": {"type": "Point", "coordinates": [-118.4924667, 33.4366455]}, "properties": {"osm_id": 1492309480, "osm_type": "way", "name": null, "voltage": null, "substation": null, "operator": null}}, {"type": "Feature", "geometry": {"type": "Point", "coordinates": [-118.3919228, 34.2430969]}, "properties": {"osm_id": 1492309481, "osm_type": "way", "name": null, "voltage": "230000", "substation": null, "operator": null}}, {"type": "Feature", "geometry": {"type": "Point", "coordinates": [-118.4956893, 34.3841575]}, "properties": {"osm_id": 1492309482, "osm_type": "way", "name": null, "voltage": null, "substation": null, "operator": null}}, {"type": "Feature", "geometry": {"type": "Point", "coordinates": [-118.4527384, 34.4155236]}, "properties": {"osm_id": 1492309483, "osm_type": "way", "name": null, "voltage": null, "substation": null, "operator": null}}, {"type": "Feature", "geometry": {"type": "Point", "coordinates": [-118.0589613, 34.5661422]}, "properties": {"osm_id": 1492309484, "osm_type": "way", "name": null, "voltage": null, "substation": null, "operator": null}}, {"type": "Feature", "geometry": {"type": "Point", "coordinates": [-118.1554639, 34.8373512]}, "properties": {"osm_id": 1492309485, "osm_type": "way", "name": null, "voltage": null, "substation": null, "operator": null}}, {"type": "Feature", "geometry": {"type": "Point", "coordinates": [-118.2370898, 33.9587413]}, "properties": {"osm_id": 1492309625, "osm_type": "way", "name": null, "voltage": null, "substation": null, "operator": null}}, {"type": "Feature", "geometry": {"type": "Point", "coordinates": [-118.0943125, 33.935521]}, "properties": {"osm_id": 1492309642, "osm_type": "way", "name": "Floraday", "voltage": null, "substation": null, "operator": null}}, {"type": "Feature", "geometry": {"type": "Point", "coordinates": [-119.4218422, 34.3545487]}, "properties": {"osm_id": 1492309666, "osm_type": "way", "name": null, "voltage": null, "substation": null, "operator": null}}, {"type": "Feature", "geometry": {"type": "Point", "coordinates": [-118.9009979, 34.8805612]}, "properties": {"osm_id": 1492309700, "osm_type": "way", "name": null, "voltage": null, "substation": null, "operator": null}}, {"type": "Feature", "geometry": {"type": "Point", "coordinates": [-118.9007934, 35.4220243]}, "properties": {"osm_id": 1492309713, "osm_type": "way", "name": null, "voltage": null, "substation": null, "operator": null}}, {"type": "Feature", "geometry": {"type": "Point", "coordinates": [-119.0332684, 35.3994266]}, "properties": {"osm_id": 1492309715, "osm_type": "way", "name": null, "voltage": null, "substation": null, "operator": null}}, {"type": "Feature", "geometry": {"type": "Point", "coordinates": [-117.0493225, 34.8915952]}, "properties": {"osm_id": 1492309927, "osm_type": "way", "name": null, "voltage": null, "substation": null, "operator": null}}, {"type": "Feature", "geometry": {"type": "Point", "coordinates": [-118.7798451, 35.4601995]}, "properties": {"osm_id": 1492349914, "osm_type": "way", "name": null, "voltage": null, "substation": null, "operator": null}}, {"type": "Feature", "geometry": {"type": "Point", "coordinates": [-118.2491634, 33.8757502]}, "properties": {"osm_id": 1492361837, "osm_type": "way", "name": null, "voltage": null, "substation": null, "operator": null}}, {"type": "Feature", "geometry": {"type": "Point", "coordinates": [-116.6160479, 33.9370598]}, "properties": {"osm_id": 1496754532, "osm_type": "way", "name": null, "voltage": null, "substation": null, "operator": null}}, {"type": "Feature", "geometry": {"type": "Point", "coordinates": [-119.3982033, 35.1078088]}, "properties": {"osm_id": 1500765939, "osm_type": "way", "name": null, "voltage": null, "substation": null, "operator": null}}, {"type": "Feature", "geometry": {"type": "Point", "coordinates": [-117.4251788, 33.9789405]}, "properties": {"osm_id": 1512746738, "osm_type": "way", "name": null, "voltage": null, "substation": null, "operator": null}}, {"type": "Feature", "geometry": {"type": "Point", "coordinates": [-117.5773098, 33.8935755]}, "properties": {"osm_id": 1518524141, "osm_type": "way", "name": null, "voltage": null, "substation": null, "operator": null}}, {"type": "Feature", "geometry": {"type": "Point", "coordinates": [-116.8984399, 33.9713127]}, "properties": {"osm_id": 1518742674, "osm_type": "way", "name": null, "voltage": null, "substation": null, "operator": null}}, {"type": "Feature", "geometry": {"type": "Point", "coordinates": [-116.8788169, 33.952027]}, "properties": {"osm_id": 1518744515, "osm_type": "way", "name": null, "voltage": null, "substation": null, "operator": null}}, {"type": "Feature", "geometry": {"type": "Point", "coordinates": [-116.0538418, 34.1378609]}, "properties": {"osm_id": 1523134853, "osm_type": "way", "name": null, "voltage": null, "substation": "minor_distribution", "operator": "Socal Edison"}}, {"type": "Feature", "geometry": {"type": "Point", "coordinates": [-116.9012711, 33.9230735]}, "properties": {"osm_id": 1526555958, "osm_type": "way", "name": null, "voltage": null, "substation": null, "operator": null}}, {"type": "Feature", "geometry": {"type": "Point", "coordinates": [-116.2392514, 33.6304071]}, "properties": {"osm_id": 2646186, "osm_type": "relation", "name": null, "voltage": "161000", "substation": null, "operator": "Imperial Irrigation District"}}, {"type": "Feature", "geometry": {"type": "Point", "coordinates": [-116.2172365, 33.6845905]}, "properties": {"osm_id": 2864017, "osm_type": "relation", "name": null, "voltage": "92000", "substation": null, "operator": "Imperial Irrigation District"}}, {"type": "Feature", "geometry": {"type": "Point", "coordinates": [-116.1723056, 33.6764853]}, "properties": {"osm_id": 2901498, "osm_type": "relation", "name": "Coachella City Substation", "voltage": "92000", "substation": null, "operator": "Imperial Irrigation District"}}, {"type": "Feature", "geometry": {"type": "Point", "coordinates": [-116.1155407, 33.6728353]}, "properties": {"osm_id": 2901499, "osm_type": "relation", "name": "Coachella Valley Substation", "voltage": "220000;161000;92000", "substation": null, "operator": "Imperial Irrigation District"}}, {"type": "Feature", "geometry": {"type": "Point", "coordinates": [-116.1362957, 33.6386812]}, "properties": {"osm_id": 2901500, "osm_type": "relation", "name": "Thermal Substation", "voltage": "92000", "substation": null, "operator": "Imperial Irrigation District"}}, {"type": "Feature", "geometry": {"type": "Point", "coordinates": [-116.1571981, 33.6699393]}, "properties": {"osm_id": 2901502, "osm_type": "relation", "name": "52nd Avenue Substation", "voltage": "92000", "substation": null, "operator": "Imperial Irrigation District"}}, {"type": "Feature", "geometry": {"type": "Point", "coordinates": [-117.1200536, 32.6815147]}, "properties": {"osm_id": 7011704, "osm_type": "relation", "name": null, "voltage": "69000", "substation": "distribution", "operator": "San Diego Gas & Electric"}}, {"type": "Feature", "geometry": {"type": "Point", "coordinates": [-118.4783097, 34.2808564]}, "properties": {"osm_id": 7042144, "osm_type": "relation", "name": "Rinaldi Receiving Station", "voltage": "500000;230000;34500", "substation": "transmission", "operator": "Los Angeles Department of Water and Power"}}, {"type": "Feature", "geometry": {"type": "Point", "coordinates": [-118.5264917, 34.048245]}, "properties": {"osm_id": 9113560, "osm_type": "relation", "name": "Distributing Station 29", "voltage": null, "substation": "distribution", "operator": "Los Angeles Department of Water and Power"}}, {"type": "Feature", "geometry": {"type": "Point", "coordinates": [-118.3784687, 34.0006667]}, "properties": {"osm_id": 11351566, "osm_type": "relation", "name": "La Cienega Substation", "voltage": "220000;66000", "substation": "transmission", "operator": "Southern California Edison"}}, {"type": "Feature", "geometry": {"type": "Point", "coordinates": [-114.597151, 35.1470784]}, "properties": {"osm_id": 12201885, "osm_type": "relation", "name": "Mohave Substation", "voltage": "500000", "substation": null, "operator": "Southern California Edison"}}, {"type": "Feature", "geometry": {"type": "Point", "coordinates": [-115.6266673, 33.7050285]}, "properties": {"osm_id": 12202178, "osm_type": "relation", "name": null, "voltage": "230000", "substation": null, "operator": null}}, {"type": "Feature", "geometry": {"type": "Point", "coordinates": [-115.4527258, 33.8104972]}, "properties": {"osm_id": 12202188, "osm_type": "relation", "name": null, "voltage": "230000", "substation": null, "operator": null}}, {"type": "Feature", "geometry": {"type": "Point", "coordinates": [-117.3198626, 34.5642973]}, "properties": {"osm_id": 12204669, "osm_type": "relation", "name": "Victorville Substation", "voltage": "500000;287000", "substation": "transmission", "operator": null}}, {"type": "Feature", "geometry": {"type": "Point", "coordinates": [-116.9838422, 32.6790263]}, "properties": {"osm_id": 12331797, "osm_type": "relation", "name": "Miguel Substation", "voltage": "500000;230000", "substation": "transmission", "operator": "San Diego Gas & Electric"}}, {"type": "Feature", "geometry": {"type": "Point", "coordinates": [-116.119175, 32.627451]}, "properties": {"osm_id": 12333299, "osm_type": "relation", "name": "Jacumba Substation", "voltage": "500000", "substation": null, "operator": null}}, {"type": "Feature", "geometry": {"type": "Point", "coordinates": [-118.4851294, 34.3112933]}, "properties": {"osm_id": 12333319, "osm_type": "relation", "name": "Sylmar Converter Station", "voltage": "500000", "substation": "converter", "operator": "Los Angeles Department of Water and Power"}}, {"type": "Feature", "geometry": {"type": "Point", "coordinates": [-117.134041, 32.8330901]}, "properties": {"osm_id": 13791347, "osm_type": "relation", "name": "Kearny Substation", "voltage": "69000", "substation": "distribution", "operator": "San Diego Gas & Electric"}}, {"type": "Feature", "geometry": {"type": "Point", "coordinates": [-117.3535308, 34.1020368]}, "properties": {"osm_id": 14046352, "osm_type": "relation", "name": null, "voltage": "115000", "substation": null, "operator": null}}, {"type": "Feature", "geometry": {"type": "Point", "coordinates": [-119.4741653, 35.2768925]}, "properties": {"osm_id": 16068561, "osm_type": "relation", "name": null, "voltage": null, "substation": null, "operator": null}}, {"type": "Feature", "geometry": {"type": "Point", "coordinates": [-114.1420234, 34.2943963]}, "properties": {"osm_id": 17250230, "osm_type": "relation", "name": null, "voltage": "161000", "substation": null, "operator": null}}, {"type": "Feature", "geometry": {"type": "Point", "coordinates": [-117.4954958, 33.819533]}, "properties": {"osm_id": 17757011, "osm_type": "relation", "name": null, "voltage": "33000", "substation": null, "operator": null}}, {"type": "Feature", "geometry": {"type": "Point", "coordinates": [-117.3558723, 34.4152431]}, "properties": {"osm_id": 19690691, "osm_type": "relation", "name": null, "voltage": null, "substation": null, "operator": null}}, {"type": "Feature", "geometry": {"type": "Point", "coordinates": [-117.1684516, 33.7390671]}, "properties": {"osm_id": 19894448, "osm_type": "relation", "name": null, "voltage": "500000", "substation": "generation", "operator": null}}]}